,ask_price_1,ask_size_1,bid_price_1,bid_size_1,ask_price_2,ask_size_2,bid_price_2,bid_size_2,ask_price_3,ask_size_3,bid_price_3,bid_size_3,ask_price_4,ask_size_4,bid_price_4,bid_size_4,ask_price_5,ask_size_5,bid_price_5,bid_size_5,ask_price_6,ask_size_6,bid_price_6,bid_size_6,ask_price_7,ask_size_7,bid_price_7,bid_size_7,ask_price_8,ask_size_8,bid_price_8,bid_size_8,ask_price_9,ask_size_9,bid_price_9,bid_size_9,ask_price_10,ask_size_10,bid_price_10,bid_size_10
2019-06-28 09:30:00.000000003,,,,,,,,,,,,,,,,,,,,,,,,,,,,,,,,,,,,,,,,
2019-06-28 09:30:00.000000006,99922,100,,,,,,,,,,,,,,,,,,,,,,,,,,,,,,,,,,,,,,
2019-06-28 09:30:00.000000007,99922,100,,,100029,100,,,,,,,,,,,,,,,,,,,,,,,,,,,,,,,,,,
2019-06-28 09:30:00.000000008,99857,100,,,99922,100,,,100029,100,,,,,,,,,,,,,,,,,,,,,,,,,,,,,,
2019-06-28 09:30:00.000000009,99857,100,99799,100,99922,100,,,100029,100,,,,,,,,,,,,,,,,,,,,,,,,,,,,,,
2019-06-28 09:30:00.000000011,99857,100,99799,100,99922,100,,,100029,100,,,100104,100,,,100206,100,,,,,,,,,,,,,,,,,,,,,,
2019-06-28 09:30:00.000000013,99857,100,99799,100,99922,100,99768,100,100029,100,,,100104,100,,,100206,100,,,,,,,,,,,,,,,,,,,,,,
2019-06-28 09:30:00.000000014,99922,100,99799,100,100029,100,99768,100,100104,100,,,100206,100,,,,,,,,,,,,,,,,,,,,,,,,,,
2019-06-28 09:30:00.000000016,99922,100,99799,100,100024,100,99768,100,100029,100,,,100104,100,,,100206,100,,,,,,,,,,,,,,,,,,,,,,
2019-06-28 09:30:00.000000017,99922,100,99799,100,99981,100,99768,100,100024,100,,,100029,100,,,100104,100,,,100202,100,,,100206,100,,,,,,,,,,,,,,
2019-06-28 09:30:00.000000023,99922,100,99893,100,99981,100,99799,100,100024,100,99768,100,100029,100,,,100104,100,,,100202,100,,,100206,100,,,,,,,,,,,,,,
2019-06-28 09:30:00.000000026,99922,100,99893,100,99981,100,99799,100,100024,100,99768,100,100029,100,,,100052,100,,,100104,100,,,100202,100,,,100206,100,,,,,,,,,,
2019-06-28 09:30:00.000000029,99922,100,99893,100,99981,100,99857,100,100024,100,99799,100,100029,100,99768,100,100052,100,,,100104,100,,,100202,100,,,100206,100,,,,,,,,,,
2019-06-28 09:30:00.000000030,99922,100,99893,100,99966,100,99857,100,99981,200,99799,100,100024,100,99768,100,100029,100,,,100052,100,,,100104,100,,,100202,100,,,100206,100,,,,,,
2019-06-28 09:30:00.000000031,99966,100,99893,100,99981,200,99857,100,100024,100,99799,100,100029,100,99768,100,100047,100,,,100052,100,,,100104,100,,,100202,100,,,100206,100,,,,,,
2019-06-28 09:30:00.000000032,99981,200,99893,100,100024,100,99857,100,100029,100,99799,100,100047,100,99768,100,100052,100,,,100104,100,,,100202,100,,,100206,100,,,,,,,,,,
2019-06-28 09:30:00.000000036,99981,200,99893,100,100008,100,99857,100,100018,100,99799,100,100024,100,99768,100,100029,100,,,100047,100,,,100052,100,,,100104,100,,,100202,100,,,100206,100,,
2019-06-28 09:30:00.000000038,99981,200,99893,100,100008,100,99857,100,100010,100,99799,100,100018,100,99768,100,100024,100,,,100029,100,,,100047,100,,,100052,100,,,100104,100,,,100110,100,,
2019-06-28 09:30:00.000000040,99981,200,99922,100,100008,100,99893,100,100010,100,99857,100,100018,100,99799,100,100024,100,99768,100,100029,100,,,100047,100,,,100052,100,,,100104,100,,,100110,100,,
2019-06-28 09:30:00.000000042,99981,100,99922,100,100008,100,99893,100,100010,100,99857,100,100018,100,99799,100,100024,100,99768,100,100029,100,,,100047,100,,,100052,100,,,100104,100,,,100110,100,,
2019-06-28 09:30:00.000000045,99981,100,99972,100,100008,100,99922,100,100010,100,99893,100,100018,100,99857,100,100024,100,99799,100,100029,100,99768,100,100047,100,,,100052,100,,,100104,100,,,100110,100,,
2019-06-28 09:30:00.000000047,100008,100,99972,100,100010,100,99922,100,100018,100,99893,100,100024,100,99857,100,100029,100,99799,100,100047,100,99768,100,100052,100,,,100104,100,,,100110,100,,,100202,100,,
2019-06-28 09:30:00.000000049,100008,100,99922,100,100010,100,99893,100,100018,100,99857,100,100024,100,99799,100,100029,100,99768,100,100047,100,,,100052,100,,,100104,100,,,100110,100,,,100202,100,,
2019-06-28 09:30:00.000000050,99981,100,99972,100,100008,100,99922,100,100010,100,99893,100,100018,100,99857,100,100024,100,99799,100,100029,100,99768,100,100047,100,,,100052,100,,,100104,100,,,100110,100,,
2019-06-28 09:30:00.000000052,99981,100,99972,100,100008,100,99922,100,100010,100,99905,100,100018,100,99893,100,100024,100,99889,100,100029,100,99857,100,100047,100,99799,100,100052,100,99768,100,100104,100,,,100110,100,,
2019-06-28 09:30:00.000000062,99981,100,99972,100,100008,100,99922,100,100010,100,99905,100,100018,100,99893,100,100024,100,99889,100,100029,100,99857,100,100047,100,99799,100,100052,100,99768,100,100104,100,,,100110,100,,
2019-06-28 09:30:00.000000064,100010,100,99972,100,100018,100,99922,100,100024,100,99905,100,100029,100,99893,100,100047,100,99889,100,100052,100,99857,100,100104,100,99799,100,100110,100,99768,100,100122,100,,,100132,100,,
2019-06-28 09:30:00.000000067,100010,100,99972,100,100018,100,99922,100,100024,100,99905,100,100029,100,99893,100,100047,100,99889,100,100052,100,99857,100,100068,100,99799,100,100104,100,99768,100,100110,200,,,100122,100,,
2019-06-28 09:30:00.000000069,100010,100,99972,100,100018,100,99922,100,100024,100,99905,100,100029,100,99893,100,100042,100,99889,100,100047,100,99857,100,100052,100,99799,100,100068,100,99768,100,100104,100,,,100110,200,,
2019-06-28 09:30:00.000000070,100010,100,99972,100,100018,100,99922,100,100024,100,99905,100,100029,100,99893,100,100042,100,99889,100,100047,100,99857,200,100052,100,99799,100,100068,100,99768,100,100104,100,,,100110,200,,
2019-06-28 09:30:00.000000071,100010,100,99972,100,100018,100,99922,100,100024,100,99905,100,100029,100,99893,100,100042,100,99889,100,100047,100,99857,200,100052,100,99799,100,100068,100,99768,100,100087,100,,,100104,100,,
2019-06-28 09:30:00.000000075,100008,100,99981,100,100010,100,99972,100,100018,100,99922,100,100024,100,99905,100,100029,100,99893,100,100042,100,99889,100,100047,100,99857,200,100052,100,99799,100,100068,100,99768,100,100087,100,,
2019-06-28 09:30:00.000000076,100000,100,99981,100,100008,100,99972,100,100010,100,99922,100,100018,100,99905,100,100024,100,99893,100,100029,100,99889,100,100042,100,99857,200,100047,100,99799,100,100052,100,99768,100,100068,100,,
2019-06-28 09:30:00.000000077,100000,100,99981,100,100008,100,99972,100,100010,100,99922,100,100012,100,99905,100,100018,100,99893,100,100024,100,99889,100,100029,100,99857,200,100042,100,99799,100,100047,100,99768,100,100052,100,,
2019-06-28 09:30:00.000000079,100000,100,99981,200,100008,100,99972,100,100010,100,99922,100,100012,100,99905,100,100018,100,99893,100,100024,100,99889,100,100029,100,99857,200,100042,100,99799,100,100047,100,99768,100,100052,100,,
2019-06-28 09:30:00.000000080,100000,100,99981,200,100008,100,99972,100,100010,100,99922,100,100012,100,99905,100,100018,100,99893,100,100024,100,99889,100,100029,100,99857,200,100042,100,99799,100,100047,100,99768,100,100052,100,99761,100
2019-06-28 09:30:00.000000081,100000,100,99981,100,100006,100,99972,100,100008,100,99922,100,100010,100,99905,100,100012,100,99893,100,100018,100,99889,100,100024,100,99860,100,100029,100,99857,200,100042,100,99799,100,100047,100,99768,100
2019-06-28 09:30:00.000000082,100000,100,99981,100,100006,100,99972,100,100008,100,99922,100,100010,100,99905,100,100012,100,99893,100,100018,100,99889,100,100024,100,99860,100,100029,100,99857,200,100042,100,99799,100,100047,100,99768,100
2019-06-28 09:30:00.000000084,100000,100,99981,100,100006,100,99972,100,100008,100,99922,100,100010,100,99905,100,100012,100,99893,100,100018,100,99889,100,100024,100,99885,100,100029,100,99860,100,100042,100,99857,200,100047,100,99799,100
2019-06-28 09:30:00.000000085,100000,100,99982,100,100006,100,99981,100,100008,100,99972,100,100010,100,99922,100,100012,100,99905,100,100018,100,99893,100,100024,100,99889,100,100029,100,99885,100,100042,100,99860,100,100047,100,99857,200
2019-06-28 09:30:00.000000089,99986,100,99982,100,100000,100,99981,100,100006,100,99972,100,100008,100,99922,100,100010,100,99905,100,100012,100,99893,100,100018,100,99889,100,100024,100,99885,100,100029,100,99860,100,100042,100,99857,200
2019-06-28 09:30:00.000000092,99986,100,99982,100,100000,100,99981,100,100006,100,99972,100,100008,100,99922,100,100010,100,99905,100,100012,100,99893,100,100018,100,99889,100,100024,100,99885,100,100029,100,99860,100,100042,100,99857,200
2019-06-28 09:30:00.000000094,99986,100,99982,100,100000,100,99981,100,100006,100,99972,100,100008,100,99922,100,100010,100,99905,100,100012,100,99893,100,100018,100,99889,100,100024,100,99888,100,100029,100,99885,100,100042,100,99860,100
2019-06-28 09:30:00.000000095,99986,100,99982,100,99999,100,99981,100,100000,100,99972,100,100006,100,99922,100,100008,100,99905,100,100010,100,99893,100,100012,100,99889,100,100018,100,99888,100,100024,100,99885,100,100029,100,99860,100
2019-06-28 09:30:00.000000096,99986,100,99982,200,99999,100,99981,100,100000,100,99972,100,100006,100,99922,100,100008,100,99905,100,100010,100,99893,100,100012,100,99889,100,100018,100,99888,100,100024,100,99885,100,100029,100,99860,100
2019-06-28 09:30:00.000000097,99986,100,99982,200,99999,100,99981,100,100000,100,99972,100,100006,100,99966,100,100008,100,99922,100,100010,100,99905,100,100012,100,99893,100,100018,100,99889,100,100024,100,99888,100,100029,100,99885,100
2019-06-28 09:30:10.000000000,99986,255,99982,355,99999,255,99981,255,100000,100,99972,100,100006,100,99966,100,100008,100,99922,100,100010,100,99905,100,100012,100,99893,100,100018,100,99889,100,100024,100,99888,100,100029,100,99885,100
2019-06-28 09:30:20.000000000,99986,162,99982,262,99999,162,99981,162,100000,162,99972,162,100006,162,99966,162,100008,162,99922,162,100010,100,99905,100,100012,100,99893,100,100018,100,99889,100,100024,100,99888,100,100029,100,99885,100
2019-06-28 09:30:22.054819149,99986,162,99982,362,99999,162,99981,162,100000,162,99972,162,100006,162,99966,162,100008,162,99922,162,100010,100,99905,100,100012,100,99893,100,100018,100,99889,100,100024,100,99888,100,100029,100,99885,100
2019-06-28 09:30:28.323809985,99986,62,99982,362,99999,162,99981,162,100000,162,99972,162,100006,162,99966,162,100008,162,99922,162,100010,100,99905,100,100012,100,99893,100,100018,100,99889,100,100024,100,99888,100,100029,100,99885,100
2019-06-28 09:30:30.000000000,99999,410,99982,610,100000,100,99981,100,100006,100,99972,100,100008,100,99966,100,100010,100,99922,100,100012,100,99905,100,100018,100,99893,100,100024,100,99889,100,100029,100,99888,100,100042,100,99885,100
2019-06-28 09:30:40.000000000,99999,410,99982,610,100000,100,99981,100,100006,100,99972,100,100008,100,99966,100,100010,100,99922,100,100012,100,99905,100,100018,100,99893,100,100024,100,99889,100,100029,100,99888,100,100042,100,99885,100
2019-06-28 09:30:44.587056205,99999,410,99982,610,100000,100,99981,100,100006,100,99972,100,100008,100,99966,100,100010,100,99922,100,100012,100,99905,100,100018,100,99893,100,100024,100,99889,100,100029,100,99888,100,100042,100,99885,100
2019-06-28 09:30:50.000000000,99999,205,99982,405,100000,202,99981,202,100006,202,99972,202,100008,100,99966,100,100010,100,99922,100,100012,100,99905,100,100018,100,99893,100,100024,100,99889,100,100029,100,99888,100,100042,100,99885,100
2019-06-28 09:30:55.600648161,99999,205,99982,405,100000,202,99981,202,100006,202,99972,202,100008,100,99966,100,100010,100,99922,100,100012,100,99905,100,100018,100,99893,100,100024,100,99889,100,100029,100,99888,100,100042,100,99885,100
2019-06-28 09:31:00.000000000,99999,162,99982,362,100000,162,99981,162,100006,162,99972,162,100008,162,99966,162,100010,162,99922,162,100012,100,99905,100,100018,100,99893,100,100024,100,99889,100,100029,100,99888,100,100042,100,99885,100
2019-06-28 09:31:00.826162199,99999,62,99982,362,100000,162,99981,162,100006,162,99972,162,100008,162,99966,162,100010,162,99922,162,100012,100,99905,100,100018,100,99893,100,100024,100,99889,100,100029,100,99888,100,100042,100,99885,100
2019-06-28 09:31:03.163798762,99999,62,99982,362,100000,162,99981,162,100006,162,99972,162,100008,162,99966,162,100010,162,99922,162,100012,100,99905,100,100018,100,99893,100,100024,100,99889,100,100029,100,99888,100,100042,100,99885,100
2019-06-28 09:31:04.683404806,100000,162,99999,38,100006,162,99982,362,100008,162,99981,162,100010,162,99972,162,100012,100,99966,162,100018,100,99922,162,100024,100,99905,100,100029,100,99893,100,100042,100,99889,100,100052,100,99888,100
2019-06-28 09:31:10.000000000,100000,410,99999,348,100006,100,99982,300,100008,100,99981,100,100010,100,99972,100,100012,100,99966,100,100018,100,99922,100,100024,100,99905,100,100029,100,99893,100,100042,100,99889,100,100052,100,99888,100
2019-06-28 09:31:11.692814890,100000,410,99999,348,100006,100,99986,100,100010,100,99982,300,100012,100,99981,100,100018,100,99972,100,100024,100,99966,100,100029,100,99922,100,100042,100,99905,100,100052,100,99893,100,100063,100,99889,100
2019-06-28 09:31:13.293659195,100000,410,99999,248,100006,100,99986,100,100010,100,99982,300,100012,100,99981,100,100018,100,99972,100,100024,100,99966,100,100029,100,99922,100,100042,100,99905,100,100052,100,99893,100,100063,100,99889,100
2019-06-28 09:31:20.000000000,100000,410,99986,410,100006,100,99982,300,100010,100,99981,100,100012,100,99972,100,100018,100,99966,100,100024,100,99922,100,100029,100,99905,100,100042,100,99893,100,100052,100,99889,100,100063,100,99888,100
2019-06-28 09:31:20.664517906,100000,410,99987,100,100006,100,99986,410,100010,100,99982,300,100012,100,99981,100,100018,100,99972,100,100024,100,99966,100,100029,100,99922,100,100042,100,99905,100,100052,100,99893,100,100063,100,99889,100
2019-06-28 09:31:23.292264388,100000,410,99987,100,100006,100,99986,410,100010,100,99982,300,100012,100,99981,100,100018,100,99972,100,100024,100,99966,100,100029,100,99922,100,100042,100,99905,100,100052,100,99893,100,100063,100,99889,100
2019-06-28 09:31:28.510411879,100000,410,99987,100,100006,100,99986,410,100010,100,99982,300,100012,100,99981,100,100018,100,99972,100,100024,100,99966,100,100029,100,99922,100,100042,100,99905,100,100052,100,99893,100,100063,100,99889,100
2019-06-28 09:31:30.000000000,100000,205,99987,205,100006,202,99986,202,100010,202,99982,402,100012,100,99981,100,100018,100,99972,100,100024,100,99966,100,100029,100,99922,100,100042,100,99905,100,100052,100,99893,100,100063,100,99889,100
2019-06-28 09:31:31.862976440,100000,205,99987,205,100006,202,99986,202,100010,202,99982,402,100012,100,99981,100,100018,100,99972,100,100024,100,99966,100,100029,100,99922,100,100042,100,99905,100,100052,100,99893,100,100063,100,99889,100
2019-06-28 09:31:33.027499095,100000,205,99987,205,100006,202,99986,202,100010,202,99982,402,100012,100,99981,100,100018,100,99972,100,100024,100,99966,100,100029,100,99922,100,100042,100,99905,100,100052,100,99893,100,100063,100,99889,100
2019-06-28 09:31:40.000000000,100000,178,99987,178,100006,178,99986,178,100010,178,99982,378,100012,178,99981,178,100018,100,99972,100,100024,100,99966,100,100029,100,99922,100,100042,100,99905,100,100052,100,99893,100,100063,100,99889,100
2019-06-28 09:31:50.000000000,100000,178,99987,178,100006,178,99986,178,100010,178,99982,378,100012,178,99981,178,100018,100,99972,100,100024,100,99966,100,100029,100,99922,100,100042,100,99905,100,100052,100,99893,100,100063,100,99889,100
2019-06-28 09:32:00.000000000,100000,410,99987,410,100006,100,99986,100,100010,100,99982,300,100012,100,99981,100,100018,100,99972,100,100024,100,99966,100,100029,100,99922,100,100042,100,99905,100,100052,100,99893,100,100063,100,99889,100
2019-06-28 09:32:10.000000000,100000,205,99987,205,100006,202,99986,202,100010,202,99982,402,100012,100,99981,100,100018,100,99972,100,100024,100,99966,100,100029,100,99922,100,100042,100,99905,100,100052,100,99893,100,100063,100,99889,100
2019-06-28 09:32:11.543800850,100000,105,99987,205,100006,202,99986,202,100010,202,99982,402,100012,100,99981,100,100018,100,99972,100,100024,100,99966,100,100029,100,99922,100,100042,100,99905,100,100052,100,99893,100,100063,100,99889,100
2019-06-28 09:32:20.000000000,100006,178,99987,178,100010,178,99986,178,100012,178,99982,378,100018,178,99981,178,100024,100,99972,100,100029,100,99966,100,100042,100,99922,100,100052,100,99905,100,100063,100,99893,100,100064,100,99889,100
2019-06-28 09:32:30.000000000,100006,178,99987,178,100010,178,99986,178,100012,178,99982,378,100018,178,99981,178,100024,100,99972,100,100029,100,99966,100,100042,100,99922,100,100052,100,99905,100,100063,100,99893,100,100064,100,99889,100
2019-06-28 09:32:31.560985401,100006,178,99987,178,100010,178,99986,78,100012,178,99982,378,100018,178,99981,178,100024,100,99972,100,100029,100,99966,100,100042,100,99922,100,100052,100,99905,100,100063,100,99893,100,100064,100,99889,100
2019-06-28 09:32:40.000000000,100006,178,99987,178,100010,178,99982,378,100012,178,99981,178,100018,178,99972,178,100024,100,99966,100,100029,100,99922,100,100042,100,99905,100,100052,100,99893,100,100063,100,99889,100,100064,100,99888,100
2019-06-28 09:32:46.876295191,100010,178,100006,22,100012,178,99987,178,100018,178,99982,378,100024,100,99981,178,100029,100,99972,178,100042,100,99966,100,100052,100,99922,100,100063,100,99905,100,100064,100,99893,100,100068,100,99889,100
2019-06-28 09:32:50.000000000,100010,410,100006,332,100012,100,99987,100,100018,100,99982,300,100024,100,99981,100,100029,100,99972,100,100042,100,99966,100,100052,100,99922,100,100063,100,99905,100,100064,100,99893,100,100068,100,99889,100
2019-06-28 09:32:53.763848994,100010,310,100006,332,100012,100,99987,100,100018,100,99982,300,100024,100,99981,100,100029,100,99972,100,100042,100,99966,100,100052,100,99922,100,100063,100,99905,100,100064,100,99893,100,100068,100,99889,100
2019-06-28 09:33:00.000000000,100012,205,100006,127,100018,202,99987,202,100024,202,99982,402,100029,100,99981,100,100042,100,99972,100,100052,100,99966,100,100063,100,99922,100,100064,100,99905,100,100068,100,99893,100,100079,100,99889,100
2019-06-28 09:33:10.000000000,100012,178,100006,100,100018,178,99987,178,100024,178,99982,378,100029,178,99981,178,100042,100,99972,100,100052,100,99966,100,100063,100,99922,100,100064,100,99905,100,100068,100,99893,100,100079,100,99889,100
2019-06-28 09:33:20.000000000,100012,205,100006,127,100018,202,99987,202,100024,202,99982,402,100029,100,99981,100,100042,100,99972,100,100052,100,99966,100,100063,100,99922,100,100064,100,99905,100,100068,100,99893,100,100079,100,99889,100
2019-06-28 09:33:29.525034415,100012,105,100006,127,100018,202,99987,202,100024,202,99982,402,100029,100,99981,100,100042,100,99972,100,100052,100,99966,100,100063,100,99922,100,100064,100,99905,100,100068,100,99893,100,100079,100,99889,100
2019-06-28 09:33:30.000000000,100018,178,100006,100,100024,178,99987,178,100029,178,99982,378,100042,178,99981,178,100052,100,99972,100,100063,100,99966,100,100064,100,99922,100,100068,100,99905,100,100079,100,99893,100,100087,100,99889,100
2019-06-28 09:33:40.000000000,100018,255,100006,177,100024,255,99987,255,100029,100,99982,300,100042,100,99981,100,100052,100,99972,100,100063,100,99966,100,100064,100,99922,100,100068,100,99905,100,100079,100,99893,100,100087,100,99889,100
2019-06-28 09:33:50.000000000,100018,178,100006,100,100024,178,99987,178,100029,178,99982,378,100042,178,99981,178,100052,100,99972,100,100063,100,99966,100,100064,100,99922,100,100068,100,99905,100,100079,100,99893,100,100087,100,99889,100
2019-06-28 09:33:57.777246228,100018,178,100006,100,100024,178,99987,178,100029,178,99982,378,100042,178,99981,178,100052,100,99972,100,100063,100,99966,100,100064,100,99922,100,100068,100,99905,100,100079,100,99893,100,100087,100,99889,100
2019-06-28 09:33:59.596876611,100018,78,100006,100,100024,178,99987,178,100029,178,99982,378,100042,178,99981,178,100052,100,99972,100,100063,100,99966,100,100064,100,99922,100,100068,100,99905,100,100079,100,99893,100,100087,100,99889,100
2019-06-28 09:34:00.000000000,100024,410,100006,332,100029,100,99987,100,100042,100,99982,300,100052,100,99981,100,100063,100,99972,100,100064,100,99966,100,100068,100,99922,100,100079,100,99905,100,100087,100,99893,100,100110,100,99889,100
2019-06-28 09:34:05.212998982,100024,310,100006,332,100029,100,99987,100,100042,100,99982,300,100052,100,99981,100,100063,100,99972,100,100064,100,99966,100,100068,100,99922,100,100079,100,99905,100,100087,100,99893,100,100110,100,99889,100
2019-06-28 09:34:10.000000000,100029,162,100006,84,100042,162,99987,162,100052,162,99982,362,100063,162,99981,162,100064,162,99972,162,100068,100,99966,100,100079,100,99922,100,100087,100,99905,100,100110,100,99893,100,100122,100,99889,100
2019-06-28 09:34:11.486632208,100029,162,100006,84,100042,162,99987,162,100052,162,99982,362,100063,162,99981,162,100064,162,99972,162,100068,100,99966,100,100079,100,99922,100,100087,100,99905,100,100110,100,99893,100,100122,100,99889,100
2019-06-28 09:34:20.000000000,100029,178,100006,100,100042,178,99987,178,100052,178,99982,378,100063,178,99981,178,100064,100,99972,100,100068,100,99966,100,100079,100,99922,100,100087,100,99905,100,100110,100,99893,100,100122,100,99889,100
2019-06-28 09:34:30.000000000,100029,255,100006,177,100042,255,99987,255,100052,100,99982,300,100063,100,99981,100,100064,100,99972,100,100068,100,99966,100,100079,100,99922,100,100087,100,99905,100,100110,100,99893,100,100122,100,99889,100
2019-06-28 09:34:30.730934840,100029,155,100006,177,100042,255,99987,255,100052,100,99982,300,100063,100,99981,100,100068,100,99972,100,100079,100,99966,100,100087,100,99922,100,100110,100,99905,100,100122,100,99893,100,100132,100,99889,100
2019-06-28 09:34:40.000000000,100042,178,100006,100,100052,178,99987,178,100063,178,99982,378,100068,178,99981,178,100079,100,99972,100,100087,100,99966,100,100110,100,99922,100,100122,100,99905,100,100132,100,99893,100,100179,100,99889,100
2019-06-28 09:34:41.904819923,100042,78,100006,100,100052,178,99987,178,100063,178,99982,378,100068,178,99981,178,100079,100,99972,100,100087,100,99966,100,100110,100,99922,100,100122,100,99905,100,100132,100,99893,100,100179,100,99889,100
2019-06-28 09:34:50.000000000,100052,255,100006,177,100063,255,99987,255,100068,100,99982,300,100079,100,99981,100,100087,100,99972,100,100110,100,99966,100,100122,100,99922,100,100132,100,99905,100,100179,100,99893,100,100199,100,99889,100
2019-06-28 09:34:58.760244992,100052,255,100006,177,100063,255,99987,255,100068,100,99982,300,100079,100,99981,100,100087,100,99972,100,100110,100,99966,100,100122,100,99922,100,100132,100,99905,100,100179,100,99893,100,100199,100,99889,100
2019-06-28 09:35:00.000000000,100052,410,100006,332,100063,100,99987,100,100068,100,99982,300,100079,100,99981,100,100087,100,99972,100,100110,100,99966,100,100122,100,99922,100,100132,100,99905,100,100179,100,99893,100,100199,100,99889,100
2019-06-28 09:35:04.316822882,100052,310,100006,332,100063,100,99987,100,100068,100,99982,300,100079,100,99981,100,100087,100,99972,100,100110,100,99966,100,100122,100,99922,100,100132,100,99905,100,100179,100,99893,100,100206,100,99889,100
2019-06-28 09:35:10.000000000,100063,255,100006,177,100068,255,99987,255,100079,100,99982,300,100087,100,99981,100,100110,100,99972,100,100122,100,99966,100,100132,100,99922,100,100179,100,99905,100,100206,100,99893,100,100208,100,99889,100
2019-06-28 09:35:11.042429968,100063,255,100006,177,100068,255,99987,255,100079,100,99982,300,100087,100,99981,100,100110,100,99972,100,100122,100,99966,100,100132,100,99922,100,100179,100,99905,100,100206,100,99893,100,100208,100,99889,100
2019-06-28 09:35:20.000000000,100063,178,100006,100,100068,178,99987,178,100079,178,99982,378,100087,178,99981,178,100110,100,99972,100,100122,100,99966,100,100132,100,99922,100,100179,100,99905,100,100206,100,99893,100,100208,100,99889,100
2019-06-28 09:35:20.121563992,100063,178,100042,100,100068,178,100006,100,100079,178,99987,178,100087,178,99982,378,100110,100,99981,178,100122,100,99972,100,100132,100,99966,100,100179,100,99922,100,100206,100,99905,100,100208,100,99893,100
2019-06-28 09:35:20.430874215,100063,178,100042,200,100068,178,100006,100,100079,178,99987,178,100087,178,99982,378,100110,100,99981,178,100122,100,99972,100,100132,100,99966,100,100179,100,99922,100,100206,100,99905,100,100208,100,99893,100
2019-06-28 09:35:21.623636728,100063,178,100042,200,100068,178,100006,100,100079,178,99987,178,100087,178,99982,378,100110,100,99981,178,100122,100,99972,100,100132,100,99966,100,100179,100,99922,100,100206,100,99905,100,100208,100,99893,100
2019-06-28 09:35:26.325605458,100063,178,100042,200,100068,178,100006,100,100079,178,99987,178,100087,178,99982,378,100110,100,99981,178,100122,100,99972,100,100132,100,99966,100,100179,100,99922,100,100206,100,99905,100,100208,100,99893,100
2019-06-28 09:35:26.541064345,100063,178,100042,300,100068,178,100006,100,100079,178,99987,178,100087,178,99982,378,100110,100,99981,178,100122,100,99972,100,100132,100,99966,100,100179,100,99922,100,100206,100,99905,100,100208,100,99893,100
2019-06-28 09:35:30.000000000,100063,162,100042,362,100068,162,100006,84,100079,162,99987,162,100087,162,99982,362,100110,162,99981,162,100122,100,99972,100,100132,100,99966,100,100179,100,99922,100,100206,100,99905,100,100208,100,99893,100
2019-06-28 09:35:33.562783438,100063,162,100042,362,100068,162,100006,84,100079,162,99987,162,100087,162,99982,362,100110,162,99981,162,100122,100,99972,100,100132,100,99966,100,100179,100,99922,100,100206,100,99905,100,100208,100,99893,100
2019-06-28 09:35:40.000000000,100063,178,100042,378,100068,178,100006,100,100079,178,99987,178,100087,178,99982,378,100110,100,99981,100,100122,100,99972,100,100132,100,99966,100,100179,100,99922,100,100206,100,99905,100,100208,100,99893,100
2019-06-28 09:35:50.000000000,100063,162,100042,362,100068,162,100006,84,100079,162,99987,162,100087,162,99982,362,100110,162,99981,162,100122,100,99972,100,100132,100,99966,100,100179,100,99922,100,100206,100,99905,100,100208,100,99893,100
2019-06-28 09:35:57.982820852,100063,162,100042,462,100068,162,100006,84,100079,162,99987,162,100087,162,99982,362,100110,162,99981,162,100122,100,99972,100,100132,100,99966,100,100179,100,99922,100,100206,100,99905,100,100208,100,99893,100
2019-06-28 09:36:00.000000000,100063,410,100042,710,100068,100,100006,22,100079,100,99987,100,100087,100,99982,300,100110,100,99981,100,100122,100,99972,100,100132,100,99966,100,100179,100,99922,100,100206,100,99905,100,100208,100,99893,100
2019-06-28 09:36:01.445716356,100063,410,100042,710,100068,100,100006,22,100079,100,99987,100,100087,100,99982,300,100110,100,99981,100,100122,100,99972,100,100132,100,99966,100,100179,100,99922,100,100206,100,99905,100,100208,100,99893,100
2019-06-28 09:36:10.000000000,100063,162,100042,462,100068,162,100006,84,100079,162,99987,162,100087,162,99982,362,100110,162,99981,162,100122,100,99972,100,100132,100,99966,100,100179,100,99922,100,100206,100,99905,100,100208,100,99893,100
2019-06-28 09:36:20.000000000,100063,205,100042,505,100068,202,100006,124,100079,202,99987,202,100087,100,99982,300,100110,100,99981,100,100122,100,99972,100,100132,100,99966,100,100179,100,99922,100,100206,100,99905,100,100208,100,99893,100
2019-06-28 09:36:23.107570179,100063,205,100042,505,100068,202,100006,124,100079,202,99987,102,100087,100,99982,300,100110,100,99981,100,100122,100,99972,100,100132,100,99966,100,100179,100,99922,100,100206,100,99905,100,100208,100,99893,100
2019-06-28 09:36:30.000000000,100063,255,100042,555,100068,255,100006,177,100079,100,99982,300,100087,100,99981,100,100110,100,99972,100,100122,100,99966,100,100132,100,99922,100,100179,100,99905,100,100206,100,99893,100,100208,100,99889,100
2019-06-28 09:36:40.000000000,100063,205,100042,505,100068,202,100006,124,100079,202,99982,402,100087,100,99981,100,100110,100,99972,100,100122,100,99966,100,100132,100,99922,100,100179,100,99905,100,100206,100,99893,100,100208,100,99889,100
2019-06-28 09:36:50.000000000,100063,162,100042,462,100068,162,100006,84,100079,162,99982,362,100087,162,99981,162,100110,162,99972,162,100122,100,99966,100,100132,100,99922,100,100179,100,99905,100,100206,100,99893,100,100208,100,99889,100
2019-06-28 09:37:00.000000000,100063,205,100042,505,100068,202,100006,124,100079,202,99982,402,100087,100,99981,100,100110,100,99972,100,100122,100,99966,100,100132,100,99922,100,100179,100,99905,100,100206,100,99893,100,100208,100,99889,100
2019-06-28 09:37:09.168886190,100063,205,100042,605,100068,202,100006,124,100079,202,99982,402,100087,100,99981,100,100110,100,99972,100,100122,100,99966,100,100132,100,99922,100,100179,100,99905,100,100206,100,99893,100,100208,100,99889,100
2019-06-28 09:37:10.000000000,100063,205,100042,605,100068,202,100006,124,100079,202,99982,402,100087,100,99981,100,100110,100,99972,100,100122,100,99966,100,100132,100,99922,100,100179,100,99905,100,100206,100,99893,100,100208,100,99889,100
2019-06-28 09:37:20.000000000,100063,178,100042,578,100068,178,100006,100,100079,178,99982,378,100087,178,99981,178,100110,100,99972,100,100122,100,99966,100,100132,100,99922,100,100179,100,99905,100,100206,100,99893,100,100208,100,99889,100
2019-06-28 09:37:29.439638841,100063,78,100042,578,100068,178,100006,100,100079,178,99982,378,100087,178,99981,178,100110,100,99972,100,100122,100,99922,100,100132,100,99905,100,100179,100,99893,100,100206,100,99889,100,100208,100,99857,200
2019-06-28 09:37:30.000000000,100068,205,100042,605,100079,202,100006,124,100087,202,99982,402,100110,100,99981,100,100122,100,99972,100,100132,100,99922,100,100179,100,99905,100,100206,100,99893,100,100208,100,99889,100,100265,100,99857,200
2019-06-28 09:37:40.000000000,100068,410,100042,810,100079,100,100006,22,100087,100,99982,300,100110,100,99981,100,100122,100,99972,100,100132,100,99922,100,100179,100,99905,100,100206,100,99893,100,100208,100,99889,100,100265,100,99857,200
2019-06-28 09:37:50.000000000,100068,162,100042,562,100079,162,100006,84,100087,162,99982,362,100110,162,99981,162,100122,162,99972,162,100132,100,99922,100,100179,100,99905,100,100206,100,99893,100,100208,100,99889,100,100265,100,99857,200
2019-06-28 09:38:00.000000000,100068,162,100042,562,100079,162,100006,84,100087,162,99982,362,100110,162,99981,162,100122,162,99972,162,100132,100,99922,100,100179,100,99905,100,100206,100,99893,100,100208,100,99889,100,100265,100,99857,200
2019-06-28 09:38:10.000000000,100068,178,100042,578,100079,178,100006,100,100087,178,99982,378,100110,178,99981,178,100122,100,99972,100,100132,100,99922,100,100179,100,99905,100,100206,100,99893,100,100208,100,99889,100,100265,100,99857,200
2019-06-28 09:38:20.000000000,100068,178,100042,578,100079,178,100006,100,100087,178,99982,378,100110,178,99981,178,100122,100,99972,100,100132,100,99922,100,100179,100,99905,100,100206,100,99893,100,100208,100,99889,100,100265,100,99857,200
2019-06-28 09:38:20.346366671,100068,78,100042,578,100079,178,100006,100,100087,178,99982,378,100110,178,99981,178,100122,100,99972,100,100132,100,99922,100,100179,100,99905,100,100206,100,99893,100,100208,100,99889,100,100265,100,99857,200
2019-06-28 09:38:30.000000000,100079,162,100042,562,100087,162,100006,84,100110,162,99982,362,100122,162,99981,162,100132,162,99972,162,100179,100,99922,100,100206,100,99905,100,100208,100,99893,100,100265,100,99889,100,100294,100,99857,200
2019-06-28 09:38:39.373590915,100079,162,100042,562,100087,162,100006,84,100110,162,99982,362,100122,162,99981,162,100132,162,99972,162,100179,100,99922,100,100206,100,99905,100,100208,100,99893,100,100265,100,99889,100,100294,100,99857,200
2019-06-28 09:38:40.000000000,100079,178,100042,578,100087,178,100006,100,100110,178,99982,378,100122,178,99981,178,100132,100,99972,100,100179,100,99922,100,100206,100,99905,100,100208,100,99893,100,100265,100,99889,100,100294,100,99857,200
2019-06-28 09:38:50.000000000,100079,410,100042,810,100087,100,100006,22,100110,100,99982,300,100122,100,99981,100,100132,100,99972,100,100179,100,99922,100,100206,100,99905,100,100208,100,99893,100,100265,100,99889,100,100294,100,99857,200
2019-06-28 09:38:50.928570487,100079,310,100042,810,100087,100,100006,22,100110,100,99982,300,100122,100,99981,100,100132,100,99972,100,100179,100,99922,100,100206,100,99905,100,100208,100,99893,100,100265,100,99889,100,100294,100,99857,200
2019-06-28 09:39:00.000000000,100087,205,100042,605,100110,202,100006,124,100122,202,99982,402,100132,100,99981,100,100179,100,99972,100,100206,100,99922,100,100208,100,99905,100,100265,100,99893,100,100294,100,99889,100,100504,100,99857,200
2019-06-28 09:39:00.685426955,100087,105,100042,605,100110,202,100006,124,100122,202,99982,402,100132,100,99981,100,100179,100,99972,100,100206,100,99922,100,100208,100,99905,100,100265,100,99893,100,100294,100,99889,100,100504,100,99857,200
2019-06-28 09:39:04.726180090,100087,5,100042,605,100110,202,100006,124,100122,202,99982,402,100132,100,99981,100,100179,100,99972,100,100206,100,99922,100,100208,100,99905,100,100294,100,99893,100,100504,100,99889,100,100634,100,99857,200
2019-06-28 09:39:07.614420466,100110,202,100087,95,100122,202,100042,605,100132,100,100006,124,100179,100,99982,302,100206,100,99981,100,100208,100,99972,100,100294,100,99922,100,100504,100,99905,100,100634,100,99893,100,100661,100,99889,100
2019-06-28 09:39:10.000000000,100110,410,100087,405,100122,100,100042,500,100132,100,100006,22,100179,100,99982,200,100206,100,99981,100,100208,100,99972,100,100294,100,99922,100,100504,100,99905,100,100634,100,99893,100,100661,100,99889,100
2019-06-28 09:39:20.000000000,100110,162,100087,157,100122,162,100042,562,100132,162,100006,84,100179,162,99982,262,100206,162,99981,162,100208,100,99972,100,100294,100,99922,100,100504,100,99905,100,100634,100,99893,100,100661,100,99889,100
2019-06-28 09:39:22.870657957,100110,162,100087,157,100122,162,100042,562,100132,162,100006,84,100179,162,99982,262,100206,162,99981,162,100208,100,99972,100,100294,100,99922,100,100504,100,99905,100,100634,100,99893,100,100661,100,99889,100
2019-06-28 09:39:28.997071171,100110,162,100087,157,100122,162,100042,562,100132,162,100006,84,100179,162,99982,262,100206,162,99981,162,100208,100,99972,100,100294,100,99922,100,100504,100,99905,100,100634,100,99893,100,100661,100,99889,100
2019-06-28 09:39:30.000000000,100110,410,100087,405,100122,100,100042,500,100132,100,100006,22,100179,100,99982,200,100206,100,99981,100,100208,100,99972,100,100294,100,99922,100,100504,100,99905,100,100634,100,99893,100,100661,100,99889,100
2019-06-28 09:39:39.052166004,100110,310,100087,405,100122,100,100042,500,100132,100,100006,22,100179,100,99982,200,100206,100,99981,100,100208,100,99972,100,100294,100,99922,100,100504,100,99905,100,100634,100,99893,100,100661,100,99889,100
2019-06-28 09:39:40.000000000,100122,178,100087,173,100132,178,100042,578,100179,178,100006,100,100206,178,99982,278,100208,100,99981,100,100294,100,99972,100,100504,100,99922,100,100634,100,99905,100,100661,100,99893,100,100723,100,99889,100
2019-06-28 09:39:50.000000000,100122,162,100087,157,100132,162,100042,562,100179,162,100006,84,100206,162,99982,262,100208,162,99981,162,100294,100,99972,100,100504,100,99922,100,100634,100,99905,100,100661,100,99893,100,100723,100,99889,100
2019-06-28 09:40:00.000000000,100122,205,100087,200,100132,202,100042,602,100179,202,100006,124,100206,100,99982,200,100208,100,99981,100,100294,100,99972,100,100504,100,99922,100,100634,100,99905,100,100661,100,99893,100,100723,100,99889,100
2019-06-28 09:40:10.000000000,100122,255,100087,250,100132,255,100042,655,100179,100,100006,22,100206,100,99982,200,100208,100,99981,100,100294,100,99972,100,100504,100,99922,100,100634,100,99905,100,100661,100,99893,100,100723,100,99889,100
2019-06-28 09:40:10.423508595,100122,155,100087,250,100132,255,100042,655,100179,100,100006,22,100206,100,99982,200,100208,100,99981,100,100294,100,99972,100,100504,100,99922,100,100634,100,99905,100,100661,100,99893,100,100723,100,99889,100
2019-06-28 09:40:12.974466551,100122,55,100087,250,100132,255,100042,655,100179,100,100006,22,100206,100,99982,200,100208,100,99981,100,100294,100,99972,100,100504,100,99922,100,100634,100,99905,100,100661,100,99893,100,100723,100,99889,100
2019-06-28 09:40:20.000000000,100132,162,100087,157,100179,162,100042,562,100206,162,100006,84,100208,162,99982,262,100294,162,99981,162,100504,100,99972,100,100634,100,99922,100,100661,100,99905,100,100723,100,99893,100,100842,100,99889,100
2019-06-28 09:40:21.459538740,100132,162,100087,157,100179,162,100042,562,100206,162,100006,84,100208,162,99982,262,100294,162,99981,162,100634,100,99972,100,100661,100,99922,100,100723,100,99905,100,100842,100,99893,100,100983,100,99889,100
2019-06-28 09:40:30.000000000,100132,162,100087,157,100179,162,100042,562,100206,162,100006,84,100208,162,99982,262,100294,162,99981,162,100634,100,99972,100,100661,100,99922,100,100723,100,99905,100,100842,100,99893,100,100983,100,99889,100
2019-06-28 09:40:33.794133841,100132,162,100087,157,100179,162,100042,562,100206,162,100006,84,100208,162,99982,262,100294,162,99981,162,100634,100,99972,100,100661,100,99922,100,100723,100,99905,100,100842,100,99893,100,100983,100,99889,100
2019-06-28 09:40:35.583080554,100132,162,100087,157,100179,162,100042,562,100206,162,100006,84,100208,162,99982,262,100294,162,99981,162,100634,100,99972,100,100661,100,99922,100,100723,100,99905,100,100842,100,99893,100,100983,100,99889,100
2019-06-28 09:40:40.000000000,100132,205,100087,200,100179,202,100042,602,100206,202,100006,124,100208,100,99982,200,100294,100,99981,100,100634,100,99972,100,100661,100,99922,100,100723,100,99905,100,100842,100,99893,100,100983,100,99889,100
2019-06-28 09:40:50.000000000,100132,178,100087,173,100179,178,100042,578,100206,178,100006,100,100208,178,99982,278,100294,100,99981,100,100634,100,99972,100,100661,100,99922,100,100723,100,99905,100,100842,100,99893,100,100983,100,99889,100
2019-06-28 09:41:00.000000000,100132,162,100087,157,100179,162,100042,562,100206,162,100006,84,100208,162,99982,262,100294,162,99981,162,100634,100,99972,100,100661,100,99922,100,100723,100,99905,100,100842,100,99893,100,100983,100,99889,100
2019-06-28 09:41:10.000000000,100132,410,100087,405,100179,100,100042,500,100206,100,100006,22,100208,100,99982,200,100294,100,99981,100,100634,100,99972,100,100661,100,99922,100,100723,100,99905,100,100842,100,99893,100,100983,100,99889,100
2019-06-28 09:41:14.435586818,100132,310,100087,405,100179,100,100042,500,100206,100,100006,22,100208,100,99982,200,100294,100,99981,100,100634,100,99972,100,100661,100,99922,100,100723,100,99905,100,100842,100,99893,100,100983,100,99889,100
2019-06-28 09:41:20.000000000,100179,205,100087,200,100206,202,100042,602,100208,202,100006,124,100294,100,99982,200,100634,100,99981,100,100661,100,99972,100,100723,100,99922,100,100842,100,99905,100,100983,100,99893,100,102203,100,99889,100
2019-06-28 09:41:30.000000000,100179,178,100087,173,100206,178,100042,578,100208,178,100006,100,100294,178,99982,278,100634,100,99981,100,100661,100,99972,100,100723,100,99922,100,100842,100,99905,100,100983,100,99893,100,102203,100,99889,100
2019-06-28 09:41:32.865217907,100179,178,100087,173,100206,178,100042,578,100208,178,100006,100,100294,178,99982,278,100634,100,99981,100,100661,100,99972,100,100723,100,99922,100,100842,100,99905,100,100983,100,99893,100,102203,100,99889,100
2019-06-28 09:41:40.000000000,100179,410,100087,405,100206,100,100042,500,100208,100,100006,22,100294,100,99982,200,100634,100,99981,100,100661,100,99972,100,100723,100,99922,100,100842,100,99905,100,100983,100,99893,100,102203,100,99889,100
2019-06-28 09:41:50.000000000,100179,255,100087,250,100206,255,100042,655,100208,100,100006,22,100294,100,99982,200,100634,100,99981,100,100661,100,99972,100,100723,100,99922,100,100842,100,99905,100,100983,100,99893,100,102203,100,99889,100
2019-06-28 09:42:00.000000000,100179,162,100087,157,100206,162,100042,562,100208,162,100006,84,100294,162,99982,262,100634,162,99981,162,100661,100,99972,100,100723,100,99922,100,100842,100,99905,100,100983,100,99893,100,102203,100,99889,100
2019-06-28 09:42:10.000000000,100179,410,100087,405,100206,100,100042,500,100208,100,100006,22,100294,100,99982,200,100634,100,99981,100,100661,100,99972,100,100723,100,99922,100,100842,100,99905,100,100983,100,99893,100,102203,100,99889,100
2019-06-28 09:42:14.755347324,100179,310,100087,405,100206,100,100042,500,100208,100,100006,22,100294,100,99982,200,100634,100,99981,100,100661,100,99972,100,100723,100,99922,100,100842,100,99905,100,100983,100,99893,100,102203,100,99889,100
2019-06-28 09:42:17.344008200,100179,310,100132,100,100206,100,100087,405,100208,100,100042,500,100294,100,100006,22,100634,100,99982,100,100661,100,99981,100,100723,100,99972,100,100842,100,99922,100,100983,100,99905,100,102203,100,99893,100
2019-06-28 09:42:20.000000000,100206,255,100132,255,100208,255,100087,250,100294,100,100042,500,100634,100,100006,22,100661,100,99982,100,100723,100,99981,100,100842,100,99972,100,100983,100,99922,100,102203,100,99905,100,102219,100,99893,100
2019-06-28 09:42:23.764705133,100206,155,100132,255,100208,255,100087,250,100294,100,100042,500,100634,100,100006,22,100661,100,99982,100,100723,100,99981,100,100842,100,99972,100,100983,100,99922,100,102203,100,99905,100,102219,100,99893,100
2019-06-28 09:42:30.000000000,100208,205,100132,205,100294,202,100087,197,100634,202,100042,602,100661,100,100006,22,100723,100,99982,100,100842,100,99981,100,100983,100,99972,100,102203,100,99922,100,102219,100,99905,100,102397,100,99893,100
2019-06-28 09:42:36.874407610,100208,105,100132,205,100294,202,100087,197,100634,202,100042,602,100661,100,100006,22,100723,100,99982,100,100842,100,99981,100,100983,100,99972,100,102203,100,99922,100,102219,100,99905,100,102397,100,99893,100
2019-06-28 09:42:40.000000000,100294,162,100132,162,100634,162,100087,157,100661,162,100042,562,100723,162,100006,84,100842,162,99982,162,100983,100,99981,100,102203,100,99972,100,102219,100,99922,100,102397,100,99905,100,102451,100,99893,100
2019-06-28 09:42:50.000000000,100294,255,100132,255,100634,255,100087,250,100661,100,100042,500,100723,100,100006,22,100842,100,99982,100,100983,100,99981,100,102203,100,99972,100,102219,100,99922,100,102397,100,99905,100,102451,100,99893,100
2019-06-28 09:42:50.653149557,100294,155,100132,255,100634,255,100087,250,100661,100,100042,500,100723,100,100006,22,100842,100,99982,100,100983,100,99981,100,102203,100,99972,100,102219,100,99922,100,102397,100,99905,100,102451,100,99893,100
2019-06-28 09:42:50.810975825,100294,155,100132,255,100634,255,100087,250,100661,100,100042,500,100723,100,100006,22,100842,100,99982,100,100983,100,99981,100,101976,100,99972,100,102203,100,99922,100,102219,100,99905,100,102397,100,99893,100
2019-06-28 09:42:54.010847386,100294,155,100132,255,100634,255,100087,250,100661,100,100042,500,100723,100,100006,22,100842,100,99982,100,100983,100,99981,100,101751,100,99972,100,101976,100,99922,100,102203,100,99905,100,102219,100,99893,100
2019-06-28 09:43:00.000000000,100634,178,100132,178,100661,178,100087,173,100723,178,100042,578,100842,178,100006,100,100983,100,99982,100,101751,100,99981,100,101976,100,99972,100,102203,100,99922,100,102219,100,99905,100,102397,100,99893,100
2019-06-28 09:43:09.426490143,100634,178,100208,100,100661,178,100132,178,100723,178,100087,173,100842,178,100042,578,100983,100,100006,100,101751,100,99982,100,101976,100,99981,100,102203,100,99972,100,102219,100,99922,100,102397,100,99905,100
2019-06-28 09:43:10.000000000,100634,410,100208,410,100661,100,100132,100,100723,100,100087,95,100842,100,100042,500,100983,100,100006,22,101751,100,99982,100,101976,100,99981,100,102203,100,99972,100,102219,100,99922,100,102397,100,99905,100
2019-06-28 09:43:16.051878293,100634,410,100208,510,100661,100,100087,95,100723,100,100042,500,100842,100,100006,22,100983,100,99982,100,101751,100,99981,100,101976,100,99972,100,102203,100,99922,100,102219,100,99905,100,102397,100,99893,100
2019-06-28 09:43:20.000000000,100634,178,100208,278,100661,178,100087,173,100723,178,100042,578,100842,178,100006,100,100983,100,99982,100,101751,100,99981,100,101976,100,99972,100,102203,100,99922,100,102219,100,99905,100,102397,100,99893,100
2019-06-28 09:43:30.000000000,100634,178,100208,278,100661,178,100087,173,100723,178,100042,578,100842,178,100006,100,100983,100,99982,100,101751,100,99981,100,101976,100,99972,100,102203,100,99922,100,102219,100,99905,100,102397,100,99893,100
2019-06-28 09:43:40.000000000,100634,410,100208,510,100661,100,100087,95,100723,100,100042,500,100842,100,100006,22,100983,100,99982,100,101751,100,99981,100,101976,100,99972,100,102203,100,99922,100,102219,100,99905,100,102397,100,99893,100
2019-06-28 09:43:42.409968401,100634,410,100208,510,100661,100,100087,95,100723,100,100042,500,100842,100,100006,22,100983,100,99982,100,101709,100,99981,100,101751,100,99972,100,101976,100,99922,100,102203,100,99905,100,102219,100,99893,100
2019-06-28 09:43:50.000000000,100634,410,100208,510,100661,100,100087,95,100723,100,100042,500,100842,100,100006,22,100983,100,99982,100,101709,100,99981,100,101751,100,99972,100,101976,100,99922,100,102203,100,99905,100,102219,100,99893,100
2019-06-28 09:44:00.000000000,100634,205,100208,305,100661,202,100087,197,100723,202,100042,602,100842,100,100006,22,100983,100,99982,100,101709,100,99981,100,101751,100,99972,100,101976,100,99922,100,102203,100,99905,100,102219,100,99893,100
2019-06-28 09:44:10.000000000,100634,162,100208,262,100661,162,100087,157,100723,162,100042,562,100842,162,100006,84,100983,162,99982,162,101709,100,99981,100,101751,100,99972,100,101976,100,99922,100,102203,100,99905,100,102219,100,99893,100
2019-06-28 09:44:20.000000000,100634,410,100208,510,100661,100,100087,95,100723,100,100042,500,100842,100,100006,22,100983,100,99982,100,101709,100,99981,100,101751,100,99972,100,101976,100,99922,100,102203,100,99905,100,102219,100,99893,100
2019-06-28 09:44:30.000000000,100634,255,100208,355,100661,255,100087,250,100723,100,100042,500,100842,100,100006,22,100983,100,99982,100,101709,100,99981,100,101751,100,99972,100,101976,100,99922,100,102203,100,99905,100,102219,100,99893,100
2019-06-28 09:44:35.126154763,100634,255,100208,355,100661,255,100087,250,100709,100,100042,500,100723,100,100006,22,100842,100,99982,100,100983,100,99981,100,101709,100,99972,100,101751,100,99922,100,102203,100,99905,100,102219,100,99893,100
2019-06-28 09:44:40.000000000,100634,410,100208,510,100661,100,100087,95,100709,100,100042,500,100723,100,100006,22,100842,100,99982,100,100983,100,99981,100,101709,100,99972,100,101751,100,99922,100,102203,100,99905,100,102219,100,99893,100
2019-06-28 09:44:44.580057469,100634,310,100208,510,100661,100,100087,95,100709,100,100042,500,100723,100,100006,22,100842,100,99982,100,100983,100,99981,100,101709,100,99972,100,101751,100,99922,100,102203,100,99905,100,102219,100,99893,100
2019-06-28 09:44:50.000000000,100661,178,100208,278,100709,178,100087,173,100723,178,100042,578,100842,178,100006,100,100983,100,99982,100,101709,100,99981,100,101751,100,99972,100,102203,100,99922,100,102219,100,99905,100,102397,100,99893,100
2019-06-28 09:44:55.425052368,100661,78,100208,278,100709,178,100087,173,100723,178,100042,578,100842,78,100006,100,100983,100,99982,100,101709,100,99981,100,101751,100,99972,100,102203,100,99922,100,102219,100,99905,100,102397,100,99893,100
2019-06-28 09:45:00.000000000,100709,255,100208,355,100723,255,100087,250,100983,100,100042,500,101709,100,100006,22,101751,100,99982,100,102203,100,99981,100,102219,100,99972,100,102397,100,99922,100,102451,100,99905,100,102529,100,99893,100
2019-06-28 09:45:05.145002898,100709,255,100530,100,100723,255,100208,355,100983,100,100087,250,101709,100,100042,500,101751,100,100006,22,102203,100,99982,100,102219,100,99981,100,102397,100,99972,100,102529,100,99922,100,102579,100,99905,100
2019-06-28 09:45:10.000000000,100709,410,100530,410,100723,100,100208,200,100983,100,100087,95,101709,100,100042,500,101751,100,100006,22,102203,100,99982,100,102219,100,99981,100,102397,100,99972,100,102529,100,99922,100,102579,100,99905,100
2019-06-28 09:45:20.000000000,100709,410,100530,410,100723,100,100208,200,100983,100,100087,95,101709,100,100042,500,101751,100,100006,22,102203,100,99982,100,102219,100,99981,100,102397,100,99972,100,102529,100,99922,100,102579,100,99905,100
2019-06-28 09:45:30.000000000,100709,162,100530,162,100723,162,100208,262,100983,162,100087,157,101709,162,100042,562,101751,162,100006,84,102203,100,99982,100,102219,100,99981,100,102397,100,99972,100,102529,100,99922,100,102579,100,99905,100
2019-06-28 09:45:40.000000000,100709,410,100530,410,100723,100,100208,200,100983,100,100087,95,101709,100,100042,500,101751,100,100006,22,102203,100,99982,100,102219,100,99981,100,102397,100,99972,100,102529,100,99922,100,102579,100,99905,100
2019-06-28 09:45:50.000000000,100709,178,100530,178,100723,178,100208,278,100983,178,100087,173,101709,178,100042,578,101751,100,100006,22,102203,100,99982,100,102219,100,99981,100,102397,100,99972,100,102529,100,99922,100,102579,100,99905,100
2019-06-28 09:46:00.000000000,100709,255,100530,255,100723,255,100208,355,100983,100,100087,95,101709,100,100042,500,101751,100,100006,22,102203,100,99982,100,102219,100,99981,100,102397,100,99972,100,102529,100,99922,100,102579,100,99905,100
2019-06-28 09:46:06.433369800,100709,255,100634,100,100723,255,100530,255,100983,100,100208,355,101709,100,100087,95,101751,100,100042,500,102203,100,100006,22,102219,100,99982,100,102397,100,99981,100,102529,100,99972,100,102579,100,99922,100
2019-06-28 09:46:10.000000000,100709,162,100634,162,100723,162,100530,162,100983,162,100208,262,101709,162,100087,157,101751,162,100042,562,102203,100,100006,22,102219,100,99982,100,102397,100,99981,100,102529,100,99972,100,102579,100,99922,100
2019-06-28 09:46:15.188442929,100709,62,100634,162,100723,162,100530,162,100983,162,100208,262,101709,162,100087,157,101751,162,100042,562,102203,100,100006,22,102219,100,99982,100,102397,100,99981,100,102529,100,99972,100,102579,100,99922,100
2019-06-28 09:46:20.000000000,100723,410,100634,410,100983,100,100530,100,101709,100,100208,200,101751,100,100087,95,102203,100,100042,500,102219,100,100006,22,102397,100,99982,100,102529,100,99981,100,102579,100,99972,100,,,99922,100
2019-06-28 09:46:30.000000000,100723,205,100634,205,100983,202,100530,202,101709,202,100208,302,101751,100,100087,95,102203,100,100042,500,102219,100,100006,22,102397,100,99982,100,102529,100,99981,100,102579,100,99972,100,,,99922,100
2019-06-28 09:46:40.000000000,100723,162,100634,162,100983,162,100530,162,101709,162,100208,262,101751,162,100087,157,102203,162,100042,562,102219,100,100006,22,102397,100,99982,100,102529,100,99981,100,102579,100,99972,100,,,99922,100
2019-06-28 09:46:50.000000000,100723,162,100634,162,100983,162,100530,162,101709,162,100208,262,101751,162,100087,157,102203,162,100042,562,102219,100,100006,22,102397,100,99982,100,102529,100,99981,100,102579,100,99972,100,,,99922,100
2019-06-28 09:47:00.000000000,100723,255,100634,255,100983,255,100530,255,101709,100,100208,200,101751,100,100087,95,102203,100,100042,500,102219,100,100006,22,102397,100,99982,100,102529,100,99981,100,102579,100,99972,100,,,99922,100
2019-06-28 09:47:00.960197740,100723,255,100634,255,100983,255,100530,255,101709,100,100208,200,101751,100,100042,500,102203,100,100006,22,102219,100,99982,100,102397,100,99981,100,102529,100,99972,100,102579,100,99922,100,,,99905,100
2019-06-28 09:47:02.706765319,100697,100,100634,255,100723,255,100530,255,100983,255,100208,200,101709,100,100042,500,101751,100,100006,22,102203,100,99982,100,102219,100,99981,100,102397,100,99972,100,102529,100,99922,100,102579,100,99905,100
2019-06-28 09:47:10.000000000,100697,178,100634,178,100723,178,100530,178,100983,178,100208,278,101709,178,100042,578,101751,100,100006,22,102203,100,99982,100,102219,100,99981,100,102397,100,99972,100,102529,100,99922,100,102579,100,99905,100
2019-06-28 09:47:19.608201661,100697,78,100634,178,100723,178,100530,178,100983,178,100419,100,101709,178,100208,278,101751,100,100042,578,102203,100,100006,22,102219,100,99982,100,102397,100,99981,100,102529,100,99972,100,102579,100,99922,100
2019-06-28 09:47:20.000000000,100723,205,100634,205,100983,202,100530,202,101709,202,100419,202,101751,100,100208,200,102203,100,100042,500,102219,100,100006,22,102397,100,99982,100,102529,100,99981,100,102579,100,99972,100,,,99922,100
2019-06-28 09:47:21.421417689,100708,100,100634,205,100723,205,100530,202,100983,202,100419,202,101709,202,100208,200,101751,100,100042,500,102203,100,100006,22,102219,100,99982,100,102397,100,99981,100,102529,100,99972,100,102579,100,99922,100
2019-06-28 09:47:30.000000000,100708,162,100634,162,100723,162,100530,162,100983,162,100419,162,101709,162,100208,262,101751,162,100042,562,102203,100,100006,22,102219,100,99982,100,102397,100,99981,100,102529,100,99972,100,102579,100,99922,100
2019-06-28 09:47:31.474032113,100708,162,100634,162,100723,162,100530,162,100983,162,100419,162,101709,162,100208,262,101751,162,100124,100,102203,100,100042,562,102219,100,100006,22,102397,100,99982,100,102529,100,99981,100,102579,100,99972,100
2019-06-28 09:47:40.000000000,100708,255,100634,255,100723,255,100530,255,100983,100,100419,100,101709,100,100208,200,101751,100,100124,100,102203,100,100042,500,102219,100,100006,22,102397,100,99982,100,102529,100,99981,100,102579,100,99972,100
2019-06-28 09:47:47.505760719,100708,255,100634,255,100723,255,100530,255,100983,100,100419,100,101709,100,100208,200,101751,100,100199,100,102203,100,100124,100,102219,100,100042,500,102397,100,100006,22,102529,100,99982,100,102579,100,99981,100
2019-06-28 09:47:50.000000000,100708,162,100634,162,100723,162,100530,162,100983,162,100419,162,101709,162,100208,262,101751,162,100199,162,102203,100,100124,100,102219,100,100042,500,102397,100,100006,22,102529,100,99982,100,102579,100,99981,100
2019-06-28 09:47:51.224829146,100708,162,100634,162,100723,162,100530,162,100983,162,100419,162,101709,162,100208,262,101751,162,100199,162,102203,100,100124,100,102219,100,100042,400,102397,100,100006,22,102529,100,99982,100,102579,100,99981,100
2019-06-28 09:47:59.391770190,100708,162,100634,62,100723,162,100530,162,100983,162,100419,162,101709,162,100208,262,101751,162,100199,162,102203,100,100124,100,102219,100,100042,400,102397,100,100006,22,102529,100,99982,100,102579,100,99981,100
2019-06-28 09:48:00.000000000,100708,255,100530,255,100723,255,100419,255,100983,100,100208,200,101709,100,100199,100,101751,100,100124,100,102203,100,100042,400,102219,100,100006,22,102397,100,99982,100,102529,100,99981,100,102579,100,99972,100
2019-06-28 09:48:10.000000000,100708,255,100530,255,100723,255,100419,255,100983,100,100208,200,101709,100,100199,100,101751,100,100124,100,102203,100,100042,400,102219,100,100006,22,102397,100,99982,100,102529,100,99981,100,102579,100,99972,100
2019-06-28 09:48:20.000000000,100708,205,100530,205,100723,202,100419,202,100983,202,100208,302,101709,100,100199,100,101751,100,100124,100,102203,100,100042,400,102219,100,100006,22,102397,100,99982,100,102529,100,99981,100,102579,100,99972,100
2019-06-28 09:48:30.000000000,100708,162,100530,162,100723,162,100419,162,100983,162,100208,262,101709,162,100199,162,101751,162,100124,162,102203,100,100042,400,102219,100,100006,22,102397,100,99982,100,102529,100,99981,100,102579,100,99972,100
2019-06-28 09:48:40.000000000,100708,162,100530,162,100723,162,100419,162,100983,162,100208,262,101709,162,100199,162,101751,162,100124,162,102203,100,100042,400,102219,100,100006,22,102397,100,99982,100,102529,100,99981,100,102579,100,99972,100
2019-06-28 09:48:50.000000000,100708,178,100530,178,100723,178,100419,178,100983,178,100208,278,101709,178,100199,178,101751,100,100124,100,102203,100,100042,400,102219,100,100006,22,102397,100,99982,100,102529,100,99981,100,102579,100,99972,100
2019-06-28 09:48:53.752210065,100708,178,100530,178,100723,178,100419,178,100983,178,100321,100,101709,178,100208,278,101751,100,100199,178,102203,100,100124,100,102219,100,100042,400,102397,100,100006,22,102529,100,99982,100,102579,100,99981,100
2019-06-28 09:48:58.109575436,100696,100,100530,178,100708,178,100419,178,100723,178,100321,100,100983,178,100208,278,101709,178,100199,178,101751,100,100124,100,102203,100,100042,400,102219,100,100006,22,102397,100,99982,100,102529,100,99981,100
2019-06-28 09:49:00.000000000,100696,162,100530,162,100708,162,100419,162,100723,162,100321,162,100983,162,100208,262,101709,162,100199,162,101751,100,100124,100,102203,100,100042,400,102219,100,100006,22,102397,100,99982,100,102529,100,99981,100
2019-06-28 09:49:08.309158988,100548,100,100530,162,100696,162,100419,162,100708,162,100321,162,100723,162,100208,262,100983,162,100199,162,101709,162,100124,100,101751,100,100042,400,102203,100,100006,22,102219,100,99982,100,102397,100,99981,100
2019-06-28 09:49:08.607652956,100548,100,100530,162,100696,162,100419,162,100708,162,100321,162,100723,162,100254,100,100983,162,100208,262,101709,162,100199,162,101751,100,100124,100,102203,100,100042,400,102219,100,100006,22,102397,100,99982,100
2019-06-28 09:49:10.000000000,100548,178,100530,178,100696,178,100419,178,100708,178,100321,178,100723,178,100254,178,100983,100,100208,200,101709,100,100199,100,101751,100,100124,100,102203,100,100042,400,102219,100,100006,22,102397,100,99982,100
2019-06-28 09:49:12.580276540,100548,178,100530,178,100696,178,100422,100,100708,178,100419,178,100723,178,100321,178,100983,100,100254,178,101709,100,100208,200,101751,100,100199,100,102203,100,100124,100,102219,100,100042,400,102397,100,100006,22
2019-06-28 09:49:14.007262185,100548,178,100530,178,100696,278,100422,100,100708,78,100419,178,100723,178,100321,178,100983,100,100254,178,101709,100,100208,200,101751,100,100199,100,102203,100,100124,100,102219,100,100042,400,102397,100,100006,22
2019-06-28 09:49:20.000000000,100548,255,100530,255,100696,355,100422,255,100723,100,100419,100,100983,100,100321,100,101709,100,100254,100,101751,100,100208,200,102203,100,100199,100,102219,100,100124,100,102397,100,100042,400,102529,100,100006,22
2019-06-28 09:49:25.998135582,100548,255,100530,255,100696,355,100422,255,100723,100,100419,100,100983,100,100334,100,101709,100,100321,100,101751,100,100254,100,102203,100,100208,200,102219,100,100199,100,102397,100,100124,100,102529,100,100042,400
2019-06-28 09:49:26.001537946,100548,255,100530,155,100696,355,100422,255,100723,100,100419,100,100983,100,100334,100,101709,100,100321,100,101751,100,100254,100,102203,100,100208,200,102219,100,100199,100,102397,100,100042,400,102529,100,100006,22
2019-06-28 09:49:30.000000000,100548,162,100422,162,100696,262,100419,162,100723,162,100334,162,100983,162,100321,162,101709,162,100254,162,101751,100,100208,200,102203,100,100199,100,102219,100,100042,400,102397,100,100006,22,102529,100,99982,100
2019-06-28 09:49:32.456395934,100548,162,100422,162,100634,100,100419,162,100696,262,100334,162,100723,162,100321,162,100983,162,100254,162,101709,162,100208,100,101751,100,100199,100,102203,100,100042,400,102219,100,100006,22,102397,100,99982,100
2019-06-28 09:49:32.694273964,100548,162,100422,162,100608,100,100419,162,100634,100,100334,162,100696,262,100321,162,100723,162,100254,162,100983,162,100208,100,101709,162,100199,100,101751,100,100042,400,102203,100,100006,22,102219,100,99982,100
2019-06-28 09:49:35.188226312,100548,162,100486,100,100608,100,100422,162,100634,100,100419,162,100696,262,100334,162,100723,162,100321,162,100983,162,100254,162,101709,162,100208,100,101751,100,100199,100,102203,100,100042,400,102219,100,100006,22
2019-06-28 09:49:37.798735444,100548,162,100422,162,100608,100,100419,162,100634,100,100334,162,100696,262,100321,162,100723,62,100254,162,100983,162,100208,100,101709,162,100199,100,101751,100,100042,400,102203,100,100006,22,102219,100,99982,100
2019-06-28 09:49:40.000000000,100548,205,100422,205,100608,202,100419,202,100634,202,100334,202,100696,200,100321,100,100983,100,100254,100,101709,100,100208,100,101751,100,100199,100,102203,100,100042,400,102219,100,100006,22,102529,100,99982,100
2019-06-28 09:49:40.447847321,100548,105,100422,205,100608,202,100419,202,100634,202,100334,202,100696,200,100321,100,100983,100,100254,100,101709,100,100208,100,101751,100,100199,100,102203,100,100042,400,102219,100,100006,22,102529,100,99982,100
2019-06-28 09:49:50.000000000,100608,162,100422,162,100634,162,100419,162,100696,262,100334,162,100983,162,100321,162,101709,162,100254,162,101751,100,100208,100,102203,100,100199,100,102219,100,100042,400,102529,100,100006,22,102579,100,99982,100
2019-06-28 09:49:51.384722540,100551,100,100422,162,100608,162,100419,162,100634,162,100334,162,100696,262,100321,162,100983,162,100254,162,101709,162,100208,100,101751,100,100199,100,102203,100,100042,400,102219,100,100006,22,102529,100,99982,100
2019-06-28 09:50:00.000000000,100551,205,100422,205,100608,202,100419,202,100634,202,100334,202,100696,200,100321,100,100983,100,100254,100,101709,100,100208,100,101751,100,100199,100,102203,100,100042,400,102219,100,100006,22,102529,100,99982,100
2019-06-28 09:50:10.000000000,100551,178,100422,178,100608,178,100419,178,100634,178,100334,178,100696,278,100321,178,100983,100,100254,100,101709,100,100208,100,101751,100,100199,100,102203,100,100042,400,102219,100,100006,22,102529,100,99982,100
2019-06-28 09:50:20.000000000,100551,205,100422,205,100608,202,100419,202,100634,202,100334,202,100696,200,100321,100,100983,100,100254,100,101709,100,100208,100,101751,100,100199,100,102203,100,100042,400,102219,100,100006,22,102529,100,99982,100
2019-06-28 09:50:29.676791661,100551,205,100486,100,100608,202,100422,205,100634,202,100419,202,100696,200,100334,202,100983,100,100321,100,101709,100,100254,100,101751,100,100208,100,102203,100,100199,100,102219,100,100042,400,102529,100,100006,22
2019-06-28 09:50:30.000000000,100551,162,100486,162,100608,162,100422,162,100634,162,100419,162,100696,262,100334,162,100983,162,100321,162,101709,100,100254,100,101751,100,100208,100,102203,100,100199,100,102219,100,100042,400,102529,100,100006,22
2019-06-28 09:50:40.000000000,100551,162,100486,162,100608,162,100422,162,100634,162,100419,162,100696,262,100334,162,100983,162,100321,162,101709,100,100254,100,101751,100,100208,100,102203,100,100199,100,102219,100,100042,400,102529,100,100006,22
2019-06-28 09:50:50.000000000,100551,178,100486,178,100608,178,100422,178,100634,178,100419,178,100696,278,100334,178,100983,100,100321,100,101709,100,100254,100,101751,100,100208,100,102203,100,100199,100,102219,100,100042,400,102529,100,100006,22
2019-06-28 09:50:51.827927959,100551,178,100486,178,100608,178,100422,178,100634,178,100419,178,100696,278,100334,178,100983,100,100321,100,101037,100,100254,100,101709,100,100208,100,101751,100,100199,100,102203,100,100042,400,102219,100,100006,22
2019-06-28 09:50:52.206673416,100551,78,100486,178,100608,178,100422,178,100634,178,100419,178,100696,278,100334,178,100983,100,100321,100,101037,100,100208,100,101709,100,100199,100,101751,100,100042,400,102203,100,100006,22,102219,100,99982,100
2019-06-28 09:51:00.000000000,100608,205,100486,205,100634,202,100422,202,100696,302,100419,202,100983,100,100334,100,101037,100,100321,100,101709,100,100208,100,101751,100,100199,100,102203,100,100042,400,102219,100,100006,22,102529,100,99982,100
2019-06-28 09:51:10.000000000,100608,410,100486,410,100634,100,100422,100,100696,200,100419,100,100983,100,100334,100,101037,100,100321,100,101709,100,100208,100,101751,100,100199,100,102203,100,100042,400,102219,100,100006,22,102529,100,99982,100
2019-06-28 09:51:12.041277778,100608,410,100486,410,100634,100,100422,100,100696,200,100419,100,100983,100,100334,100,101037,100,100321,100,101709,100,100208,100,101751,100,100199,100,102203,100,100042,300,102219,100,100006,22,102529,100,99982,100
2019-06-28 09:51:14.487287453,100608,310,100486,410,100634,100,100422,100,100696,200,100419,100,100983,100,100334,100,101037,100,100321,100,101709,100,100208,100,101751,100,100199,100,102203,100,100042,300,102219,100,100006,22,102529,100,99982,100
2019-06-28 09:51:20.000000000,100634,205,100486,205,100696,302,100422,202,100983,202,100419,202,101037,100,100334,100,101709,100,100321,100,101751,100,100208,100,102203,100,100199,100,102219,100,100042,300,102529,100,100006,22,102579,100,99982,100
2019-06-28 09:51:30.000000000,100634,410,100486,410,100696,200,100422,100,100983,100,100419,100,101037,100,100334,100,101709,100,100321,100,101751,100,100208,100,102203,100,100199,100,102219,100,100042,300,102529,100,100006,22,102579,100,99982,100
2019-06-28 09:51:32.239984451,100634,310,100486,410,100696,200,100422,100,100983,100,100419,100,101037,100,100334,100,101709,100,100321,100,101751,100,100208,100,102203,100,100199,100,102219,100,100042,300,102529,100,100006,22,102579,100,99982,100
2019-06-28 09:51:40.000000000,100696,510,100486,410,100983,100,100422,100,101037,100,100419,100,101709,100,100334,100,101751,100,100321,100,102203,100,100208,100,102219,100,100199,100,102529,100,100042,300,102579,100,100006,22,,,99982,100
2019-06-28 09:51:40.651035085,100696,410,100486,410,100983,100,100422,100,101037,100,100419,100,101709,100,100334,100,102203,100,100321,100,102219,100,100208,100,102529,100,100199,100,102579,100,100042,300,,,100006,22,,,99982,100
2019-06-28 09:51:46.849418590,100696,410,100486,410,100983,100,100422,100,101037,100,100419,100,101245,100,100334,100,101709,100,100321,100,102203,100,100208,100,102219,100,100199,100,102579,100,100042,300,,,100006,22,,,99982,100
2019-06-28 09:51:50.000000000,100696,178,100486,178,100983,178,100422,178,101037,178,100419,178,101245,178,100334,178,101709,100,100321,100,102203,100,100208,100,102219,100,100199,100,102579,100,100042,300,,,100006,22,,,99982,100
2019-06-28 09:52:00.000000000,100696,178,100486,178,100983,178,100422,178,101037,178,100419,178,101245,178,100334,178,101709,100,100321,100,102203,100,100208,100,102219,100,100199,100,102579,100,100042,300,,,100006,22,,,99982,100
2019-06-28 09:52:05.835974501,100696,78,100486,178,100983,178,100422,178,101037,178,100419,178,101245,178,100334,178,101709,100,100321,100,102203,100,100208,100,102219,100,100199,100,102579,100,100042,300,,,100006,22,,,99982,100
2019-06-28 09:52:10.000000000,100983,255,100486,255,101037,255,100422,255,101245,100,100419,100,101709,100,100334,100,102203,100,100321,100,102219,100,100208,100,102579,100,100199,100,,,100042,300,,,100006,22,,,99982,100
2019-06-28 09:52:16.133462248,100983,155,100486,255,101037,255,100422,255,101245,100,100419,100,101709,100,100334,100,102203,100,100321,100,102219,100,100208,100,102579,100,100199,100,,,100042,300,,,100006,22,,,99982,100
2019-06-28 09:52:20.000000000,101037,162,100486,162,101245,162,100422,162,101709,162,100419,162,102203,162,100334,162,102219,162,100321,162,102579,100,100208,100,,,100199,100,,,100042,300,,,100006,22,,,99982,100
2019-06-28 09:52:27.731883558,101037,162,100486,162,101071,100,100422,162,101245,162,100419,162,101709,162,100334,162,102203,162,100321,162,102219,162,100208,100,102579,100,100199,100,,,100042,300,,,99982,100,,,99972,100
2019-06-28 09:52:27.945428049,101037,162,100486,162,101071,100,100422,162,101245,162,100419,162,101709,162,100334,162,102203,162,100321,162,102219,162,100208,100,102579,100,100199,100,,,100042,200,,,99982,100,,,99972,100
2019-06-28 09:52:30.000000000,101037,205,100486,205,101071,202,100422,202,101245,202,100419,202,101709,100,100334,100,102203,100,100321,100,102219,100,100208,100,102579,100,100199,100,,,100042,200,,,99982,100,,,99972,100
2019-06-28 09:52:36.686549753,101037,205,100486,205,101071,202,100422,202,101179,100,100419,202,101245,202,100334,100,101709,100,100321,100,102203,100,100208,100,102219,100,100199,100,102579,100,100042,200,,,99982,100,,,99972,100
2019-06-28 09:52:40.000000000,101037,255,100486,255,101071,255,100422,255,101179,100,100419,100,101245,100,100334,100,101709,100,100321,100,102203,100,100208,100,102219,100,100199,100,102579,100,100042,200,,,99982,100,,,99972,100
2019-06-28 09:52:50.000000000,101037,205,100486,205,101071,202,100422,202,101179,202,100419,202,101245,100,100334,100,101709,100,100321,100,102203,100,100208,100,102219,100,100199,100,102579,100,100042,200,,,99982,100,,,99972,100
2019-06-28 09:53:00.000000000,101037,410,100486,410,101071,100,100422,100,101179,100,100419,100,101245,100,100334,100,101709,100,100321,100,102203,100,100208,100,102219,100,100199,100,102579,100,100042,200,,,99982,100,,,99972,100
2019-06-28 09:53:00.613034639,101037,310,100486,410,101071,100,100422,100,101179,100,100419,100,101245,100,100334,100,101709,100,100321,100,102203,100,100208,100,102219,100,100199,100,102579,100,100042,200,,,99982,100,,,99972,100
2019-06-28 09:53:02.061884672,101037,310,100486,410,101071,100,100422,100,101179,100,100419,100,101245,100,100334,100,101520,100,100321,100,101709,100,100208,100,102203,100,100199,100,102219,100,100042,200,102579,100,99982,100,,,99972,100
2019-06-28 09:53:04.750856994,101037,210,100486,410,101071,100,100422,100,101179,100,100419,100,101245,100,100334,100,101520,100,100321,100,101709,100,100208,100,102203,100,100199,100,102219,100,100042,200,102579,100,99982,100,,,99972,100
2019-06-28 09:53:06.589387852,101037,210,100486,410,101071,100,100422,100,101179,100,100419,100,101245,100,100334,100,101286,100,100321,100,101520,100,100208,100,101709,100,100199,100,102203,100,100042,200,102219,100,99982,100,102579,100,99972,100
2019-06-28 09:53:10.000000000,101071,178,100486,178,101179,178,100422,178,101245,178,100419,178,101286,178,100334,178,101520,100,100321,100,101709,100,100208,100,102203,100,100199,100,102219,100,100042,200,102579,100,99982,100,,,99972,100
2019-06-28 09:53:12.077416374,101071,178,100486,178,101179,178,100422,178,101245,178,100419,178,101286,178,100334,178,101430,100,100321,100,101520,100,100208,100,101709,100,100199,100,102203,100,100042,200,102219,100,99982,100,102579,100,99972,100
2019-06-28 09:53:20.000000000,101071,178,100486,178,101179,178,100422,178,101245,178,100419,178,101286,178,100334,178,101430,100,100321,100,101520,100,100208,100,101709,100,100199,100,102203,100,100042,200,102219,100,99982,100,102579,100,99972,100
2019-06-28 09:53:23.503652997,101071,178,100486,178,101179,178,100422,178,101245,178,100419,178,101286,178,100334,178,101401,100,100321,100,101430,100,100208,100,101520,100,100199,100,101709,100,100042,200,102203,100,99982,100,102219,100,99972,100
2019-06-28 09:53:24.358716932,101071,178,100486,178,101179,178,100422,178,101245,178,100419,178,101286,178,100334,178,101401,100,100321,100,101430,100,100208,100,101466,100,100199,100,101520,100,100042,200,101709,100,99982,100,102203,100,99972,100
2019-06-28 09:53:30.000000000,101071,410,100486,410,101179,100,100422,100,101245,100,100419,100,101286,100,100334,100,101401,100,100321,100,101430,100,100208,100,101466,100,100199,100,101520,100,100042,200,101709,100,99982,100,102203,100,99972,100
2019-06-28 09:53:32.796434133,101071,310,100486,410,101179,100,100422,100,101245,100,100419,100,101286,100,100334,100,101401,100,100321,100,101430,100,100208,100,101466,100,100199,100,101520,100,100042,200,101709,100,99982,100,102203,100,99972,100
2019-06-28 09:53:40.000000000,101179,255,100486,255,101245,255,100422,255,101286,100,100419,100,101401,100,100334,100,101430,100,100321,100,101466,100,100208,100,101520,100,100199,100,101709,100,100042,200,102203,100,99982,100,102219,100,99972,100
2019-06-28 09:53:50.000000000,101179,410,100486,410,101245,100,100422,100,101286,100,100419,100,101401,100,100334,100,101430,100,100321,100,101466,100,100208,100,101520,100,100199,100,101709,100,100042,200,102203,100,99982,100,102219,100,99972,100
2019-06-28 09:53:52.843426261,101179,410,100486,410,101245,100,100422,100,101286,100,100419,100,101401,100,100334,100,101430,100,100321,100,101466,100,100208,100,101469,100,100199,100,101520,100,100042,200,101709,100,99982,100,102203,100,99972,100
2019-06-28 09:54:00.000000000,101179,178,100486,178,101245,178,100422,178,101286,178,100419,178,101401,178,100334,178,101430,100,100321,100,101466,100,100208,100,101469,100,100199,100,101520,100,100042,200,101709,100,99982,100,102203,100,99972,100
2019-06-28 09:54:00.013092832,101179,178,101037,100,101245,178,100486,178,101286,178,100422,178,101401,178,100419,178,101430,100,100334,178,101466,100,100321,100,101469,100,100208,100,101520,100,100199,100,101709,100,100042,200,102203,100,99982,100
2019-06-28 09:54:10.000000000,101179,162,101037,162,101245,162,100486,162,101286,162,100422,162,101401,162,100419,162,101430,162,100334,162,101466,100,100321,100,101469,100,100208,100,101520,100,100199,100,101709,100,100042,200,102203,100,99982,100
2019-06-28 09:54:10.484498370,101179,162,101061,100,101245,162,101037,162,101286,162,100486,162,101401,162,100422,162,101430,162,100419,162,101466,100,100334,162,101469,100,100208,100,101520,100,100199,100,101709,100,100042,200,102203,100,99982,100
2019-06-28 09:54:20.000000000,101179,205,101061,205,101245,202,101037,202,101286,202,100486,202,101401,100,100422,100,101430,100,100419,100,101466,100,100334,100,101469,100,100208,100,101520,100,100199,100,101709,100,100042,200,102203,100,99982,100
2019-06-28 09:54:30.000000000,101179,205,101061,205,101245,202,101037,202,101286,202,100486,202,101401,100,100422,100,101430,100,100419,100,101466,100,100334,100,101469,100,100208,100,101520,100,100199,100,101709,100,100042,200,102203,100,99982,100
2019-06-28 09:54:33.144892609,101179,105,101061,205,101245,202,101037,202,101286,202,100486,202,101401,100,100422,100,101430,100,100419,100,101466,100,100334,100,101469,100,100208,100,101520,100,100199,100,101709,100,100042,200,102203,100,99982,100
2019-06-28 09:54:40.000000000,101245,178,101061,178,101286,178,101037,178,101401,178,100486,178,101430,178,100422,178,101466,100,100419,100,101469,100,100334,100,101520,100,100208,100,101709,100,100199,100,102203,100,100042,200,102219,100,99982,100
2019-06-28 09:54:50.000000000,101245,178,101061,178,101286,178,101037,178,101401,178,100486,178,101430,178,100422,178,101466,100,100419,100,101469,100,100334,100,101520,100,100208,100,101709,100,100199,100,102203,100,100042,200,102219,100,99982,100
2019-06-28 09:55:00.000000000,101245,178,101061,178,101286,178,101037,178,101401,178,100486,178,101430,178,100422,178,101466,100,100419,100,101469,100,100334,100,101520,100,100208,100,101709,100,100199,100,102203,100,100042,200,102219,100,99982,100
2019-06-28 09:55:10.000000000,101245,205,101061,205,101286,202,101037,202,101401,202,100486,202,101430,100,100422,100,101466,100,100419,100,101469,100,100334,100,101520,100,100208,100,101709,100,100199,100,102203,100,100042,200,102219,100,99982,100
2019-06-28 09:55:20.000000000,101245,255,101061,255,101286,255,101037,255,101401,100,100486,100,101430,100,100422,100,101466,100,100419,100,101469,100,100334,100,101520,100,100208,100,101709,100,100199,100,102203,100,100042,200,102219,100,99982,100
2019-06-28 09:55:30.000000000,101245,205,101061,205,101286,202,101037,202,101401,202,100486,202,101430,100,100422,100,101466,100,100419,100,101469,100,100334,100,101520,100,100208,100,101709,100,100199,100,102203,100,100042,200,102219,100,99982,100
2019-06-28 09:55:40.000000000,101245,255,101061,255,101286,255,101037,255,101401,100,100486,100,101430,100,100422,100,101466,100,100419,100,101469,100,100334,100,101520,100,100208,100,101709,100,100199,100,102203,100,100042,200,102219,100,99982,100
2019-06-28 09:55:50.000000000,101245,178,101061,178,101286,178,101037,178,101401,178,100486,178,101430,178,100422,178,101466,100,100419,100,101469,100,100334,100,101520,100,100208,100,101709,100,100199,100,102203,100,100042,200,102219,100,99982,100
2019-06-28 09:56:00.000000000,101245,410,101061,410,101286,100,101037,100,101401,100,100486,100,101430,100,100422,100,101466,100,100419,100,101469,100,100334,100,101520,100,100208,100,101709,100,100199,100,102203,100,100042,200,102219,100,99982,100
2019-06-28 09:56:10.000000000,101245,178,101061,178,101286,178,101037,178,101401,178,100486,178,101430,178,100422,178,101466,100,100419,100,101469,100,100334,100,101520,100,100208,100,101709,100,100199,100,102203,100,100042,200,102219,100,99982,100
2019-06-28 09:56:10.274494971,101245,178,101061,78,101286,178,101037,178,101401,178,100486,178,101430,178,100422,178,101466,100,100419,100,101469,100,100334,100,101520,100,100208,100,101709,100,100199,100,102203,100,100042,200,102219,100,99982,100
2019-06-28 09:56:14.537232711,101245,178,101061,78,101249,100,101037,178,101286,178,100486,178,101401,178,100422,178,101430,78,100419,100,101466,100,100334,100,101469,100,100208,100,101520,100,100199,100,101709,100,100042,200,102203,100,99982,100
2019-06-28 09:56:15.666181224,101245,178,101061,78,101249,100,101037,178,101286,178,100839,100,101401,178,100486,178,101430,78,100422,178,101466,100,100419,100,101469,100,100334,100,101520,100,100208,100,101709,100,100199,100,102203,100,100042,200
2019-06-28 09:56:20.000000000,101245,205,101037,205,101249,202,100839,202,101286,202,100486,202,101401,100,100422,100,101466,100,100419,100,101469,100,100334,100,101520,100,100208,100,101709,100,100199,100,102203,100,100042,200,102219,100,99982,100
2019-06-28 09:56:30.000000000,101245,410,101037,410,101249,100,100839,100,101286,100,100486,100,101401,100,100422,100,101466,100,100419,100,101469,100,100334,100,101520,100,100208,100,101709,100,100199,100,102203,100,100042,200,102219,100,99982,100
2019-06-28 09:56:40.000000000,101245,162,101037,162,101249,162,100839,162,101286,162,100486,162,101401,162,100422,162,101466,162,100419,162,101469,100,100334,100,101520,100,100208,100,101709,100,100199,100,102203,100,100042,200,102219,100,99982,100
2019-06-28 09:56:40.357289244,101245,162,101037,162,101249,162,100839,162,101286,162,100658,100,101401,162,100486,162,101466,162,100422,162,101469,100,100419,162,101520,100,100334,100,101709,100,100208,100,102203,100,100199,100,102219,100,100042,200
2019-06-28 09:56:50.000000000,101245,410,101037,410,101249,100,100839,100,101286,100,100658,100,101401,100,100486,100,101466,100,100422,100,101469,100,100419,100,101520,100,100334,100,101709,100,100208,100,102203,100,100199,100,102219,100,100042,200
2019-06-28 09:57:00.000000000,101245,178,101037,178,101249,178,100839,178,101286,178,100658,178,101401,178,100486,178,101466,100,100422,100,101469,100,100419,100,101520,100,100334,100,101709,100,100208,100,102203,100,100199,100,102219,100,100042,200
2019-06-28 09:57:06.049637622,101245,178,101037,78,101249,178,100839,178,101286,178,100658,178,101401,178,100486,178,101466,100,100422,100,101469,100,100419,100,101520,100,100334,100,101709,100,100208,100,102203,100,100199,100,102219,100,100042,200
2019-06-28 09:57:10.000000000,101245,178,100839,178,101249,178,100658,178,101286,178,100486,178,101401,178,100422,178,101466,100,100419,100,101469,100,100334,100,101520,100,100208,100,101709,100,100199,100,102203,100,100042,200,102219,100,99982,100
2019-06-28 09:57:20.000000000,101245,178,100839,178,101249,178,100658,178,101286,178,100486,178,101401,178,100422,178,101466,100,100419,100,101469,100,100334,100,101520,100,100208,100,101709,100,100199,100,102203,100,100042,200,102219,100,99982,100
2019-06-28 09:57:30.000000000,101245,205,100839,205,101249,202,100658,202,101286,202,100486,202,101401,100,100422,100,101466,100,100419,100,101469,100,100334,100,101520,100,100208,100,101709,100,100199,100,102203,100,100042,200,102219,100,99982,100
2019-06-28 09:57:40.000000000,101245,162,100839,162,101249,162,100658,162,101286,162,100486,162,101401,162,100422,162,101466,162,100419,162,101469,100,100334,100,101520,100,100208,100,101709,100,100199,100,102203,100,100042,200,102219,100,99982,100
2019-06-28 09:57:46.550131395,101178,100,100839,162,101245,162,100658,162,101249,162,100486,162,101286,162,100422,162,101401,162,100419,162,101466,162,100334,100,101469,100,100208,100,101520,100,100199,100,101709,100,100042,200,102203,100,99982,100
2019-06-28 09:57:50.000000000,101178,178,100839,178,101245,178,100658,178,101249,178,100486,178,101286,178,100422,178,101401,100,100419,100,101466,100,100334,100,101469,100,100208,100,101520,100,100199,100,101709,100,100042,200,102203,100,99982,100
2019-06-28 09:57:54.274590639,101178,178,100839,78,101245,178,100658,178,101249,178,100486,178,101286,178,100422,178,101401,100,100419,100,101466,100,100334,100,101469,100,100208,100,101520,100,100199,100,101709,100,100042,200,102203,100,99982,100
2019-06-28 09:57:54.835622484,101178,178,100839,78,101245,178,100658,178,101249,178,100486,78,101286,178,100422,178,101401,100,100419,100,101466,100,100334,100,101469,100,100208,100,101520,100,100199,100,101709,100,100042,200,102203,100,99982,100
2019-06-28 09:58:00.000000000,101178,162,100658,162,101245,162,100422,162,101249,162,100419,162,101286,162,100334,162,101401,162,100208,162,101466,100,100199,100,101469,100,100042,200,101520,100,99982,100,101709,100,99922,100,102203,100,99905,100
2019-06-28 09:58:02.379284422,101178,162,100658,162,101245,162,100583,100,101249,162,100422,162,101286,162,100419,162,101401,162,100334,162,101466,100,100208,162,101469,100,100199,100,101520,100,100042,200,101709,100,99982,100,102203,100,99922,100
2019-06-28 09:58:04.829598757,101178,162,100658,162,101245,162,100583,100,101249,162,100422,162,101286,162,100419,162,101401,162,100334,162,101466,100,100208,162,101469,100,100199,100,101520,100,100042,200,101709,100,99982,100,102203,100,99905,100
2019-06-28 09:58:10.000000000,101178,162,100658,162,101245,162,100583,162,101249,162,100422,162,101286,162,100419,162,101401,162,100334,162,101466,100,100208,100,101469,100,100199,100,101520,100,100042,200,101709,100,99982,100,102203,100,99905,100
2019-06-28 09:58:16.566688437,100693,100,100658,162,101178,162,100583,162,101245,162,100422,162,101249,162,100419,162,101286,162,100334,162,101401,162,100208,100,101466,100,100199,100,101469,100,100042,200,101520,100,99982,100,101709,100,99905,100
2019-06-28 09:58:20.000000000,100693,205,100658,205,101178,202,100583,202,101245,202,100422,202,101249,100,100419,100,101286,100,100334,100,101401,100,100208,100,101466,100,100199,100,101469,100,100042,200,101520,100,99982,100,101709,100,99905,100
2019-06-28 09:58:23.366947704,100693,205,100658,205,101178,202,100630,100,101245,202,100583,202,101249,100,100422,202,101286,100,100419,100,101401,100,100334,100,101469,100,100208,100,101520,100,100199,100,101709,100,100042,200,102203,100,99982,100
2019-06-28 09:58:30.000000000,100693,410,100658,410,101178,100,100630,100,101245,100,100583,100,101249,100,100422,100,101286,100,100419,100,101401,100,100334,100,101469,100,100208,100,101520,100,100199,100,101709,100,100042,200,102203,100,99982,100
2019-06-28 09:58:31.351899316,100659,100,100658,410,100693,410,100630,100,101178,100,100583,100,101245,100,100422,100,101249,100,100419,100,101286,100,100334,100,101401,100,100208,100,101469,100,100199,100,101520,100,100042,200,101709,100,99982,100
2019-06-28 09:58:40.000000000,100659,410,100658,410,100693,100,100630,100,101178,100,100583,100,101245,100,100422,100,101249,100,100419,100,101286,100,100334,100,101401,100,100208,100,101469,100,100199,100,101520,100,100042,200,101709,100,99982,100
2019-06-28 09:58:50.000000000,100659,255,100658,255,100693,255,100630,255,101178,100,100583,100,101245,100,100422,100,101249,100,100419,100,101286,100,100334,100,101401,100,100208,100,101469,100,100199,100,101520,100,100042,200,101709,100,99982,100
2019-06-28 09:59:00.000000000,100659,162,100658,162,100693,162,100630,162,101178,162,100583,162,101245,162,100422,162,101249,162,100419,162,101286,100,100334,100,101401,100,100208,100,101469,100,100199,100,101520,100,100042,200,101709,100,99982,100
2019-06-28 09:59:10.000000000,100659,255,100658,255,100693,255,100630,255,101178,100,100583,100,101245,100,100422,100,101249,100,100419,100,101286,100,100334,100,101401,100,100208,100,101469,100,100199,100,101520,100,100042,200,101709,100,99982,100
2019-06-28 09:59:20.000000000,100659,178,100658,178,100693,178,100630,178,101178,178,100583,178,101245,178,100422,178,101249,100,100419,100,101286,100,100334,100,101401,100,100208,100,101469,100,100199,100,101520,100,100042,200,101709,100,99982,100
2019-06-28 09:59:26.232579372,100659,178,100658,178,100693,178,100630,78,101178,178,100583,178,101245,178,100528,100,101249,100,100422,178,101286,100,100419,100,101401,100,100334,100,101469,100,100208,100,101520,100,100199,100,101709,100,100042,200
2019-06-28 09:59:30.000000000,100659,205,100658,205,100693,202,100583,202,101178,202,100528,202,101245,100,100422,100,101249,100,100419,100,101286,100,100334,100,101401,100,100208,100,101469,100,100199,100,101520,100,100042,200,101709,100,99982,100
2019-06-28 09:59:40.000000000,100659,178,100658,178,100693,178,100583,178,101178,178,100528,178,101245,178,100422,178,101249,100,100419,100,101286,100,100334,100,101401,100,100208,100,101469,100,100199,100,101520,100,100042,200,101709,100,99982,100
2019-06-28 09:59:50.000000000,100659,162,100658,162,100693,162,100583,162,101178,162,100528,162,101245,162,100422,162,101249,162,100419,162,101286,100,100334,100,101401,100,100208,100,101469,100,100199,100,101520,100,100042,200,101709,100,99982,100
2019-06-28 10:00:00.000000000,100659,410,100658,410,100693,100,100583,100,101178,100,100528,100,101245,100,100422,100,101249,100,100419,100,101286,100,100334,100,101401,100,100208,100,101469,100,100199,100,101520,100,100042,200,101709,100,99982,100
2019-06-28 10:00:08.885052218,100659,410,100658,310,100693,100,100583,100,101178,100,100528,100,101245,100,100422,100,101249,100,100419,100,101286,100,100334,100,101401,100,100208,100,101469,100,100199,100,101520,100,100042,200,101709,100,99982,100
2019-06-28 10:00:10.000000000,100659,178,100583,178,100693,178,100528,178,101178,178,100422,178,101245,178,100419,178,101249,100,100334,100,101286,100,100208,100,101401,100,100199,100,101469,100,100042,200,101520,100,99982,100,101709,100,99905,100
2019-06-28 10:00:14.715612401,100659,178,100583,178,100693,178,100528,178,101178,178,100422,178,101245,178,100419,178,101249,100,100334,100,101286,100,100208,100,101401,100,100199,100,101469,100,100042,200,101520,100,99982,100,101709,100,99971,100
2019-06-28 10:00:20.000000000,100659,178,100583,178,100693,178,100528,178,101178,178,100422,178,101245,178,100419,178,101249,100,100334,100,101286,100,100208,100,101401,100,100199,100,101469,100,100042,200,101520,100,99982,100,101709,100,99971,100
2019-06-28 10:00:23.499078675,100659,178,100583,178,100693,178,100528,178,101178,178,100422,178,101245,178,100419,178,101249,100,100334,100,101286,100,100208,100,101401,100,100199,100,101469,100,100044,100,101520,100,100042,200,101709,100,99982,100
2019-06-28 10:00:30.000000000,100659,255,100583,255,100693,255,100528,255,101178,100,100422,100,101245,100,100419,100,101249,100,100334,100,101286,100,100208,100,101401,100,100199,100,101469,100,100044,100,101520,100,100042,200,101709,100,99982,100
2019-06-28 10:00:36.876932744,100659,255,100583,255,100693,255,100528,255,101178,100,100422,100,101245,100,100419,100,101249,100,100334,100,101286,100,100208,100,101401,100,100199,100,101469,100,100044,100,101520,100,100042,100,101709,100,99982,100
2019-06-28 10:00:40.000000000,100659,205,100583,205,100693,202,100528,202,101178,202,100422,202,101245,100,100419,100,101249,100,100334,100,101286,100,100208,100,101401,100,100199,100,101469,100,100044,100,101520,100,100042,100,101709,100,99982,100
2019-06-28 10:00:50.000000000,100659,410,100583,410,100693,100,100528,100,101178,100,100422,100,101245,100,100419,100,101249,100,100334,100,101286,100,100208,100,101401,100,100199,100,101469,100,100044,100,101520,100,100042,100,101709,100,99982,100
2019-06-28 10:00:56.287986441,100658,100,100583,410,100659,410,100528,100,100693,100,100422,100,101178,100,100419,100,101245,100,100334,100,101249,100,100208,100,101286,100,100199,100,101401,100,100044,100,101469,100,100042,100,101520,100,99982,100
2019-06-28 10:00:56.508238540,100658,100,100583,310,100659,410,100528,100,100693,100,100422,100,101178,100,100419,100,101245,100,100208,100,101249,100,100199,100,101286,100,100044,100,101401,100,100042,100,101469,100,99982,100,101520,100,99971,100
2019-06-28 10:01:00.000000000,100658,410,100528,410,100659,100,100422,100,100693,100,100419,100,101178,100,100208,100,101245,100,100199,100,101249,100,100044,100,101286,100,100042,100,101401,100,99982,100,101469,100,99971,100,101520,100,99905,100
2019-06-28 10:01:10.000000000,100658,255,100528,255,100659,255,100422,255,100693,100,100419,100,101178,100,100208,100,101245,100,100199,100,101249,100,100044,100,101286,100,100042,100,101401,100,99982,100,101469,100,99971,100,101520,100,99905,100
2019-06-28 10:01:17.691350801,100658,255,100528,255,100659,255,100422,255,100693,100,100419,100,101178,100,100208,100,101245,100,100199,100,101249,100,100130,100,101286,100,100044,100,101401,100,100042,100,101469,100,99982,100,101520,100,99971,100
2019-06-28 10:01:20.000000000,100658,205,100528,205,100659,202,100422,202,100693,202,100419,202,101178,100,100208,100,101245,100,100199,100,101249,100,100130,100,101286,100,100044,100,101401,100,100042,100,101469,100,99982,100,101520,100,99971,100
2019-06-28 10:01:23.884469081,100658,205,100528,105,100659,202,100422,202,100693,202,100419,202,101178,100,100208,100,101245,100,100199,100,101249,100,100130,100,101286,100,100044,100,101401,100,100042,100,101469,100,99982,100,101520,100,99971,100
2019-06-28 10:01:30.000000000,100658,205,100422,205,100659,202,100419,202,100693,202,100208,202,101178,100,100199,100,101245,100,100130,100,101249,100,100044,100,101286,100,100042,100,101401,100,99982,100,101469,100,99971,100,101520,100,99905,100
2019-06-28 10:01:37.498628961,100658,205,100422,205,100659,202,100419,202,100693,202,100208,202,101178,100,100199,100,101245,100,100130,100,101249,100,100044,100,101286,100,100042,100,101401,100,99982,100,101469,100,99971,100,101520,100,99961,100
2019-06-28 10:01:40.000000000,100658,205,100422,205,100659,202,100419,202,100693,202,100208,202,101178,100,100199,100,101245,100,100130,100,101249,100,100044,100,101286,100,100042,100,101401,100,99982,100,101469,100,99971,100,101520,100,99961,100
2019-06-28 10:01:41.868571257,100583,100,100422,205,100658,205,100419,202,100659,202,100208,202,100693,202,100199,100,101178,100,100130,100,101245,100,100044,100,101249,100,100042,100,101286,100,99982,100,101401,100,99971,100,101469,100,99961,100
2019-06-28 10:01:48.916059333,100583,100,100422,205,100658,205,100419,202,100659,202,100208,202,100693,202,100199,100,101178,100,100130,100,101245,100,100068,100,101249,100,100044,100,101286,100,100042,100,101401,100,99982,100,101469,100,99971,100
2019-06-28 10:01:50.000000000,100583,178,100422,178,100658,178,100419,178,100659,178,100208,178,100693,178,100199,178,101178,100,100130,100,101245,100,100068,100,101249,100,100044,100,101286,100,100042,100,101401,100,99982,100,101469,100,99971,100
2019-06-28 10:02:00.000000000,100583,178,100422,178,100658,178,100419,178,100659,178,100208,178,100693,178,100199,178,101178,100,100130,100,101245,100,100068,100,101249,100,100044,100,101286,100,100042,100,101401,100,99982,100,101469,100,99971,100
2019-06-28 10:02:07.360187978,100583,178,100422,178,100658,178,100419,178,100659,178,100208,178,100693,178,100199,178,101178,100,100130,100,101245,100,100068,100,101249,100,100044,100,101286,100,100042,100,101401,100,99982,100,101469,100,99971,100
2019-06-28 10:02:10.000000000,100583,178,100422,178,100658,178,100419,178,100659,178,100208,178,100693,178,100199,178,101178,100,100130,100,101245,100,100068,100,101249,100,100044,100,101286,100,100042,100,101401,100,99982,100,101469,100,99971,100
2019-06-28 10:02:20.000000000,100583,162,100422,162,100658,162,100419,162,100659,162,100208,162,100693,162,100199,162,101178,162,100130,162,101245,100,100068,100,101249,100,100044,100,101286,100,100042,100,101401,100,99982,100,101469,100,99971,100
2019-06-28 10:02:25.552209736,100583,162,100422,162,100658,162,100419,162,100659,162,100208,162,100693,162,100204,100,101178,162,100199,162,101245,100,100130,162,101249,100,100068,100,101286,100,100044,100,101401,100,100042,100,101469,100,99982,100
2019-06-28 10:02:25.855787940,100583,162,100422,162,100658,162,100419,162,100659,162,100388,100,100693,162,100208,162,101178,162,100204,100,101245,100,100199,162,101249,100,100130,162,101286,100,100044,100,101401,100,100042,100,101469,100,99982,100
2019-06-28 10:02:30.000000000,100583,205,100422,205,100658,202,100419,202,100659,202,100388,202,100693,100,100208,100,101178,100,100204,100,101245,100,100199,100,101249,100,100130,100,101286,100,100044,100,101401,100,100042,100,101469,100,99982,100
2019-06-28 10:02:35.293474021,100583,205,100422,105,100658,202,100419,202,100659,202,100388,202,100693,100,100208,100,101178,100,100204,100,101245,100,100199,100,101249,100,100130,100,101286,100,100044,100,101401,100,100042,100,101469,100,99982,100
2019-06-28 10:02:40.000000000,100583,410,100419,410,100658,100,100388,100,100659,100,100208,100,100693,100,100204,100,101178,100,100199,100,101245,100,100130,100,101249,100,100044,100,101286,100,100042,100,101401,100,99982,100,101469,100,99971,100
2019-06-28 10:02:46.027927121,100528,100,100419,410,100583,410,100388,100,100658,100,100208,100,100659,100,100204,100,100693,100,100199,100,101178,100,100130,100,101245,100,100044,100,101249,100,100042,100,101286,100,99982,100,101401,100,99971,100
2019-06-28 10:02:50.000000000,100528,255,100419,255,100583,255,100388,255,100658,100,100208,100,100659,100,100204,100,100693,100,100199,100,101178,100,100130,100,101245,100,100044,100,101249,100,100042,100,101286,100,99982,100,101401,100,99971,100
2019-06-28 10:02:51.963742773,100528,255,100419,255,100583,255,100388,255,100658,100,100225,100,100659,100,100208,100,100693,100,100204,100,101178,100,100199,100,101245,100,100130,100,101249,100,100044,100,101286,100,100042,100,101401,100,99982,100
2019-06-28 10:03:00.000000000,100528,162,100419,162,100583,162,100388,162,100658,162,100225,162,100659,162,100208,162,100693,162,100204,162,101178,100,100199,100,101245,100,100130,100,101249,100,100044,100,101286,100,100042,100,101401,100,99982,100
2019-06-28 10:03:10.000000000,100528,178,100419,178,100583,178,100388,178,100658,178,100225,178,100659,178,100208,178,100693,100,100204,100,101178,100,100199,100,101245,100,100130,100,101249,100,100044,100,101286,100,100042,100,101401,100,99982,100
2019-06-28 10:03:20.000000000,100528,178,100419,178,100583,178,100388,178,100658,178,100225,178,100659,178,100208,178,100693,100,100204,100,101178,100,100199,100,101245,100,100130,100,101249,100,100044,100,101286,100,100042,100,101401,100,99982,100
2019-06-28 10:03:23.390628033,100528,178,100419,78,100583,178,100388,178,100658,178,100225,178,100659,178,100208,178,100693,100,100204,100,101178,100,100199,100,101245,100,100130,100,101249,100,100044,100,101286,100,100042,100,101401,100,99982,100
2019-06-28 10:03:24.177298372,100528,178,100419,78,100583,178,100398,100,100658,178,100388,178,100659,178,100225,178,100693,100,100208,178,101178,100,100204,100,101245,100,100199,100,101249,100,100130,100,101286,100,100044,100,101401,100,100042,100
2019-06-28 10:03:30.000000000,100528,410,100398,410,100583,100,100388,100,100658,100,100225,100,100659,100,100208,100,100693,100,100204,100,101178,100,100199,100,101245,100,100130,100,101249,100,100044,100,101286,100,100042,100,101401,100,99982,100
2019-06-28 10:03:40.000000000,100528,178,100398,178,100583,178,100388,178,100658,178,100225,178,100659,178,100208,178,100693,100,100204,100,101178,100,100199,100,101245,100,100130,100,101249,100,100044,100,101286,100,100042,100,101401,100,99982,100
2019-06-28 10:03:50.000000000,100528,410,100398,410,100583,100,100388,100,100658,100,100225,100,100659,100,100208,100,100693,100,100204,100,101178,100,100199,100,101245,100,100130,100,101249,100,100044,100,101286,100,100042,100,101401,100,99982,100
2019-06-28 10:04:00.000000000,100528,410,100398,410,100583,100,100388,100,100658,100,100225,100,100659,100,100208,100,100693,100,100204,100,101178,100,100199,100,101245,100,100130,100,101249,100,100044,100,101286,100,100042,100,101401,100,99982,100
2019-06-28 10:04:07.243749939,100528,410,100398,410,100583,100,100388,100,100658,100,100225,100,100659,100,100208,100,100693,100,100204,100,101178,100,100199,100,101245,100,100130,100,101249,100,100044,100,101286,100,100042,100,101401,100,99982,100
2019-06-28 10:04:10.000000000,100528,178,100398,178,100583,178,100388,178,100658,178,100225,178,100659,178,100208,178,100693,100,100204,100,101178,100,100199,100,101245,100,100130,100,101249,100,100044,100,101286,100,100042,100,101401,100,99982,100
2019-06-28 10:04:20.000000000,100528,205,100398,205,100583,202,100388,202,100658,202,100225,202,100659,100,100208,100,100693,100,100204,100,101178,100,100199,100,101245,100,100130,100,101249,100,100044,100,101286,100,100042,100,101401,100,99982,100
2019-06-28 10:04:25.933178544,100528,205,100398,105,100583,202,100388,202,100658,202,100225,202,100659,100,100208,100,100693,100,100204,100,101178,100,100199,100,101245,100,100130,100,101249,100,100044,100,101286,100,100042,100,101401,100,99982,100
2019-06-28 10:04:30.000000000,100528,178,100388,178,100583,178,100225,178,100658,178,100208,178,100659,178,100204,178,100693,100,100199,100,101178,100,100130,100,101245,100,100044,100,101249,100,100042,100,101286,100,99982,100,101401,100,99971,100
2019-06-28 10:04:37.383857843,100528,178,100388,178,100583,178,100225,178,100658,178,100208,178,100659,78,100204,178,100693,100,100199,100,101178,100,100130,100,101245,100,100044,100,101249,100,100042,100,101286,100,99982,100,101401,100,99971,100
2019-06-28 10:04:40.000000000,100528,205,100388,205,100583,202,100225,202,100658,202,100208,202,100693,100,100204,100,101178,100,100199,100,101245,100,100130,100,101249,100,100044,100,101286,100,100042,100,101401,100,99982,100,101469,100,99971,100
2019-06-28 10:04:50.000000000,100528,162,100388,162,100583,162,100225,162,100658,162,100208,162,100693,162,100204,162,101178,162,100199,162,101245,100,100130,100,101249,100,100044,100,101286,100,100042,100,101401,100,99982,100,101469,100,99971,100
2019-06-28 10:05:00.000000000,100528,162,100388,162,100583,162,100225,162,100658,162,100208,162,100693,162,100204,162,101178,162,100199,162,101245,100,100130,100,101249,100,100044,100,101286,100,100042,100,101401,100,99982,100,101469,100,99971,100
2019-06-28 10:05:10.000000000,100528,178,100388,178,100583,178,100225,178,100658,178,100208,178,100693,178,100204,178,101178,100,100199,100,101245,100,100130,100,101249,100,100044,100,101286,100,100042,100,101401,100,99982,100,101469,100,99971,100
2019-06-28 10:05:20.000000000,100528,255,100388,255,100583,255,100225,255,100658,100,100208,100,100693,100,100204,100,101178,100,100199,100,101245,100,100130,100,101249,100,100044,100,101286,100,100042,100,101401,100,99982,100,101469,100,99971,100
2019-06-28 10:05:30.000000000,100528,255,100388,255,100583,255,100225,255,100658,100,100208,100,100693,100,100204,100,101178,100,100199,100,101245,100,100130,100,101249,100,100044,100,101286,100,100042,100,101401,100,99982,100,101469,100,99971,100
2019-06-28 10:05:40.000000000,100528,205,100388,205,100583,202,100225,202,100658,202,100208,202,100693,100,100204,100,101178,100,100199,100,101245,100,100130,100,101249,100,100044,100,101286,100,100042,100,101401,100,99982,100,101469,100,99971,100
2019-06-28 10:05:50.000000000,100528,178,100388,178,100583,178,100225,178,100658,178,100208,178,100693,178,100204,178,101178,100,100199,100,101245,100,100130,100,101249,100,100044,100,101286,100,100042,100,101401,100,99982,100,101469,100,99971,100
2019-06-28 10:06:00.000000000,100528,178,100388,178,100583,178,100225,178,100658,178,100208,178,100693,178,100204,178,101178,100,100199,100,101245,100,100130,100,101249,100,100044,100,101286,100,100042,100,101401,100,99982,100,101469,100,99971,100
2019-06-28 10:06:10.000000000,100528,205,100388,205,100583,202,100225,202,100658,202,100208,202,100693,100,100204,100,101178,100,100199,100,101245,100,100130,100,101249,100,100044,100,101286,100,100042,100,101401,100,99982,100,101469,100,99971,100
2019-06-28 10:06:20.000000000,100528,255,100388,255,100583,255,100225,255,100658,100,100208,100,100693,100,100204,100,101178,100,100199,100,101245,100,100130,100,101249,100,100044,100,101286,100,100042,100,101401,100,99982,100,101469,100,99971,100
2019-06-28 10:06:30.000000000,100528,162,100388,162,100583,162,100225,162,100658,162,100208,162,100693,162,100204,162,101178,162,100199,162,101245,100,100130,100,101249,100,100044,100,101286,100,100042,100,101401,100,99982,100,101469,100,99971,100
2019-06-28 10:06:40.000000000,100528,178,100388,178,100583,178,100225,178,100658,178,100208,178,100693,178,100204,178,101178,100,100199,100,101245,100,100130,100,101249,100,100044,100,101286,100,100042,100,101401,100,99982,100,101469,100,99971,100
2019-06-28 10:06:44.537858533,100528,178,100420,100,100583,178,100388,178,100658,178,100225,178,100693,178,100208,178,101178,100,100204,178,101245,100,100199,100,101249,100,100130,100,101286,100,100044,100,101401,100,100042,100,101469,100,99982,100
2019-06-28 10:06:45.562334443,100528,178,100420,100,100583,178,100388,178,100658,178,100225,178,100693,178,100221,100,101178,100,100208,178,101245,100,100204,178,101249,100,100199,100,101286,100,100130,100,101401,100,100044,100,101469,100,100042,100
2019-06-28 10:06:47.884895070,100528,178,100388,178,100583,178,100225,178,100658,178,100221,100,100693,178,100208,178,101178,100,100204,178,101245,100,100199,100,101249,100,100130,100,101286,100,100044,100,101401,100,99982,100,101469,100,99971,100
2019-06-28 10:06:50.000000000,100528,178,100388,178,100583,178,100225,178,100658,178,100221,178,100693,178,100208,178,101178,100,100204,100,101245,100,100199,100,101249,100,100130,100,101286,100,100044,100,101401,100,99982,100,101469,100,99971,100
2019-06-28 10:07:00.000000000,100528,410,100388,410,100583,100,100225,100,100658,100,100221,100,100693,100,100208,100,101178,100,100204,100,101245,100,100199,100,101249,100,100130,100,101286,100,100044,100,101401,100,99982,100,101469,100,99971,100
2019-06-28 10:07:02.156168958,100528,410,100388,310,100583,100,100225,100,100658,100,100221,100,100693,100,100208,100,101178,100,100204,100,101245,100,100199,100,101249,100,100130,100,101286,100,100044,100,101401,100,99982,100,101469,100,99971,100
2019-06-28 10:07:02.549648613,100528,410,100388,210,100583,100,100225,100,100658,100,100221,100,100693,100,100208,100,101178,100,100204,100,101245,100,100199,100,101249,100,100130,100,101286,100,100044,100,101401,100,99982,100,101469,100,99971,100
2019-06-28 10:07:10.000000000,100528,410,100225,410,100583,100,100221,100,100658,100,100208,100,100693,100,100204,100,101178,100,100199,100,101245,100,100130,100,101249,100,100044,100,101286,100,99982,100,101401,100,99971,100,101469,100,99961,100
2019-06-28 10:07:15.405110439,100528,410,100225,410,100583,100,100221,100,100658,100,100208,100,100693,100,100204,100,101178,100,100199,100,101245,100,100130,100,101249,100,100044,100,101286,100,99982,100,101401,100,99961,100,101469,100,99905,100
2019-06-28 10:07:20.000000000,100528,255,100225,255,100583,255,100221,255,100658,100,100208,100,100693,100,100204,100,101178,100,100199,100,101245,100,100130,100,101249,100,100044,100,101286,100,99982,100,101401,100,99961,100,101469,100,99905,100
2019-06-28 10:07:30.000000000,100528,410,100225,410,100583,100,100221,100,100658,100,100208,100,100693,100,100204,100,101178,100,100199,100,101245,100,100130,100,101249,100,100044,100,101286,100,99982,100,101401,100,99961,100,101469,100,99905,100
2019-06-28 10:07:40.000000000,100528,410,100225,410,100583,100,100221,100,100658,100,100208,100,100693,100,100204,100,101178,100,100199,100,101245,100,100130,100,101249,100,100044,100,101286,100,99982,100,101401,100,99961,100,101469,100,99905,100
2019-06-28 10:07:47.573471578,100528,410,100225,410,100583,100,100221,100,100658,100,100208,100,100693,100,100204,100,101178,100,100199,100,101245,100,100130,100,101249,100,100044,100,101286,100,100029,100,101401,100,99982,100,101469,100,99961,100
2019-06-28 10:07:50.000000000,100528,205,100225,205,100583,202,100221,202,100658,202,100208,202,100693,100,100204,100,101178,100,100199,100,101245,100,100130,100,101249,100,100044,100,101286,100,100029,100,101401,100,99982,100,101469,100,99961,100
2019-06-28 10:07:55.682521303,100233,100,100225,205,100528,205,100221,202,100583,202,100208,202,100658,202,100204,100,100693,100,100199,100,101178,100,100130,100,101245,100,100044,100,101249,100,100029,100,101286,100,99982,100,101401,100,99961,100
2019-06-28 10:08:00.000000000,100233,162,100225,162,100528,162,100221,162,100583,162,100208,162,100658,162,100204,162,100693,162,100199,162,101178,100,100130,100,101245,100,100044,100,101249,100,100029,100,101286,100,99982,100,101401,100,99961,100
2019-06-28 10:08:06.375660126,100233,162,100225,162,100528,162,100221,162,100583,162,100208,162,100658,162,100204,162,100693,162,100199,162,101178,100,100130,100,101245,100,100044,100,101249,100,100029,100,101286,100,99982,100,101401,100,99961,100
2019-06-28 10:08:10.000000000,100233,205,100225,205,100528,202,100221,202,100583,202,100208,202,100658,100,100204,100,100693,100,100199,100,101178,100,100130,100,101245,100,100044,100,101249,100,100029,100,101286,100,99982,100,101401,100,99961,100
2019-06-28 10:08:16.928736196,100233,205,100225,105,100528,202,100221,202,100583,202,100208,202,100658,100,100204,100,100693,100,100199,100,101178,100,100130,100,101245,100,100044,100,101249,100,100029,100,101286,100,99982,100,101401,100,99953,100
2019-06-28 10:08:20.000000000,100233,205,100221,205,100528,202,100208,202,100583,202,100204,202,100658,100,100199,100,100693,100,100130,100,101178,100,100044,100,101245,100,100029,100,101249,100,99982,100,101286,100,99953,100,101401,100,99905,100
2019-06-28 10:08:20.426438174,100233,205,100221,205,100397,100,100208,202,100528,202,100204,202,100583,202,100199,100,100658,100,100130,100,100693,100,100044,100,101178,100,100029,100,101245,100,99982,100,101249,100,99953,100,101401,100,99905,100
2019-06-28 10:08:21.954976930,100233,105,100221,205,100397,100,100208,202,100528,202,100204,202,100583,202,100199,100,100658,100,100044,100,100693,100,100029,100,101178,100,99982,100,101245,100,99953,100,101249,100,99905,100,101401,100,99868,100
2019-06-28 10:08:24.231163727,100233,105,100221,205,100397,100,100208,202,100528,202,100204,202,100583,202,100199,100,100658,100,100193,100,100693,100,100044,100,101178,100,100029,100,101245,100,99982,100,101249,100,99953,100,101401,100,99905,100
2019-06-28 10:08:30.000000000,100397,410,100221,410,100528,100,100208,100,100583,100,100204,100,100658,100,100199,100,100693,100,100193,100,101178,100,100044,100,101245,100,100029,100,101249,100,99982,100,101401,100,99953,100,101469,100,99905,100
2019-06-28 10:08:40.000000000,100397,255,100221,255,100528,255,100208,255,100583,100,100204,100,100658,100,100199,100,100693,100,100193,100,101178,100,100044,100,101245,100,100029,100,101249,100,99982,100,101401,100,99953,100,101469,100,99905,100
2019-06-28 10:08:48.786877364,100397,255,100221,255,100528,255,100208,255,100583,100,100204,100,100658,100,100199,100,100693,100,100193,100,101178,100,100044,100,101245,100,100029,100,101249,100,99982,100,101401,100,99953,100,101469,100,99941,100
2019-06-28 10:08:50.000000000,100397,178,100221,178,100528,178,100208,178,100583,178,100204,178,100658,178,100199,178,100693,100,100193,100,101178,100,100044,100,101245,100,100029,100,101249,100,99982,100,101401,100,99953,100,101469,100,99941,100
2019-06-28 10:09:00.000000000,100397,410,100221,410,100528,100,100208,100,100583,100,100204,100,100658,100,100199,100,100693,100,100193,100,101178,100,100044,100,101245,100,100029,100,101249,100,99982,100,101401,100,99953,100,101469,100,99941,100
2019-06-28 10:09:10.000000000,100397,178,100221,178,100528,178,100208,178,100583,178,100204,178,100658,178,100199,178,100693,100,100193,100,101178,100,100044,100,101245,100,100029,100,101249,100,99982,100,101401,100,99953,100,101469,100,99941,100
2019-06-28 10:09:20.000000000,100397,178,100221,178,100528,178,100208,178,100583,178,100204,178,100658,178,100199,178,100693,100,100193,100,101178,100,100044,100,101245,100,100029,100,101249,100,99982,100,101401,100,99953,100,101469,100,99941,100
2019-06-28 10:09:29.594822387,100397,178,100221,178,100528,178,100208,178,100583,178,100204,178,100658,178,100199,178,100693,100,100193,100,101178,100,100044,100,101245,100,100029,100,101249,100,99982,100,101401,100,99953,100,101469,100,99941,100
2019-06-28 10:09:30.000000000,100397,410,100221,410,100528,100,100208,100,100583,100,100204,100,100658,100,100199,100,100693,100,100193,100,101178,100,100044,100,101245,100,100029,100,101249,100,99982,100,101401,100,99953,100,101469,100,99941,100
2019-06-28 10:09:33.152968692,100397,410,100221,310,100528,100,100208,100,100583,100,100204,100,100658,100,100199,100,100693,100,100193,100,101178,100,100044,100,101245,100,100029,100,101249,100,99982,100,101401,100,99953,100,101469,100,99941,100
2019-06-28 10:09:39.561856337,100240,100,100221,310,100397,410,100208,100,100528,100,100204,100,100583,100,100199,100,100658,100,100193,100,100693,100,100044,100,101178,100,100029,100,101245,100,99982,100,101249,100,99953,100,101401,100,99941,100
2019-06-28 10:09:40.000000000,100240,410,100208,410,100397,100,100204,100,100528,100,100199,100,100583,100,100193,100,100658,100,100044,100,100693,100,100029,100,101178,100,99982,100,101245,100,99953,100,101249,100,99941,100,101401,100,99905,100
2019-06-28 10:09:50.000000000,100240,255,100208,255,100397,255,100204,255,100528,100,100199,100,100583,100,100193,100,100658,100,100044,100,100693,100,100029,100,101178,100,99982,100,101245,100,99953,100,101249,100,99941,100,101401,100,99905,100
2019-06-28 10:10:00.000000000,100240,410,100208,410,100397,100,100204,100,100528,100,100199,100,100583,100,100193,100,100658,100,100044,100,100693,100,100029,100,101178,100,99982,100,101245,100,99953,100,101249,100,99941,100,101401,100,99905,100
2019-06-28 10:10:00.734761541,100240,410,100208,410,100397,100,100204,100,100528,100,100199,100,100583,100,100193,100,100658,100,100044,100,100693,100,100029,100,101178,100,99982,100,101245,100,99953,100,101249,100,99941,100,101401,100,99926,100
2019-06-28 10:10:04.972733959,100240,410,100208,310,100397,100,100204,100,100528,100,100199,100,100583,100,100193,100,100658,100,100044,100,100693,100,100029,100,101178,100,99982,100,101245,100,99953,100,101249,100,99941,100,101401,100,99926,100
2019-06-28 10:10:10.000000000,100240,410,100204,410,100397,100,100199,100,100528,100,100193,100,100583,100,100044,100,100658,100,100029,100,100693,100,99982,100,101178,100,99953,100,101245,100,99941,100,101249,100,99926,100,101401,100,99905,100
2019-06-28 10:10:20.000000000,100240,410,100204,410,100397,100,100199,100,100528,100,100193,100,100583,100,100044,100,100658,100,100029,100,100693,100,99982,100,101178,100,99953,100,101245,100,99941,100,101249,100,99926,100,101401,100,99905,100
2019-06-28 10:10:30.000000000,100240,205,100204,205,100397,202,100199,202,100528,202,100193,202,100583,100,100044,100,100658,100,100029,100,100693,100,99982,100,101178,100,99953,100,101245,100,99941,100,101249,100,99926,100,101401,100,99905,100
2019-06-28 10:10:40.000000000,100240,255,100204,255,100397,255,100199,255,100528,100,100193,100,100583,100,100044,100,100658,100,100029,100,100693,100,99982,100,101178,100,99953,100,101245,100,99941,100,101249,100,99926,100,101401,100,99905,100
2019-06-28 10:10:50.000000000,100240,255,100204,255,100397,255,100199,255,100528,100,100193,100,100583,100,100044,100,100658,100,100029,100,100693,100,99982,100,101178,100,99953,100,101245,100,99941,100,101249,100,99926,100,101401,100,99905,100
2019-06-28 10:11:00.000000000,100240,255,100204,255,100397,255,100199,255,100528,100,100193,100,100583,100,100044,100,100658,100,100029,100,100693,100,99982,100,101178,100,99953,100,101245,100,99941,100,101249,100,99926,100,101401,100,99905,100
2019-06-28 10:11:00.754925033,100240,155,100204,255,100397,255,100199,255,100528,100,100193,100,100583,100,100044,100,100658,100,100029,100,100693,100,99982,100,101178,100,99953,100,101245,100,99941,100,101249,100,99926,100,101401,100,99905,100
2019-06-28 10:11:10.000000000,100397,255,100204,255,100528,255,100199,255,100583,100,100193,100,100658,100,100044,100,100693,100,100029,100,101178,100,99982,100,101245,100,99953,100,101249,100,99941,100,101401,100,99926,100,101469,100,99905,100
2019-06-28 10:11:20.000000000,100397,205,100204,205,100528,202,100199,202,100583,202,100193,202,100658,100,100044,100,100693,100,100029,100,101178,100,99982,100,101245,100,99953,100,101249,100,99941,100,101401,100,99926,100,101469,100,99905,100
2019-06-28 10:11:30.000000000,100397,205,100204,205,100528,202,100199,202,100583,202,100193,202,100658,100,100044,100,100693,100,100029,100,101178,100,99982,100,101245,100,99953,100,101249,100,99941,100,101401,100,99926,100,101469,100,99905,100
2019-06-28 10:11:32.095650279,100397,205,100209,100,100528,202,100204,205,100583,102,100199,202,100658,100,100193,202,100693,100,100044,100,101178,100,100029,100,101245,100,99982,100,101249,100,99953,100,101401,100,99941,100,101469,100,99926,100
2019-06-28 10:11:39.917011972,100397,205,100209,100,100528,202,100204,205,100583,102,100199,202,100658,100,100193,202,100693,100,100044,100,100959,100,100029,100,101178,100,99982,100,101245,100,99953,100,101249,100,99941,100,101401,100,99926,100
2019-06-28 10:11:40.000000000,100397,162,100209,162,100528,162,100204,162,100658,162,100199,162,100693,162,100193,162,100959,162,100044,162,101178,100,100029,100,101245,100,99982,100,101249,100,99953,100,101401,100,99941,100,101469,100,99926,100
2019-06-28 10:11:43.500682530,100397,162,100209,62,100528,162,100204,162,100658,162,100199,162,100693,162,100193,162,100959,162,100044,162,101178,100,100029,100,101245,100,99982,100,101249,100,99953,100,101401,100,99941,100,101469,100,99926,100
2019-06-28 10:11:50.000000000,100397,205,100204,205,100528,202,100199,202,100658,202,100193,202,100693,100,100044,100,100959,100,100029,100,101178,100,99982,100,101245,100,99953,100,101249,100,99941,100,101401,100,99926,100,101469,100,99905,100
2019-06-28 10:12:00.000000000,100397,205,100204,205,100528,202,100199,202,100658,202,100193,202,100693,100,100044,100,100959,100,100029,100,101178,100,99982,100,101245,100,99953,100,101249,100,99941,100,101401,100,99926,100,101469,100,99905,100
2019-06-28 10:12:01.998795225,100397,205,100209,100,100528,202,100204,205,100658,202,100199,202,100693,100,100193,202,100959,100,100044,100,101178,100,100029,100,101245,100,99982,100,101249,100,99953,100,101401,100,99941,100,101469,100,99926,100
2019-06-28 10:12:08.009223531,100397,205,100209,100,100528,202,100204,205,100658,202,100199,202,100693,100,100193,202,100959,100,100044,100,100964,100,100029,100,101178,100,99982,100,101245,100,99953,100,101249,100,99941,100,101401,100,99926,100
2019-06-28 10:12:08.704579718,100397,105,100209,100,100528,202,100204,205,100658,202,100199,202,100693,100,100193,202,100959,100,100044,100,100964,100,100029,100,101178,100,99982,100,101245,100,99953,100,101249,100,99941,100,101401,100,99926,100
2019-06-28 10:12:10.000000000,100528,255,100209,255,100658,255,100204,255,100693,100,100199,100,100959,100,100193,100,100964,100,100044,100,101178,100,100029,100,101245,100,99982,100,101249,100,99953,100,101401,100,99941,100,101469,100,99926,100
2019-06-28 10:12:14.389801845,100528,255,100209,255,100658,255,100204,255,100693,100,100199,100,100903,100,100193,100,100964,100,100044,100,101178,100,100029,100,101245,100,99982,100,101249,100,99953,100,101401,100,99941,100,101469,100,99926,100
2019-06-28 10:12:20.000000000,100528,255,100209,255,100658,255,100204,255,100693,100,100199,100,100903,100,100193,100,100964,100,100044,100,101178,100,100029,100,101245,100,99982,100,101249,100,99953,100,101401,100,99941,100,101469,100,99926,100
2019-06-28 10:12:25.428886425,100528,255,100209,255,100658,255,100204,255,100693,100,100199,100,100903,100,100193,100,100964,100,100044,100,101178,100,100029,100,101203,100,99982,100,101245,100,99953,100,101249,100,99926,100,101401,100,99905,100
2019-06-28 10:12:30.000000000,100528,410,100209,410,100658,100,100204,100,100693,100,100199,100,100903,100,100193,100,100964,100,100044,100,101178,100,100029,100,101203,100,99982,100,101245,100,99953,100,101249,100,99926,100,101401,100,99905,100
2019-06-28 10:12:34.084481767,100528,410,100240,100,100658,100,100209,410,100693,100,100204,100,100903,100,100199,100,100964,100,100193,100,101203,100,100044,100,101245,100,100029,100,101249,100,99982,100,101401,100,99953,100,101469,100,99926,100
2019-06-28 10:12:40.000000000,100528,178,100240,178,100658,178,100209,178,100693,178,100204,178,100903,178,100199,178,100964,100,100193,100,101203,100,100044,100,101245,100,100029,100,101249,100,99982,100,101401,100,99953,100,101469,100,99926,100
2019-06-28 10:12:47.022803309,100528,178,100240,278,100658,178,100209,178,100693,178,100204,178,100903,178,100199,178,100964,100,100193,100,101203,100,100044,100,101245,100,100029,100,101249,100,99982,100,101401,100,99953,100,101469,100,99926,100
2019-06-28 10:12:49.414100129,100528,178,100240,378,100658,178,100209,178,100693,178,100204,178,100903,178,100199,178,100964,100,100193,100,101203,100,100044,100,101245,100,100029,100,101249,100,99953,100,101401,100,99926,100,101469,100,99905,100
2019-06-28 10:12:50.000000000,100528,205,100240,405,100658,202,100209,202,100693,202,100204,202,100903,100,100199,100,100964,100,100193,100,101203,100,100044,100,101245,100,100029,100,101249,100,99953,100,101401,100,99926,100,101469,100,99905,100
2019-06-28 10:12:53.364852888,100528,205,100412,100,100658,202,100240,405,100693,202,100209,202,100903,100,100204,202,100964,100,100199,100,101203,100,100193,100,101245,100,100044,100,101249,100,100029,100,101401,100,99953,100,101469,100,99926,100
2019-06-28 10:12:59.589684004,100528,205,100412,100,100658,202,100240,505,100693,202,100209,202,100903,100,100204,202,100964,100,100199,100,101203,100,100193,100,101245,100,100044,100,101249,100,100029,100,101401,100,99953,100,101469,100,99926,100
2019-06-28 10:13:00.000000000,100528,205,100412,205,100658,202,100240,502,100693,202,100209,202,100903,100,100204,100,100964,100,100199,100,101203,100,100193,100,101245,100,100044,100,101249,100,100029,100,101401,100,99953,100,101469,100,99926,100
2019-06-28 10:13:10.000000000,100528,205,100412,205,100658,202,100240,502,100693,202,100209,202,100903,100,100204,100,100964,100,100199,100,101203,100,100193,100,101245,100,100044,100,101249,100,100029,100,101401,100,99953,100,101469,100,99926,100
2019-06-28 10:13:13.539691360,100528,205,100412,205,100658,202,100240,502,100693,202,100209,202,100839,100,100204,100,100903,100,100193,100,100964,100,100044,100,101203,100,100029,100,101245,100,99953,100,101249,100,99926,100,101401,100,99905,100
2019-06-28 10:13:14.250465605,100528,205,100412,205,100658,202,100240,602,100693,202,100209,202,100839,100,100204,100,100903,100,100193,100,100964,100,100044,100,101203,100,100029,100,101245,100,99953,100,101249,100,99926,100,101401,100,99905,100
2019-06-28 10:13:20.000000000,100528,255,100412,255,100658,255,100240,655,100693,100,100209,100,100839,100,100204,100,100903,100,100193,100,100964,100,100044,100,101203,100,100029,100,101245,100,99953,100,101249,100,99926,100,101401,100,99905,100
2019-06-28 10:13:20.514350584,100528,155,100412,255,100658,255,100240,655,100693,100,100209,100,100839,100,100204,100,100903,100,100193,100,100964,100,100044,100,101203,100,99953,100,101245,100,99926,100,101249,100,99905,100,101401,100,99868,100
2019-06-28 10:13:23.401606296,100528,155,100412,255,100658,255,100240,655,100693,100,100209,100,100745,100,100204,100,100839,100,100193,100,100903,100,100044,100,100964,100,99953,100,101203,100,99926,100,101245,100,99905,100,101249,100,99868,100
2019-06-28 10:13:24.899414321,100528,155,100412,255,100658,255,100240,555,100693,100,100209,100,100745,100,100204,100,100839,100,100193,100,100903,100,100044,100,100964,100,99953,100,101203,100,99926,100,101245,100,99905,100,101249,100,99868,100
2019-06-28 10:13:30.000000000,100658,205,100412,205,100693,202,100240,502,100745,202,100209,202,100839,100,100204,100,100903,100,100193,100,100964,100,100044,100,101203,100,99953,100,101245,100,99926,100,101249,100,99905,100,101401,100,99868,100
2019-06-28 10:13:30.986844725,100658,205,100412,205,100685,100,100240,502,100693,202,100209,202,100745,202,100204,100,100839,100,100193,100,100903,100,100044,100,100964,100,99953,100,101203,100,99926,100,101245,100,99905,100,101249,100,99868,100
2019-06-28 10:13:40.000000000,100658,205,100412,205,100685,202,100240,502,100693,202,100209,202,100745,100,100204,100,100839,100,100193,100,100903,100,100044,100,100964,100,99953,100,101203,100,99926,100,101245,100,99905,100,101249,100,99868,100
2019-06-28 10:13:48.968761317,100456,100,100412,205,100658,205,100240,502,100685,202,100209,202,100693,202,100204,100,100745,100,100193,100,100839,100,100044,100,100903,100,99953,100,101203,100,99926,100,101245,100,99905,100,101249,100,99868,100
2019-06-28 10:13:50.000000000,100456,178,100412,178,100658,178,100240,478,100685,178,100209,178,100693,178,100204,178,100745,100,100193,100,100839,100,100044,100,100903,100,99953,100,101203,100,99926,100,101245,100,99905,100,101249,100,99868,100
2019-06-28 10:13:50.624152625,100456,178,100412,178,100658,178,100241,100,100685,178,100240,478,100693,178,100209,178,100839,100,100204,178,100903,100,100193,100,101203,100,100044,100,101245,100,99953,100,101249,100,99926,100,101401,100,99905,100
2019-06-28 10:13:50.624300726,100445,100,100412,178,100456,178,100241,100,100658,178,100240,478,100685,178,100209,178,100693,178,100204,178,100839,100,100193,100,100903,100,100044,100,101203,100,99953,100,101245,100,99926,100,101249,100,99905,100
2019-06-28 10:13:54.160775963,100445,100,100412,178,100456,178,100249,100,100658,178,100241,100,100685,178,100240,478,100693,78,100209,178,100839,100,100204,178,100903,100,100193,100,101203,100,100044,100,101245,100,99953,100,101249,100,99926,100
2019-06-28 10:14:00.000000000,100445,205,100412,205,100456,202,100249,202,100658,202,100241,202,100685,100,100240,400,100839,100,100209,100,100903,100,100204,100,101203,100,100193,100,101245,100,100044,100,101249,100,99953,100,101401,100,99926,100
2019-06-28 10:14:00.307605703,100445,205,100412,105,100456,202,100249,202,100658,102,100241,202,100685,100,100240,400,100839,100,100209,100,100903,100,100204,100,101203,100,100193,100,101245,100,100044,100,101249,100,99953,100,101401,100,99926,100
2019-06-28 10:14:07.980575334,100445,205,100412,5,100456,202,100249,102,100658,102,100241,202,100685,100,100240,400,100839,100,100209,100,100903,100,100204,100,101203,100,100193,100,101245,100,100044,100,101249,100,99953,100,101401,100,99926,100
2019-06-28 10:14:10.000000000,100445,178,100241,178,100456,178,100240,478,100685,178,100209,178,100839,178,100204,178,100903,100,100193,100,101203,100,100044,100,101245,100,99953,100,101249,100,99926,100,101401,100,99905,100,101709,100,99868,100
2019-06-28 10:14:11.611115959,100445,178,100241,178,100456,78,100240,478,100685,178,100209,178,100839,178,100204,178,100903,100,100193,100,101203,100,100114,100,101245,100,100044,100,101249,100,99953,100,101401,100,99926,100,101709,100,99905,100
2019-06-28 10:14:20.000000000,100445,205,100241,205,100685,202,100240,502,100839,202,100209,202,100903,100,100204,100,101203,100,100193,100,101245,100,100114,100,101249,100,100044,100,101401,100,99953,100,101709,100,99926,100,,,99905,100
2019-06-28 10:14:27.244300128,100445,105,100241,205,100685,202,100240,502,100839,202,100209,202,100903,100,100204,100,101203,100,100193,100,101245,100,100114,100,101249,100,100044,100,101401,100,99953,100,101709,100,99926,100,,,99905,100
2019-06-28 10:14:30.000000000,100685,178,100241,178,100839,178,100240,478,100903,178,100209,178,101203,178,100204,178,101245,100,100193,100,101249,100,100114,100,101401,100,100044,100,101709,100,99953,100,,,99926,100,,,99905,100
2019-06-28 10:14:40.000000000,100685,255,100241,255,100839,255,100240,555,100903,100,100209,100,101203,100,100204,100,101245,100,100193,100,101249,100,100114,100,101401,100,100044,100,101709,100,99953,100,,,99926,100,,,99905,100
2019-06-28 10:14:43.695183297,100613,100,100241,255,100685,255,100240,555,100839,255,100209,100,100903,100,100204,100,101203,100,100193,100,101245,100,100114,100,101249,100,100044,100,101401,100,99953,100,101709,100,99926,100,,,99905,100
2019-06-28 10:14:50.000000000,100613,205,100241,205,100685,202,100240,502,100839,202,100209,202,100903,100,100204,100,101203,100,100193,100,101245,100,100114,100,101249,100,100044,100,101401,100,99953,100,101709,100,99926,100,,,99905,100
2019-06-28 10:15:00.000000000,100613,205,100241,205,100685,202,100240,502,100839,202,100209,202,100903,100,100204,100,101203,100,100193,100,101245,100,100114,100,101249,100,100044,100,101401,100,99953,100,101709,100,99926,100,,,99905,100
2019-06-28 10:15:10.000000000,100613,255,100241,255,100685,255,100240,555,100839,100,100209,100,100903,100,100204,100,101203,100,100193,100,101245,100,100114,100,101249,100,100044,100,101401,100,99953,100,101709,100,99926,100,,,99905,100
2019-06-28 10:15:20.000000000,100613,410,100241,410,100685,100,100240,400,100839,100,100209,100,100903,100,100204,100,101203,100,100193,100,101245,100,100114,100,101249,100,100044,100,101401,100,99953,100,101709,100,99926,100,,,99905,100
2019-06-28 10:15:20.038969099,100613,310,100241,410,100685,100,100240,400,100839,100,100209,100,100903,100,100204,100,101203,100,100193,100,101245,100,100114,100,101249,100,100044,100,101401,100,99953,100,101709,100,99926,100,,,99905,100
2019-06-28 10:15:30.000000000,100685,178,100241,178,100839,178,100240,478,100903,178,100209,178,101203,178,100204,178,101245,100,100193,100,101249,100,100114,100,101401,100,100044,100,101709,100,99953,100,,,99926,100,,,99905,100
2019-06-28 10:15:40.000000000,100685,178,100241,178,100839,178,100240,478,100903,178,100209,178,101203,178,100204,178,101245,100,100193,100,101249,100,100114,100,101401,100,100044,100,101709,100,99953,100,,,99926,100,,,99905,100
2019-06-28 10:15:50.000000000,100685,162,100241,162,100839,162,100240,462,100903,162,100209,162,101203,162,100204,162,101245,162,100193,162,101249,100,100114,100,101401,100,100044,100,101709,100,99953,100,,,99926,100,,,99905,100
2019-06-28 10:16:00.000000000,100685,205,100241,205,100839,202,100240,502,100903,202,100209,202,101203,100,100204,100,101245,100,100193,100,101249,100,100114,100,101401,100,100044,100,101709,100,99953,100,,,99926,100,,,99905,100
2019-06-28 10:16:10.000000000,100685,410,100241,410,100839,100,100240,400,100903,100,100209,100,101203,100,100204,100,101245,100,100193,100,101249,100,100114,100,101401,100,100044,100,101709,100,99953,100,,,99926,100,,,99905,100
2019-06-28 10:16:20.000000000,100685,410,100241,410,100839,100,100240,400,100903,100,100209,100,101203,100,100204,100,101245,100,100193,100,101249,100,100114,100,101401,100,100044,100,101709,100,99953,100,,,99926,100,,,99905,100
2019-06-28 10:16:30.000000000,100685,162,100241,162,100839,162,100240,462,100903,162,100209,162,101203,162,100204,162,101245,162,100193,162,101249,100,100114,100,101401,100,100044,100,101709,100,99953,100,,,99926,100,,,99905,100
2019-06-28 10:16:40.000000000,100685,255,100241,255,100839,255,100240,555,100903,100,100209,100,101203,100,100204,100,101245,100,100193,100,101249,100,100114,100,101401,100,100044,100,101709,100,99953,100,,,99926,100,,,99905,100
2019-06-28 10:16:50.000000000,100685,162,100241,162,100839,162,100240,462,100903,162,100209,162,101203,162,100204,162,101245,162,100193,162,101249,100,100114,100,101401,100,100044,100,101709,100,99953,100,,,99926,100,,,99905,100
2019-06-28 10:17:00.000000000,100685,178,100241,178,100839,178,100240,478,100903,178,100209,178,101203,178,100204,178,101245,100,100193,100,101249,100,100114,100,101401,100,100044,100,101709,100,99953,100,,,99926,100,,,99905,100
2019-06-28 10:17:10.000000000,100685,205,100241,205,100839,202,100240,502,100903,202,100209,202,101203,100,100204,100,101245,100,100193,100,101249,100,100114,100,101401,100,100044,100,101709,100,99953,100,,,99926,100,,,99905,100
2019-06-28 10:17:16.985013518,100685,105,100241,205,100839,202,100240,502,100903,202,100209,202,101203,100,100204,100,101245,100,100193,100,101249,100,100114,100,101401,100,100044,100,101709,100,99953,100,,,99926,100,,,99905,100
2019-06-28 10:17:20.000000000,100839,162,100241,162,100903,162,100240,462,101203,162,100209,162,101245,162,100204,162,101249,162,100193,162,101401,100,100114,100,101709,100,100044,100,,,99953,100,,,99926,100,,,99905,100
2019-06-28 10:17:20.791193607,100839,162,100241,162,100879,100,100240,462,100903,162,100209,162,101203,162,100204,162,101245,162,100193,162,101249,162,100114,100,101401,100,100044,100,101709,100,99953,100,,,99926,100,,,99905,100
2019-06-28 10:17:30.000000000,100839,410,100241,410,100879,100,100240,400,100903,100,100209,100,101203,100,100204,100,101245,100,100193,100,101249,100,100114,100,101401,100,100044,100,101709,100,99953,100,,,99926,100,,,99905,100
2019-06-28 10:17:40.000000000,100839,178,100241,178,100879,178,100240,478,100903,178,100209,178,101203,178,100204,178,101245,100,100193,100,101249,100,100114,100,101401,100,100044,100,101709,100,99953,100,,,99926,100,,,99905,100
2019-06-28 10:17:50.000000000,100839,178,100241,178,100879,178,100240,478,100903,178,100209,178,101203,178,100204,178,101245,100,100193,100,101249,100,100114,100,101401,100,100044,100,101709,100,99953,100,,,99926,100,,,99905,100
2019-06-28 10:17:52.709581547,100839,178,100241,178,100879,178,100240,478,100903,178,100209,178,101203,178,100204,178,101245,100,100193,100,101249,100,100191,100,101401,100,100114,100,101709,100,100044,100,,,99953,100,,,99926,100
2019-06-28 10:18:00.000000000,100839,255,100241,255,100879,255,100240,555,100903,100,100209,100,101203,100,100204,100,101245,100,100193,100,101249,100,100191,100,101401,100,100114,100,101709,100,100044,100,,,99953,100,,,99926,100
2019-06-28 10:18:10.000000000,100839,410,100241,410,100879,100,100240,400,100903,100,100209,100,101203,100,100204,100,101245,100,100193,100,101249,100,100191,100,101401,100,100114,100,101709,100,100044,100,,,99953,100,,,99926,100
2019-06-28 10:18:10.357458411,100612,100,100241,410,100839,410,100240,400,100879,100,100209,100,100903,100,100204,100,101203,100,100193,100,101245,100,100191,100,101249,100,100114,100,101401,100,100044,100,101709,100,99953,100,,,99926,100
2019-06-28 10:18:20.000000000,100612,255,100241,255,100839,255,100240,555,100879,100,100209,100,100903,100,100204,100,101203,100,100193,100,101245,100,100191,100,101249,100,100114,100,101401,100,100044,100,101709,100,99953,100,,,99926,100
2019-06-28 10:18:20.586920979,100612,255,100241,255,100839,255,100240,555,100879,100,100209,100,100903,100,100204,100,101203,100,100193,100,101245,100,100154,100,101249,100,100114,100,101401,100,100044,100,101709,100,99953,100,,,99926,100
2019-06-28 10:18:30.000000000,100612,178,100241,178,100839,178,100240,478,100879,178,100209,178,100903,178,100204,178,101203,100,100193,100,101245,100,100154,100,101249,100,100114,100,101401,100,100044,100,101709,100,99953,100,,,99926,100
2019-06-28 10:18:40.000000000,100612,255,100241,255,100839,255,100240,555,100879,100,100209,100,100903,100,100204,100,101203,100,100193,100,101245,100,100154,100,101249,100,100114,100,101401,100,100044,100,101709,100,99953,100,,,99926,100
2019-06-28 10:18:45.387070572,100612,255,100241,155,100839,255,100240,555,100879,100,100209,100,100903,100,100204,100,101203,100,100193,100,101245,100,100154,100,101249,100,100114,100,101401,100,100044,100,101709,100,99926,100,,,99905,100
2019-06-28 10:18:47.829628527,100612,255,100241,155,100839,255,100240,555,100879,100,100209,100,100903,100,100204,100,101203,100,100193,100,101245,100,100154,100,101249,100,100114,100,101401,100,100087,100,101709,100,100044,100,,,99926,100
2019-06-28 10:18:50.000000000,100612,178,100240,478,100839,178,100209,178,100879,178,100204,178,100903,178,100193,178,101203,100,100154,100,101245,100,100114,100,101249,100,100087,100,101401,100,100044,100,101709,100,99926,100,,,99905,100
2019-06-28 10:19:00.000000000,100612,410,100240,710,100839,100,100209,100,100879,100,100204,100,100903,100,100193,100,101203,100,100154,100,101245,100,100114,100,101249,100,100087,100,101401,100,100044,100,101709,100,99926,100,,,99905,100
2019-06-28 10:19:10.000000000,100612,162,100240,462,100839,162,100209,162,100879,162,100204,162,100903,162,100193,162,101203,162,100154,162,101245,100,100114,100,101249,100,100087,100,101401,100,100044,100,101709,100,99926,100,,,99905,100
2019-06-28 10:19:13.708079645,100612,162,100240,462,100839,162,100209,162,100879,162,100204,162,100903,162,100193,162,101203,162,100154,162,101245,100,100114,100,101249,100,100087,100,101401,100,100047,100,101709,100,100044,100,,,99926,100
2019-06-28 10:19:20.000000000,100612,162,100240,462,100839,162,100209,162,100879,162,100204,162,100903,162,100193,162,101203,162,100154,162,101245,100,100114,100,101249,100,100087,100,101401,100,100047,100,101709,100,100044,100,,,99926,100
2019-06-28 10:19:21.791455512,100612,162,100240,462,100839,162,100209,162,100879,162,100204,162,100903,162,100193,162,101203,162,100154,162,101245,100,100114,100,101249,100,100087,100,101401,100,100047,100,101709,100,100044,100,,,99926,200
2019-06-28 10:19:30.000000000,100612,205,100240,505,100839,202,100209,202,100879,202,100204,202,100903,100,100193,100,101203,100,100154,100,101245,100,100114,100,101249,100,100087,100,101401,100,100047,100,101709,100,100044,100,,,99926,200
2019-06-28 10:19:40.000000000,100612,410,100240,710,100839,100,100209,100,100879,100,100204,100,100903,100,100193,100,101203,100,100154,100,101245,100,100114,100,101249,100,100087,100,101401,100,100047,100,101709,100,100044,100,,,99926,200
2019-06-28 10:19:46.711286332,100612,410,100308,100,100839,100,100240,710,100879,100,100209,100,100903,100,100204,100,101203,100,100193,100,101245,100,100154,100,101249,100,100087,100,101401,100,100047,100,101709,100,100044,100,,,99926,200
2019-06-28 10:19:50.000000000,100612,178,100308,178,100839,178,100240,478,100879,178,100209,178,100903,178,100204,178,101203,100,100193,100,101245,100,100154,100,101249,100,100087,100,101401,100,100047,100,101709,100,100044,100,,,99926,200
2019-06-28 10:20:00.000000000,100612,410,100308,410,100839,100,100240,400,100879,100,100209,100,100903,100,100204,100,101203,100,100193,100,101245,100,100154,100,101249,100,100087,100,101401,100,100047,100,101709,100,100044,100,,,99926,200
2019-06-28 10:20:09.686904189,100612,410,100308,410,100839,100,100240,400,100879,100,100209,100,100903,100,100204,100,101203,100,100193,100,101245,100,100154,100,101249,100,100087,100,101401,100,100047,100,101709,100,100044,100,,,99979,100
2019-06-28 10:20:10.000000000,100612,205,100308,205,100839,202,100240,502,100879,202,100209,202,100903,100,100204,100,101203,100,100193,100,101245,100,100154,100,101249,100,100087,100,101401,100,100047,100,101709,100,100044,100,,,99979,100
2019-06-28 10:20:11.941645167,100612,205,100308,205,100839,202,100240,502,100879,202,100209,202,100903,100,100204,100,101203,100,100193,100,101245,100,100154,100,101249,100,100087,100,101401,100,100047,100,101709,100,100044,100,,,99979,100
2019-06-28 10:20:20.000000000,100612,205,100308,205,100839,202,100240,502,100879,202,100209,202,100903,100,100204,100,101203,100,100193,100,101245,100,100154,100,101249,100,100087,100,101401,100,100047,100,101709,100,100044,100,,,99979,100
2019-06-28 10:20:30.000000000,100612,178,100308,178,100839,178,100240,478,100879,178,100209,178,100903,178,100204,178,101203,100,100193,100,101245,100,100154,100,101249,100,100087,100,101401,100,100047,100,101709,100,100044,100,,,99979,100
2019-06-28 10:20:32.763067912,100612,178,100308,178,100839,178,100240,478,100879,178,100209,178,100903,178,100204,178,101203,100,100193,100,101245,100,100154,100,101249,100,100087,100,101401,100,100047,100,101709,100,100044,100,,,99979,100
2019-06-28 10:20:36.458999677,100612,178,100308,78,100839,178,100240,478,100879,178,100209,178,100903,178,100204,178,101203,100,100193,100,101245,100,100154,100,101249,100,100047,100,101401,100,100044,100,101709,100,99979,100,,,99926,200
2019-06-28 10:20:40.000000000,100612,162,100240,462,100839,162,100209,162,100879,162,100204,162,100903,162,100193,162,101203,162,100154,162,101245,100,100047,100,101249,100,100044,100,101401,100,99979,100,101709,100,99926,200,,,99905,100
2019-06-28 10:20:50.000000000,100612,178,100240,478,100839,178,100209,178,100879,178,100204,178,100903,178,100193,178,101203,100,100154,100,101245,100,100047,100,101249,100,100044,100,101401,100,99979,100,101709,100,99926,200,,,99905,100
2019-06-28 10:20:50.555901844,100612,178,100240,378,100839,178,100209,178,100879,178,100204,178,100903,178,100193,178,101203,100,100154,100,101245,100,100047,100,101249,100,100044,100,101401,100,99979,100,101709,100,99926,200,,,99905,100
2019-06-28 10:21:00.000000000,100612,178,100240,244,100839,178,100209,178,100879,178,100204,178,100903,178,100193,178,101203,100,100154,100,101245,100,100047,100,101249,100,100044,100,101401,100,99979,100,101709,100,99926,200,,,99905,100
2019-06-28 10:21:04.140283472,100612,178,100240,244,100839,178,100209,178,100879,178,100204,178,100903,178,100193,178,101203,100,100154,100,101249,100,100047,100,101401,100,100044,100,101709,100,99979,100,,,99926,200,,,99905,100
2019-06-28 10:21:10.000000000,100612,205,100240,271,100839,202,100209,202,100879,202,100204,202,100903,100,100193,100,101203,100,100154,100,101249,100,100047,100,101401,100,100044,100,101709,100,99979,100,,,99926,200,,,99905,100
2019-06-28 10:21:20.000000000,100612,255,100240,321,100839,255,100209,255,100879,100,100204,100,100903,100,100193,100,101203,100,100154,100,101249,100,100047,100,101401,100,100044,100,101709,100,99979,100,,,99926,200,,,99905,100
2019-06-28 10:21:30.000000000,100612,410,100240,476,100839,100,100209,100,100879,100,100204,100,100903,100,100193,100,101203,100,100154,100,101249,100,100047,100,101401,100,100044,100,101709,100,99979,100,,,99926,200,,,99905,100
2019-06-28 10:21:31.367471357,100368,100,100240,476,100612,410,100209,100,100839,100,100204,100,100879,100,100193,100,100903,100,100154,100,101203,100,100047,100,101249,100,100044,100,101401,100,99979,100,101709,100,99926,200,,,99905,100
2019-06-28 10:21:40.000000000,100368,205,100240,271,100612,202,100209,202,100839,202,100204,202,100879,100,100193,100,100903,100,100154,100,101203,100,100047,100,101249,100,100044,100,101401,100,99979,100,101709,100,99926,200,,,99905,100
2019-06-28 10:21:46.577568517,100368,105,100240,271,100612,202,100209,202,100839,202,100204,202,100879,100,100193,100,100903,100,100154,100,101203,100,100047,100,101249,100,100044,100,101401,100,99979,100,101709,100,99926,200,,,99905,100
2019-06-28 10:21:50.000000000,100612,410,100240,476,100839,100,100209,100,100879,100,100204,100,100903,100,100193,100,101203,100,100154,100,101249,100,100047,100,101401,100,100044,100,101709,100,99979,100,,,99926,200,,,99905,100
2019-06-28 10:22:00.000000000,100612,410,100240,342,100839,100,100209,100,100879,100,100204,100,100903,100,100193,100,101203,100,100154,100,101249,100,100047,100,101401,100,100044,100,101709,100,99979,100,,,99926,200,,,99905,100
2019-06-28 10:22:10.000000000,100612,178,100240,110,100839,178,100209,178,100879,178,100204,178,100903,178,100193,178,101203,100,100154,100,101249,100,100047,100,101401,100,100044,100,101709,100,99979,100,,,99926,200,,,99905,100
2019-06-28 10:22:15.061084532,100612,78,100240,110,100839,178,100209,178,100879,178,100204,178,100903,178,100193,178,101203,100,100154,100,101249,100,100047,100,101401,100,100044,100,101709,100,99979,100,,,99926,200,,,99905,100
2019-06-28 10:22:16.918807873,100612,78,100240,110,100839,178,100209,178,100879,178,100204,178,100903,178,100193,178,100936,100,100154,100,101203,100,100047,100,101249,100,100044,100,101401,100,99979,100,101709,100,99926,100,,,99905,100
2019-06-28 10:22:20.000000000,100839,205,100240,137,100879,202,100209,202,100903,202,100204,202,100936,100,100193,100,101203,100,100154,100,101249,100,100047,100,101401,100,100044,100,101709,100,99979,100,,,99926,100,,,99905,100
2019-06-28 10:22:28.422964268,100726,100,100240,137,100839,205,100209,202,100879,202,100204,102,100903,202,100193,100,100936,100,100154,100,101203,100,100047,100,101249,100,100044,100,101401,100,99979,100,101709,100,99926,100,,,99905,100
2019-06-28 10:22:30.000000000,100726,162,100240,94,100839,162,100209,162,100879,162,100193,162,100903,162,100154,162,100936,162,100047,162,101203,100,100044,100,101249,100,99979,100,101401,100,99926,100,101709,100,99905,100,,,99797,100
2019-06-28 10:22:40.000000000,100726,205,100240,137,100839,202,100209,202,100879,202,100193,202,100903,100,100154,100,100936,100,100047,100,101203,100,100044,100,101249,100,99979,100,101401,100,99926,100,101709,100,99905,100,,,99797,100
2019-06-28 10:22:41.272067187,100726,205,100240,137,100839,202,100209,202,100879,202,100193,202,100903,100,100154,100,100936,100,100047,100,101150,100,100044,100,101203,100,99979,100,101249,100,99926,100,101401,100,99905,100,101709,100,99797,100
2019-06-28 10:22:50.000000000,100726,162,100240,94,100839,162,100209,162,100879,162,100193,162,100903,162,100154,162,100936,162,100047,162,101150,100,100044,100,101203,100,99979,100,101249,100,99926,100,101401,100,99905,100,101709,100,99797,100
2019-06-28 10:22:57.384371029,100726,62,100240,94,100839,162,100209,162,100879,162,100193,162,100903,162,100154,162,100936,162,100047,162,101150,100,100044,100,101203,100,99979,100,101249,100,99926,100,101401,100,99905,100,,,99797,100
2019-06-28 10:23:00.000000000,100839,255,100240,53,100879,255,100209,255,100903,100,100193,100,100936,100,100154,100,101150,100,100047,100,101203,100,100044,100,101249,100,99979,100,101401,100,99926,100,,,99905,100,,,99797,100
2019-06-28 10:23:10.000000000,100839,178,100209,178,100879,178,100193,178,100903,178,100154,178,100936,178,100047,178,101150,100,100044,100,101203,100,99979,100,101249,100,99926,100,101401,100,99905,100,,,99797,100,,,99780,100
2019-06-28 10:23:20.000000000,100839,178,100209,178,100879,178,100193,178,100903,178,100154,178,100936,178,100047,178,101150,100,100044,100,101203,100,99979,100,101249,100,99926,100,101401,100,99905,100,,,99797,100,,,99780,100
2019-06-28 10:23:28.503680998,100839,178,100209,178,100879,178,100193,178,100903,178,100154,178,100936,178,100047,178,101150,100,100044,100,101203,100,99979,100,101249,100,99926,100,101401,100,99905,100,101529,100,99797,100,,,99780,100
2019-06-28 10:23:30.000000000,100839,205,100209,205,100879,202,100193,202,100903,202,100154,202,100936,100,100047,100,101150,100,100044,100,101203,100,99979,100,101249,100,99926,100,101401,100,99905,100,101529,100,99797,100,,,99780,100
2019-06-28 10:23:40.000000000,100839,178,100209,178,100879,178,100193,178,100903,178,100154,178,100936,178,100047,178,101150,100,100044,100,101203,100,99979,100,101249,100,99926,100,101401,100,99905,100,101529,100,99797,100,,,99780,100
2019-06-28 10:23:50.000000000,100839,255,100209,255,100879,255,100193,255,100903,100,100154,100,100936,100,100047,100,101150,100,100044,100,101203,100,99979,100,101249,100,99926,100,101401,100,99905,100,101529,100,99797,100,,,99780,100
2019-06-28 10:24:00.000000000,100839,162,100209,28,100879,162,100193,162,100903,162,100154,162,100936,162,100047,162,101150,162,100044,162,101203,100,99979,100,101249,100,99926,100,101401,100,99905,100,101529,100,99797,100,,,99780,100
2019-06-28 10:24:10.000000000,100839,178,100193,178,100879,178,100154,178,100903,178,100047,178,100936,178,100044,178,101150,100,99979,100,101203,100,99926,100,101249,100,99905,100,101401,100,99797,100,101529,100,99780,100,,,,
2019-06-28 10:24:20.000000000,100839,410,100193,410,100879,100,100154,100,100903,100,100047,100,100936,100,100044,100,101150,100,99979,100,101203,100,99926,100,101249,100,99905,100,101401,100,99797,100,101529,100,99780,100,,,,
2019-06-28 10:24:22.717738664,100839,310,100193,410,100879,100,100154,100,100903,100,100047,100,100936,100,100044,100,101150,100,99979,100,101203,100,99926,100,101249,100,99905,100,101401,100,99797,100,101529,100,99780,100,,,,
2019-06-28 10:24:30.000000000,100879,178,100193,178,100903,178,100154,178,100936,178,100047,178,101150,178,100044,178,101203,100,99979,100,101249,100,99926,100,101401,100,99905,100,101529,100,99797,100,,,99780,100,,,,
2019-06-28 10:24:38.282796520,100879,178,100193,178,100903,178,100154,178,100936,178,100047,178,100993,100,100044,178,101150,178,99979,100,101203,100,99926,100,101249,100,99797,100,101401,100,99780,100,101529,100,,,,,,
2019-06-28 10:24:40.000000000,100879,162,100193,162,100903,162,100154,162,100936,162,100047,162,100993,162,100044,162,101150,162,99979,162,101203,100,99926,100,101249,100,99797,100,101401,100,99780,100,101529,100,,,,,,
2019-06-28 10:24:50.000000000,100879,162,100193,162,100903,162,100154,162,100936,162,100047,162,100993,162,100044,162,101150,162,99979,162,101203,100,99926,100,101249,100,99797,100,101401,100,99780,100,101529,100,,,,,,
2019-06-28 10:25:00.000000000,100879,410,100193,276,100903,100,100154,100,100936,100,100047,100,100993,100,100044,100,101150,100,99979,100,101203,100,99926,100,101249,100,99797,100,101401,100,99780,100,101529,100,,,,,,
2019-06-28 10:25:10.000000000,100879,410,100154,410,100903,100,100047,100,100936,100,100044,100,100993,100,99979,100,101150,100,99926,100,101203,100,99797,100,101249,100,99780,100,101401,100,,,101529,100,,,,,,
2019-06-28 10:25:20.000000000,100879,205,100154,205,100903,202,100047,202,100936,202,100044,202,100993,100,99979,100,101150,100,99926,100,101203,100,99797,100,101249,100,99780,100,101401,100,,,101529,100,,,,,,
2019-06-28 10:25:22.816352720,100879,205,100413,100,100903,202,100154,205,100936,202,100047,202,100993,100,100044,202,101150,100,99979,100,101203,100,99926,100,101249,100,99797,100,101401,100,99780,100,101529,100,,,,,,
2019-06-28 10:25:30.000000000,100879,410,100413,410,100903,100,100154,100,100936,100,100047,100,100993,100,100044,100,101150,100,99979,100,101203,100,99926,100,101249,100,99797,100,101401,100,99780,100,101529,100,,,,,,
2019-06-28 10:25:40.000000000,100879,162,100413,162,100903,162,100154,162,100936,162,100047,162,100993,162,100044,162,101150,162,99979,162,101203,100,99926,100,101249,100,99797,100,101401,100,99780,100,101529,100,,,,,,
2019-06-28 10:25:40.481675771,100879,162,100831,100,100903,162,100413,162,100936,162,100154,162,100993,162,100047,162,101150,162,100044,162,101203,100,99979,162,101249,100,99926,100,101401,100,99797,100,101529,100,,,,,,
2019-06-28 10:25:45.212730964,100879,162,100831,100,100903,162,100616,100,100936,162,100413,162,100993,162,100154,162,101150,162,100047,162,101203,100,100044,162,101249,100,99979,162,101401,100,99926,100,101529,100,99797,100,,,,
2019-06-28 10:25:50.000000000,100879,255,100831,255,100903,255,100616,255,100936,100,100413,100,100993,100,100154,100,101150,100,100047,100,101203,100,100044,100,101249,100,99979,100,101401,100,99926,100,101529,100,99797,100,,,,
2019-06-28 10:26:00.000000000,100879,178,100831,44,100903,178,100616,178,100936,178,100413,178,100993,178,100154,178,101150,100,100047,100,101203,100,100044,100,101249,100,99979,100,101401,100,99926,100,101529,100,99797,100,,,,
2019-06-28 10:26:10.000000000,100879,255,100616,255,100903,255,100413,255,100936,100,100154,100,100993,100,100047,100,101150,100,100044,100,101203,100,99979,100,101249,100,99926,100,101401,100,99797,100,101529,100,,,,,,
2019-06-28 10:26:20.000000000,100879,162,100616,162,100903,162,100413,162,100936,162,100154,162,100993,162,100047,162,101150,162,100044,162,101203,100,99979,100,101249,100,99926,100,101401,100,99797,100,101529,100,,,,,,
2019-06-28 10:26:30.000000000,100879,205,100616,205,100903,202,100413,202,100936,202,100154,202,100993,100,100047,100,101150,100,100044,100,101203,100,99979,100,101249,100,99926,100,101401,100,99797,100,101529,100,,,,,,
2019-06-28 10:26:36.911758728,100879,105,100616,205,100903,202,100413,202,100936,202,100154,202,100993,100,100047,100,101150,100,100044,100,101203,100,99979,100,101249,100,99926,100,101401,100,99797,100,101529,100,,,,,,
2019-06-28 10:26:40.000000000,100903,205,100616,205,100936,202,100413,202,100993,202,100154,202,101150,100,100047,100,101203,100,100044,100,101249,100,99979,100,101401,100,99926,100,101529,100,99797,100,,,,,,,,
2019-06-28 10:26:44.420055684,100903,205,100616,205,100936,202,100413,202,100993,202,100154,202,101150,100,100047,100,101203,100,100044,100,101218,100,99979,100,101249,100,99926,100,101401,100,99797,100,101529,100,,,,,,
2019-06-28 10:26:45.264403132,100903,205,100616,205,100936,202,100413,202,100993,202,100154,202,101150,100,100047,100,101198,100,100044,100,101203,100,99979,100,101218,100,99926,100,101249,100,,,101401,100,,,101529,100,,
2019-06-28 10:26:48.811881534,100903,105,100616,205,100936,202,100413,202,100993,202,100154,202,101150,100,100047,100,101198,100,100044,100,101203,100,99979,100,101218,100,99926,100,101249,100,,,101401,100,,,101529,100,,
2019-06-28 10:26:50.000000000,100936,410,100616,410,100993,100,100413,100,101150,100,100154,100,101198,100,100047,100,101203,100,100044,100,101218,100,99979,100,101249,100,99926,100,101401,100,,,101529,100,,,,,,
2019-06-28 10:26:54.950590723,100936,410,100879,100,100993,100,100616,410,101150,100,100413,100,101198,100,100154,100,101203,100,100047,100,101218,100,100044,100,101249,100,99979,100,101401,100,99926,100,101529,100,,,,,,
2019-06-28 10:27:00.000000000,100936,205,100879,64,100993,202,100616,202,101150,202,100413,202,101198,100,100154,100,101203,100,100047,100,101218,100,100044,100,101249,100,99979,100,101401,100,99926,100,101529,100,,,,,,
2019-06-28 10:27:10.000000000,100936,178,100616,178,100993,178,100413,178,101150,178,100154,178,101198,178,100047,178,101203,100,100044,100,101218,100,99979,100,101249,100,99926,100,101401,100,,,101529,100,,,,,,
2019-06-28 10:27:20.000000000,100936,178,100616,178,100993,178,100413,178,101150,178,100154,178,101198,178,100047,178,101203,100,100044,100,101218,100,99979,100,101249,100,99926,100,101401,100,,,101529,100,,,,,,
2019-06-28 10:27:30.000000000,100936,162,100616,162,100993,162,100413,162,101150,162,100154,162,101198,162,100047,162,101203,162,100044,162,101218,100,99979,100,101249,100,99926,100,101401,100,,,101529,100,,,,,,
2019-06-28 10:27:40.000000000,100936,205,100616,205,100993,202,100413,202,101150,202,100154,202,101198,100,100047,100,101203,100,100044,100,101218,100,99979,100,101249,100,99926,100,101401,100,,,101529,100,,,,,,
2019-06-28 10:27:42.905523184,100923,100,100616,205,100936,205,100413,202,100993,202,100154,202,101150,202,100047,100,101198,100,100044,100,101203,100,99979,100,101218,100,99926,100,101249,100,,,101401,100,,,101529,100,,
2019-06-28 10:27:50.000000000,100923,205,100616,205,100936,202,100413,202,100993,202,100154,202,101150,100,100047,100,101198,100,100044,100,101203,100,99979,100,101218,100,99926,100,101249,100,,,101401,100,,,101529,100,,
2019-06-28 10:27:51.560748224,100879,100,100616,205,100923,205,100413,202,100936,202,100154,202,100993,202,100047,100,101150,100,100044,100,101198,100,99979,100,101203,100,99926,100,101218,100,,,101249,100,,,101401,100,,
2019-06-28 10:28:00.000000000,100879,162,100616,28,100923,162,100413,162,100936,162,100154,162,100993,162,100047,162,101150,162,100044,162,101198,100,99979,100,101203,100,99926,100,101218,100,,,101249,100,,,101401,100,,
2019-06-28 10:28:10.000000000,100879,255,100413,255,100923,255,100154,255,100936,100,100047,100,100993,100,100044,100,101150,100,99979,100,101198,100,99926,100,101203,100,,,101218,100,,,101249,100,,,101401,100,,
2019-06-28 10:28:20.000000000,100879,410,100413,410,100923,100,100154,100,100936,100,100047,100,100993,100,100044,100,101150,100,99979,100,101198,100,99926,100,101203,100,,,101218,100,,,101249,100,,,101401,100,,
2019-06-28 10:28:30.000000000,100879,162,100413,162,100923,162,100154,162,100936,162,100047,162,100993,162,100044,162,101150,162,99979,162,101198,100,99926,100,101203,100,,,101218,100,,,101249,100,,,101401,100,,
2019-06-28 10:28:32.153591114,100879,162,100413,162,100923,162,100154,162,100936,162,100047,162,100993,162,100044,162,101050,100,99979,162,101150,162,99926,100,101198,100,,,101203,100,,,101218,100,,,101249,100,,
2019-06-28 10:28:40.000000000,100879,205,100413,205,100923,202,100154,202,100936,202,100047,202,100993,100,100044,100,101050,100,99979,100,101150,100,99926,100,101198,100,,,101203,100,,,101218,100,,,101249,100,,
2019-06-28 10:28:50.000000000,100879,255,100413,255,100923,255,100154,255,100936,100,100047,100,100993,100,100044,100,101050,100,99979,100,101150,100,99926,100,101198,100,,,101203,100,,,101218,100,,,101249,100,,
2019-06-28 10:29:00.000000000,100879,410,100413,276,100923,100,100154,100,100936,100,100047,100,100993,100,100044,100,101050,100,99979,100,101150,100,99926,100,101198,100,,,101203,100,,,101218,100,,,101249,100,,
2019-06-28 10:29:04.706970074,100879,410,100616,100,100923,100,100413,276,100936,100,100154,100,100993,100,100047,100,101050,100,100044,100,101150,100,99979,100,101198,100,99926,100,101203,100,,,101218,100,,,101249,100,,
2019-06-28 10:29:10.000000000,100879,178,100616,178,100923,178,100154,178,100936,178,100047,178,100993,178,100044,178,101050,100,99979,100,101150,100,99926,100,101198,100,,,101203,100,,,101218,100,,,101249,100,,
2019-06-28 10:29:17.430037071,100879,178,100616,178,100923,178,100413,100,100936,178,100154,178,100993,178,100047,178,101050,100,100044,178,101150,100,99979,100,101198,100,99926,100,101203,100,,,101218,100,,,101249,100,,
2019-06-28 10:29:20.000000000,100879,162,100616,162,100923,162,100413,162,100936,162,100154,162,100993,162,100047,162,101050,162,100044,162,101150,100,99979,100,101198,100,99926,100,101203,100,,,101218,100,,,101249,100,,
2019-06-28 10:29:26.717847588,100777,100,100616,162,100879,162,100413,162,100923,162,100154,162,100936,162,100047,162,100993,162,100044,162,101050,162,99979,100,101150,100,99926,100,101198,100,,,101203,100,,,101218,100,,
2019-06-28 10:29:30.000000000,100777,205,100616,205,100879,202,100413,202,100923,202,100154,202,100936,100,100047,100,100993,100,100044,100,101050,100,99979,100,101150,100,99926,100,101198,100,,,101203,100,,,101218,100,,
2019-06-28 10:29:33.165142590,100750,100,100616,205,100777,205,100413,202,100879,202,100154,202,100923,202,100047,100,100936,100,100044,100,100993,100,99979,100,101050,100,99926,100,101150,100,,,101198,100,,,101203,100,,
2019-06-28 10:29:39.769702265,100750,100,100616,205,100777,205,100541,100,100879,202,100413,202,100923,202,100154,202,100936,100,100047,100,100993,100,100044,100,101050,100,99979,100,101198,100,99926,100,101203,100,,,101218,100,,
2019-06-28 10:29:40.000000000,100750,410,100616,410,100777,100,100541,100,100879,100,100413,100,100923,100,100154,100,100936,100,100047,100,100993,100,100044,100,101050,100,99979,100,101198,100,99926,100,101203,100,,,101218,100,,
2019-06-28 10:29:50.000000000,100750,255,100616,255,100777,255,100541,255,100879,100,100413,100,100923,100,100154,100,100936,100,100047,100,100993,100,100044,100,101050,100,99979,100,101198,100,99926,100,101203,100,,,101218,100,,
2019-06-28 10:29:50.180516635,100750,255,100616,255,100777,255,100541,255,100923,100,100413,100,100936,100,100154,100,100993,100,100047,100,101050,100,100044,100,101198,100,99979,100,101203,100,99926,100,101218,100,,,101249,100,,
2019-06-28 10:30:00.000000000,100750,255,100616,121,100777,255,100541,255,100923,100,100413,100,100936,100,100154,100,100993,100,100047,100,101050,100,100044,100,101198,100,99979,100,101203,100,99926,100,101218,100,,,101249,100,,
2019-06-28 10:30:00.930511382,100750,255,100616,121,100777,255,100541,255,100923,100,100465,100,100936,100,100413,100,100993,100,100154,100,101050,100,100047,100,101198,100,100044,100,101203,100,99979,100,101218,100,99926,100,101249,100,,
2019-06-28 10:30:10.000000000,100750,162,100541,162,100777,162,100465,162,100923,162,100413,162,100936,162,100154,162,100993,162,100047,162,101050,100,100044,100,101198,100,99979,100,101203,100,99926,100,101218,100,,,101249,100,,
2019-06-28 10:30:10.118884696,100750,62,100541,62,100777,162,100465,162,100923,162,100413,162,100936,162,100154,162,100993,162,100047,162,101050,100,100044,100,101198,100,99979,100,101203,100,99926,100,101218,100,,,101249,100,,
2019-06-28 10:30:12.627991490,100750,62,100541,62,100777,162,100465,162,100923,162,100413,162,100936,162,100402,100,100993,162,100154,162,101050,100,100047,162,101198,100,100044,100,101203,100,99979,100,101218,100,99926,100,101249,100,,
2019-06-28 10:30:20.000000000,100777,205,100465,205,100923,202,100413,202,100936,202,100402,202,100993,100,100154,100,101050,100,100047,100,101198,100,100044,100,101203,100,99979,100,101218,100,99926,100,101249,100,,,101401,100,,
2019-06-28 10:30:22.222272205,100777,205,100465,205,100923,202,100413,202,100936,202,100402,202,100993,100,100344,100,101050,100,100154,100,101198,100,100044,100,101203,100,99979,100,101218,100,99926,100,101249,100,,,101401,100,,
2019-06-28 10:30:27.525003908,100616,100,100465,205,100777,205,100413,202,100923,202,100402,202,100936,202,100344,100,100993,100,100154,100,101050,100,100044,100,101198,100,99979,100,101203,100,99926,100,101218,100,,,101249,100,,
2019-06-28 10:30:30.000000000,100616,162,100465,162,100777,162,100413,162,100923,162,100402,162,100936,162,100344,162,100993,162,100154,162,101050,100,100044,100,101198,100,99979,100,101203,100,99926,100,101218,100,,,101249,100,,
2019-06-28 10:30:40.000000000,100616,205,100465,205,100777,202,100413,202,100923,202,100402,202,100936,100,100344,100,100993,100,100154,100,101050,100,100044,100,101198,100,99979,100,101203,100,99926,100,101218,100,,,101249,100,,
2019-06-28 10:30:50.000000000,100616,205,100465,205,100777,202,100413,202,100923,202,100402,202,100936,100,100344,100,100993,100,100154,100,101050,100,100044,100,101198,100,99979,100,101203,100,99926,100,101218,100,,,101249,100,,
2019-06-28 10:31:00.000000000,100616,162,100465,28,100777,162,100413,162,100923,162,100402,162,100936,162,100344,162,100993,162,100154,162,101050,100,100044,100,101198,100,99979,100,101203,100,99926,100,101218,100,,,101249,100,,
2019-06-28 10:31:05.853603712,100465,72,100413,162,100616,162,100402,162,100777,162,100344,162,100923,162,100154,162,100936,162,100044,100,100993,162,99979,100,101050,100,99926,100,101198,100,,,101203,100,,,101249,100,,
2019-06-28 10:31:10.000000000,100465,177,100413,205,100616,202,100402,202,100777,202,100344,202,100923,100,100154,100,100936,100,100044,100,100993,100,99979,100,101050,100,99926,100,101198,100,,,101203,100,,,101249,100,,
2019-06-28 10:31:12.488637723,100465,177,100413,105,100616,202,100402,202,100777,202,100344,202,100923,100,100154,100,100936,100,100044,100,100993,100,99979,100,101050,100,99926,100,101198,100,,,101203,100,,,101249,100,,
2019-06-28 10:31:20.000000000,100465,150,100402,178,100616,178,100344,178,100777,178,100154,178,100923,178,100044,178,100936,100,99979,100,100993,100,99926,100,101050,100,,,101198,100,,,101203,100,,,101249,100,,
2019-06-28 10:31:30.000000000,100465,134,100402,162,100616,162,100344,162,100777,162,100154,162,100923,162,100044,162,100936,162,99979,162,100993,100,99926,100,101050,100,,,101198,100,,,101203,100,,,101249,100,,
2019-06-28 10:31:36.151092751,100464,100,100402,162,100465,134,100344,162,100616,162,100154,162,100777,162,100044,162,100923,162,99979,162,100936,162,99926,100,100993,100,,,101050,100,,,101198,100,,,101203,100,,
2019-06-28 10:31:36.993909927,100464,100,100402,62,100465,134,100344,162,100616,162,100154,162,100777,162,100044,162,100923,162,99979,162,100936,162,99926,100,100993,100,,,101050,100,,,101198,100,,,101203,100,,
2019-06-28 10:31:40.000000000,100464,205,100344,205,100465,174,100154,202,100616,202,100044,202,100777,100,99979,100,100923,100,99926,100,100936,100,,,100993,100,,,101050,100,,,101198,100,,,101203,100,,
2019-06-28 10:31:41.404701770,100464,205,100344,205,100465,174,100154,202,100616,202,100044,102,100777,100,99979,100,100923,100,99926,100,100936,100,99391,100,100993,100,,,101050,100,,,101198,100,,,101203,100,,
2019-06-28 10:31:50.000000000,100464,410,100344,410,100465,72,100154,100,100616,100,99979,100,100777,100,99926,100,100923,100,99391,100,100936,100,,,100993,100,,,101050,100,,,101198,100,,,101203,100,,
2019-06-28 10:31:58.256230604,100464,410,100344,410,100465,72,100154,100,100616,100,99979,100,100777,100,99926,100,100923,100,99863,100,100936,100,99391,100,100993,100,,,101050,100,,,101198,100,,,101203,100,,
2019-06-28 10:32:00.000000000,100464,205,100344,71,100465,174,100154,202,100616,202,99979,202,100777,100,99926,100,100923,100,99863,100,100936,100,99391,100,100993,100,,,101050,100,,,101198,100,,,101203,100,,
2019-06-28 10:32:10.000000000,100464,205,100154,205,100465,174,99979,202,100616,202,99926,202,100777,100,99863,100,100923,100,99391,100,100936,100,,,100993,100,,,101050,100,,,101198,100,,,101203,100,,
2019-06-28 10:32:20.000000000,100464,255,100154,255,100465,227,99979,255,100616,100,99926,100,100777,100,99863,100,100923,100,99391,100,100936,100,,,100993,100,,,101050,100,,,101198,100,,,101203,100,,
2019-06-28 10:32:30.000000000,100464,410,100154,410,100465,72,99979,100,100616,100,99926,100,100777,100,99863,100,100923,100,99391,100,100936,100,,,100993,100,,,101050,100,,,101198,100,,,101203,100,,
2019-06-28 10:32:35.849529565,100464,410,100154,410,100465,72,99979,100,100616,100,99926,100,100777,100,99863,100,100923,100,99478,100,100936,100,99391,100,100993,100,,,101050,100,,,101198,100,,,101203,100,,
2019-06-28 10:32:40.000000000,100464,410,100154,410,100465,72,99979,100,100616,100,99926,100,100777,100,99863,100,100923,100,99478,100,100936,100,99391,100,100993,100,,,101050,100,,,101198,100,,,101203,100,,
2019-06-28 10:32:50.000000000,100464,178,100154,178,100465,150,99979,178,100616,178,99926,178,100777,178,99863,178,100923,100,99478,100,100936,100,99391,100,100993,100,,,101050,100,,,101198,100,,,101203,100,,
2019-06-28 10:32:52.348805352,100154,22,99979,178,100464,178,99926,178,100465,150,99863,178,100616,178,99478,100,100777,178,99391,100,100923,100,,,100936,100,,,100993,100,,,101050,100,,,101198,100,,
2019-06-28 10:33:00.000000000,100154,127,99979,78,100464,202,99926,202,100465,174,99863,202,100616,100,99478,100,100777,100,99391,100,100923,100,,,100936,100,,,100993,100,,,101050,100,,,101198,100,,
2019-06-28 10:33:10.000000000,100154,177,99979,162,100464,255,99926,255,100465,72,99863,100,100616,100,99478,100,100777,100,99391,100,100923,100,,,100936,100,,,100993,100,,,101050,100,,,101198,100,,
2019-06-28 10:33:11.658693828,100154,177,99979,62,100464,255,99926,255,100465,72,99863,100,100616,100,99478,100,100777,100,99391,100,100923,100,,,100936,100,,,100993,100,,,101050,100,,,101198,100,,
2019-06-28 10:33:20.000000000,100154,332,99926,410,100464,100,99863,100,100465,72,99478,100,100616,100,99391,100,100777,100,,,100923,100,,,100936,100,,,100993,100,,,101050,100,,,101198,100,,
2019-06-28 10:33:30.000000000,100154,332,99926,410,100464,100,99863,100,100465,72,99478,100,100616,100,99391,100,100777,100,,,100923,100,,,100936,100,,,100993,100,,,101050,100,,,101198,100,,
2019-06-28 10:33:30.018336946,100154,332,99926,310,100464,100,99863,100,100465,72,99478,100,100616,100,99391,100,100777,100,,,100923,100,,,100936,100,,,100993,100,,,101050,100,,,101198,100,,
2019-06-28 10:33:40.000000000,100154,127,99863,205,100464,202,99478,202,100465,174,99391,202,100616,100,,,100777,100,,,100923,100,,,100936,100,,,100993,100,,,101050,100,,,101198,100,,
2019-06-28 10:33:50.000000000,100154,177,99863,255,100464,255,99478,255,100465,72,99391,100,100616,100,,,100777,100,,,100923,100,,,100936,100,,,100993,100,,,101050,100,,,101198,100,,
2019-06-28 10:33:51.224119967,100154,177,99863,255,100464,255,99544,100,100465,72,99478,255,100616,100,99391,100,100777,100,,,100923,100,,,100936,100,,,100993,100,,,101050,100,,,101198,100,,
2019-06-28 10:34:00.000000000,100154,100,99863,51,100464,178,99544,178,100465,150,99478,178,100616,178,99391,178,100777,100,,,100923,100,,,100936,100,,,100993,100,,,101050,100,,,101198,100,,
2019-06-28 10:34:08.288974782,100154,100,99863,51,100464,178,99566,100,100465,150,99544,178,100616,178,99478,178,100777,100,99391,178,100923,100,,,100936,100,,,100993,100,,,101050,100,,,101198,100,,
2019-06-28 10:34:10.000000000,100154,177,99863,162,100464,255,99566,255,100465,72,99544,100,100616,100,99478,100,100777,100,99391,100,100923,100,,,100936,100,,,100993,100,,,101050,100,,,101198,100,,
2019-06-28 10:34:20.000000000,100154,177,99863,162,100464,255,99566,255,100465,72,99544,100,100616,100,99478,100,100777,100,99391,100,100923,100,,,100936,100,,,100993,100,,,101050,100,,,101198,100,,
2019-06-28 10:34:30.000000000,100154,100,99863,85,100464,178,99566,178,100465,150,99544,178,100616,178,99478,178,100777,100,99391,100,100923,100,,,100936,100,,,100993,100,,,101050,100,,,101198,100,,
2019-06-28 10:34:40.000000000,100154,177,99863,162,100464,255,99566,255,100465,72,99544,100,100616,100,99478,100,100777,100,99391,100,100923,100,,,100936,100,,,100993,100,,,101050,100,,,101198,100,,
2019-06-28 10:34:44.360674439,100154,177,99863,162,100464,255,99566,255,100465,72,99544,100,100616,100,99478,100,100777,100,99450,100,100923,100,99391,100,100936,100,,,100993,100,,,101050,100,,,101198,100,,
2019-06-28 10:34:45.460950974,100154,177,99863,62,100464,255,99566,255,100465,72,99544,100,100616,100,99478,100,100777,100,99450,100,100923,100,99391,100,100936,100,,,100993,100,,,101050,100,,,101198,100,,
2019-06-28 10:34:50.000000000,100154,332,99566,410,100464,100,99544,100,100465,72,99478,100,100616,100,99450,100,100777,100,99391,100,100923,100,,,100936,100,,,100993,100,,,101050,100,,,101198,100,,
2019-06-28 10:35:00.000000000,100154,332,99566,283,100464,100,99544,100,100465,72,99478,100,100616,100,99450,100,100777,100,99391,100,100923,100,,,100936,100,,,100993,100,,,101050,100,,,101198,100,,
2019-06-28 10:35:05.247214267,99854,100,99566,283,100154,332,99544,100,100464,100,99478,100,100465,72,99450,100,100616,100,99391,100,100777,100,,,100923,100,,,100936,100,,,100993,100,,,101050,100,,
2019-06-28 10:35:10.000000000,99854,205,99566,112,100154,124,99544,202,100464,202,99478,202,100465,72,99450,100,100616,100,99391,100,100777,100,,,100923,100,,,100936,100,,,100993,100,,,101050,100,,
2019-06-28 10:35:18.438669691,99854,205,99566,212,100154,124,99544,202,100464,202,99478,202,100465,72,99450,100,100616,100,99391,100,100777,100,,,100923,100,,,100936,100,,,100993,100,,,101050,100,,
2019-06-28 10:35:20.000000000,99854,162,99566,169,100154,84,99544,162,100464,162,99478,162,100465,134,99450,162,100616,162,99391,162,100777,100,,,100923,100,,,100936,100,,,100993,100,,,101050,100,,
2019-06-28 10:35:25.081184769,99854,162,99566,269,100154,84,99544,162,100464,162,99478,162,100465,134,99450,162,100616,162,99391,162,100777,100,,,100923,100,,,100936,100,,,100993,100,,,101050,100,,
2019-06-28 10:35:30.000000000,99854,162,99566,269,100154,84,99544,162,100464,162,99478,162,100465,134,99450,162,100616,162,99391,162,100777,100,,,100923,100,,,100936,100,,,100993,100,,,101050,100,,
2019-06-28 10:35:36.566740783,99854,162,99566,269,99964,100,99544,162,100154,84,99478,162,100464,162,99450,162,100465,134,99391,162,100616,162,,,100777,100,,,100923,100,,,100936,100,,,100993,100,,
2019-06-28 10:35:40.000000000,99854,410,99566,517,99964,100,99544,100,100154,22,99478,100,100464,100,99450,100,100465,72,99391,100,100616,100,,,100777,100,,,100923,100,,,100936,100,,,100993,100,,
2019-06-28 10:35:43.813658174,99854,410,99815,100,99964,100,99566,517,100154,22,99478,100,100464,100,99450,100,100465,72,99391,100,100616,100,,,100777,100,,,100923,100,,,100936,100,,,100993,100,,
2019-06-28 10:35:50.000000000,99854,162,99815,162,99964,162,99566,269,100154,84,99478,162,100464,162,99450,162,100465,134,99391,162,100616,100,,,100777,100,,,100923,100,,,100936,100,,,100993,100,,
2019-06-28 10:36:00.000000000,99854,178,99815,51,99964,178,99566,285,100154,100,99478,178,100464,178,99450,178,100465,72,99391,100,100616,100,,,100777,100,,,100923,100,,,100936,100,,,100993,100,,
2019-06-28 10:36:03.611928396,99854,178,99815,51,99964,178,99705,100,100154,100,99566,285,100464,178,99478,78,100465,72,99450,178,100616,100,99391,100,100777,100,,,100923,100,,,100936,100,,,100993,100,,
2019-06-28 10:36:04.399398326,99854,178,99815,51,99964,178,99733,100,100154,100,99705,100,100464,178,99566,285,100465,72,99478,78,100616,100,99450,178,100777,100,99391,100,100923,100,,,100936,100,,,100993,100,,
2019-06-28 10:36:10.000000000,99854,205,99815,112,99964,202,99733,202,100154,124,99705,202,100464,100,99566,207,100465,72,99450,100,100616,100,99391,100,100777,100,,,100923,100,,,100936,100,,,100993,100,,
2019-06-28 10:36:10.673603203,99854,105,99815,112,99964,202,99733,202,100154,124,99705,202,100464,100,99566,207,100465,72,99450,100,100616,100,99391,100,100777,100,,,100923,100,,,100936,100,,,100993,100,,
2019-06-28 10:36:20.000000000,99964,255,99815,162,100154,177,99733,255,100464,100,99705,100,100465,72,99566,207,100616,100,99450,100,100777,100,99391,100,100923,100,,,100936,100,,,100993,100,,,101050,100,,
2019-06-28 10:36:30.000000000,99964,178,99815,85,100154,100,99733,178,100464,178,99705,178,100465,150,99566,285,100616,100,99450,100,100777,100,99391,100,100923,100,,,100936,100,,,100993,100,,,101050,100,,
2019-06-28 10:36:30.300998852,99964,78,99815,85,100114,100,99733,178,100154,100,99705,178,100464,178,99566,285,100465,150,99450,100,100616,100,99391,100,100777,100,,,100923,100,,,100936,100,,,100993,100,,
2019-06-28 10:36:36.076511002,99830,100,99815,85,99964,78,99733,178,100114,100,99705,178,100154,100,99566,285,100464,178,99450,100,100465,150,99391,100,100616,100,,,100777,100,,,100923,100,,,100936,100,,
2019-06-28 10:36:40.000000000,99830,162,99815,69,100114,162,99733,162,100154,84,99705,162,100464,162,99566,269,100465,134,99450,162,100616,100,99391,100,100777,100,,,100923,100,,,100936,100,,,100993,100,,
2019-06-28 10:36:43.223282151,99830,162,99815,69,100086,100,99733,162,100114,162,99705,162,100154,84,99566,269,100464,162,99450,162,100465,134,99391,100,100616,100,,,100777,100,,,100923,100,,,100936,100,,
2019-06-28 10:36:49.918318944,99830,162,99815,69,100036,100,99733,162,100086,100,99705,162,100114,162,99566,269,100154,84,99450,162,100464,162,99391,100,100465,134,,,100616,100,,,100777,100,,,100923,100,,
2019-06-28 10:36:50.000000000,99830,178,99815,85,100036,178,99733,178,100086,178,99705,178,100114,178,99566,285,100154,22,99450,100,100464,100,99391,100,100465,72,,,100616,100,,,100777,100,,,100923,100,,
2019-06-28 10:37:00.000000000,99830,410,99815,190,100036,100,99733,100,100086,100,99705,100,100114,100,99566,207,100154,22,99450,100,100464,100,99391,100,100465,72,,,100616,100,,,100777,100,,,100923,100,,
2019-06-28 10:37:00.999044189,99830,410,99815,190,100036,100,99733,100,100086,100,99721,100,100154,22,99705,100,100464,100,99566,207,100465,72,99450,100,100616,100,99391,100,100777,100,,,100923,100,,,100936,100,,
2019-06-28 10:37:04.489149391,99830,410,99815,90,100036,100,99733,100,100086,100,99721,100,100154,22,99705,100,100464,100,99566,107,100465,72,99450,100,100616,100,99391,100,100777,100,,,100923,100,,,100936,100,,
2019-06-28 10:37:10.000000000,99830,178,99815,85,100036,178,99733,178,100086,178,99721,178,100154,100,99705,178,100464,100,99566,107,100465,72,99450,100,100616,100,99391,100,100777,100,,,100923,100,,,100936,100,,
2019-06-28 10:37:18.313109876,99830,78,99815,85,100036,178,99733,178,100086,178,99721,178,100154,100,99705,178,100464,100,99566,107,100465,72,99450,100,100616,100,99391,100,100777,100,,,100923,100,,,100936,100,,
2019-06-28 10:37:20.000000000,100036,162,99815,69,100086,162,99733,162,100154,84,99721,162,100464,162,99705,162,100465,134,99566,169,100616,100,99450,100,100777,100,99391,100,100923,100,,,100936,100,,,100993,100,,
2019-06-28 10:37:30.000000000,100036,255,99815,162,100086,255,99733,255,100154,22,99721,100,100464,100,99705,100,100465,72,99566,107,100616,100,99450,100,100777,100,99391,100,100923,100,,,100936,100,,,100993,100,,
2019-06-28 10:37:32.019693681,100036,255,99815,62,100086,255,99733,255,100154,22,99721,100,100464,100,99705,100,100465,72,99566,107,100616,100,99450,100,100777,100,99391,100,100923,100,,,100936,100,,,100993,100,,
2019-06-28 10:37:40.000000000,100036,162,99733,162,100086,162,99721,162,100154,84,99705,162,100464,162,99566,169,100465,134,99450,162,100616,100,99391,100,100777,100,,,100923,100,,,100936,100,,,100993,100,,
2019-06-28 10:37:50.000000000,100036,162,99733,162,100086,162,99721,162,100154,84,99705,162,100464,162,99566,169,100465,134,99450,162,100616,100,99391,100,100777,100,,,100923,100,,,100936,100,,,100993,100,,
2019-06-28 10:38:00.000000000,100036,255,99733,128,100086,255,99721,255,100154,22,99705,100,100464,100,99566,107,100465,72,99450,100,100616,100,99391,100,100777,100,,,100923,100,,,100936,100,,,100993,100,,
2019-06-28 10:38:02.694943082,100036,155,99733,128,100086,255,99721,255,100154,22,99705,100,100464,100,99566,107,100465,72,99450,100,100616,100,99391,100,100777,100,,,100923,100,,,100936,100,,,100993,100,,
2019-06-28 10:38:06.102197508,100036,55,99733,128,100086,255,99721,255,100154,22,99705,100,100464,100,99566,107,100465,72,99450,100,100616,100,99391,100,100777,100,,,100923,100,,,100936,100,,,100993,100,,
2019-06-28 10:38:08.062438078,100036,55,99896,100,100086,255,99733,128,100154,22,99721,255,100464,100,99705,100,100465,72,99566,107,100616,100,99450,100,100777,100,99391,100,100923,100,,,100936,100,,,100993,100,,
2019-06-28 10:38:10.000000000,100086,178,99896,178,100154,100,99733,85,100464,178,99721,178,100465,150,99705,178,100616,100,99566,107,100777,100,99450,100,100923,100,99391,100,100936,100,,,100993,100,,,101050,100,,
2019-06-28 10:38:11.582560010,100086,178,100052,100,100154,100,99896,178,100464,178,99733,85,100465,150,99721,178,100616,100,99705,178,100777,100,99566,107,100923,100,99450,100,100936,100,99391,100,100993,100,,,101050,100,,
2019-06-28 10:38:12.724593611,100086,178,100052,100,100154,100,99896,178,100201,100,99733,85,100464,178,99721,178,100465,150,99705,178,100616,100,99566,107,100777,100,99450,100,100923,100,99391,100,100936,100,,,100993,100,,
2019-06-28 10:38:16.324633442,100086,178,100052,100,100154,100,100036,100,100201,100,99896,178,100464,178,99733,85,100465,150,99721,178,100616,100,99705,178,100777,100,99566,107,100923,100,99450,100,100936,100,99391,100,100993,100,,
2019-06-28 10:38:20.000000000,100086,178,100052,178,100154,100,100036,178,100201,178,99896,178,100464,178,99733,85,100465,72,99721,100,100616,100,99705,100,100777,100,99566,107,100923,100,99450,100,100936,100,99391,100,100993,100,,
2019-06-28 10:38:30.000000000,100086,162,100052,162,100154,84,100036,162,100201,162,99896,162,100464,162,99733,69,100465,134,99721,162,100616,100,99705,100,100777,100,99566,107,100923,100,99450,100,100936,100,99391,100,100993,100,,
2019-06-28 10:38:30.256479779,100086,162,100052,162,100154,84,100036,162,100201,162,99896,162,100464,162,99832,100,100465,134,99733,69,100616,100,99721,162,100777,100,99705,100,100923,100,99566,107,100936,100,99450,100,100993,100,99391,100
2019-06-28 10:38:40.000000000,100086,162,100052,162,100154,84,100036,162,100201,162,99896,162,100464,162,99832,162,100465,134,99733,69,100616,100,99721,100,100777,100,99705,100,100923,100,99566,107,100936,100,99450,100,100993,100,99391,100
2019-06-28 10:38:50.000000000,100086,410,100052,410,100154,22,100036,100,100201,100,99896,100,100464,100,99832,100,100465,72,99733,7,100616,100,99721,100,100777,100,99705,100,100923,100,99566,107,100936,100,99450,100,100993,100,99391,100
2019-06-28 10:38:50.012805001,100086,310,100052,410,100154,22,100036,100,100201,100,99896,100,100464,100,99832,100,100465,72,99733,7,100616,100,99721,100,100777,100,99705,100,100923,100,99566,107,100936,100,99450,100,100993,100,99391,100
2019-06-28 10:39:00.000000000,100154,332,100052,276,100201,100,100036,100,100464,100,99896,100,100465,72,99832,100,100616,100,99733,7,100777,100,99721,100,100923,100,99705,100,100936,100,99566,107,100993,100,99450,100,101050,100,99391,100
2019-06-28 10:39:03.369914177,100154,332,100097,100,100201,100,100052,276,100464,100,100036,100,100465,72,99896,100,100616,100,99832,100,100777,100,99733,7,100923,100,99721,100,100936,100,99705,100,100993,100,99566,107,101050,100,99450,100
2019-06-28 10:39:10.000000000,100154,332,100097,410,100201,100,100036,100,100464,100,99896,100,100465,72,99832,100,100616,100,99733,7,100777,100,99721,100,100923,100,99705,100,100936,100,99566,107,100993,100,99450,100,101050,100,99391,100
2019-06-28 10:39:13.634373989,100154,332,100097,410,100201,100,100074,100,100464,100,100036,100,100616,100,99896,100,100777,100,99832,100,100923,100,99733,7,100936,100,99721,100,100993,100,99705,100,101050,100,99566,107,,,99450,100
2019-06-28 10:39:14.308751123,100154,332,100108,100,100201,100,100097,310,100464,100,100074,100,100616,100,100036,100,100777,100,99896,100,100923,100,99832,100,100936,100,99733,7,100993,100,99721,100,101050,100,99705,100,,,99566,107
2019-06-28 10:39:20.000000000,100154,332,100108,410,100201,100,100074,100,100464,100,100036,100,100616,100,99896,100,100777,100,99832,100,100923,100,99733,7,100936,100,99721,100,100993,100,99705,100,101050,100,99566,107,,,99450,100
2019-06-28 10:39:22.453957360,100121,100,100108,410,100154,332,100074,100,100201,100,100036,100,100464,100,99896,100,100616,100,99832,100,100777,100,99733,7,100923,100,99721,100,100936,100,99705,100,100993,100,99566,107,101050,100,99450,100
2019-06-28 10:39:27.788148574,100121,100,100108,410,100154,332,100074,100,100201,100,100036,100,100464,100,99896,100,100616,100,99834,100,100777,100,99832,100,100923,100,99733,7,100936,100,99721,100,100993,100,99705,100,101050,100,99566,107
2019-06-28 10:39:30.000000000,100121,255,100108,255,100154,177,100074,255,100201,100,100036,100,100464,100,99896,100,100616,100,99834,100,100777,100,99832,100,100923,100,99733,7,100936,100,99721,100,100993,100,99705,100,101050,100,99566,107
2019-06-28 10:39:31.168961015,100121,255,100108,255,100154,177,100074,255,100201,100,100036,100,100464,100,99998,100,100616,100,99896,100,100777,100,99834,100,100923,100,99832,100,100936,100,99733,7,101050,100,99721,100,,,99705,100
2019-06-28 10:39:32.668751871,100121,155,100108,255,100154,177,100074,255,100201,100,100036,100,100464,100,99998,100,100616,100,99896,100,100777,100,99834,100,100923,100,99832,100,100936,100,99733,7,101050,100,99721,100,,,99705,100
2019-06-28 10:39:40.000000000,100154,84,100108,162,100201,162,100074,162,100464,162,100036,162,100616,162,99998,162,100777,162,99896,162,100923,100,99834,100,100936,100,99832,100,101050,100,99733,7,,,99721,100,,,99705,100
2019-06-28 10:39:40.806403528,100154,84,100108,162,100201,162,100103,100,100464,162,100074,162,100616,162,100036,162,100777,162,99998,162,100923,100,99896,162,100936,100,99834,100,101050,100,99832,100,,,99733,7,,,99721,100
2019-06-28 10:39:50.000000000,100154,332,100108,410,100201,100,100103,100,100464,100,100074,100,100616,100,100036,100,100777,100,99998,100,100923,100,99896,100,100936,100,99834,100,101050,100,99832,100,,,99733,7,,,99721,100
2019-06-28 10:39:55.459931279,100154,332,100108,410,100201,100,100103,100,100464,100,100074,100,100616,100,100036,100,100777,100,99998,100,100923,100,99896,100,100936,100,99834,100,101050,100,99832,100,,,99796,100,,,99733,7
2019-06-28 10:40:00.000000000,100154,177,100108,121,100201,255,100103,255,100464,100,100074,100,100616,100,100036,100,100777,100,99998,100,100923,100,99896,100,100936,100,99834,100,101050,100,99832,100,,,99796,100,,,99733,7
2019-06-28 10:40:10.000000000,100154,84,100103,162,100201,162,100074,162,100464,162,100036,162,100616,162,99998,162,100777,162,99896,162,100923,100,99834,100,100936,100,99832,100,101050,100,99796,100,,,99733,7,,,99721,100
2019-06-28 10:40:19.471044804,100154,84,100103,162,100201,162,100074,162,100464,162,100036,162,100616,162,99998,162,100777,162,99896,162,100923,100,99834,100,100936,100,99832,100,101050,100,99796,100,,,99733,7,,,99721,100
2019-06-28 10:40:20.000000000,100154,100,100103,178,100201,178,100074,178,100464,178,100036,178,100616,178,99998,178,100777,100,99896,100,100923,100,99834,100,100936,100,99832,100,101050,100,99796,100,,,99733,7,,,99721,100
2019-06-28 10:40:29.507899075,100154,100,100103,178,100201,178,100074,178,100464,178,100036,178,100616,178,99998,178,100777,100,99896,100,100923,100,99832,100,100936,100,99796,100,101050,100,99733,7,,,99721,100,,,99714,100
2019-06-28 10:40:30.000000000,100154,177,100103,255,100201,255,100074,255,100464,100,100036,100,100616,100,99998,100,100777,100,99896,100,100923,100,99832,100,100936,100,99796,100,101050,100,99733,7,,,99721,100,,,99714,100
2019-06-28 10:40:40.000000000,100154,127,100103,205,100201,202,100074,202,100464,202,100036,202,100616,100,99998,100,100777,100,99896,100,100923,100,99832,100,100936,100,99796,100,101050,100,99733,7,,,99721,100,,,99714,100
2019-06-28 10:40:40.439255780,100154,127,100103,205,100201,202,100074,202,100464,202,100036,202,100616,100,99998,100,100777,100,99932,100,100923,100,99896,100,100936,100,99832,100,101050,100,99796,100,,,99733,7,,,99721,100
2019-06-28 10:40:50.000000000,100154,84,100103,162,100201,162,100074,162,100464,162,100036,162,100616,162,99998,162,100777,162,99932,162,100923,100,99896,100,100936,100,99832,100,101050,100,99796,100,,,99733,7,,,99721,100
2019-06-28 10:40:52.348846752,100154,84,100103,62,100201,162,100074,162,100464,162,100036,162,100616,162,99998,162,100777,162,99932,162,100923,100,99896,100,100936,100,99832,100,101050,100,99796,100,,,99733,7,,,99721,100
2019-06-28 10:41:00.000000000,100154,177,100074,121,100201,255,100036,255,100464,100,99998,100,100616,100,99932,100,100777,100,99896,100,100923,100,99832,100,100936,100,99796,100,101050,100,99733,7,,,99721,100,,,99714,100
2019-06-28 10:41:04.936240497,100154,77,100074,121,100201,255,100036,255,100464,100,99998,100,100616,100,99932,100,100777,100,99896,100,100923,100,99832,100,100936,100,99796,100,101050,100,99733,7,,,99721,100,,,99714,100
2019-06-28 10:41:10.000000000,100201,162,100036,162,100464,162,99998,162,100616,162,99932,162,100777,162,99896,162,100923,162,99832,162,100936,100,99796,100,101050,100,99733,7,,,99721,100,,,99714,100,,,99705,100
2019-06-28 10:41:16.155814014,100201,162,100074,100,100464,162,100036,162,100616,162,99998,162,100777,162,99932,162,100923,162,99896,162,100936,100,99832,162,101050,100,99796,100,,,99733,7,,,99721,100,,,99714,100
2019-06-28 10:41:20.000000000,100201,255,100074,255,100464,255,100036,255,100616,100,99998,100,100777,100,99932,100,100923,100,99896,100,100936,100,99832,100,101050,100,99796,100,,,99733,7,,,99721,100,,,99714,100
2019-06-28 10:41:30.000000000,100201,255,100074,255,100464,255,100036,255,100616,100,99998,100,100777,100,99932,100,100923,100,99896,100,100936,100,99832,100,101050,100,99796,100,,,99733,7,,,99721,100,,,99714,100
2019-06-28 10:41:30.585732489,100201,255,100074,255,100464,255,100036,255,100777,100,99998,100,100923,100,99932,100,100936,100,99896,100,101050,100,99832,100,,,99796,100,,,99733,7,,,99721,100,,,99714,100
2019-06-28 10:41:40.000000000,100201,410,100074,410,100464,100,100036,100,100777,100,99998,100,100923,100,99932,100,100936,100,99896,100,101050,100,99832,100,,,99796,100,,,99733,7,,,99721,100,,,99714,100
2019-06-28 10:41:50.000000000,100201,162,100074,162,100464,162,100036,162,100777,162,99998,162,100923,162,99932,162,100936,162,99896,162,101050,100,99832,100,,,99796,100,,,99733,7,,,99721,100,,,99714,100
2019-06-28 10:41:51.793175808,100201,62,100074,162,100464,162,100036,162,100777,162,99998,162,100923,162,99932,162,100936,162,99896,162,101050,100,99832,100,,,99796,100,,,99733,7,,,99721,100,,,99714,100
2019-06-28 10:42:00.000000000,100464,205,100074,71,100777,202,100036,202,100923,202,99998,202,100936,100,99932,100,101050,100,99896,100,,,99832,100,,,99796,100,,,99733,7,,,99721,100,,,99714,100
2019-06-28 10:42:10.000000000,100464,255,100036,255,100777,255,99998,255,100923,100,99932,100,100936,100,99896,100,101050,100,99832,100,,,99796,100,,,99733,7,,,99721,100,,,99714,100,,,99705,100
2019-06-28 10:42:20.000000000,100464,410,100036,410,100777,100,99998,100,100923,100,99932,100,100936,100,99896,100,101050,100,99832,100,,,99796,100,,,99733,7,,,99721,100,,,99714,100,,,99705,100
2019-06-28 10:42:24.896414024,100464,410,100074,100,100777,100,100036,410,100923,100,99998,100,100936,100,99932,100,101050,100,99896,100,,,99832,100,,,99796,100,,,99733,7,,,99721,100,,,99714,100
2019-06-28 10:42:30.000000000,100464,255,100074,255,100777,255,100036,255,100923,100,99998,100,100936,100,99932,100,101050,100,99896,100,,,99832,100,,,99796,100,,,99733,7,,,99721,100,,,99714,100
2019-06-28 10:42:40.000000000,100464,410,100074,410,100777,100,100036,100,100923,100,99998,100,100936,100,99932,100,101050,100,99896,100,,,99832,100,,,99796,100,,,99733,7,,,99721,100,,,99714,100
2019-06-28 10:42:41.730205691,100464,410,100074,410,100500,100,100036,100,100777,100,99998,100,100923,100,99932,100,100936,100,99896,100,101050,100,99832,100,,,99796,100,,,99733,7,,,99721,100,,,99714,100
2019-06-28 10:42:49.136021756,100464,410,100074,510,100500,100,100036,100,100777,100,99998,100,100923,100,99932,100,100936,100,99896,100,101050,100,99832,100,,,99796,100,,,99733,7,,,99721,100,,,99714,100
2019-06-28 10:42:50.000000000,100464,162,100074,262,100500,162,100036,162,100777,162,99998,162,100923,162,99932,162,100936,162,99896,162,101050,100,99832,100,,,99796,100,,,99733,7,,,99721,100,,,99714,100
2019-06-28 10:42:56.570520203,100464,162,100377,100,100500,162,100074,262,100777,162,100036,162,100923,162,99998,162,100936,162,99932,162,101050,100,99896,162,,,99832,100,,,99796,100,,,99733,7,,,99721,100
2019-06-28 10:43:00.000000000,100464,162,100377,28,100500,162,100074,262,100777,162,100036,162,100923,162,99998,162,100936,162,99932,162,101050,100,99896,100,,,99832,100,,,99796,100,,,99733,7,,,99721,100
2019-06-28 10:43:10.000000000,100464,410,100074,510,100500,100,100036,100,100777,100,99998,100,100923,100,99932,100,100936,100,99896,100,101050,100,99832,100,,,99796,100,,,99733,7,,,99721,100,,,99714,100
2019-06-28 10:43:20.000000000,100464,255,100074,355,100500,255,100036,255,100777,100,99998,100,100923,100,99932,100,100936,100,99896,100,101050,100,99832,100,,,99796,100,,,99733,7,,,99721,100,,,99714,100
2019-06-28 10:43:29.781495706,100464,255,100074,355,100500,255,100036,255,100749,100,99998,100,100777,100,99932,100,100923,100,99896,100,100936,100,99832,100,101050,100,99796,100,,,99733,7,,,99721,100,,,99714,100
2019-06-28 10:43:30.000000000,100464,178,100074,278,100500,178,100036,178,100749,178,99998,178,100777,178,99932,178,100923,100,99896,100,100936,100,99832,100,101050,100,99796,100,,,99733,7,,,99721,100,,,99714,100
2019-06-28 10:43:35.052712046,100464,178,100074,278,100500,178,100036,178,100569,100,99998,178,100749,178,99932,178,100777,178,99896,100,100923,100,99796,100,100936,100,99733,7,101050,100,99721,100,,,99714,100,,,99705,100
2019-06-28 10:43:40.000000000,100464,255,100074,355,100500,255,100036,255,100569,100,99998,100,100749,100,99932,100,100777,100,99896,100,100923,100,99796,100,100936,100,99733,7,101050,100,99721,100,,,99714,100,,,99705,100
2019-06-28 10:43:50.000000000,100464,410,100074,510,100500,100,100036,100,100569,100,99998,100,100749,100,99932,100,100777,100,99896,100,100923,100,99796,100,100936,100,99733,7,101050,100,99721,100,,,99714,100,,,99705,100
2019-06-28 10:44:00.000000000,100464,255,100074,221,100500,255,100036,255,100569,100,99998,100,100749,100,99932,100,100777,100,99896,100,100923,100,99796,100,100936,100,99733,7,101050,100,99721,100,,,99714,100,,,99705,100
2019-06-28 10:44:10.000000000,100464,410,100074,376,100500,100,100036,100,100569,100,99998,100,100749,100,99932,100,100777,100,99896,100,100923,100,99796,100,100936,100,99733,7,101050,100,99721,100,,,99714,100,,,99705,100
2019-06-28 10:44:11.089582924,100464,310,100074,376,100500,100,100036,100,100569,100,99998,100,100749,100,99932,100,100777,100,99896,100,100923,100,99796,100,100936,100,99733,7,101050,100,99721,100,,,99714,100,,,99705,100
2019-06-28 10:44:20.000000000,100500,162,100074,128,100569,162,100036,162,100749,162,99998,162,100777,162,99932,162,100923,162,99896,162,100936,100,99796,100,101050,100,99733,7,,,99721,100,,,99714,100,,,99705,100
2019-06-28 10:44:30.000000000,100500,255,100074,221,100569,255,100036,255,100749,100,99998,100,100777,100,99932,100,100923,100,99896,100,100936,100,99796,100,101050,100,99733,7,,,99721,100,,,99714,100,,,99705,100
2019-06-28 10:44:40.000000000,100500,255,100074,221,100569,255,100036,255,100749,100,99998,100,100777,100,99932,100,100923,100,99896,100,100936,100,99796,100,101050,100,99733,7,,,99721,100,,,99714,100,,,99705,100
2019-06-28 10:44:42.040874949,100500,255,100075,100,100569,255,100074,221,100749,100,100036,255,100777,100,99998,100,100923,100,99932,100,100936,100,99896,100,101050,100,99796,100,,,99733,7,,,99721,100,,,99714,100
2019-06-28 10:44:43.516162013,100500,155,100075,100,100569,255,100074,221,100749,100,100036,255,100777,100,99932,100,100923,100,99896,100,100936,100,99796,100,101050,100,99733,7,,,99721,100,,,99714,100,,,99705,100
2019-06-28 10:44:47.078045202,100500,55,100075,100,100569,255,100074,221,100749,100,100036,255,100777,100,99932,100,100923,100,99896,100,100936,100,99796,100,101050,100,99733,7,,,99721,100,,,99714,100,,,99705,100
2019-06-28 10:44:50.000000000,100569,410,100075,410,100749,100,100074,66,100777,100,100036,100,100923,100,99932,100,100936,100,99896,100,101050,100,99796,100,,,99733,7,,,99721,100,,,99714,100,,,99705,100
2019-06-28 10:45:00.000000000,100569,162,100075,28,100749,162,100074,128,100777,162,100036,162,100923,162,99932,162,100936,162,99896,162,101050,100,99796,100,,,99733,7,,,99721,100,,,99714,100,,,99705,100
2019-06-28 10:45:10.000000000,100569,410,100074,376,100749,100,100036,100,100777,100,99932,100,100923,100,99896,100,100936,100,99796,100,101050,100,99733,7,,,99721,100,,,99714,100,,,99705,100,,,99619,100
2019-06-28 10:45:20.000000000,100569,162,100074,128,100749,162,100036,162,100777,162,99932,162,100923,162,99896,162,100936,162,99796,162,101050,100,99733,7,,,99721,100,,,99714,100,,,99705,100,,,99619,100
2019-06-28 10:45:29.500223171,100569,62,100074,128,100749,162,100036,162,100777,162,99932,162,100923,162,99896,162,100936,162,99796,162,101050,100,99733,7,,,99721,100,,,99714,100,,,99705,100,,,99619,100
2019-06-28 10:45:30.000000000,100749,410,100074,376,100777,100,100036,100,100923,100,99932,100,100936,100,99896,100,101050,100,99796,100,,,99733,7,,,99721,100,,,99714,100,,,99705,100,,,99619,100
2019-06-28 10:45:40.000000000,100749,162,100074,128,100777,162,100036,162,100923,162,99932,162,100936,162,99896,162,101050,162,99796,162,,,99733,7,,,99721,100,,,99714,100,,,99705,100,,,99619,100
2019-06-28 10:45:44.549463362,100749,162,100075,100,100777,162,100074,128,100923,162,100036,162,100936,162,99932,162,101050,162,99896,162,,,99796,162,,,99733,7,,,99721,100,,,99714,100,,,99705,100
2019-06-28 10:45:50.000000000,100749,255,100075,255,100777,255,100074,221,100923,100,100036,100,100936,100,99932,100,101050,100,99896,100,,,99796,100,,,99733,7,,,99721,100,,,99714,100,,,99705,100
2019-06-28 10:46:00.000000000,100749,205,100075,71,100777,202,100074,168,100923,202,100036,202,100936,100,99932,100,101050,100,99896,100,,,99796,100,,,99733,7,,,99721,100,,,99714,100,,,99705,100
2019-06-28 10:46:04.318824507,100749,205,100075,171,100777,202,100074,168,100923,202,100036,202,100936,100,99932,100,101050,100,99896,100,,,99796,100,,,99733,7,,,99721,100,,,99714,100,,,99705,100
2019-06-28 10:46:07.454491993,100749,205,100075,171,100777,202,100074,168,100923,202,100036,202,100936,100,99932,100,101050,100,99896,100,101506,100,99796,100,,,99733,7,,,99721,100,,,99714,100,,,99705,100
2019-06-28 10:46:10.000000000,100749,178,100075,178,100777,178,100074,144,100923,178,100036,178,100936,178,99932,178,101050,100,99896,100,101506,100,99796,100,,,99733,7,,,99721,100,,,99714,100,,,99705,100
2019-06-28 10:46:20.000000000,100749,205,100075,205,100777,202,100074,168,100923,202,100036,202,100936,100,99932,100,101050,100,99896,100,101506,100,99796,100,,,99733,7,,,99721,100,,,99714,100,,,99705,100
2019-06-28 10:46:30.000000000,100749,410,100075,410,100777,100,100074,66,100923,100,100036,100,100936,100,99932,100,101050,100,99896,100,101506,100,99796,100,,,99733,7,,,99721,100,,,99714,100,,,99705,100
2019-06-28 10:46:38.061417627,100749,410,100075,410,100777,100,100074,66,100923,100,100036,100,100936,100,99932,100,101050,100,99896,100,101506,100,99796,100,101869,100,99733,7,,,99721,100,,,99714,100,,,99705,100
2019-06-28 10:46:40.000000000,100749,255,100075,255,100777,255,100074,221,100923,100,100036,100,100936,100,99932,100,101050,100,99896,100,101506,100,99796,100,101869,100,99733,7,,,99721,100,,,99714,100,,,99705,100
2019-06-28 10:46:50.000000000,100749,162,100075,162,100777,162,100074,128,100923,162,100036,162,100936,162,99932,162,101050,162,99896,162,101506,100,99796,100,101869,100,99733,7,,,99721,100,,,99714,100,,,99705,100
2019-06-28 10:46:57.795780733,100749,162,100075,262,100777,162,100074,128,100923,162,100036,162,100936,162,99932,162,101050,162,99896,162,101506,100,99796,100,101869,100,99733,7,,,99721,100,,,99714,100,,,99705,100
2019-06-28 10:46:58.733793703,100749,62,100075,262,100777,162,100074,128,100923,162,100036,162,100936,162,99932,162,101050,162,99896,162,101506,100,99796,100,101869,100,99733,7,,,99721,100,,,99714,100,,,99705,100
2019-06-28 10:47:00.000000000,100777,162,100075,128,100923,162,100074,128,100936,162,100036,162,101050,162,99932,162,101506,162,99896,162,101869,100,99796,100,,,99733,7,,,99721,100,,,99714,100,,,99705,100
2019-06-28 10:47:10.000000000,100777,178,100075,144,100923,178,100074,144,100936,178,100036,178,101050,178,99932,178,101506,100,99896,100,101869,100,99796,100,,,99733,7,,,99721,100,,,99714,100,,,99705,100
2019-06-28 10:47:12.951279739,100777,78,100075,144,100923,178,100074,144,100936,178,100036,178,101050,178,99932,178,101506,100,99896,100,101869,100,99796,100,,,99733,7,,,99721,100,,,99714,100,,,99705,100
2019-06-28 10:47:15.602558573,100923,178,100777,22,100936,178,100075,144,101050,178,100074,144,101506,100,100036,178,101869,100,99932,178,,,99896,100,,,99796,100,,,99733,7,,,99721,100,,,99714,100
2019-06-28 10:47:19.121761360,100923,178,100777,22,100936,178,100075,144,101050,178,100074,144,101506,100,100036,178,101869,100,99932,178,102064,100,99896,100,,,99796,100,,,99733,7,,,99721,100,,,99714,100
2019-06-28 10:47:20.000000000,100923,178,100777,100,100936,178,100075,144,101050,178,100074,144,101506,178,100036,178,101869,100,99932,100,102064,100,99896,100,,,99796,100,,,99733,7,,,99721,100,,,99714,100
2019-06-28 10:47:25.908527525,100923,178,100777,200,100936,178,100075,144,101050,178,100074,144,101506,178,100036,178,101869,100,99932,100,102064,100,99896,100,,,99796,100,,,99733,7,,,99721,100,,,99714,100
2019-06-28 10:47:28.036608965,100923,178,100777,300,100936,178,100075,144,101050,178,100074,144,101506,178,100036,178,101869,100,99932,100,102064,100,99896,100,,,99796,100,,,99733,7,,,99721,100,,,99714,100
2019-06-28 10:47:30.000000000,100923,410,100777,532,100936,100,100075,66,101050,100,100074,66,101506,100,100036,100,101869,100,99932,100,102064,100,99896,100,,,99796,100,,,99733,7,,,99721,100,,,99714,100
2019-06-28 10:47:40.000000000,100923,205,100777,327,100936,202,100075,168,101050,202,100074,168,101506,100,100036,100,101869,100,99932,100,102064,100,99896,100,,,99796,100,,,99733,7,,,99721,100,,,99714,100
2019-06-28 10:47:50.000000000,100923,255,100777,377,100936,255,100075,221,101050,100,100074,66,101506,100,100036,100,101869,100,99932,100,102064,100,99896,100,,,99796,100,,,99733,7,,,99721,100,,,99714,100
2019-06-28 10:47:55.679173702,100923,255,100777,477,100936,255,100075,221,101050,100,100074,66,101506,100,100036,100,101869,100,99932,100,102064,100,99896,100,,,99796,100,,,99733,7,,,99721,100,,,99714,100
2019-06-28 10:48:00.000000000,100923,178,100777,259,100936,178,100075,144,101050,178,100074,144,101506,178,100036,178,101869,100,99932,100,102064,100,99896,100,,,99796,100,,,99733,7,,,99721,100,,,99714,100
2019-06-28 10:48:10.000000000,100923,255,100777,336,100936,255,100075,221,101050,100,100074,66,101506,100,100036,100,101869,100,99932,100,102064,100,99896,100,,,99796,100,,,99733,7,,,99721,100,,,99714,100
2019-06-28 10:48:18.842758635,100923,255,100777,436,100936,255,100075,221,101050,100,100074,66,101506,100,100036,100,101869,100,99932,100,102064,100,99896,100,,,99796,100,,,99733,7,,,99721,100,,,99714,100
2019-06-28 10:48:19.340768975,100923,155,100777,436,100936,255,100075,221,101050,100,100074,66,101506,100,100036,100,101869,100,99932,100,102064,100,99896,100,,,99796,100,,,99733,7,,,99721,100,,,99714,100
2019-06-28 10:48:20.000000000,100936,255,100777,436,101050,255,100075,221,101506,100,100074,66,101869,100,100036,100,102064,100,99932,100,,,99896,100,,,99796,100,,,99733,7,,,99721,100,,,99714,100
2019-06-28 10:48:26.245626406,100936,155,100777,436,101050,255,100075,221,101506,100,100074,66,101869,100,100036,100,102064,100,99932,100,,,99896,100,,,99796,100,,,99733,7,,,99721,100,,,99714,100
2019-06-28 10:48:30.000000000,101050,178,100777,359,101506,178,100075,144,101869,178,100074,144,102064,178,100036,178,,,99932,100,,,99896,100,,,99796,100,,,99733,7,,,99721,100,,,99714,100
2019-06-28 10:48:40.000000000,101050,255,100777,436,101506,255,100075,221,101869,100,100074,66,102064,100,100036,100,,,99932,100,,,99896,100,,,99796,100,,,99733,7,,,99721,100,,,99714,100
2019-06-28 10:48:50.000000000,101050,178,100777,359,101506,178,100075,144,101869,178,100074,144,102064,178,100036,178,,,99932,100,,,99896,100,,,99796,100,,,99733,7,,,99721,100,,,99714,100
2019-06-28 10:48:58.294496269,101050,178,100777,359,101506,178,100075,144,101869,178,100074,144,101976,100,100036,178,102064,178,99932,100,,,99896,100,,,99796,100,,,99733,7,,,99721,100,,,99714,100
2019-06-28 10:49:00.000000000,101050,162,100777,202,101506,162,100075,128,101869,162,100074,128,101976,162,100036,162,102064,162,99932,162,,,99896,100,,,99796,100,,,99733,7,,,99721,100,,,99714,100
2019-06-28 10:49:07.100460141,101050,62,100777,202,101506,162,100075,128,101869,162,100074,128,101976,162,100036,162,102064,162,99932,162,,,99896,100,,,99796,100,,,99733,7,,,99721,100,,,99714,100
2019-06-28 10:49:10.000000000,101506,255,100777,295,101869,255,100075,221,101976,100,100074,66,102064,100,100036,100,,,99932,100,,,99896,100,,,99796,100,,,99733,7,,,99721,100,,,99714,100
2019-06-28 10:49:20.000000000,101506,162,100777,202,101869,162,100075,128,101976,162,100074,128,102064,162,100036,162,102065,62,99932,162,,,99896,100,,,99796,100,,,99733,7,,,99721,100,,,99714,100
2019-06-28 10:49:30.000000000,101506,205,100777,245,101869,202,100075,168,101976,202,100074,168,102064,100,100036,100,,,99932,100,,,99896,100,,,99796,100,,,99733,7,,,99721,100,,,99714,100
2019-06-28 10:49:40.000000000,101506,255,100777,295,101869,255,100075,221,101976,100,100074,66,102064,100,100036,100,,,99932,100,,,99896,100,,,99796,100,,,99733,7,,,99721,100,,,99714,100
2019-06-28 10:49:50.000000000,101506,162,100777,202,101869,162,100075,128,101976,162,100074,128,102064,162,100036,162,102065,62,99932,162,,,99896,100,,,99796,100,,,99733,7,,,99721,100,,,99714,100
2019-06-28 10:50:00.000000000,101506,410,100777,309,101869,100,100075,66,101976,100,100074,66,102064,100,100036,100,,,99932,100,,,99896,100,,,99796,100,,,99733,7,,,99721,100,,,99714,100
2019-06-28 10:50:10.000000000,101506,162,100075,128,101869,162,100074,128,101976,162,100036,162,102064,162,99932,162,102065,62,99896,162,,,99796,100,,,99733,7,,,99721,100,,,99714,100,,,99705,100
2019-06-28 10:50:14.995987407,101340,100,100075,128,101506,162,100074,128,101869,162,100036,162,101976,162,99932,162,102064,162,99896,162,102065,62,99796,100,,,99733,7,,,99721,100,,,99714,100,,,99705,100
2019-06-28 10:50:20.000000000,101340,205,100075,171,101506,202,100074,168,101869,202,100036,202,101976,100,99932,100,102064,100,99896,100,,,99796,100,,,99733,7,,,99721,100,,,99714,100,,,99705,100
2019-06-28 10:50:21.138196509,101340,205,100961,100,101506,202,100075,171,101869,202,100074,168,101976,100,100036,202,102064,100,99932,100,,,99896,100,,,99796,100,,,99733,7,,,99721,100,,,99714,100
2019-06-28 10:50:30.000000000,101340,255,100961,255,101506,255,100075,221,101869,100,100074,66,101976,100,100036,100,102064,100,99932,100,,,99896,100,,,99796,100,,,99733,7,,,99721,100,,,99714,100
2019-06-28 10:50:30.697503505,101340,155,100961,255,101506,255,100075,221,101869,100,100074,66,101976,100,100036,100,102064,100,99932,100,,,99896,100,,,99796,100,,,99733,7,,,99721,100,,,99714,100
2019-06-28 10:50:40.000000000,101506,410,100961,410,101869,100,100075,66,101976,100,100074,66,102064,100,100036,100,,,99932,100,,,99896,100,,,99796,100,,,99733,7,,,99721,100,,,99714,100
2019-06-28 10:50:50.000000000,101506,162,100961,162,101869,162,100075,128,101976,162,100074,128,102064,162,100036,162,102065,62,99932,162,,,99896,100,,,99796,100,,,99733,7,,,99721,100,,,99714,100
2019-06-28 10:50:53.292073517,101506,162,100961,62,101641,100,100075,128,101869,162,100074,128,101976,162,100036,162,102064,162,99932,162,102065,62,99896,100,,,99796,100,,,99733,7,,,99721,100,,,99714,100
2019-06-28 10:51:00.000000000,101506,410,100075,242,101641,100,100074,66,101869,100,100036,100,101976,100,99932,100,102064,100,99896,100,,,99796,100,,,99733,7,,,99721,100,,,99714,100,,,99705,100
2019-06-28 10:51:02.541692386,101506,410,100075,242,101584,100,100074,66,101641,100,100036,100,101869,100,99932,100,101976,100,99896,100,102064,100,99796,100,,,99733,7,,,99721,100,,,99714,100,,,99705,100
2019-06-28 10:51:10.000000000,101506,410,100074,376,101584,100,100036,100,101641,100,99932,100,101869,100,99896,100,101976,100,99796,100,102064,100,99733,7,,,99721,100,,,99714,100,,,99705,100,,,99619,100
2019-06-28 10:51:20.000000000,101506,255,100074,221,101584,255,100036,255,101641,100,99932,100,101869,100,99896,100,101976,100,99796,100,102064,100,99733,7,,,99721,100,,,99714,100,,,99705,100,,,99619,100
2019-06-28 10:51:30.000000000,101506,410,100074,376,101584,100,100036,100,101641,100,99932,100,101869,100,99896,100,101976,100,99796,100,102064,100,99733,7,,,99721,100,,,99714,100,,,99705,100,,,99619,100
2019-06-28 10:51:34.728987429,101506,410,101344,100,101584,100,100074,376,101641,100,100036,100,101869,100,99932,100,101976,100,99896,100,102064,100,99796,100,,,99733,7,,,99721,100,,,99705,100,,,99619,100
2019-06-28 10:51:40.000000000,101506,205,101344,205,101584,202,100074,168,101641,202,100036,202,101869,100,99932,100,101976,100,99896,100,102064,100,99796,100,,,99733,7,,,99721,100,,,99705,100,,,99619,100
2019-06-28 10:51:42.865401212,101506,205,101493,100,101584,202,101344,205,101641,202,100074,168,101869,100,100036,202,101976,100,99932,100,102064,100,99896,100,,,99796,100,,,99733,7,,,99721,100,,,99705,100
2019-06-28 10:51:50.000000000,101506,205,101493,205,101584,202,101344,202,101641,202,100074,168,101869,100,100036,100,101976,100,99932,100,102064,100,99896,100,,,99796,100,,,99733,7,,,99721,100,,,99705,100
2019-06-28 10:52:00.000000000,101506,255,101493,114,101584,255,101344,255,101641,100,100074,66,101869,100,100036,100,101976,100,99932,100,102064,100,99896,100,,,99796,100,,,99733,7,,,99721,100,,,99705,100
2019-06-28 10:52:10.000000000,101506,410,101344,410,101584,100,100074,66,101641,100,100036,100,101869,100,99932,100,101976,100,99896,100,102064,100,99796,100,,,99733,7,,,99721,100,,,99705,100,,,99619,100
2019-06-28 10:52:20.000000000,101506,255,101344,255,101584,255,100074,221,101641,100,100036,100,101869,100,99932,100,101976,100,99896,100,102064,100,99796,100,,,99733,7,,,99721,100,,,99705,100,,,99619,100
2019-06-28 10:52:27.534450540,101506,255,101493,100,101584,255,101344,255,101641,100,100074,221,101869,100,100036,100,101976,100,99932,100,102064,100,99896,100,,,99796,100,,,99733,7,,,99721,100,,,99705,100
2019-06-28 10:52:30.000000000,101506,205,101493,205,101584,202,101344,202,101641,202,100074,168,101869,100,100036,100,101976,100,99932,100,102064,100,99896,100,,,99796,100,,,99733,7,,,99721,100,,,99705,100
2019-06-28 10:52:33.108462467,101506,205,101493,205,101584,202,101344,202,101641,202,100074,168,101727,100,100036,100,101869,100,99932,100,101976,100,99896,100,102064,100,99796,100,,,99733,7,,,99721,100,,,99705,100
2019-06-28 10:52:40.000000000,101506,162,101493,162,101584,162,101344,162,101641,162,100074,128,101727,162,100036,162,101869,162,99932,162,101976,100,99896,100,102064,100,99796,100,,,99733,7,,,99721,100,,,99705,100
2019-06-28 10:52:50.000000000,101506,410,101493,410,101584,100,101344,100,101641,100,100074,66,101727,100,100036,100,101869,100,99932,100,101976,100,99896,100,102064,100,99796,100,,,99733,7,,,99721,100,,,99705,100
2019-06-28 10:53:00.000000000,101506,410,101493,269,101584,100,101344,100,101641,100,100074,66,101727,100,100036,100,101869,100,99932,100,101976,100,99896,100,102064,100,99796,100,,,99733,7,,,99721,100,,,99705,100
2019-06-28 10:53:10.000000000,101506,162,101344,162,101584,162,100074,128,101641,162,100036,162,101727,162,99932,162,101869,162,99896,162,101976,100,99796,100,102064,100,99733,7,,,99721,100,,,99705,100,,,99619,100
2019-06-28 10:53:20.000000000,101506,178,101344,178,101584,178,100074,144,101641,178,100036,178,101727,178,99932,178,101869,100,99896,100,101976,100,99796,100,102064,100,99733,7,,,99721,100,,,99705,100,,,99619,100
2019-06-28 10:53:30.000000000,101506,162,101344,162,101584,162,100074,128,101641,162,100036,162,101727,162,99932,162,101869,162,99896,162,101976,100,99796,100,102064,100,99733,7,,,99721,100,,,99705,100,,,99619,100
2019-06-28 10:53:40.000000000,101506,410,101344,410,101584,100,100074,66,101641,100,100036,100,101727,100,99932,100,101869,100,99896,100,101976,100,99796,100,102064,100,99733,7,,,99721,100,,,99705,100,,,99619,100
2019-06-28 10:53:50.000000000,101506,178,101344,178,101584,178,100074,144,101641,178,100036,178,101727,178,99932,178,101869,100,99896,100,101976,100,99796,100,102064,100,99733,7,,,99721,100,,,99705,100,,,99619,100
2019-06-28 10:53:57.132661261,101506,178,101344,78,101584,178,100074,144,101641,178,100036,178,101727,178,99932,178,101869,100,99896,100,101976,100,99796,100,102064,100,99733,7,,,99721,100,,,99705,100,,,99619,100
2019-06-28 10:54:00.000000000,101506,276,100074,376,101584,100,100036,100,101641,100,99932,100,101727,100,99896,100,101869,100,99796,100,101976,100,99733,7,102064,100,99721,100,,,99705,100,,,99619,100,,,99566,7
2019-06-28 10:54:10.000000000,101584,178,100074,144,101641,178,100036,178,101727,178,99932,178,101869,178,99896,178,101976,100,99796,100,102064,100,99733,7,,,99721,100,,,99705,100,,,99619,100,,,99566,7
2019-06-28 10:54:15.845558251,101584,178,101290,100,101641,178,100074,144,101727,178,100036,178,101869,178,99932,178,101976,100,99896,178,102064,100,99796,100,,,99733,7,,,99721,100,,,99705,100,,,99619,100
2019-06-28 10:54:20.000000000,101584,255,101290,255,101641,255,100074,221,101727,100,100036,100,101869,100,99932,100,101976,100,99896,100,102064,100,99796,100,,,99733,7,,,99721,100,,,99705,100,,,99619,100
2019-06-28 10:54:30.000000000,101584,255,101290,255,101641,255,100074,221,101727,100,100036,100,101869,100,99932,100,101976,100,99896,100,102064,100,99796,100,,,99733,7,,,99721,100,,,99705,100,,,99619,100
2019-06-28 10:54:32.907892643,101584,255,101290,255,101641,255,100074,221,101674,100,100036,100,101727,100,99932,100,101869,100,99896,100,101976,100,99796,100,102064,100,99733,7,,,99721,100,,,99705,100,,,99619,100
2019-06-28 10:54:38.675338438,101584,255,101506,100,101641,255,101290,255,101674,100,100074,221,101727,100,100036,100,101869,100,99932,100,101976,100,99896,100,102064,100,99796,100,,,99733,7,,,99721,100,,,99705,100
2019-06-28 10:54:40.000000000,101584,162,101506,162,101641,162,101290,162,101674,162,100074,128,101727,162,100036,162,101869,162,99932,162,101976,100,99896,100,102064,100,99796,100,,,99733,7,,,99721,100,,,99705,100
2019-06-28 10:54:44.744484016,101559,100,101506,162,101584,162,101290,162,101641,162,100074,128,101674,162,100036,162,101727,162,99932,162,101869,162,99896,100,101976,100,99796,100,102064,100,99733,7,,,99721,100,,,99705,100
2019-06-28 10:54:46.538863580,101559,100,101506,62,101584,162,101290,162,101641,162,100074,128,101674,162,100036,162,101727,162,99932,162,101869,162,99896,100,101976,100,99796,100,102064,100,99733,7,,,99721,100,,,99705,100
2019-06-28 10:54:48.197615149,101559,100,101506,62,101584,162,101290,162,101595,100,100074,128,101641,162,100036,162,101674,162,99932,162,101727,162,99896,100,101869,162,99796,100,101976,100,99733,7,102064,100,99721,100,,,99705,100
2019-06-28 10:54:50.000000000,101559,255,101290,255,101584,255,100074,221,101595,100,100036,100,101641,100,99932,100,101674,100,99896,100,101727,100,99796,100,101869,100,99733,7,101976,100,99721,100,102064,100,99705,100,,,99619,100
2019-06-28 10:55:00.000000000,101559,128,101290,255,101584,255,100074,221,101595,100,100036,100,101641,100,99932,100,101674,100,99896,100,101727,100,99796,100,101869,100,99733,7,101976,100,99721,100,102064,100,99705,100,,,99619,100
2019-06-28 10:55:09.908578286,101559,28,101290,255,101584,255,100074,221,101595,100,100036,100,101641,100,99932,100,101674,100,99896,100,101727,100,99796,100,101869,100,99733,7,101976,100,99721,100,102064,100,99705,100,,,99619,100
2019-06-28 10:55:10.000000000,101559,162,101290,255,101584,255,100074,221,101595,100,100036,100,101641,100,99932,100,101674,100,99896,100,101727,100,99796,100,101869,100,99733,7,101976,100,99721,100,102064,100,99705,100,,,99619,100
2019-06-28 10:55:10.273267652,101559,162,101534,100,101584,255,101290,255,101595,100,100074,221,101641,100,100036,100,101674,100,99932,100,101727,100,99896,100,101869,100,99796,100,101976,100,99733,7,,,99721,100,,,99705,100
2019-06-28 10:55:17.201826149,101559,62,101534,100,101584,255,101290,255,101595,100,100074,221,101641,100,100036,100,101674,100,99932,100,101727,100,99896,100,101869,100,99796,100,101976,100,99733,7,,,99721,100,,,99705,100
2019-06-28 10:55:20.000000000,101584,410,101534,410,101595,100,101290,100,101641,100,100074,66,101674,100,100036,100,101727,100,99932,100,101869,100,99896,100,101976,100,99796,100,,,99733,7,,,99721,100,,,99705,100
2019-06-28 10:55:23.062393140,101584,410,101534,410,101595,100,101290,100,101641,100,100074,66,101674,100,100036,100,101727,100,99932,100,101869,100,99896,100,101887,100,99796,100,101976,100,99733,7,,,99721,100,,,99705,100
2019-06-28 10:55:30.000000000,101584,178,101534,178,101595,178,101290,178,101641,178,100074,144,101674,178,100036,178,101727,100,99932,100,101869,100,99896,100,101887,100,99796,100,101976,100,99733,7,,,99721,100,,,99705,100
2019-06-28 10:55:33.924504956,101584,178,101534,178,101595,178,101290,178,101641,178,100074,144,101674,178,100036,178,101727,100,99932,100,101821,100,99896,100,101869,100,99796,100,101887,100,99733,7,101976,100,99705,100,,,99619,100
2019-06-28 10:55:40.000000000,101584,162,101534,162,101595,162,101290,162,101641,162,100074,128,101674,162,100036,162,101727,162,99932,162,101821,100,99896,100,101869,100,99796,100,101887,100,99733,7,101976,100,99705,100,,,99619,100
2019-06-28 10:55:50.000000000,101584,410,101534,410,101595,100,101290,100,101641,100,100074,66,101674,100,100036,100,101727,100,99932,100,101821,100,99896,100,101869,100,99796,100,101887,100,99733,7,101976,100,99705,100,,,99619,100
2019-06-28 10:56:00.000000000,101584,51,101534,178,101595,178,101290,178,101641,178,100074,144,101674,178,100036,178,101727,100,99932,100,101821,100,99896,100,101869,100,99796,100,101887,100,99733,7,101976,100,99705,100,,,99619,100
2019-06-28 10:56:10.000000000,101584,317,101534,410,101595,100,101290,100,101641,100,100074,66,101674,100,100036,100,101727,100,99932,100,101821,100,99896,100,101869,100,99796,100,101887,100,99733,7,101976,100,99705,100,,,99619,100
2019-06-28 10:56:20.000000000,101584,162,101534,255,101595,255,101290,255,101641,100,100074,66,101674,100,100036,100,101727,100,99932,100,101821,100,99896,100,101869,100,99796,100,101887,100,99733,7,101976,100,99705,100,,,99619,100
2019-06-28 10:56:21.948556677,101584,62,101534,255,101595,255,101290,255,101641,100,100074,66,101674,100,100036,100,101727,100,99932,100,101821,100,99896,100,101869,100,99796,100,101887,100,99733,7,101976,100,99705,100,,,99619,100
2019-06-28 10:56:30.000000000,101595,255,101534,255,101641,255,101290,255,101674,100,100074,66,101727,100,100036,100,101821,100,99932,100,101869,100,99896,100,101887,100,99796,100,101976,100,99733,7,,,99705,100,,,99619,100
2019-06-28 10:56:39.264730568,101595,255,101534,255,101641,255,101290,255,101674,100,100074,66,101727,100,100036,100,101795,100,99932,100,101821,100,99896,100,101869,100,99796,100,101887,100,99733,7,101976,100,99705,100,,,99619,100
2019-06-28 10:56:40.000000000,101595,162,101534,162,101641,162,101290,162,101674,162,100074,128,101727,162,100036,162,101795,162,99932,162,101821,100,99896,100,101869,100,99796,100,101887,100,99733,7,101976,100,99705,100,,,99619,100
2019-06-28 10:56:48.466321270,101595,162,101584,100,101641,162,101534,162,101674,162,101290,162,101727,162,100074,128,101795,162,100036,162,101821,100,99932,162,101869,100,99896,100,101887,100,99796,100,101976,100,99733,7,,,99705,100
2019-06-28 10:56:49.990427572,101595,162,101584,200,101641,162,101534,162,101674,162,101290,162,101727,162,100074,128,101795,162,100036,162,101821,100,99932,162,101869,100,99896,100,101887,100,99796,100,101976,100,99733,7,,,99705,100
2019-06-28 10:56:50.000000000,101595,255,101584,355,101641,255,101534,255,101674,100,101290,100,101727,100,100074,66,101795,100,100036,100,101821,100,99932,100,101869,100,99896,100,101887,100,99796,100,101976,100,99733,7,,,99705,100
2019-06-28 10:57:00.000000000,101595,35,101584,262,101641,162,101534,162,101674,162,101290,162,101727,162,100074,128,101795,162,100036,162,101821,100,99932,100,101869,100,99896,100,101887,100,99796,100,101976,100,99733,7,,,99705,100
2019-06-28 10:57:10.000000000,101595,162,101584,355,101641,255,101534,255,101674,100,101290,100,101727,100,100074,66,101795,100,100036,100,101821,100,99932,100,101869,100,99896,100,101887,100,99796,100,101976,100,99733,7,,,99705,100
2019-06-28 10:57:15.797697431,101595,62,101584,355,101641,255,101534,255,101674,100,101290,100,101727,100,100074,66,101795,100,100036,100,101821,100,99932,100,101869,100,99896,100,101887,100,99796,100,101976,100,99733,7,,,99705,100
2019-06-28 10:57:20.000000000,101641,178,101584,278,101674,178,101534,178,101727,178,101290,178,101795,178,100074,144,101821,100,100036,100,101869,100,99932,100,101887,100,99896,100,101976,100,99796,100,,,99733,7,,,99705,100
2019-06-28 10:57:23.322084999,101641,178,101584,278,101674,178,101534,178,101727,178,101290,178,101795,178,100074,144,101821,100,100036,100,101869,100,99932,100,101887,100,99896,100,101976,100,99796,100,102018,100,99733,7,,,99705,100
2019-06-28 10:57:27.837056192,101641,178,101595,100,101674,178,101584,278,101727,178,101534,178,101795,178,101290,178,101821,100,100074,144,101869,100,100036,100,101887,100,99932,100,101976,100,99896,100,102018,100,99796,100,,,99733,7
2019-06-28 10:57:28.242389224,101641,178,101595,100,101674,178,101584,278,101708,100,101534,178,101727,178,101290,178,101795,178,100074,144,101821,100,100036,100,101869,100,99932,100,101887,100,99896,100,101976,100,99796,100,102018,100,99733,7
2019-06-28 10:57:28.449173385,101641,78,101595,100,101674,178,101584,278,101708,100,101534,178,101727,178,101290,178,101795,178,100074,144,101821,100,100036,100,101869,100,99932,100,101887,100,99896,100,101976,100,99796,100,102018,100,99733,7
2019-06-28 10:57:30.000000000,101674,205,101595,205,101708,202,101584,302,101727,202,101534,202,101795,100,101290,100,101821,100,100074,66,101869,100,100036,100,101887,100,99932,100,101976,100,99896,100,102018,100,99796,100,,,99733,7
2019-06-28 10:57:40.000000000,101674,205,101595,205,101708,202,101584,302,101727,202,101534,202,101795,100,101290,100,101821,100,100074,66,101869,100,100036,100,101887,100,99932,100,101976,100,99896,100,102018,100,99796,100,,,99733,7
2019-06-28 10:57:50.000000000,101674,205,101595,205,101708,202,101584,302,101727,202,101534,202,101795,100,101290,100,101821,100,100074,66,101869,100,100036,100,101887,100,99932,100,101976,100,99896,100,102018,100,99796,100,,,99733,7
2019-06-28 10:57:53.989074644,101674,205,101596,100,101708,202,101595,205,101727,202,101584,302,101795,100,101534,202,101821,100,101290,100,101869,100,100074,66,101887,100,100036,100,101976,100,99932,100,102018,100,99896,100,,,99796,100
2019-06-28 10:58:00.000000000,101674,128,101596,255,101708,255,101595,255,101727,100,101584,200,101795,100,101534,100,101821,100,101290,100,101869,100,100074,66,101887,100,100036,100,101976,100,99932,100,102018,100,99896,100,,,99796,100
2019-06-28 10:58:10.000000000,101674,112,101596,205,101708,202,101595,202,101727,202,101584,302,101795,100,101534,100,101821,100,101290,100,101869,100,100074,66,101887,100,100036,100,101976,100,99932,100,102018,100,99896,100,,,99796,100
2019-06-28 10:58:15.964808654,101674,112,101596,105,101708,202,101595,202,101727,202,101584,302,101795,100,101534,100,101821,100,101290,100,101869,100,100074,66,101887,100,100036,100,101976,100,99932,100,102018,100,99896,100,,,99796,100
2019-06-28 10:58:20.000000000,101674,112,101595,205,101708,202,101584,302,101727,202,101534,202,101795,100,101290,100,101821,100,100074,66,101869,100,100036,100,101887,100,99932,100,101976,100,99896,100,102018,100,99796,100,,,99733,7
2019-06-28 10:58:22.654003639,101673,100,101595,205,101674,112,101584,302,101708,202,101534,202,101727,202,101290,100,101795,100,100074,66,101821,100,100036,100,101869,100,99932,100,101887,100,99896,100,101976,100,99796,100,102018,100,99733,7
2019-06-28 10:58:30.000000000,101673,162,101595,162,101674,69,101584,262,101708,162,101534,162,101727,162,101290,162,101795,162,100074,128,101821,100,100036,100,101869,100,99932,100,101887,100,99896,100,101976,100,99796,100,102018,100,99733,7
2019-06-28 10:58:40.000000000,101673,410,101595,410,101674,7,101584,200,101708,100,101534,100,101727,100,101290,100,101795,100,100074,66,101821,100,100036,100,101869,100,99932,100,101887,100,99896,100,101976,100,99796,100,102018,100,99733,7
2019-06-28 10:58:50.000000000,101673,178,101595,178,101674,85,101584,278,101708,178,101534,178,101727,178,101290,178,101795,100,100074,66,101821,100,100036,100,101869,100,99932,100,101887,100,99896,100,101976,100,99796,100,102018,100,99733,7
2019-06-28 10:58:55.495297390,101673,178,101595,78,101674,85,101584,278,101708,178,101534,178,101727,178,101290,178,101795,100,100074,66,101821,100,100036,100,101869,100,99932,100,101887,100,99896,100,101976,100,99796,100,102018,100,99733,7
2019-06-28 10:59:00.000000000,101673,78,101584,305,101674,109,101534,202,101708,202,101290,202,101727,100,100074,66,101795,100,100036,100,101821,100,99932,100,101869,100,99896,100,101887,100,99796,100,101976,100,99733,7,102018,100,99705,100
2019-06-28 10:59:01.533740336,101673,78,101584,305,101674,109,101534,202,101708,202,101290,202,101727,100,101223,100,101795,100,100074,66,101821,100,100036,100,101869,100,99932,100,101887,100,99896,100,101976,100,99796,100,102018,100,99733,7
2019-06-28 10:59:10.000000000,101673,85,101584,278,101674,85,101534,178,101708,178,101290,178,101727,178,101223,178,101795,100,100074,66,101821,100,100036,100,101869,100,99932,100,101887,100,99896,100,101976,100,99796,100,102018,100,99733,7
2019-06-28 10:59:20.000000000,101673,69,101584,262,101674,69,101534,162,101708,162,101290,162,101727,162,101223,162,101795,162,100074,128,101821,100,100036,100,101869,100,99932,100,101887,100,99896,100,101976,100,99796,100,102018,100,99733,7
2019-06-28 10:59:21.427572795,101673,69,101584,162,101674,69,101534,162,101708,162,101290,162,101727,162,101223,162,101795,162,100074,128,101869,100,100036,100,101887,100,99932,100,101976,100,99896,100,102018,100,99796,100,,,99733,7
2019-06-28 10:59:30.000000000,101673,112,101584,205,101674,109,101534,202,101708,202,101290,202,101727,100,101223,100,101795,100,100074,66,101869,100,100036,100,101887,100,99932,100,101976,100,99896,100,102018,100,99796,100,,,99733,7
2019-06-28 10:59:40.000000000,101673,85,101584,178,101674,85,101534,178,101708,178,101290,178,101727,178,101223,178,101795,100,100074,66,101869,100,100036,100,101887,100,99932,100,101976,100,99896,100,102018,100,99796,100,,,99733,7
2019-06-28 10:59:43.770704164,101672,100,101584,178,101673,85,101534,178,101674,85,101290,178,101708,178,101223,178,101727,178,100074,66,101795,100,100036,100,101869,100,99932,100,101887,100,99896,100,101976,100,99796,100,102018,100,99733,7
2019-06-28 10:59:50.000000000,101672,255,101584,255,101673,162,101534,255,101674,7,101290,100,101708,100,101223,100,101727,100,100074,66,101795,100,100036,100,101869,100,99932,100,101887,100,99896,100,101976,100,99796,100,102018,100,99733,7
2019-06-28 10:59:51.282789167,101672,255,101584,155,101673,162,101534,255,101674,7,101290,100,101708,100,101223,100,101727,100,100074,66,101795,100,100036,100,101869,100,99932,100,101887,100,99896,100,101976,100,99796,100,102018,100,99733,7
2019-06-28 11:00:00.000000000,101672,51,101534,178,101673,85,101290,178,101674,85,101223,178,101708,178,100074,144,101727,100,100036,100,101795,100,99932,100,101869,100,99896,100,101887,100,99796,100,101976,100,99733,7,102018,100,99705,100
2019-06-28 11:00:10.000000000,101672,85,101534,178,101673,85,101290,178,101674,85,101223,178,101708,178,100074,144,101727,100,100036,100,101795,100,99932,100,101869,100,99896,100,101887,100,99796,100,101976,100,99733,7,102018,100,99705,100
2019-06-28 11:00:15.213514500,101672,85,101534,178,101673,85,101290,178,101674,85,101223,178,101708,178,100945,100,101727,100,100074,144,101795,100,100036,100,101869,100,99932,100,101887,100,99896,100,101976,100,99796,100,102018,100,99733,7
2019-06-28 11:00:15.641381468,101672,185,101534,178,101673,85,101290,178,101674,85,101223,178,101708,178,100945,100,101727,100,100074,144,101795,100,100036,100,101869,100,99932,100,101887,100,99896,100,101976,100,99796,100,102018,100,99733,7
2019-06-28 11:00:20.000000000,101672,262,101534,255,101673,162,101290,255,101674,7,101223,100,101708,100,100945,100,101727,100,100074,66,101795,100,100036,100,101869,100,99932,100,101887,100,99896,100,101976,100,99796,100,102018,100,99733,7
2019-06-28 11:00:30.000000000,101672,169,101534,162,101673,69,101290,162,101674,69,101223,162,101708,162,100945,162,101727,162,100074,128,101795,100,100036,100,101869,100,99932,100,101887,100,99896,100,101976,100,99796,100,102018,100,99733,7
2019-06-28 11:00:40.000000000,101672,417,101534,410,101673,7,101290,100,101674,7,101223,100,101708,100,100945,100,101727,100,100074,66,101795,100,100036,100,101869,100,99932,100,101887,100,99896,100,101976,100,99796,100,102018,100,99733,7
2019-06-28 11:00:47.501467943,101672,417,101534,310,101673,7,101290,100,101674,7,101223,100,101708,100,100945,100,101727,100,100074,66,101795,100,100036,100,101869,100,99932,100,101887,100,99896,100,101976,100,99796,100,102018,100,99733,7
2019-06-28 11:00:50.000000000,101672,185,101290,178,101673,85,101223,178,101674,85,100945,178,101708,178,100074,144,101727,100,100036,100,101795,100,99932,100,101869,100,99896,100,101887,100,99796,100,101976,100,99733,7,102018,100,99705,100
2019-06-28 11:00:54.470086548,101358,100,101290,178,101672,185,101223,178,101673,85,100945,178,101674,85,100074,144,101708,178,100036,100,101727,100,99932,100,101795,100,99896,100,101869,100,99796,100,101887,100,99733,7,101976,100,99705,100
2019-06-28 11:01:00.000000000,101358,121,101290,255,101672,262,101223,255,101673,7,100945,100,101674,7,100074,66,101708,100,100036,100,101727,100,99932,100,101795,100,99896,100,101869,100,99796,100,101887,100,99733,7,101976,100,99705,100
2019-06-28 11:01:02.538298797,101358,121,101290,255,101672,262,101223,255,101673,7,101088,100,101674,7,100945,100,101708,100,100074,66,101727,100,100036,100,101795,100,99932,100,101869,100,99896,100,101887,100,99796,100,101976,100,99733,7
2019-06-28 11:01:10.000000000,101672,262,101290,255,101673,162,101223,255,101674,7,101088,100,101708,100,100945,100,101727,100,100074,66,101795,100,100036,100,101869,100,99932,100,101887,100,99896,100,101976,100,99796,100,102018,100,99733,7
2019-06-28 11:01:20.000000000,101672,417,101290,410,101673,7,101223,100,101674,7,101088,100,101708,100,100945,100,101727,100,100074,66,101795,100,100036,100,101869,100,99932,100,101887,100,99896,100,101976,100,99796,100,102018,100,99733,7
2019-06-28 11:01:30.000000000,101672,262,101290,255,101673,162,101223,255,101674,7,101088,100,101708,100,100945,100,101727,100,100074,66,101795,100,100036,100,101869,100,99932,100,101887,100,99896,100,101976,100,99796,100,102018,100,99733,7
2019-06-28 11:01:32.487546368,101672,262,101290,255,101673,162,101243,100,101674,7,101223,255,101708,100,101088,100,101727,100,100945,100,101795,100,100074,66,101869,100,100036,100,101887,100,99932,100,101976,100,99896,100,102018,100,99733,7
2019-06-28 11:01:40.000000000,101672,185,101290,178,101673,85,101243,178,101674,85,101223,178,101708,178,101088,178,101727,100,100945,100,101795,100,100074,66,101869,100,100036,100,101887,100,99932,100,101976,100,99896,100,102018,100,99733,7
2019-06-28 11:01:50.000000000,101672,185,101290,178,101673,85,101243,178,101674,85,101223,178,101708,178,101088,178,101727,100,100945,100,101795,100,100074,66,101869,100,100036,100,101887,100,99932,100,101976,100,99896,100,102018,100,99733,7
2019-06-28 11:01:51.359052447,101331,100,101290,178,101672,185,101243,178,101673,85,101223,178,101674,85,101088,178,101708,178,100945,100,101727,100,100074,66,101795,100,100036,100,101887,100,99932,100,101976,100,99896,100,102018,100,99733,7
2019-06-28 11:01:58.826242761,101331,100,101290,78,101672,185,101243,178,101673,85,101223,178,101674,85,101088,178,101708,178,100945,100,101727,100,100074,66,101795,100,100036,100,101887,100,99932,100,101976,100,99896,100,102018,100,99733,7
2019-06-28 11:01:59.180429169,101290,22,101243,178,101331,100,101223,178,101672,185,101088,178,101673,85,100945,100,101674,85,100074,66,101708,178,100036,100,101727,100,99932,100,101795,100,99733,7,101887,100,99705,100,101976,100,99619,100
2019-06-28 11:02:00.000000000,101290,43,101243,255,101331,255,101223,255,101672,107,101088,100,101673,7,100945,100,101674,7,100074,66,101708,100,100036,100,101727,100,99932,100,101795,100,99733,7,101887,100,99705,100,101976,100,99619,100
2019-06-28 11:02:07.827732601,101331,255,101290,57,101672,107,101243,255,101673,7,101223,255,101674,7,101088,100,101708,100,100945,100,101727,100,100074,66,101795,100,100036,100,101887,100,99932,100,101976,100,99733,7,,,99705,100
2019-06-28 11:02:10.000000000,101331,255,101290,212,101672,262,101243,255,101673,7,101223,100,101674,7,101088,100,101708,100,100945,100,101727,100,100074,66,101795,100,100036,100,101887,100,99932,100,101976,100,99733,7,,,99705,100
2019-06-28 11:02:17.662001946,101331,255,101290,212,101672,262,101245,100,101673,7,101243,255,101674,7,101223,100,101708,100,101088,100,101727,100,100945,100,101795,100,100074,66,101887,100,100036,100,101976,100,99932,100,,,99733,7
2019-06-28 11:02:20.000000000,101331,162,101290,119,101672,169,101245,162,101673,69,101243,162,101674,69,101223,162,101708,162,101088,162,101727,100,100945,100,101795,100,100074,66,101887,100,100036,100,101976,100,99932,100,,,99733,7
2019-06-28 11:02:23.294804853,101331,162,101311,100,101672,169,101290,119,101673,69,101245,162,101674,69,101243,162,101708,162,101223,162,101727,100,101088,162,101795,100,100945,100,101887,100,100074,66,101976,100,100036,100,,,99932,100
2019-06-28 11:02:30.000000000,101331,410,101311,410,101672,107,101290,57,101673,7,101245,100,101674,7,101243,100,101708,100,101223,100,101727,100,101088,100,101795,100,100945,100,101887,100,100074,66,101976,100,100036,100,,,99932,100
2019-06-28 11:02:32.307856327,101331,410,101311,410,101429,100,101290,57,101672,107,101243,100,101673,7,101223,100,101674,7,101088,100,101708,100,100945,100,101727,100,100074,66,101795,100,100036,100,101887,100,99932,100,101976,100,99733,7
2019-06-28 11:02:40.000000000,101331,410,101311,410,101429,100,101290,57,101672,107,101243,100,101673,7,101223,100,101674,7,101088,100,101708,100,100945,100,101727,100,100074,66,101795,100,100036,100,101887,100,99932,100,101976,100,99733,7
2019-06-28 11:02:47.872814438,101331,310,101311,410,101429,100,101290,57,101672,107,101243,100,101673,7,101223,100,101674,7,101088,100,101708,100,100945,100,101727,100,100074,66,101795,100,100036,100,101887,100,99932,100,101976,100,99733,7
2019-06-28 11:02:50.000000000,101429,162,101311,162,101672,169,101290,119,101673,69,101243,162,101674,69,101223,162,101708,162,101088,162,101727,100,100945,100,101795,100,100074,66,101887,100,100036,100,101976,100,99932,100,,,99733,7
2019-06-28 11:02:51.557081817,101429,62,101311,162,101672,169,101290,119,101673,69,101243,162,101674,69,101223,162,101708,162,101088,162,101727,100,100945,100,101795,100,100074,66,101887,100,100036,100,101976,100,99932,100,,,99733,7
2019-06-28 11:02:53.262283170,101672,169,101429,38,101673,69,101311,162,101674,69,101290,119,101708,162,101243,162,101727,100,101223,162,101887,100,101088,162,101976,100,100945,100,,,100074,66,,,100036,100,,,99932,100
2019-06-28 11:03:00.000000000,101672,135,101429,193,101673,162,101311,255,101674,7,101290,57,101708,100,101243,100,101727,100,101223,100,101887,100,101088,100,101976,100,100945,100,,,100074,66,,,100036,100,,,99932,100
2019-06-28 11:03:10.000000000,101672,112,101429,143,101673,109,101311,202,101674,109,101290,159,101708,100,101243,100,101727,100,101223,100,101887,100,101088,100,101976,100,100945,100,,,100074,66,,,100036,100,,,99932,100
2019-06-28 11:03:20.000000000,101672,162,101429,193,101673,162,101311,255,101674,7,101290,57,101708,100,101243,100,101727,100,101223,100,101887,100,101088,100,101976,100,100945,100,,,100074,66,,,100036,100,,,99932,100
2019-06-28 11:03:21.384318156,101672,262,101429,193,101673,162,101311,255,101674,7,101290,57,101708,100,101243,100,101727,100,101223,100,101887,100,101088,100,101976,100,100945,100,,,100074,66,,,100036,100,,,99932,100
2019-06-28 11:03:30.000000000,101672,169,101429,100,101673,69,101311,162,101674,69,101290,119,101708,162,101243,162,101727,162,101223,162,101887,100,101088,100,101976,100,100945,100,,,100074,66,,,100036,100,,,99932,100
2019-06-28 11:03:35.204139685,101672,269,101429,100,101673,69,101311,162,101674,69,101290,119,101708,162,101243,162,101727,162,101223,162,101887,100,101088,100,101976,100,100945,100,,,100074,66,,,100036,100,,,99932,100
2019-06-28 11:03:40.000000000,101672,312,101429,143,101673,109,101311,202,101674,109,101290,159,101708,100,101243,100,101727,100,101223,100,101887,100,101088,100,101976,100,100945,100,,,100074,66,,,100036,100,,,99932,100
2019-06-28 11:03:50.000000000,101672,517,101429,348,101673,7,101311,100,101674,7,101290,57,101708,100,101243,100,101727,100,101223,100,101887,100,101088,100,101976,100,100945,100,,,100074,66,,,100036,100,,,99932,100
2019-06-28 11:04:00.000000000,101672,235,101429,193,101673,162,101311,255,101674,7,101290,57,101708,100,101243,100,101727,100,101223,100,101887,100,101088,100,101976,100,100945,100,,,100074,66,,,100036,100,,,99932,100
2019-06-28 11:04:10.000000000,101672,185,101429,143,101673,109,101311,202,101674,109,101290,159,101708,100,101243,100,101727,100,101223,100,101887,100,101088,100,101976,100,100945,100,,,100074,66,,,100036,100,,,99932,100
2019-06-28 11:04:19.351746148,101672,185,101429,43,101673,109,101311,202,101674,109,101290,159,101708,100,101243,100,101727,100,101223,100,101887,100,101088,100,101976,100,100945,100,,,100074,66,,,100036,100,,,99932,100
2019-06-28 11:04:20.000000000,101672,185,101311,205,101673,109,101290,159,101674,109,101243,202,101708,100,101223,100,101727,100,101088,100,101887,100,100945,100,101976,100,100074,66,,,100036,100,,,99932,100,,,99733,7
2019-06-28 11:04:23.933264408,101671,100,101311,205,101672,185,101290,159,101673,109,101243,202,101674,109,101223,100,101708,100,101088,100,101727,100,100945,100,101887,100,100074,66,101976,100,100036,100,,,99932,100,,,99733,7
2019-06-28 11:04:29.940650825,101671,200,101311,205,101672,185,101290,159,101673,109,101243,202,101674,109,101223,100,101708,100,101088,100,101727,100,100945,100,101887,100,100074,66,101976,100,100036,100,,,99932,100,,,99733,7
2019-06-28 11:04:30.000000000,101671,278,101311,178,101672,158,101290,135,101673,85,101243,178,101674,85,101223,178,101708,100,101088,100,101727,100,100945,100,101887,100,100074,66,101976,100,100036,100,,,99932,100,,,99733,7
2019-06-28 11:04:36.464061582,101671,278,101311,178,101672,158,101290,135,101673,85,101243,178,101674,85,101240,100,101708,100,101223,178,101727,100,101088,100,101887,100,100945,100,101976,100,100074,66,,,100036,100,,,99932,100
2019-06-28 11:04:40.000000000,101671,278,101311,178,101672,158,101290,135,101673,85,101243,178,101674,85,101240,178,101708,100,101223,100,101727,100,101088,100,101887,100,100945,100,101976,100,100074,66,,,100036,100,,,99932,100
2019-06-28 11:04:50.000000000,101671,305,101311,205,101672,182,101290,159,101673,109,101243,202,101674,7,101240,100,101708,100,101223,100,101727,100,101088,100,101887,100,100945,100,101976,100,100074,66,,,100036,100,,,99932,100
2019-06-28 11:05:00.000000000,101671,221,101311,255,101672,235,101290,212,101673,7,101243,100,101674,7,101240,100,101708,100,101223,100,101727,100,101088,100,101887,100,100945,100,101976,100,100074,66,,,100036,100,,,99932,100
2019-06-28 11:05:10.000000000,101671,221,101311,255,101672,235,101290,212,101673,7,101243,100,101674,7,101240,100,101708,100,101223,100,101727,100,101088,100,101887,100,100945,100,101976,100,100074,66,,,100036,100,,,99932,100
2019-06-28 11:05:20.000000000,101671,144,101311,178,101672,158,101290,135,101673,85,101243,178,101674,85,101240,178,101708,100,101223,100,101727,100,101088,100,101887,100,100945,100,101976,100,100074,66,,,100036,100,,,99932,100
2019-06-28 11:05:23.911110528,101671,144,101311,78,101672,158,101290,135,101673,85,101243,178,101674,85,101240,178,101708,100,101223,100,101727,100,101088,100,101887,100,100945,100,101976,100,100074,66,,,100036,100,,,99932,100
2019-06-28 11:05:30.000000000,101671,376,101290,367,101672,80,101243,100,101673,7,101240,100,101674,7,101223,100,101708,100,101088,100,101727,100,100945,100,101887,100,100074,66,101976,100,100036,100,,,99932,100,,,99733,7
2019-06-28 11:05:40.000000000,101671,376,101290,367,101672,80,101243,100,101673,7,101240,100,101674,7,101223,100,101708,100,101088,100,101727,100,100945,100,101887,100,100074,66,101976,100,100036,100,,,99932,100,,,99733,7
2019-06-28 11:05:40.358615004,101671,376,101290,210,101672,80,101243,100,101673,7,101240,100,101674,7,101223,100,101708,100,101088,100,101727,100,100945,100,101887,100,100074,66,101976,100,100036,100,,,99932,100,,,99733,7
2019-06-28 11:05:49.347998696,101671,376,101290,110,101672,80,101243,100,101673,7,101240,100,101674,7,101223,100,101708,100,101088,100,101727,100,100945,100,101887,100,100074,66,101976,100,100036,100,,,99932,100,,,99733,7
2019-06-28 11:05:50.000000000,101671,144,101243,178,101672,158,101240,178,101673,85,101223,178,101674,85,101088,178,101708,100,100945,100,101727,100,100074,66,101887,100,100036,100,101976,100,99932,100,,,99733,7,,,99619,100
2019-06-28 11:05:57.432809284,101290,100,101243,178,101671,144,101240,178,101672,158,101223,178,101673,85,101088,178,101674,85,100945,100,101708,100,100074,66,101727,100,100036,100,101887,100,99932,100,101976,100,99733,7,,,99619,100
2019-06-28 11:06:00.000000000,101290,44,101243,178,101671,144,101240,178,101672,158,101223,178,101673,85,101088,178,101674,7,100945,100,101708,100,100074,66,101727,100,100036,100,101887,100,99932,100,101976,100,99733,7,,,99619,100
2019-06-28 11:06:10.000000000,101671,376,101243,410,101672,80,101240,100,101673,7,101223,100,101674,7,101088,100,101708,100,100945,100,101727,100,100074,66,101887,100,100036,100,101976,100,99932,100,,,99733,7,,,99619,100
2019-06-28 11:06:15.787381234,101671,376,101243,410,101672,80,101240,100,101673,7,101223,100,101674,7,101088,100,101708,100,100945,100,101727,100,100917,100,101887,100,100074,66,101976,100,100036,100,,,99932,100,,,99733,7
2019-06-28 11:06:20.000000000,101671,376,101243,410,101672,80,101240,100,101673,7,101223,100,101674,7,101088,100,101708,100,100945,100,101727,100,100917,100,101887,100,100074,66,101976,100,100036,100,,,99932,100,,,99733,7
2019-06-28 11:06:20.414216459,101671,376,101243,410,101672,80,101240,100,101673,7,101223,100,101674,7,101088,100,101708,100,100945,100,101727,100,100917,100,101887,100,100449,100,101976,100,100074,66,,,100036,100,,,99932,100
2019-06-28 11:06:27.515869604,101671,376,101243,410,101672,80,101240,100,101673,7,101223,100,101674,7,101088,100,101708,100,100945,100,101727,100,100917,100,101887,100,100766,100,101976,100,100449,100,,,100074,66,,,100036,100
2019-06-28 11:06:30.000000000,101671,128,101243,162,101672,142,101240,162,101673,69,101223,162,101674,69,101088,162,101708,162,100945,162,101727,100,100917,100,101887,100,100766,100,101976,100,100449,100,,,100074,66,,,100036,100
2019-06-28 11:06:33.975879598,101671,128,101243,62,101672,142,101240,162,101673,69,101223,162,101674,69,101088,162,101708,162,100945,162,101727,100,100917,100,101887,100,100766,100,101976,100,100449,100,,,100074,66,,,100036,100
2019-06-28 11:06:40.000000000,101671,171,101240,205,101672,182,101223,202,101673,109,101088,202,101674,7,100945,100,101708,100,100917,100,101727,100,100766,100,101887,100,100449,100,101976,100,100074,66,,,100036,100,,,99932,100
2019-06-28 11:06:50.000000000,101671,144,101240,178,101672,158,101223,178,101673,85,101088,178,101674,85,100945,178,101708,100,100917,100,101727,100,100766,100,101887,100,100449,100,101976,100,100074,66,,,100036,100,,,99932,100
2019-06-28 11:06:50.920551962,101671,144,101240,178,101672,158,101223,178,101673,85,101088,178,101674,85,100945,178,101708,100,100917,100,101727,100,100766,100,101887,100,100484,100,101976,100,100449,100,,,100074,66,,,100036,100
2019-06-28 11:07:00.000000000,101672,145,101671,2,101673,69,101240,162,101674,69,101223,162,101708,162,101088,162,101727,100,100945,162,101887,100,100917,162,101976,100,100766,100,,,100484,100,,,100449,100,,,100074,66
2019-06-28 11:07:08.433641381,101672,145,101671,2,101673,69,101240,162,101674,69,101223,162,101708,162,101088,162,101727,100,100945,162,101887,100,100917,162,101976,100,100766,100,,,100484,100,,,100449,100,,,100413,100
2019-06-28 11:07:10.000000000,101672,188,101671,107,101673,109,101240,202,101674,109,101223,202,101708,100,101088,100,101727,100,100945,100,101887,100,100917,100,101976,100,100766,100,,,100484,100,,,100449,100,,,100413,100
2019-06-28 11:07:20.000000000,101672,188,101671,107,101673,109,101240,202,101674,109,101223,202,101708,100,101088,100,101727,100,100945,100,101887,100,100917,100,101976,100,100766,100,,,100484,100,,,100449,100,,,100413,100
2019-06-28 11:07:30.000000000,101672,188,101671,107,101673,109,101240,202,101674,109,101223,202,101708,100,101088,100,101727,100,100945,100,101887,100,100917,100,101976,100,100766,100,,,100484,100,,,100449,100,,,100413,100
2019-06-28 11:07:40.000000000,101672,188,101671,107,101673,109,101240,202,101674,109,101223,202,101708,100,101088,100,101727,100,100945,100,101887,100,100917,100,101976,100,100766,100,,,100484,100,,,100449,100,,,100413,100
2019-06-28 11:07:50.000000000,101672,393,101671,312,101673,7,101240,100,101674,7,101223,100,101708,100,101088,100,101727,100,100945,100,101887,100,100917,100,101976,100,100766,100,,,100484,100,,,100449,100,,,100413,100
2019-06-28 11:07:59.077661194,101672,393,101671,312,101673,7,101240,100,101674,7,101223,100,101708,100,101088,100,101727,100,100945,100,101887,100,100917,100,101976,100,100766,100,,,100484,100,,,100449,100,,,100413,100
2019-06-28 11:08:00.000000000,101672,266,101671,312,101673,7,101240,100,101674,7,101223,100,101708,100,101088,100,101727,100,100945,100,101887,100,100917,100,101976,100,100766,100,,,100484,100,,,100449,100,,,100413,100
2019-06-28 11:08:03.007965300,101672,266,101671,212,101673,7,101240,100,101674,7,101223,100,101708,100,101088,100,101727,100,100945,100,101887,100,100917,100,101976,100,100766,100,,,100484,100,,,100449,100,,,100413,100
2019-06-28 11:08:10.000000000,101672,317,101240,410,101673,7,101223,100,101674,7,101088,100,101708,100,100945,100,101727,100,100917,100,101887,100,100766,100,101976,100,100484,100,,,100449,100,,,100413,100,,,100074,66
2019-06-28 11:08:17.004419535,101672,317,101240,410,101673,7,101223,100,101674,7,101088,100,101708,100,100945,100,101727,100,100917,100,101887,100,100766,100,101976,100,100484,100,,,100449,100,,,100413,100,,,100074,66
2019-06-28 11:08:20.000000000,101672,85,101240,178,101673,85,101223,178,101674,85,101088,178,101708,178,100945,178,101727,100,100917,100,101887,100,100766,100,101976,100,100484,100,,,100449,100,,,100413,100,,,100074,66
2019-06-28 11:08:22.932180746,101672,85,101240,178,101673,85,101223,178,101674,85,101088,178,101708,178,100945,178,101727,100,100917,100,101887,100,100766,100,101976,100,100484,100,,,100449,100,,,100413,100,,,100074,66
2019-06-28 11:08:28.694693041,101671,100,101240,178,101672,85,101223,178,101673,85,101088,178,101674,85,100945,178,101708,178,100917,100,101727,100,100766,100,101887,100,100484,100,101976,100,100449,100,,,100413,100,,,100074,66
2019-06-28 11:08:30.000000000,101671,178,101240,178,101672,85,101223,178,101673,85,101088,178,101674,85,100945,178,101708,100,100917,100,101727,100,100766,100,101887,100,100484,100,101976,100,100449,100,,,100413,100,,,100074,66
2019-06-28 11:08:30.935610887,101671,178,101240,78,101672,85,101223,178,101673,85,101088,178,101674,85,100945,178,101708,100,100917,100,101727,100,100766,100,101887,100,100484,100,,,100449,100,,,100413,100,,,100074,66
2019-06-28 11:08:40.000000000,101671,410,101223,410,101672,7,101088,100,101673,7,100945,100,101674,7,100917,100,101708,100,100766,100,101727,100,100484,100,101887,100,100449,100,,,100413,100,,,100074,66,,,100036,100
2019-06-28 11:08:49.168163981,101670,100,101223,410,101671,410,101088,100,101672,7,100945,100,101673,7,100917,100,101674,7,100766,100,101708,100,100484,100,101727,100,100449,100,101887,100,100413,100,,,100074,66,,,100036,100
2019-06-28 11:08:50.000000000,101670,255,101223,255,101671,255,101088,255,101672,7,100945,100,101673,7,100917,100,101674,7,100766,100,101708,100,100484,100,101727,100,100449,100,101887,100,100413,100,,,100074,66,,,100036,100
2019-06-28 11:09:00.000000000,101670,121,101223,255,101671,255,101088,255,101672,7,100945,100,101673,7,100917,100,101674,7,100766,100,101708,100,100484,100,101727,100,100449,100,101887,100,100413,100,,,100074,66,,,100036,100
2019-06-28 11:09:02.288293497,101670,121,101223,155,101671,255,101088,255,101672,7,100945,100,101673,7,100917,100,101674,7,100766,100,101708,100,100484,100,101727,100,100449,100,101887,100,100413,100,,,100074,66,,,100036,100
2019-06-28 11:09:10.000000000,101671,178,101088,178,101672,85,100945,178,101673,85,100917,178,101674,85,100766,178,101708,100,100484,100,101727,100,100449,100,101887,100,100413,100,,,100074,66,,,100036,100,,,99932,100
2019-06-28 11:09:13.354715920,101671,178,101088,78,101672,85,100945,178,101673,85,100917,178,101674,85,100766,178,101708,100,100484,100,101727,100,100449,100,101887,100,100413,100,,,100074,66,,,100036,100,,,99932,100
2019-06-28 11:09:20.000000000,101671,255,100945,255,101672,162,100917,255,101673,7,100766,100,101674,7,100484,100,101708,100,100449,100,101727,100,100413,100,101887,100,100074,66,,,100036,100,,,99932,100,,,99870,100
2019-06-28 11:09:25.709540846,101671,255,100945,155,101672,162,100917,255,101673,7,100766,100,101674,7,100484,100,101708,100,100449,100,101727,100,100413,100,101887,100,100074,66,,,100036,100,,,99932,100,,,99870,100
2019-06-28 11:09:30.000000000,101671,255,100917,255,101672,162,100766,255,101673,7,100484,100,101674,7,100449,100,101708,100,100413,100,101727,100,100074,66,101887,100,100036,100,,,99932,100,,,99870,100,,,99868,100
2019-06-28 11:09:40.000000000,101671,255,100917,255,101672,162,100766,255,101673,7,100484,100,101674,7,100449,100,101708,100,100413,100,101727,100,100074,66,101887,100,100036,100,,,99932,100,,,99870,100,,,99868,100
2019-06-28 11:09:50.000000000,101671,205,100917,205,101672,109,100766,202,101673,109,100484,202,101674,7,100449,100,101708,100,100413,100,101727,100,100074,66,101887,100,100036,100,,,99932,100,,,99870,100,,,99868,100
2019-06-28 11:09:50.880032021,101671,205,100917,105,101672,109,100766,202,101673,109,100484,202,101674,7,100449,100,101708,100,100413,100,101727,100,100074,66,101887,100,100036,100,,,99932,100,,,99870,100,,,99868,100
2019-06-28 11:09:51.172064457,101671,205,100917,105,101672,109,100766,202,101673,109,100484,202,101674,7,100449,100,101708,100,100413,100,101727,100,100074,66,101887,100,100036,100,,,99932,100,,,99870,100,,,99868,100
2019-06-28 11:10:00.000000000,101671,28,100766,162,101672,69,100484,162,101673,69,100449,162,101674,69,100413,162,101708,162,100074,128,101727,100,100036,100,101887,100,99932,100,,,99870,100,,,99868,100,,,99760,100
2019-06-28 11:10:10.000000000,101672,85,100766,178,101673,85,100484,178,101674,85,100449,178,101708,178,100413,178,101727,100,100074,66,101887,100,100036,100,,,99932,100,,,99870,100,,,99868,100,,,99760,100
2019-06-28 11:10:20.000000000,101672,112,100766,205,101673,109,100484,202,101674,109,100449,202,101708,100,100413,100,101727,100,100074,66,101887,100,100036,100,,,99932,100,,,99870,100,,,99868,100,,,99760,100
2019-06-28 11:10:30.000000000,101672,112,100766,205,101673,109,100484,202,101674,109,100449,202,101708,100,100413,100,101727,100,100074,66,101887,100,100036,100,,,99932,100,,,99870,100,,,99868,100,,,99760,100
2019-06-28 11:10:37.106480459,101672,112,100766,105,101673,109,100484,202,101674,109,100449,202,101708,100,100413,100,101727,100,100196,100,101887,100,100074,66,,,100036,100,,,99932,100,,,99870,100,,,99868,100
2019-06-28 11:10:40.000000000,101672,317,100484,410,101673,7,100449,100,101674,7,100413,100,101708,100,100196,100,101727,100,100074,66,101887,100,100036,100,,,99932,100,,,99870,100,,,99868,100,,,99760,100
2019-06-28 11:10:50.000000000,101672,69,100484,162,101673,69,100449,162,101674,69,100413,162,101708,162,100196,162,101727,162,100074,128,101887,100,100036,100,,,99932,100,,,99870,100,,,99868,100,,,99760,100
2019-06-28 11:11:00.000000000,101673,37,101672,1,101674,85,100484,178,101708,178,100449,178,101727,100,100413,178,101887,100,100196,178,,,100074,66,,,100036,100,,,99932,100,,,99870,100,,,99868,100
2019-06-28 11:11:01.536990747,101672,99,100484,178,101673,37,100449,178,101674,85,100413,178,101708,178,100196,178,101727,100,100074,66,101887,100,100036,100,,,99932,100,,,99870,100,,,99868,100,,,99760,100
2019-06-28 11:11:10.000000000,101672,409,100484,410,101674,7,100449,100,101708,100,100413,100,101727,100,100196,100,101887,100,100074,66,,,100036,100,,,99932,100,,,99870,100,,,99868,100,,,99760,100
2019-06-28 11:11:12.310404866,101672,409,100484,310,101674,7,100449,100,101708,100,100413,100,101727,100,100196,100,101887,100,100074,66,,,100036,100,,,99932,100,,,99870,100,,,99868,100,,,99760,100
2019-06-28 11:11:20.000000000,101672,409,100449,410,101674,7,100413,100,101708,100,100196,100,101727,100,100074,66,101887,100,100036,100,,,99932,100,,,99870,100,,,99868,100,,,99760,100,,,99740,100
2019-06-28 11:11:24.732611446,101672,409,100449,410,101674,7,100413,100,101708,100,100196,100,101727,100,100074,66,101887,100,100036,100,,,99937,100,,,99932,100,,,99870,100,,,99868,100,,,99760,100
2019-06-28 11:11:30.000000000,101672,177,100449,178,101674,85,100413,178,101708,178,100196,178,101727,178,100074,144,101887,100,100036,100,,,99937,100,,,99932,100,,,99870,100,,,99868,100,,,99760,100
2019-06-28 11:11:40.000000000,101672,161,100449,162,101674,69,100413,162,101708,162,100196,162,101727,162,100074,128,101887,162,100036,162,,,99937,100,,,99932,100,,,99870,100,,,99868,100,,,99760,100
2019-06-28 11:11:50.000000000,101672,177,100449,178,101674,85,100413,178,101708,178,100196,178,101727,178,100074,144,101887,100,100036,100,,,99937,100,,,99932,100,,,99870,100,,,99868,100,,,99760,100
2019-06-28 11:12:00.000000000,101672,70,100449,205,101674,109,100413,202,101708,202,100196,202,101727,100,100074,66,101887,100,100036,100,,,99937,100,,,99932,100,,,99870,100,,,99868,100,,,99760,100
2019-06-28 11:12:01.742038653,101672,70,100449,205,101674,109,100413,202,101708,202,100196,202,101727,100,100074,66,101887,100,100036,100,,,99937,100,,,99932,100,,,99870,100,,,99868,100,,,99760,100
2019-06-28 11:12:10.000000000,101674,162,100449,255,101708,255,100413,255,101727,100,100196,100,101887,100,100074,66,,,100036,100,,,99937,100,,,99932,100,,,99870,100,,,99868,100,,,99760,100
2019-06-28 11:12:12.543126195,101672,100,100449,255,101674,162,100413,255,101708,255,100196,100,101727,100,100074,66,101887,100,100036,100,,,99937,100,,,99932,100,,,99870,100,,,99868,100,,,99760,100
2019-06-28 11:12:15.186983688,101672,200,100449,255,101674,162,100413,255,101708,255,100196,100,101727,100,100074,66,101887,100,100036,100,,,99937,100,,,99932,100,,,99870,100,,,99868,100,,,99760,100
2019-06-28 11:12:20.000000000,101672,305,100449,205,101674,109,100413,202,101708,202,100196,202,101727,100,100074,66,101887,100,100036,100,,,99937,100,,,99932,100,,,99870,100,,,99868,100,,,99760,100
2019-06-28 11:12:26.133199753,101672,305,100449,205,101674,109,100413,202,101708,202,100196,202,101727,100,100074,66,101887,100,100036,100,,,99937,100,,,99932,100,,,99870,100,,,99868,100,,,99760,100
2019-06-28 11:12:30.000000000,101672,305,100449,205,101674,109,100413,202,101708,202,100196,202,101727,100,100074,66,101887,100,100036,100,,,99937,100,,,99932,100,,,99870,100,,,99868,100,,,99760,100
2019-06-28 11:12:40.000000000,101672,278,100449,178,101674,85,100413,178,101708,178,100196,178,101727,178,100074,144,101887,100,100036,100,,,99937,100,,,99932,100,,,99870,100,,,99868,100,,,99760,100
2019-06-28 11:12:50.000000000,101672,510,100449,410,101674,7,100413,100,101708,100,100196,100,101727,100,100074,66,101887,100,100036,100,,,99937,100,,,99932,100,,,99870,100,,,99868,100,,,99760,100
2019-06-28 11:12:52.938092711,101672,610,100449,410,101674,7,100413,100,101708,100,100196,100,101727,100,100074,66,101887,100,100036,100,,,99937,100,,,99932,100,,,99870,100,,,99868,100,,,99760,100
2019-06-28 11:12:56.881754665,101672,610,100449,310,101674,7,100413,100,101708,100,100196,100,101727,100,100074,66,101887,100,100036,100,,,99937,100,,,99870,100,,,99868,100,,,99760,100,,,99740,100
2019-06-28 11:13:00.000000000,101672,476,100413,410,101674,7,100196,100,101708,100,100074,66,101727,100,100036,100,101887,100,99937,100,,,99870,100,,,99868,100,,,99760,100,,,99740,100,,,99733,7
2019-06-28 11:13:10.000000000,101672,271,100413,205,101674,109,100196,202,101708,202,100074,168,101727,100,100036,100,101887,100,99937,100,,,99870,100,,,99868,100,,,99760,100,,,99740,100,,,99733,7
2019-06-28 11:13:16.415034884,101672,271,100413,105,101674,109,100196,202,101708,202,100074,168,101727,100,100036,100,101887,100,99937,100,,,99870,100,,,99868,100,,,99760,100,,,99740,100,,,99733,7
2019-06-28 11:13:20.000000000,101672,321,100196,255,101674,162,100074,221,101708,100,100036,100,101727,100,99937,100,101887,100,99870,100,,,99868,100,,,99760,100,,,99740,100,,,99733,7,,,99566,7
2019-06-28 11:13:30.000000000,101672,321,100196,255,101674,162,100074,221,101708,100,100036,100,101727,100,99937,100,101887,100,99870,100,,,99868,100,,,99760,100,,,99740,100,,,99733,7,,,99566,7
2019-06-28 11:13:40.000000000,101672,476,100196,410,101674,7,100074,66,101708,100,100036,100,101727,100,99937,100,101887,100,99870,100,,,99868,100,,,99760,100,,,99740,100,,,99733,7,,,99566,7
2019-06-28 11:13:50.000000000,101672,321,100196,255,101674,162,100074,221,101708,100,100036,100,101727,100,99937,100,101887,100,99870,100,,,99868,100,,,99760,100,,,99740,100,,,99733,7,,,99566,7
2019-06-28 11:14:00.000000000,101672,110,100196,178,101674,85,100074,144,101708,178,100036,178,101727,178,99937,178,101887,100,99870,100,,,99868,100,,,99760,100,,,99740,100,,,99733,7,,,99566,7
2019-06-28 11:14:01.866084171,101672,210,100196,178,101674,85,100074,144,101708,178,100036,178,101727,178,99937,178,101887,100,99870,100,,,99868,100,,,99760,100,,,99740,100,,,99733,7,,,99566,7
2019-06-28 11:14:04.714970432,101672,210,100196,78,101674,85,100074,144,101708,178,100036,178,101727,178,99937,178,101887,100,99870,100,,,99868,100,,,99760,100,,,99740,100,,,99733,7,,,99566,7
2019-06-28 11:14:10.000000000,101672,194,100074,128,101674,69,100036,162,101708,162,99937,162,101727,162,99870,162,101887,162,99868,162,,,99760,100,,,99740,100,,,99733,7,,,99566,7,,,99102,100
2019-06-28 11:14:20.000000000,101672,287,100074,221,101674,162,100036,255,101708,100,99937,100,101727,100,99870,100,101887,100,99868,100,,,99760,100,,,99740,100,,,99733,7,,,99566,7,,,99102,100
2019-06-28 11:14:21.132240085,101672,187,100074,221,101674,162,100036,255,101708,100,99937,100,101727,100,99870,100,101887,100,99868,100,,,99760,100,,,99740,100,,,99733,7,,,99566,7,,,99102,100
2019-06-28 11:14:22.202392032,101672,187,100074,221,101674,162,100036,255,101708,100,99937,100,101727,100,99870,100,101887,100,99868,100,,,99760,100,,,99740,100,,,99733,7,,,99566,7,,,99307,100
2019-06-28 11:14:30.000000000,101672,137,100074,171,101674,109,100036,202,101708,202,99937,202,101727,100,99870,100,101887,100,99868,100,,,99760,100,,,99740,100,,,99733,7,,,99566,7,,,99307,100
2019-06-28 11:14:40.000000000,101672,94,100074,128,101674,69,100036,162,101708,162,99937,162,101727,162,99870,162,101887,162,99868,162,,,99760,100,,,99740,100,,,99733,7,,,99566,7,,,99307,100
2019-06-28 11:14:50.000000000,101672,94,100074,128,101674,69,100036,162,101708,162,99937,162,101727,162,99870,162,101887,162,99868,162,,,99760,100,,,99740,100,,,99733,7,,,99566,7,,,99307,100
2019-06-28 11:14:50.567990495,101672,94,100074,28,101674,69,100036,162,101708,162,99937,162,101727,162,99870,162,101887,162,99868,162,,,99760,100,,,99740,100,,,99733,7,,,99566,7,,,99307,100
2019-06-28 11:14:56.989809659,100074,72,100036,162,101672,94,99937,162,101674,69,99870,162,101708,162,99868,162,101727,162,99760,100,101887,162,99740,100,,,99733,7,,,99566,7,,,99307,100,,,99102,100
2019-06-28 11:15:00.000000000,100074,248,100036,410,101672,32,99937,100,101674,7,99870,100,101708,100,99868,100,101727,100,99760,100,101887,100,99740,100,,,99733,7,,,99566,7,,,99307,100,,,99102,100
2019-06-28 11:15:10.000000000,101672,342,100036,410,101674,7,99937,100,101708,100,99870,100,101727,100,99868,100,101887,100,99760,100,,,99740,100,,,99733,7,,,99566,7,,,99307,100,,,99102,100
2019-06-28 11:15:20.000000000,101672,342,100036,410,101674,7,99937,100,101708,100,99870,100,101727,100,99868,100,101887,100,99760,100,,,99740,100,,,99733,7,,,99566,7,,,99307,100,,,99102,100
2019-06-28 11:15:30.000000000,101672,137,100036,205,101674,109,99937,202,101708,202,99870,202,101727,100,99868,100,101887,100,99760,100,,,99740,100,,,99733,7,,,99566,7,,,99307,100,,,99102,100
2019-06-28 11:15:40.000000000,101672,137,100036,205,101674,109,99937,202,101708,202,99870,202,101727,100,99868,100,101887,100,99760,100,,,99740,100,,,99733,7,,,99566,7,,,99307,100,,,99102,100
2019-06-28 11:15:49.139418867,101672,137,100036,205,101674,109,99937,202,101708,202,99870,202,101727,100,99868,100,101887,100,99760,100,,,99740,100,,,99733,7,,,99566,7,,,99307,100,,,99149,100
2019-06-28 11:15:50.000000000,101672,187,100036,255,101674,162,99937,255,101708,100,99870,100,101727,100,99868,100,101887,100,99760,100,,,99740,100,,,99733,7,,,99566,7,,,99307,100,,,99149,100
2019-06-28 11:15:50.043384135,101672,187,100036,255,101674,162,99937,255,101708,100,99870,100,101727,100,99868,100,101887,100,99760,100,,,99740,100,,,99733,7,,,99566,7,,,99307,100,,,99240,100
2019-06-28 11:16:00.000000000,101672,208,100036,410,101674,7,99937,100,101708,100,99870,100,101727,100,99868,100,101887,100,99760,100,,,99740,100,,,99733,7,,,99566,7,,,99307,100,,,99240,100
2019-06-28 11:16:09.503473912,101672,208,100036,310,101674,7,99937,100,101708,100,99868,100,101727,100,99760,100,101887,100,99740,100,,,99733,7,,,99566,7,,,99307,100,,,99240,100,,,99149,100
2019-06-28 11:16:10.000000000,101674,69,99937,162,101708,162,99868,162,101727,162,99760,162,101887,162,99740,162,101888,62,99733,69,,,99566,7,,,99307,100,,,99240,100,,,99149,100,,,99102,100
2019-06-28 11:16:10.000749292,101674,69,99937,162,101708,162,99868,162,101727,162,99760,162,101887,162,99740,162,101888,62,99733,69,,,99566,7,,,99307,100,,,99275,100,,,99240,100,,,99149,100
2019-06-28 11:16:10.335364173,101674,69,99937,62,101708,162,99868,162,101727,162,99760,162,101887,162,99740,162,101888,62,99733,69,,,99566,7,,,99307,100,,,99240,100,,,99149,100,,,99102,100
2019-06-28 11:16:20.000000000,101674,317,99868,410,101708,100,99760,100,101727,100,99740,100,101887,100,99733,7,,,99566,7,,,99307,100,,,99240,100,,,99149,100,,,99102,100,,,99052,100
2019-06-28 11:16:27.300631645,100036,100,99868,410,101674,317,99760,100,101708,100,99740,100,101727,100,99733,7,101887,100,99566,7,,,99307,100,,,99240,100,,,99149,100,,,99102,100,,,99052,100
2019-06-28 11:16:30.000000000,100036,205,99868,205,101674,109,99760,202,101708,202,99740,202,101727,100,99733,7,101887,100,99566,7,,,99307,100,,,99240,100,,,99149,100,,,99102,100,,,99052,100
2019-06-28 11:16:32.697140378,100036,205,99868,105,101674,109,99760,202,101708,202,99740,202,101727,100,99733,7,101887,100,99566,7,,,99307,100,,,99240,100,,,99149,100,,,99102,100,,,99052,100
2019-06-28 11:16:40.000000000,100036,162,99760,162,101674,69,99740,162,101708,162,99733,69,101727,162,99566,69,101887,162,99307,162,,,99240,100,,,99149,100,,,99102,100,,,99052,100,,,,
2019-06-28 11:16:43.727740319,99937,100,99760,162,100036,162,99740,162,101674,69,99733,69,101708,162,99566,69,101727,162,99307,162,101887,162,99240,100,,,99149,100,,,99102,100,,,99052,100,,,,
2019-06-28 11:16:44.928179277,99937,200,99760,162,100036,162,99740,162,101674,69,99733,69,101708,162,99566,69,101727,162,99307,162,101887,162,99240,100,,,99149,100,,,99102,100,,,99052,100,,,,
2019-06-28 11:16:48.762656704,99937,200,99760,62,100036,162,99740,162,101674,69,99733,69,101708,162,99566,69,101727,162,99307,162,101887,162,99240,100,,,99149,100,,,99102,100,,,99052,100,,,,
2019-06-28 11:16:50.000000000,99937,278,99740,178,100036,178,99733,85,101674,85,99566,85,101708,178,99307,178,101727,100,99240,100,101887,100,99149,100,,,99102,100,,,99052,100,,,,,,,,
2019-06-28 11:16:50.826229669,99937,278,99740,78,100036,178,99733,85,101674,85,99566,85,101708,178,99307,178,101727,100,99240,100,101887,100,99149,100,,,99102,100,,,99052,100,,,,,,,,
2019-06-28 11:16:58.561460800,99937,278,99740,78,100036,178,99733,85,101674,85,99566,85,101708,178,99307,178,101727,100,99240,100,,,99195,100,,,99149,100,,,99102,100,,,99052,100,,,,
2019-06-28 11:17:00.000000000,99937,121,99733,69,100036,162,99566,69,101674,69,99307,162,101708,162,99240,162,101727,162,99195,162,,,99149,100,,,99102,100,,,99052,100,,,,,,,,
2019-06-28 11:17:10.000000000,99937,214,99733,162,100036,255,99566,162,101674,7,99307,100,101708,100,99240,100,101727,100,99195,100,,,99149,100,,,99102,100,,,99052,100,,,,,,,,
2019-06-28 11:17:14.647616469,99937,314,99733,162,100036,255,99566,162,101674,7,99307,100,101708,100,99240,100,101727,100,99195,100,,,99149,100,,,99102,100,,,99052,100,,,,,,,,
2019-06-28 11:17:20.000000000,99937,221,99733,69,100036,162,99566,69,101674,69,99307,162,101708,162,99240,162,101727,162,99195,162,,,99149,100,,,99102,100,,,99052,100,,,,,,,,
2019-06-28 11:17:24.441211557,99733,31,99566,69,99937,221,99307,162,100036,162,99240,162,101674,69,99195,162,101708,162,99149,100,101727,162,99102,100,,,99052,100,,,,,,,,,,,,
2019-06-28 11:17:25.067397030,99733,31,99566,69,99936,100,99307,162,99937,221,99240,162,100036,62,99195,162,101674,69,99149,100,101708,162,99102,100,101727,162,99052,100,,,,,,,,,,,,
2019-06-28 11:17:30.000000000,99733,136,99566,112,99936,202,99307,202,99937,261,99240,202,101674,7,99195,100,101708,100,99149,100,101727,100,99102,100,,,99052,100,,,,,,,,,,,,
2019-06-28 11:17:40.000000000,99733,109,99566,85,99936,178,99307,178,99937,237,99240,178,101674,85,99195,178,101708,100,99149,100,101727,100,99102,100,,,99052,100,,,,,,,,,,,,
2019-06-28 11:17:43.930942929,99733,109,99566,85,99936,178,99373,100,99937,237,99307,178,101674,85,99240,178,101708,100,99195,178,101727,100,99149,100,,,99102,100,,,99052,100,,,,,,,,
2019-06-28 11:17:50.000000000,99733,93,99566,69,99936,162,99373,162,99937,221,99307,162,101674,69,99240,162,101708,162,99195,162,101727,100,99149,100,,,99102,100,,,99052,100,,,,,,,,
2019-06-28 11:18:00.000000000,99936,202,99733,5,99937,261,99566,112,101674,7,99373,202,101708,100,99307,202,101727,100,99240,100,,,99195,100,,,99149,100,,,99102,100,,,99052,100,,,,
2019-06-28 11:18:02.874567667,99733,95,99566,112,99936,202,99373,202,99937,261,99307,202,101674,7,99240,100,101708,100,99195,100,101727,100,99149,100,,,99102,100,,,99052,100,,,,,,,,
2019-06-28 11:18:05.851198918,99733,95,99566,112,99936,202,99373,202,99937,261,99307,202,101674,7,99240,100,101708,100,99235,100,101727,100,99195,100,,,99149,100,,,99102,100,,,99052,100,,,,
2019-06-28 11:18:10.000000000,99733,250,99566,162,99936,255,99373,255,99937,159,99307,100,101674,7,99240,100,101708,100,99235,100,101727,100,99195,100,,,99149,100,,,99102,100,,,99052,100,,,,
2019-06-28 11:18:20.000000000,99733,157,99566,69,99936,162,99373,162,99937,221,99307,162,101674,69,99240,162,101708,162,99235,162,101727,100,99195,100,,,99149,100,,,99102,100,,,99052,100,,,,
2019-06-28 11:18:25.624875747,99733,157,99566,69,99936,162,99373,162,99937,221,99307,162,100037,100,99240,162,101674,69,99235,162,101708,162,99195,100,101727,100,99149,100,,,99102,100,,,99052,100,,,,
2019-06-28 11:18:30.000000000,99733,250,99566,162,99936,255,99373,255,99937,159,99307,100,100037,100,99240,100,101674,7,99235,100,101708,100,99195,100,101727,100,99149,100,,,99102,100,,,99052,100,,,,
2019-06-28 11:18:40.000000000,99733,173,99566,85,99936,178,99373,178,99937,237,99307,178,100037,178,99240,178,101674,7,99235,100,101708,100,99195,100,101727,100,99149,100,,,99102,100,,,99052,100,,,,
2019-06-28 11:18:49.353452929,99733,73,99566,85,99936,178,99373,178,99937,237,99307,178,100037,178,99240,178,101674,7,99235,100,101708,100,99195,100,101727,100,99149,100,,,99102,100,,,99052,100,,,,
2019-06-28 11:18:50.000000000,99936,205,99566,112,99937,261,99373,202,100037,202,99307,202,101674,7,99240,100,101708,100,99235,100,101727,100,99195,100,,,99149,100,,,99102,100,,,99052,100,,,,
2019-06-28 11:18:57.444926708,99936,105,99566,112,99937,261,99373,202,100037,202,99307,202,101674,7,99240,100,101708,100,99235,100,101727,100,99195,100,,,99149,100,,,99102,100,,,99052,100,,,,
2019-06-28 11:19:00.000000000,99937,173,99566,162,100037,255,99373,255,101674,7,99307,100,101708,100,99240,100,101727,100,99235,100,,,99195,100,,,99149,100,,,99102,100,,,99052,100,,,,
2019-06-28 11:19:10.000000000,99937,80,99566,69,100037,162,99373,162,101674,69,99307,162,101708,162,99240,162,101727,162,99235,162,,,99195,100,,,99149,100,,,99102,100,,,99052,100,,,,
2019-06-28 11:19:20.000000000,99937,328,99566,317,100037,100,99373,100,101674,7,99307,100,101708,100,99240,100,101727,100,99235,100,,,99195,100,,,99149,100,,,99102,100,,,99052,100,,,,
2019-06-28 11:19:21.496536747,99937,328,99750,100,100037,100,99566,317,101674,7,99373,100,101708,100,99307,100,101727,100,99240,100,,,99235,100,,,99195,100,,,99149,100,,,99102,100,,,99052,100
2019-06-28 11:19:28.714375853,99937,310,99750,100,100037,100,99566,317,101674,7,99373,100,101708,100,99307,100,101727,100,99240,100,,,99235,100,,,99195,100,,,99149,100,,,99102,100,,,99052,100
2019-06-28 11:19:29.600217010,99937,310,99750,100,100037,100,99674,100,101674,7,99566,317,101708,100,99373,100,101727,100,99307,100,,,99240,100,,,99235,100,,,99195,100,,,99149,100,,,99102,100
2019-06-28 11:19:30.000000000,100037,255,99750,255,101674,162,99674,255,101708,100,99566,7,101727,100,99373,100,,,99307,100,,,99240,100,,,99235,100,,,99195,100,,,99149,100,,,99102,100
2019-06-28 11:19:32.626311991,100037,255,99750,155,101674,162,99674,255,101708,100,99566,7,101727,100,99373,100,,,99307,100,,,99240,100,,,99235,100,,,99195,100,,,99149,100,,,99102,100
2019-06-28 11:19:40.000000000,100037,410,99674,410,101674,7,99566,7,101708,100,99373,100,101727,100,99307,100,,,99240,100,,,99235,100,,,99195,100,,,99149,100,,,99102,100,,,99052,100
2019-06-28 11:19:50.000000000,100037,255,99674,255,101674,162,99566,162,101708,100,99373,100,101727,100,99307,100,,,99240,100,,,99235,100,,,99195,100,,,99149,100,,,99102,100,,,99052,100
2019-06-28 11:20:00.000000000,100037,28,99674,162,101674,69,99566,69,101708,162,99373,162,101727,162,99307,162,101728,62,99240,162,,,99235,100,,,99195,100,,,99149,100,,,99102,100,,,99052,100
2019-06-28 11:20:05.089629044,101674,69,100037,72,101708,162,99674,162,101727,162,99566,69,101728,62,99373,162,,,99307,162,,,99240,162,,,99235,100,,,99195,100,,,99149,100,,,99102,100
2019-06-28 11:20:10.000000000,101674,317,100037,382,101708,100,99674,100,101727,100,99566,7,,,99373,100,,,99307,100,,,99240,100,,,99235,100,,,99195,100,,,99149,100,,,99102,100
2019-06-28 11:20:13.134747954,101674,317,100147,100,101708,100,100037,382,101727,100,99674,100,,,99566,7,,,99373,100,,,99307,100,,,99240,100,,,99235,100,,,99195,100,,,99149,100
2019-06-28 11:20:14.909883511,101674,317,100230,100,101708,100,100147,100,101727,100,100037,382,,,99674,100,,,99566,7,,,99373,100,,,99307,100,,,99240,100,,,99235,100,,,99195,100
2019-06-28 11:20:20.000000000,101674,69,100230,162,101708,162,100147,162,101727,162,100037,134,101728,62,99674,162,,,99566,69,,,99373,100,,,99307,100,,,99240,100,,,99235,100,,,99195,100
2019-06-28 11:20:23.432848847,101674,69,100230,162,101708,162,100147,162,101727,162,100037,234,101728,62,99674,162,,,99566,69,,,99373,100,,,99307,100,,,99240,100,,,99235,100,,,99195,100
2019-06-28 11:20:27.994765423,100278,100,100230,162,101674,69,100147,162,101708,162,100037,234,101727,162,99674,162,101728,62,99566,69,,,99373,100,,,99307,100,,,99240,100,,,99235,100,,,99195,100
2019-06-28 11:20:30.000000000,100278,410,100230,410,101674,7,100147,100,101708,100,100037,172,101727,100,99674,100,,,99566,7,,,99373,100,,,99307,100,,,99240,100,,,99235,100,,,99195,100
2019-06-28 11:20:40.000000000,100278,410,100230,410,101674,7,100147,100,101708,100,100037,172,101727,100,99674,100,,,99566,7,,,99373,100,,,99307,100,,,99240,100,,,99235,100,,,99195,100
2019-06-28 11:20:50.000000000,100278,178,100230,178,101674,85,100147,178,101708,178,100037,250,101727,178,99674,178,,,99566,7,,,99373,100,,,99307,100,,,99240,100,,,99235,100,,,99195,100
2019-06-28 11:20:50.522453826,100278,178,100230,178,101674,85,100147,178,101708,178,100037,350,101727,178,99674,178,,,99566,7,,,99373,100,,,99307,100,,,99240,100,,,99235,100,,,99195,100
2019-06-28 11:20:52.372389393,100278,178,100230,178,101674,85,100147,178,101708,178,100037,350,101727,178,100001,100,,,99674,178,,,99566,7,,,99373,100,,,99307,100,,,99240,100,,,99235,100
2019-06-28 11:21:00.000000000,100278,44,100230,178,101674,85,100147,178,101708,178,100037,350,101727,178,100001,178,,,99674,100,,,99566,7,,,99373,100,,,99307,100,,,99240,100,,,99235,100
2019-06-28 11:21:10.000000000,101674,112,100230,205,101708,202,100147,202,101727,202,100037,374,,,100001,100,,,99674,100,,,99566,7,,,99373,100,,,99307,100,,,99240,100,,,99235,100
2019-06-28 11:21:20.000000000,101674,85,100230,178,101708,178,100147,178,101727,178,100037,350,101728,78,100001,178,,,99674,100,,,99566,7,,,99373,100,,,99307,100,,,99240,100,,,99235,100
2019-06-28 11:21:30.000000000,101674,85,100230,178,101708,178,100147,178,101727,178,100037,350,101728,78,100001,178,,,99674,100,,,99566,7,,,99373,100,,,99307,100,,,99240,100,,,99235,100
2019-06-28 11:21:40.000000000,101674,69,100230,162,101708,162,100147,162,101727,162,100037,334,101728,62,100001,162,,,99674,162,,,99566,7,,,99373,100,,,99307,100,,,99240,100,,,99235,100
2019-06-28 11:21:50.000000000,101674,317,100230,410,101708,100,100147,100,101727,100,100037,272,,,100001,100,,,99674,100,,,99566,7,,,99373,100,,,99307,100,,,99240,100,,,99235,100
2019-06-28 11:21:57.680691051,100278,100,100230,410,101674,317,100147,100,101708,100,100037,272,101727,100,100001,100,,,99674,100,,,99566,7,,,99373,100,,,99307,100,,,99240,100,,,99235,100
2019-06-28 11:22:00.000000000,100278,276,100230,410,101674,7,100147,100,101708,100,100037,272,101727,100,100001,100,,,99674,100,,,99566,7,,,99373,100,,,99307,100,,,99240,100,,,99235,100
2019-06-28 11:22:01.751562424,100278,276,100230,310,101674,7,100147,100,101708,100,100037,272,101727,100,100001,100,,,99674,100,,,99566,7,,,99373,100,,,99307,100,,,99240,100,,,99235,100
2019-06-28 11:22:10.000000000,101674,162,100147,255,101708,255,100037,427,101727,100,100001,100,,,99674,100,,,99566,7,,,99373,100,,,99307,100,,,99240,100,,,99235,100,,,99195,100
2019-06-28 11:22:20.000000000,101674,85,100147,178,101708,178,100037,350,101727,178,100001,178,101728,78,99674,178,,,99566,7,,,99373,100,,,99307,100,,,99240,100,,,99235,100,,,99195,100
2019-06-28 11:22:26.777495009,100278,100,100147,178,101674,85,100037,350,101708,178,100001,178,101727,178,99674,178,101728,78,99566,7,,,99373,100,,,99307,100,,,99240,100,,,99235,100,,,99195,100
2019-06-28 11:22:29.262223752,100278,100,100147,178,100467,100,100037,350,101674,85,100001,178,101708,178,99674,178,101727,178,99566,7,101728,78,99373,100,,,99307,100,,,99235,100,,,99195,100,,,99149,100
2019-06-28 11:22:30.000000000,100278,162,100147,162,100467,162,100037,334,101674,69,100001,162,101708,162,99674,162,101727,162,99566,69,,,99373,100,,,99307,100,,,99235,100,,,99195,100,,,99149,100
2019-06-28 11:22:37.368969124,100278,62,100230,100,100467,162,100147,162,101674,69,100037,334,101708,162,100001,162,101727,162,99674,162,,,99566,69,,,99373,100,,,99307,100,,,99235,100,,,99195,100
2019-06-28 11:22:40.000000000,100467,205,100230,205,101674,109,100147,202,101708,202,100037,374,101727,100,100001,100,,,99674,100,,,99566,7,,,99373,100,,,99307,100,,,99235,100,,,99195,100
2019-06-28 11:22:44.001564176,100467,205,100442,100,101674,109,100230,205,101708,202,100147,202,101727,100,100037,374,,,100001,100,,,99674,100,,,99566,7,,,99373,100,,,99307,100,,,99235,100
2019-06-28 11:22:50.000000000,100467,205,100442,205,101674,109,100230,202,101708,202,100147,202,101727,100,100037,272,,,100001,100,,,99674,100,,,99566,7,,,99373,100,,,99307,100,,,99235,100
2019-06-28 11:22:58.981661432,100467,205,100442,205,100613,100,100230,202,101674,109,100147,202,101708,202,100037,272,101727,100,100001,100,,,99674,100,,,99566,7,,,99373,100,,,99307,100,,,99235,100
2019-06-28 11:23:00.000000000,100467,207,100442,169,100613,255,100230,255,101674,7,100147,100,101708,100,100037,272,101727,100,100001,100,,,99674,100,,,99566,7,,,99373,100,,,99307,100,,,99235,100
2019-06-28 11:23:10.000000000,100467,114,100442,76,100613,162,100230,162,101674,69,100147,162,101708,162,100037,334,101727,162,100001,162,,,99674,100,,,99566,7,,,99373,100,,,99307,100,,,99235,100
2019-06-28 11:23:11.504608739,100467,214,100442,76,100613,162,100230,162,101674,69,100147,162,101708,162,100037,334,101727,162,100001,162,,,99674,100,,,99566,7,,,99373,100,,,99307,100,,,99235,100
2019-06-28 11:23:19.345692263,100467,214,100442,76,100613,162,100393,100,101674,69,100230,162,101708,162,100147,162,101727,162,100037,334,,,100001,162,,,99674,100,,,99566,7,,,99373,100,,,99307,100
2019-06-28 11:23:20.000000000,100467,230,100442,92,100613,178,100393,178,101674,85,100230,178,101708,178,100147,178,101727,100,100037,272,,,100001,100,,,99674,100,,,99566,7,,,99373,100,,,99307,100
2019-06-28 11:23:30.000000000,100467,214,100442,76,100613,162,100393,162,101674,69,100230,162,101708,162,100147,162,101727,162,100037,334,,,100001,100,,,99674,100,,,99566,7,,,99373,100,,,99307,100
2019-06-28 11:23:40.000000000,100467,214,100442,76,100613,162,100393,162,101674,69,100230,162,101708,162,100147,162,101727,162,100037,334,,,100001,100,,,99674,100,,,99566,7,,,99373,100,,,99307,100
2019-06-28 11:23:50.000000000,100467,230,100442,92,100613,178,100393,178,101674,85,100230,178,101708,178,100147,178,101727,100,100037,272,,,100001,100,,,99674,100,,,99566,7,,,99373,100,,,99307,100
2019-06-28 11:24:00.000000000,100442,6,100393,142,100467,230,100230,178,100613,178,100147,178,101674,85,100037,272,101708,178,100001,100,101727,100,99674,100,,,99566,7,,,99373,100,,,99307,100,,,99235,100
2019-06-28 11:24:10.000000000,100442,84,100393,142,100467,230,100230,178,100613,178,100147,178,101674,85,100037,350,101708,100,100001,100,101727,100,99674,100,,,99566,7,,,99373,100,,,99307,100,,,99235,100
2019-06-28 11:24:20.000000000,100442,68,100393,126,100467,214,100230,162,100613,162,100147,162,101674,69,100037,334,101708,162,100001,162,101727,100,99674,100,,,99566,7,,,99373,100,,,99307,100,,,99235,100
2019-06-28 11:24:30.000000000,100442,316,100393,374,100467,152,100230,100,100613,100,100147,100,101674,7,100037,272,101708,100,100001,100,101727,100,99674,100,,,99566,7,,,99373,100,,,99307,100,,,99235,100
2019-06-28 11:24:31.439095128,100442,316,100393,374,100467,152,100230,100,100613,100,100147,100,100655,100,100037,272,101674,7,100001,100,101708,100,99566,7,101727,100,99373,100,,,99307,100,,,99235,100,,,99195,100
2019-06-28 11:24:40.000000000,100442,68,100393,126,100467,214,100230,162,100613,162,100147,162,100655,162,100037,334,101674,69,100001,162,101708,100,99566,7,101727,100,99373,100,,,99307,100,,,99235,100,,,99195,100
2019-06-28 11:24:50.000000000,100442,111,100393,169,100467,254,100230,202,100613,202,100147,202,100655,100,100037,272,101674,7,100001,100,101708,100,99566,7,101727,100,99373,100,,,99307,100,,,99235,100,,,99195,100
2019-06-28 11:24:52.235451135,100442,111,100415,100,100467,254,100393,169,100613,202,100230,202,100655,100,100147,202,101674,7,100037,272,101708,100,100001,100,101727,100,99566,7,,,99373,100,,,99307,100,,,99235,100
2019-06-28 11:25:00.000000000,100442,161,100415,121,100467,307,100393,219,100613,100,100230,100,100655,100,100147,100,101674,7,100037,272,101708,100,100001,100,101727,100,99566,7,,,99373,100,,,99307,100,,,99235,100
2019-06-28 11:25:10.000000000,100442,68,100393,126,100467,214,100230,162,100613,162,100147,162,100655,162,100037,334,101674,69,100001,162,101708,100,99566,7,101727,100,99373,100,,,99307,100,,,99235,100,,,99195,100
2019-06-28 11:25:16.600312584,100442,68,100415,100,100467,214,100393,126,100613,162,100230,162,100655,162,100147,162,101674,69,100037,334,101708,100,100001,162,101727,100,99566,7,,,99373,100,,,99307,100,,,99235,100
2019-06-28 11:25:20.000000000,100442,111,100415,205,100467,254,100393,166,100613,202,100230,202,100655,100,100147,100,101674,7,100037,272,101708,100,100001,100,101727,100,99566,7,,,99373,100,,,99307,100,,,99235,100
2019-06-28 11:25:21.414587981,100442,11,100415,205,100467,254,100393,166,100613,202,100230,202,100655,100,100147,100,101674,7,100037,272,101708,100,100001,100,101727,100,99566,7,,,99373,100,,,99307,100,,,99235,100
2019-06-28 11:25:30.000000000,100467,462,100415,410,100613,100,100393,64,100655,100,100230,100,101674,7,100147,100,101708,100,100037,272,101727,100,100001,100,,,99566,7,,,99373,100,,,99307,100,,,99235,100
2019-06-28 11:25:40.000000000,100467,230,100415,178,100613,178,100393,142,100655,178,100230,178,101674,85,100147,178,101708,100,100037,272,101727,100,100001,100,,,99566,7,,,99373,100,,,99307,100,,,99235,100
2019-06-28 11:25:50.000000000,100467,257,100415,205,100613,202,100393,166,100655,202,100230,202,101674,7,100147,100,101708,100,100037,272,101727,100,100001,100,,,99566,7,,,99373,100,,,99307,100,,,99235,100
2019-06-28 11:25:54.991761406,100467,257,100415,105,100613,202,100393,166,100655,202,100230,202,101674,7,100147,100,101708,100,100037,272,101727,100,100001,100,,,99566,7,,,99373,100,,,99307,100,,,99235,100
2019-06-28 11:26:00.000000000,100393,4,100230,158,100467,214,100147,162,100613,162,100037,334,100655,162,100001,162,101674,69,99566,7,101708,162,99373,100,101727,100,99307,100,,,99235,100,,,99195,100,,,99149,100
2019-06-28 11:26:03.237541938,100393,4,100288,100,100467,214,100230,158,100613,162,100147,162,100655,162,100037,334,101674,69,100001,162,101708,162,99566,7,101727,100,99373,100,,,99307,100,,,99235,100,,,99195,100
2019-06-28 11:26:07.886392114,100393,4,100291,100,100467,214,100288,100,100613,162,100230,158,100655,162,100147,162,101674,69,100037,334,101708,162,100001,162,101727,100,99566,7,,,99373,100,,,99307,100,,,99235,100
2019-06-28 11:26:08.004289861,100361,100,100291,100,100393,4,100288,100,100467,214,100230,158,100613,162,100147,162,100655,162,100037,334,101674,69,100001,162,101708,162,99566,7,101727,100,99373,100,,,99307,100,,,99235,100
2019-06-28 11:26:10.000000000,100361,255,100291,255,100393,159,100288,255,100467,152,100230,96,100613,100,100147,100,100655,100,100037,272,101674,7,100001,100,101708,100,99566,7,101727,100,99373,100,,,99307,100,,,99235,100
2019-06-28 11:26:10.036487904,100311,100,100291,255,100361,255,100288,255,100393,159,100230,96,100467,152,100147,100,100613,100,100037,272,100655,100,100001,100,101674,7,99566,7,101708,100,99373,100,101727,100,99307,100,,,99235,100
2019-06-28 11:26:19.824974764,100311,100,100291,155,100361,255,100288,255,100393,159,100230,96,100467,152,100147,100,100613,100,100037,272,100655,100,100001,100,101674,7,99566,7,101727,100,99373,100,,,99307,100,,,99235,100
2019-06-28 11:26:20.000000000,100311,162,100288,162,100361,162,100230,158,100393,66,100147,162,100467,214,100037,334,100613,162,100001,162,100655,100,99566,7,101674,7,99373,100,101727,100,99307,100,,,99235,100,,,99195,100
2019-06-28 11:26:30.000000000,100311,205,100288,205,100361,202,100230,198,100393,106,100147,202,100467,152,100037,272,100613,100,100001,100,100655,100,99566,7,101674,7,99373,100,101727,100,99307,100,,,99235,100,,,99195,100
2019-06-28 11:26:32.325757077,100311,205,100288,205,100361,202,100230,198,100393,106,100163,100,100467,152,100147,202,100613,100,100037,272,100655,100,100001,100,101674,7,99566,7,101727,100,99373,100,,,99307,100,,,99235,100
2019-06-28 11:26:40.000000000,100311,162,100288,162,100361,162,100230,158,100393,66,100163,162,100467,214,100147,162,100613,162,100037,334,100655,100,100001,100,101674,7,99566,7,101727,100,99373,100,,,99307,100,,,99235,100
2019-06-28 11:26:50.000000000,100311,255,100288,255,100361,255,100230,251,100393,4,100163,100,100467,152,100147,100,100613,100,100037,272,100655,100,100001,100,101674,7,99566,7,101727,100,99373,100,,,99307,100,,,99235,100
2019-06-28 11:27:00.000000000,100311,178,100288,44,100361,178,100230,174,100393,82,100163,178,100467,230,100147,178,100613,100,100037,272,100655,100,100001,100,101674,7,99566,7,101727,100,99373,100,,,99307,100,,,99235,100
2019-06-28 11:27:10.000000000,100311,205,100230,201,100361,202,100163,202,100393,106,100147,202,100467,152,100037,272,100613,100,100001,100,100655,100,99566,7,101674,7,99373,100,101727,100,99307,100,,,99235,100,,,99195,100
2019-06-28 11:27:20.000000000,100311,205,100230,201,100361,202,100163,202,100393,106,100147,202,100467,152,100037,272,100613,100,100001,100,100655,100,99566,7,101674,7,99373,100,101727,100,99307,100,,,99235,100,,,99195,100
2019-06-28 11:27:21.669684016,100311,205,100230,201,100361,202,100163,202,100393,106,100147,102,100467,152,100037,272,100613,100,100001,100,100655,100,99656,100,101674,7,99566,7,101727,100,99373,100,,,99307,100,,,99235,100
2019-06-28 11:27:23.551887020,100311,205,100230,101,100361,202,100163,202,100393,106,100147,102,100467,152,100037,272,100613,100,100001,100,100655,100,99656,100,101674,7,99566,7,101727,100,99373,100,,,99307,100,,,99235,100
2019-06-28 11:27:30.000000000,100311,162,100163,162,100361,162,100037,334,100393,66,100001,162,100467,214,99656,162,100613,162,99566,69,100655,100,99373,100,101674,7,99307,100,101727,100,99235,100,,,99195,100,,,99149,100
2019-06-28 11:27:35.910429572,100311,162,100163,162,100361,162,100037,334,100393,66,100001,162,100467,214,99656,162,100613,162,99566,69,100655,100,99523,100,101674,7,99373,100,,,99307,100,,,99235,100,,,99195,100
2019-06-28 11:27:40.000000000,100311,205,100163,205,100361,202,100037,374,100393,106,100001,202,100467,152,99656,100,100613,100,99566,7,100655,100,99523,100,101674,7,99373,100,,,99307,100,,,99235,100,,,99195,100
2019-06-28 11:27:40.282735532,100311,205,100163,205,100361,202,100037,374,100393,106,100001,202,100467,152,99730,100,100613,100,99656,100,100655,100,99566,7,101674,7,99523,100,,,99373,100,,,99307,100,,,99235,100
2019-06-28 11:27:43.750402503,100288,100,100163,205,100311,205,100037,374,100361,202,100001,202,100393,106,99730,100,100467,152,99656,100,100613,100,99566,7,100655,100,99523,100,101674,7,99373,100,,,99307,100,,,99235,100
2019-06-28 11:27:50.000000000,100288,178,100163,178,100311,178,100037,350,100361,178,100001,178,100393,82,99730,178,100467,152,99656,100,100613,100,99566,7,100655,100,99523,100,101674,7,99373,100,,,99307,100,,,99235,100
2019-06-28 11:28:00.000000000,100288,255,100163,121,100311,255,100037,427,100361,100,100001,100,100393,4,99730,100,100467,152,99656,100,100613,100,99566,7,100655,100,99523,100,101674,7,99373,100,,,99307,100,,,99235,100
2019-06-28 11:28:00.336949084,100288,255,100163,121,100311,255,100037,355,100361,100,100001,100,100393,4,99730,100,100467,152,99656,100,100613,100,99566,7,100655,100,99523,100,101674,7,99473,100,,,99373,100,,,99307,100
2019-06-28 11:28:10.000000000,100288,162,100037,262,100311,162,100001,162,100361,162,99730,162,100393,66,99656,162,100467,214,99566,69,100613,100,99523,100,100655,100,99473,100,101674,7,99373,100,,,99307,100,,,99235,100
2019-06-28 11:28:20.000000000,100288,205,100037,305,100311,202,100001,202,100361,202,99730,202,100393,4,99656,100,100467,152,99566,7,100613,100,99523,100,100655,100,99473,100,101674,7,99373,100,,,99307,100,,,99235,100
2019-06-28 11:28:30.000000000,100288,410,100037,510,100311,100,100001,100,100361,100,99730,100,100393,4,99656,100,100467,152,99566,7,100613,100,99523,100,100655,100,99473,100,101674,7,99373,100,,,99307,100,,,99235,100
2019-06-28 11:28:36.421008875,100163,100,100037,510,100288,410,100001,100,100311,100,99730,100,100361,100,99656,100,100393,4,99566,7,100467,152,99523,100,100613,100,99473,100,100655,100,99373,100,101674,7,99307,100,,,99235,100
2019-06-28 11:28:40.000000000,100163,178,100037,278,100288,178,100001,178,100311,178,99730,178,100361,178,99656,178,100393,4,99566,7,100467,152,99523,100,100613,100,99473,100,100655,100,99373,100,101674,7,99307,100,,,99235,100
2019-06-28 11:28:50.000000000,100163,255,100037,355,100288,255,100001,255,100311,100,99730,100,100361,100,99656,100,100393,4,99566,7,100467,152,99523,100,100613,100,99473,100,100655,100,99373,100,101674,7,99307,100,,,99235,100
2019-06-28 11:29:00.000000000,100163,255,100037,221,100288,255,100001,255,100311,100,99730,100,100361,100,99656,100,100393,4,99566,7,100467,152,99523,100,100613,100,99473,100,100655,100,99373,100,101674,7,99307,100,,,99235,100
2019-06-28 11:29:10.000000000,100163,410,100037,376,100288,100,100001,100,100311,100,99730,100,100361,100,99656,100,100393,4,99566,7,100467,152,99523,100,100613,100,99473,100,100655,100,99373,100,101674,7,99307,100,,,99235,100
2019-06-28 11:29:20.000000000,100163,178,100037,144,100288,178,100001,178,100311,178,99730,178,100361,178,99656,178,100393,4,99566,7,100467,152,99523,100,100613,100,99473,100,100655,100,99373,100,101674,7,99307,100,,,99235,100
2019-06-28 11:29:27.204386508,100163,178,100037,44,100288,178,100001,178,100311,178,99730,178,100361,178,99656,178,100393,4,99566,7,100467,152,99523,100,100655,100,99473,100,101674,7,99373,100,,,99307,100,,,99235,100
2019-06-28 11:29:30.000000000,100163,162,100001,162,100288,162,99730,162,100311,162,99656,162,100361,162,99566,69,100393,66,99523,162,100467,152,99473,100,100655,100,99373,100,101674,7,99307,100,,,99235,100,,,99195,100
2019-06-28 11:29:32.600874533,100163,162,100001,62,100288,162,99730,162,100311,162,99656,162,100361,162,99566,69,100393,66,99523,162,100467,152,99473,100,100655,100,99373,100,101674,7,99307,100,,,99235,100,,,99195,100
2019-06-28 11:29:40.000000000,100163,205,99730,205,100288,202,99656,202,100311,202,99566,109,100361,100,99523,100,100393,4,99473,100,100467,152,99373,100,100655,100,99307,100,101674,7,99235,100,,,99195,100,,,99149,100
2019-06-28 11:29:48.432672756,100163,205,99730,205,100288,202,99656,102,100311,202,99566,109,100361,100,99523,100,100393,4,99473,100,100467,152,99373,100,100655,100,99307,100,101674,7,99235,100,,,99195,100,,,99149,100
2019-06-28 11:29:50.000000000,100163,205,99730,205,100288,202,99566,109,100311,202,99523,202,100361,100,99473,100,100393,4,99373,100,100467,152,99307,100,100655,100,99235,100,101674,7,99195,100,,,99149,100,,,99102,100
2019-06-28 11:30:00.000000000,100163,162,99730,28,100288,162,99566,69,100311,162,99523,162,100361,162,99473,162,100393,66,99373,162,100467,152,99307,100,100655,100,99235,100,101674,7,99195,100,,,99149,100,,,99102,100
2019-06-28 11:30:10.000000000,100163,255,99566,162,100288,255,99523,255,100311,100,99473,100,100361,100,99373,100,100393,4,99307,100,100467,152,99235,100,100655,100,99195,100,101674,7,99149,100,,,99102,100,,,99052,100
2019-06-28 11:30:18.156958846,100163,255,99566,62,100288,255,99523,255,100311,100,99473,100,100361,100,99373,100,100393,4,99307,100,100467,152,99235,100,100655,100,99195,100,101674,7,99149,100,,,99102,100,,,99052,100
2019-06-28 11:30:20.000000000,100163,178,99523,178,100288,178,99473,178,100311,178,99373,178,100361,178,99307,178,100393,4,99235,100,100467,152,99195,100,100655,100,99149,100,101674,7,99102,100,,,99052,100,,,98865,100
2019-06-28 11:30:30.000000000,100163,162,99523,162,100288,162,99473,162,100311,162,99373,162,100361,162,99307,162,100393,66,99235,162,100467,152,99195,100,100655,100,99149,100,101674,7,99102,100,,,99052,100,,,98865,100
2019-06-28 11:30:40.000000000,100163,205,99523,205,100288,202,99473,202,100311,202,99373,202,100361,100,99307,100,100393,4,99235,100,100467,152,99195,100,100655,100,99149,100,101674,7,99102,100,,,99052,100,,,98865,100
2019-06-28 11:30:46.499424088,100163,205,99523,205,100288,202,99473,202,100311,202,99373,202,100361,100,99307,100,100393,4,99235,100,100467,52,99195,100,100655,100,99149,100,101674,7,99102,100,,,99052,100,,,98865,100
2019-06-28 11:30:48.065180581,100163,205,99523,205,100288,202,99473,202,100311,202,99373,202,100361,100,99307,100,100393,4,99235,100,100467,52,99195,100,100655,100,99149,100,101674,7,99102,100,,,99052,100,,,98865,100
2019-06-28 11:30:50.000000000,100163,410,99523,410,100288,100,99473,100,100311,100,99373,100,100361,100,99307,100,100393,4,99235,100,100467,52,99195,100,100655,100,99149,100,101674,7,99102,100,,,99052,100,,,98865,100
2019-06-28 11:30:56.605994726,100163,410,99523,310,100288,100,99473,100,100311,100,99373,100,100361,100,99307,100,100393,4,99235,100,100467,52,99195,100,100655,100,99149,100,101674,7,99102,100,,,99052,100,,,98865,100
2019-06-28 11:31:00.000000000,100163,255,99473,128,100288,255,99373,255,100311,100,99307,100,100361,100,99235,100,100393,4,99195,100,100467,52,99149,100,100655,100,99102,100,101674,7,99052,100,,,98865,100,,,98447,100
2019-06-28 11:31:08.426329822,100163,255,99473,28,100288,255,99373,255,100311,100,99307,100,100361,100,99235,100,100393,4,99195,100,100655,100,99149,100,101674,7,99102,100,,,99052,100,,,98865,100,,,98447,100
2019-06-28 11:31:10.000000000,100163,255,99473,162,100288,255,99373,255,100311,100,99307,100,100361,100,99235,100,100393,4,99195,100,100655,100,99149,100,101674,7,99102,100,,,99052,100,,,98865,100,,,98447,100
2019-06-28 11:31:20.000000000,100163,178,99473,85,100288,178,99373,178,100311,178,99307,178,100361,178,99235,178,100393,4,99195,100,100655,100,99149,100,101674,7,99102,100,,,99052,100,,,98865,100,,,98447,100
2019-06-28 11:31:24.280726282,99473,15,99373,178,100163,178,99307,178,100288,178,99235,178,100311,178,99195,100,100361,178,99149,100,100393,4,99102,100,100655,100,99052,100,101674,7,98865,100,,,98447,100,,,,
2019-06-28 11:31:30.000000000,99473,93,99373,178,100163,178,99307,178,100288,178,99235,178,100311,178,99195,178,100361,100,99149,100,100393,4,99102,100,100655,100,99052,100,101674,7,98865,100,,,98447,100,,,,
2019-06-28 11:31:32.432074885,99473,93,99373,178,100163,178,99307,178,100288,178,99235,178,100311,178,99195,178,100361,100,99149,100,100393,4,99102,100,100655,100,98865,100,101674,7,98447,100,,,98189,100,,,,
2019-06-28 11:31:40.000000000,99473,120,99373,205,100163,202,99307,202,100288,202,99235,202,100311,100,99195,100,100361,100,99149,100,100393,4,99102,100,100655,100,98865,100,101674,7,98447,100,,,98189,100,,,,
2019-06-28 11:31:48.278272018,99473,220,99373,205,100163,202,99307,202,100288,202,99235,202,100311,100,99195,100,100361,100,99149,100,100393,4,99102,100,100655,100,98865,100,101674,7,98447,100,,,98189,100,,,,
2019-06-28 11:31:50.000000000,99473,270,99373,255,100163,255,99307,255,100288,100,99235,100,100311,100,99195,100,100361,100,99149,100,100393,4,99102,100,100655,100,98865,100,101674,7,98447,100,,,98189,100,,,,
2019-06-28 11:31:55.140610751,99473,270,99373,255,100163,255,99307,255,100288,100,99235,100,100311,100,99195,100,100361,100,99149,100,100393,4,99102,100,100655,100,98865,100,101674,7,98447,100,,,98189,100,,,98003,100
2019-06-28 11:32:00.000000000,99473,220,99373,78,100163,202,99307,202,100288,202,99235,202,100311,100,99195,100,100361,100,99149,100,100393,4,99102,100,100655,100,98865,100,101674,7,98447,100,,,98189,100,,,98003,100
2019-06-28 11:32:04.851833497,99473,220,99373,78,100163,202,99307,202,100288,202,99235,202,100311,100,99195,100,100361,100,99149,100,100393,4,99102,100,100655,100,98865,100,101674,7,98447,100,,,98189,100,,,98143,100
2019-06-28 11:32:10.000000000,99473,270,99373,162,100163,255,99307,255,100288,100,99235,100,100311,100,99195,100,100361,100,99149,100,100393,4,99102,100,100655,100,98865,100,101674,7,98447,100,,,98189,100,,,98143,100
2019-06-28 11:32:20.000000000,99473,220,99373,112,100163,202,99307,202,100288,202,99235,202,100311,100,99195,100,100361,100,99149,100,100393,4,99102,100,100655,100,98865,100,101674,7,98447,100,,,98189,100,,,98143,100
2019-06-28 11:32:21.337533375,99473,220,99373,112,100163,202,99307,202,100288,202,99235,202,100311,100,99195,100,100361,100,99149,100,100393,4,99102,100,100655,100,98865,100,101674,7,98447,100,,,98271,100,,,98189,100
2019-06-28 11:32:23.837449462,99473,120,99373,112,100163,202,99307,202,100288,202,99235,202,100311,100,99195,100,100361,100,99149,100,100393,4,99102,100,100655,100,98865,100,101674,7,98447,100,,,98271,100,,,98189,100
2019-06-28 11:32:30.000000000,99473,170,99373,162,100163,255,99307,255,100288,100,99235,100,100311,100,99195,100,100361,100,99149,100,100393,4,99102,100,100655,100,98865,100,101674,7,98447,100,,,98271,100,,,98189,100
2019-06-28 11:32:40.000000000,99473,120,99373,112,100163,202,99307,202,100288,202,99235,202,100311,100,99195,100,100361,100,99149,100,100393,4,99102,100,100655,100,98865,100,101674,7,98447,100,,,98271,100,,,98189,100
2019-06-28 11:32:50.000000000,99473,170,99373,162,100163,255,99307,255,100288,100,99235,100,100311,100,99195,100,100361,100,99149,100,100393,4,99102,100,100655,100,98865,100,101674,7,98447,100,,,98271,100,,,98189,100
2019-06-28 11:32:54.011777662,99473,170,99373,162,100163,255,99307,255,100288,100,99235,100,100311,100,99195,100,100361,100,99149,100,100393,4,99102,100,100655,100,98865,100,101674,7,98447,100,,,98271,100,,,98216,100
2019-06-28 11:33:00.000000000,99473,120,99307,187,100163,202,99235,202,100288,202,99195,100,100311,100,99149,100,100361,100,99102,100,100393,4,98865,100,100655,100,98447,100,101674,7,98271,100,,,98216,100,,,98189,100
2019-06-28 11:33:10.000000000,99473,170,99307,240,100163,255,99235,255,100288,100,99195,100,100311,100,99149,100,100361,100,99102,100,100393,4,98865,100,100655,100,98447,100,101674,7,98271,100,,,98216,100,,,98189,100
2019-06-28 11:33:11.586523275,99473,170,99307,240,100163,255,99235,255,100288,100,99195,100,100311,100,99149,100,100361,100,99102,100,100393,4,98865,100,100655,100,98447,100,101674,7,98271,100,,,98265,100,,,98216,100
2019-06-28 11:33:20.000000000,99473,325,99307,395,100163,100,99235,100,100288,100,99195,100,100311,100,99149,100,100361,100,99102,100,100393,4,98865,100,100655,100,98447,100,101674,7,98271,100,,,98265,100,,,98216,100
2019-06-28 11:33:25.633451496,99473,325,99307,395,100163,100,99235,100,100288,100,99195,100,100311,100,99149,100,100361,100,99102,100,100393,4,98865,100,100655,100,98636,100,101674,7,98447,100,,,98271,100,,,98265,100
2019-06-28 11:33:30.000000000,99473,77,99307,147,100163,162,99235,162,100288,162,99195,162,100311,162,99149,162,100361,162,99102,162,100393,4,98865,100,100655,100,98636,100,101674,7,98447,100,,,98271,100,,,98265,100
2019-06-28 11:33:30.134809360,99473,77,99307,47,100163,62,99235,162,100288,162,99195,162,100311,162,99149,162,100361,162,99102,162,100393,4,98865,100,100655,100,98636,100,101674,7,98447,100,,,98271,100,,,98265,100
2019-06-28 11:33:40.000000000,99473,77,99235,162,100288,162,99195,162,100311,162,99149,162,100361,162,99102,162,100393,66,98865,162,100655,100,98636,100,101674,7,98447,100,,,98271,100,,,98265,100,,,98216,100
2019-06-28 11:33:41.686138820,99307,100,99235,162,99473,77,99195,162,100288,162,99149,162,100311,162,99102,162,100361,162,98865,162,100393,66,98636,100,100655,100,98447,100,101674,7,98271,100,,,98265,100,,,98216,100
2019-06-28 11:33:47.461688748,99307,100,99235,62,99473,77,99195,162,100288,162,99149,162,100311,162,99102,162,100361,162,98865,162,100393,66,98636,100,100655,100,98447,100,101674,7,98271,100,,,98265,100,,,98216,100
2019-06-28 11:33:50.000000000,99307,410,99195,410,99473,15,99149,100,100288,100,99102,100,100311,100,98865,100,100361,100,98636,100,100393,4,98447,100,100655,100,98271,100,101674,7,98265,100,,,98216,100,,,98189,100
2019-06-28 11:33:52.886339384,99306,100,99195,410,99307,410,99149,100,99473,15,99102,100,100288,100,98865,100,100311,100,98636,100,100361,100,98447,100,100393,4,98271,100,100655,100,98265,100,101674,7,98216,100,,,98189,100
2019-06-28 11:34:00.000000000,99306,162,99195,35,99307,162,99149,162,99473,77,99102,162,100288,162,98865,162,100311,162,98636,162,100361,100,98447,100,100393,4,98271,100,100655,100,98265,100,101674,7,98216,100,,,98189,100
2019-06-28 11:34:01.928270118,99306,162,99195,35,99307,162,99149,162,99473,77,99102,162,100288,162,98865,162,100311,62,98636,162,100361,100,98447,100,100393,4,98419,100,100655,100,98271,100,101674,7,98265,100,,,98216,100
2019-06-28 11:34:10.000000000,99306,205,99195,112,99307,202,99149,202,99473,117,99102,202,100288,100,98865,100,100361,100,98636,100,100393,4,98447,100,100655,100,98419,100,101674,7,98271,100,,,98265,100,,,98216,100
2019-06-28 11:34:20.000000000,99306,162,99195,69,99307,162,99149,162,99473,77,99102,162,100288,162,98865,162,100361,162,98636,162,100393,4,98447,100,100655,100,98419,100,101674,7,98271,100,,,98265,100,,,98216,100
2019-06-28 11:34:30.000000000,99306,255,99195,162,99307,255,99149,255,99473,15,99102,100,100288,100,98865,100,100361,100,98636,100,100393,4,98447,100,100655,100,98419,100,101674,7,98271,100,,,98265,100,,,98216,100
2019-06-28 11:34:40.000000000,99306,162,99195,69,99307,162,99149,162,99473,77,99102,162,100288,162,98865,162,100361,162,98636,162,100393,4,98447,100,100655,100,98419,100,101674,7,98271,100,,,98265,100,,,98216,100
2019-06-28 11:34:50.000000000,99306,255,99195,162,99307,255,99149,255,99473,15,99102,100,100288,100,98865,100,100361,100,98636,100,100393,4,98447,100,100655,100,98419,100,101674,7,98271,100,,,98265,100,,,98216,100
2019-06-28 11:35:00.000000000,99306,410,99195,190,99307,100,99149,100,99473,15,99102,100,100288,100,98865,100,100361,100,98636,100,100393,4,98447,100,100655,100,98419,100,101674,7,98271,100,,,98265,100,,,98216,100
2019-06-28 11:35:10.000000000,99306,178,99195,85,99307,178,99149,178,99473,93,99102,178,100288,178,98865,178,100361,100,98636,100,100393,4,98447,100,100655,100,98419,100,101674,7,98271,100,,,98265,100,,,98216,100
2019-06-28 11:35:17.918505175,99306,178,99195,85,99307,178,99149,178,99473,93,99102,178,100288,178,98865,178,100361,100,98636,100,100393,4,98447,100,100655,100,98419,100,101674,7,98271,100,,,98265,100,,,98216,100
2019-06-28 11:35:20.000000000,99306,205,99195,112,99307,202,99149,202,99473,117,99102,202,100288,100,98865,100,100361,100,98636,100,100393,4,98447,100,100655,100,98419,100,101674,7,98271,100,,,98265,100,,,98216,100
2019-06-28 11:35:21.232398031,99306,205,99195,12,99307,202,99149,202,99473,117,99102,202,100288,100,98865,100,100361,100,98636,100,100393,4,98447,100,100655,100,98419,100,101674,7,98271,100,,,98265,100,,,98216,100
2019-06-28 11:35:27.164388927,99306,205,99195,12,99307,202,99149,202,99473,117,99102,202,100288,100,98865,100,100361,100,98636,100,100393,4,98447,100,100655,100,98419,100,101674,7,98271,100,,,98265,100,,,98216,100
2019-06-28 11:35:30.000000000,99306,255,99149,255,99307,255,99102,255,99473,15,98865,100,100288,100,98636,100,100361,100,98447,100,100393,4,98419,100,100655,100,98271,100,101674,7,98265,100,,,98216,100,,,98189,100
2019-06-28 11:35:33.878475585,99306,255,99149,255,99307,255,99102,255,99473,15,98865,100,100288,100,98636,100,100361,100,98447,100,100393,4,98419,100,100655,100,98271,100,101674,7,98265,100,,,98216,100,,,98189,100
2019-06-28 11:35:39.194333607,99306,255,99149,255,99307,255,99102,255,99473,15,98865,100,100288,100,98636,100,100361,100,98447,100,100393,4,98419,100,100655,100,98271,100,101674,7,98265,100,,,98216,100,,,98189,100
2019-06-28 11:35:40.000000000,99306,255,99149,255,99307,255,99102,255,99473,15,98865,100,100288,100,98636,100,100361,100,98447,100,100393,4,98419,100,100655,100,98271,100,101674,7,98265,100,,,98216,100,,,98189,100
2019-06-28 11:35:43.482973487,99306,255,99149,155,99307,255,99102,255,99473,15,98865,100,100288,100,98636,100,100361,100,98447,100,100393,4,98419,100,100655,100,98271,100,101674,7,98265,100,,,98216,100,,,98189,100
2019-06-28 11:35:46.682854614,99195,100,99149,155,99306,255,99102,255,99307,255,98865,100,99473,15,98636,100,100288,100,98447,100,100361,100,98419,100,100393,4,98271,100,100655,100,98265,100,101674,7,98216,100,,,98189,100
2019-06-28 11:35:48.659564761,99195,100,99149,155,99306,255,99102,255,99307,155,98865,100,99473,15,98636,100,100288,100,98447,100,100361,100,98419,100,100393,4,98271,100,100655,100,98265,100,101674,7,98216,100,,,98189,100
2019-06-28 11:35:50.000000000,99195,162,99102,162,99306,162,98865,162,99473,77,98636,162,100288,162,98447,162,100361,162,98419,162,100393,4,98271,100,100655,100,98265,100,101674,7,98216,100,,,98189,100,,,98143,100
2019-06-28 11:35:55.149050938,99195,162,99102,162,99306,162,98865,162,99473,77,98636,162,100288,162,98447,162,100361,62,98419,162,100393,4,98271,100,100655,100,98265,100,101674,7,98216,100,,,98189,100,,,98143,100
2019-06-28 11:36:00.000000000,99195,255,99102,128,99306,255,98865,255,99473,15,98636,100,100288,100,98447,100,100393,4,98419,100,100655,100,98271,100,101674,7,98265,100,,,98216,100,,,98189,100,,,98143,100
2019-06-28 11:36:10.000000000,99195,255,99102,162,99306,255,98865,255,99473,15,98636,100,100288,100,98447,100,100393,4,98419,100,100655,100,98271,100,101674,7,98265,100,,,98216,100,,,98189,100,,,98143,100
2019-06-28 11:36:10.885793907,99195,255,99102,62,99306,255,98865,255,99473,15,98636,100,100288,100,98447,100,100393,4,98419,100,101674,7,98271,100,,,98265,100,,,98216,100,,,98189,100,,,98143,100
2019-06-28 11:36:13.032473071,99195,255,99102,62,99306,255,98865,255,99473,15,98636,100,100288,100,98447,100,100393,4,98419,100,101674,7,98271,100,,,98265,100,,,98216,100,,,98189,100,,,98143,100
2019-06-28 11:36:13.883613489,99195,255,99102,62,99306,255,98865,255,99473,15,98636,100,100288,100,98447,100,100393,4,98419,100,101674,7,98271,100,,,98265,100,,,98216,100,,,98189,100,,,98143,100
2019-06-28 11:36:20.000000000,99195,410,98865,410,99306,100,98636,100,99473,15,98447,100,100288,100,98419,100,100393,4,98271,100,101674,7,98265,100,,,98216,100,,,98189,100,,,98143,100,,,98063,100
2019-06-28 11:36:30.000000000,99195,162,98865,162,99306,162,98636,162,99473,77,98447,162,100288,162,98419,162,100393,66,98271,162,101674,7,98265,100,,,98216,100,,,98189,100,,,98143,100,,,98063,100
2019-06-28 11:36:40.000000000,99195,255,98865,255,99306,255,98636,255,99473,15,98447,100,100288,100,98419,100,100393,4,98271,100,101674,7,98265,100,,,98216,100,,,98189,100,,,98143,100,,,98063,100
2019-06-28 11:36:45.322804895,99195,255,98865,255,99306,255,98636,255,99473,15,98447,100,100288,100,98419,100,100393,4,98271,100,101674,7,98265,100,,,98216,100,,,98189,100,,,98143,100,,,98063,100
2019-06-28 11:36:50.000000000,99195,205,98865,205,99306,202,98636,202,99473,117,98447,202,100288,100,98419,100,100393,4,98271,100,101674,7,98265,100,,,98216,100,,,98189,100,,,98143,100,,,98063,100
2019-06-28 11:37:00.000000000,99195,255,98865,128,99306,255,98636,255,99473,15,98447,100,100288,100,98419,100,100393,4,98271,100,101674,7,98265,100,,,98216,100,,,98189,100,,,98143,100,,,98063,100
2019-06-28 11:37:10.000000000,99195,255,98865,162,99306,255,98636,255,99473,15,98447,100,100288,100,98419,100,100393,4,98271,100,101674,7,98265,100,,,98216,100,,,98189,100,,,98143,100,,,98063,100
2019-06-28 11:37:13.481390291,99195,255,98865,162,99306,255,98636,255,99473,15,98447,100,100288,100,98419,100,100393,4,98271,100,101674,7,98265,100,,,98189,100,,,98143,100,,,98063,100,,,98051,100
2019-06-28 11:37:14.482210957,99195,255,98865,62,99306,255,98636,255,99473,15,98447,100,100288,100,98419,100,100393,4,98271,100,101674,7,98265,100,,,98189,100,,,98143,100,,,98063,100,,,98051,100
2019-06-28 11:37:15.355098406,98865,38,98636,255,99195,255,98447,100,99306,255,98419,100,99473,15,98271,100,100288,100,98265,100,100393,4,98189,100,101674,7,98143,100,,,98063,100,,,98051,100,,,98045,100
2019-06-28 11:37:20.000000000,98865,193,98636,255,99195,255,98447,255,99306,100,98419,100,99473,15,98271,100,100288,100,98265,100,100393,4,98189,100,101674,7,98143,100,,,98063,100,,,98051,100,,,98045,100
2019-06-28 11:37:30.000000000,98865,193,98636,255,99195,255,98447,255,99306,100,98419,100,99473,15,98271,100,100288,100,98265,100,100393,4,98189,100,101674,7,98143,100,,,98063,100,,,98051,100,,,98045,100
2019-06-28 11:37:40.000000000,98865,193,98636,255,99195,255,98447,255,99306,100,98419,100,99473,15,98271,100,100288,100,98265,100,100393,4,98189,100,101674,7,98143,100,,,98063,100,,,98051,100,,,98045,100
2019-06-28 11:37:47.602020337,98865,193,98636,155,99195,255,98447,255,99306,100,98419,100,99473,15,98271,100,100288,100,98265,100,100393,4,98189,100,101674,7,98143,100,,,98063,100,,,98051,100,,,98045,100
2019-06-28 11:37:50.000000000,98865,348,98447,410,99195,100,98419,100,99306,100,98271,100,99473,15,98265,100,100288,100,98189,100,100393,4,98143,100,101674,7,98063,100,,,98051,100,,,98045,100,,,98006,100
2019-06-28 11:38:00.000000000,98865,348,98447,283,99195,100,98419,100,99306,100,98271,100,99473,15,98265,100,100288,100,98189,100,100393,4,98143,100,101674,7,98063,100,,,98051,100,,,98045,100,,,98006,100
2019-06-28 11:38:10.000000000,98865,348,98447,317,99195,100,98419,100,99306,100,98271,100,99473,15,98265,100,100288,100,98189,100,100393,4,98143,100,101674,7,98063,100,,,98051,100,,,98045,100,,,98006,100
2019-06-28 11:38:20.000000000,98865,116,98447,85,99195,178,98419,178,99306,178,98271,178,99473,93,98265,178,100288,100,98189,100,100393,4,98143,100,101674,7,98063,100,,,98051,100,,,98045,100,,,98006,100
2019-06-28 11:38:30.000000000,98865,100,98447,69,99195,162,98419,162,99306,162,98271,162,99473,77,98265,162,100288,162,98189,162,100393,4,98143,100,101674,7,98063,100,,,98051,100,,,98045,100,,,98006,100
2019-06-28 11:38:30.094424669,98447,31,98419,162,98865,100,98271,162,99195,162,98265,162,99306,162,98189,162,99473,77,98143,100,100288,162,98063,100,100393,4,98051,100,101674,7,98045,100,,,98006,100,,,97941,100
2019-06-28 11:38:32.230254835,98447,31,98419,162,98865,100,98293,100,99195,162,98271,162,99306,162,98265,162,99473,77,98189,162,100288,162,98143,100,100393,4,98063,100,101674,7,98051,100,,,98045,100,,,98006,100
2019-06-28 11:38:39.235729372,98447,31,98419,62,98865,100,98293,100,99195,162,98271,162,99306,162,98265,162,99473,77,98189,162,100288,162,98143,100,100393,4,98063,100,101674,7,98051,100,,,98045,100,,,98006,100
2019-06-28 11:38:40.000000000,98447,341,98293,410,98865,38,98271,100,99195,100,98265,100,99306,100,98189,100,99473,15,98143,100,100288,100,98063,100,100393,4,98051,100,101674,7,98045,100,,,98006,100,,,97941,100
2019-06-28 11:38:50.000000000,98447,136,98293,205,98865,140,98271,202,99195,202,98265,202,99306,100,98189,100,99473,15,98143,100,100288,100,98063,100,100393,4,98051,100,101674,7,98045,100,,,98006,100,,,97941,100
2019-06-28 11:38:55.779510008,98447,136,98293,205,98865,140,98271,202,99195,202,98265,202,99306,100,98189,100,99473,15,98143,100,100288,100,98096,100,100393,4,98063,100,101674,7,98051,100,,,98045,100,,,98006,100
2019-06-28 11:39:00.000000000,98447,136,98293,78,98865,140,98271,202,99195,202,98265,202,99306,100,98189,100,99473,15,98143,100,100288,100,98096,100,100393,4,98063,100,101674,7,98051,100,,,98045,100,,,98006,100
2019-06-28 11:39:10.000000000,98447,186,98293,162,98865,193,98271,255,99195,100,98265,100,99306,100,98189,100,99473,15,98143,100,100288,100,98096,100,100393,4,98063,100,101674,7,98051,100,,,98045,100,,,98006,100
2019-06-28 11:39:20.000000000,98447,93,98293,69,98865,100,98271,162,99195,162,98265,162,99306,162,98189,162,99473,77,98143,162,100288,100,98096,100,100393,4,98063,100,101674,7,98051,100,,,98045,100,,,98006,100
2019-06-28 11:39:25.953719676,98293,31,98271,162,98447,93,98265,162,98865,100,98189,162,99195,162,98143,162,99306,162,98096,100,99473,77,98063,100,100288,100,98051,100,100393,4,98045,100,101674,7,98006,100,,,97941,100
2019-06-28 11:39:30.000000000,98293,136,98271,205,98447,133,98265,202,98865,140,98189,202,99195,100,98143,100,99306,100,98096,100,99473,15,98063,100,100288,100,98051,100,100393,4,98045,100,101674,7,98006,100,,,97941,100
2019-06-28 11:39:40.000000000,98293,341,98271,410,98447,31,98265,100,98865,38,98189,100,99195,100,98143,100,99306,100,98096,100,99473,15,98063,100,100288,100,98051,100,100393,4,98045,100,101674,7,98006,100,,,97941,100
2019-06-28 11:39:50.000000000,98293,136,98271,205,98447,133,98265,202,98865,140,98189,202,99195,100,98143,100,99306,100,98096,100,99473,15,98063,100,100288,100,98051,100,100393,4,98045,100,101674,7,98006,100,,,97941,100
2019-06-28 11:39:52.793909216,98293,236,98271,205,98447,133,98265,202,98865,140,98189,202,99195,100,98143,100,99306,100,98096,100,99473,15,98063,100,100288,100,98051,100,100393,4,98045,100,101674,7,98006,100,,,97941,100
2019-06-28 11:39:54.147806533,98293,336,98271,205,98447,133,98265,202,98865,140,98189,202,99195,100,98143,100,99306,100,98096,100,99473,15,98063,100,100288,100,98051,100,100393,4,98045,100,101674,7,98006,100,,,97941,100
2019-06-28 11:40:00.000000000,98293,293,98271,35,98447,93,98265,162,98865,100,98189,162,99195,162,98143,162,99306,162,98096,162,99473,15,98063,100,100288,100,98051,100,100393,4,98045,100,101674,7,98006,100,,,97941,100
2019-06-28 11:40:10.000000000,98293,541,98271,317,98447,31,98265,100,98865,38,98189,100,99195,100,98143,100,99306,100,98096,100,99473,15,98063,100,100288,100,98051,100,100393,4,98045,100,101674,7,98006,100,,,97941,100
2019-06-28 11:40:20.000000000,98293,541,98271,317,98447,31,98265,100,98865,38,98189,100,99195,100,98143,100,99306,100,98096,100,99473,15,98063,100,100288,100,98051,100,100393,4,98045,100,101674,7,98006,100,,,97941,100
2019-06-28 11:40:30.000000000,98293,386,98271,162,98447,186,98265,255,98865,38,98189,100,99195,100,98143,100,99306,100,98096,100,99473,15,98063,100,100288,100,98051,100,100393,4,98045,100,101674,7,98006,100,,,97941,100
2019-06-28 11:40:33.584215313,98293,286,98271,262,98447,186,98265,255,98865,38,98189,100,99195,100,98143,100,99306,100,98096,100,99473,15,98063,100,100288,100,98051,100,100393,4,98045,100,101674,7,98006,100,,,97941,100
2019-06-28 11:40:39.980713191,98293,286,98271,262,98340,100,98265,255,98447,186,98189,100,98865,38,98143,100,99195,100,98096,100,99306,100,98063,100,99473,15,98051,100,100288,100,98045,100,100393,4,98006,100,101674,7,97941,100
2019-06-28 11:40:40.000000000,98293,286,98271,262,98340,255,98265,255,98447,31,98189,100,98865,38,98143,100,99195,100,98096,100,99306,100,98063,100,99473,15,98051,100,100288,100,98045,100,100393,4,98006,100,101674,7,97941,100
2019-06-28 11:40:42.972202972,98293,186,98271,262,98340,255,98265,255,98447,31,98189,100,98865,38,98096,100,99195,100,98063,100,99306,100,98051,100,99473,15,98045,100,100288,100,98006,100,100393,4,97941,100,101674,7,97899,100
2019-06-28 11:40:50.000000000,98293,93,98271,169,98340,162,98265,162,98447,93,98189,162,98865,100,98096,162,99195,162,98063,162,99306,100,98051,100,99473,15,98045,100,100288,100,98006,100,100393,4,97941,100,101674,7,97899,100
2019-06-28 11:41:00.000000000,98293,186,98271,135,98340,255,98265,255,98447,31,98189,100,98865,38,98096,100,99195,100,98063,100,99306,100,98051,100,99473,15,98045,100,100288,100,98006,100,100393,4,97941,100,101674,7,97899,100
2019-06-28 11:41:09.111605416,98293,186,98271,135,98340,255,98265,255,98447,31,98189,100,98865,38,98096,100,98899,100,98063,100,99195,100,98051,100,99306,100,98045,100,99473,15,98006,100,100288,100,97941,100,100393,4,97899,100
2019-06-28 11:41:10.000000000,98293,341,98271,317,98340,100,98265,100,98447,31,98189,100,98865,38,98096,100,98899,100,98063,100,99195,100,98051,100,99306,100,98045,100,99473,15,98006,100,100288,100,97941,100,100393,4,97899,100
2019-06-28 11:41:18.428006686,98293,241,98271,317,98340,100,98265,100,98447,31,98189,100,98865,38,98096,100,98899,100,98063,100,99195,100,98051,100,99306,100,98045,100,99473,15,98006,100,100288,100,97941,100,100393,4,97899,100
2019-06-28 11:41:20.000000000,98340,178,98271,85,98447,109,98265,178,98865,116,98189,178,98899,178,98096,178,99195,100,98063,100,99306,100,98051,100,99473,15,98045,100,100288,100,98006,100,100393,4,97941,100,101674,7,97899,100
2019-06-28 11:41:30.000000000,98340,410,98271,317,98447,31,98265,100,98865,38,98189,100,98899,100,98096,100,99195,100,98063,100,99306,100,98051,100,99473,15,98045,100,100288,100,98006,100,100393,4,97941,100,101674,7,97899,100
2019-06-28 11:41:40.000000000,98340,162,98271,69,98447,93,98265,162,98865,100,98189,162,98899,162,98096,162,99195,162,98063,162,99306,100,98051,100,99473,15,98045,100,100288,100,98006,100,100393,4,97941,100,101674,7,97899,100
2019-06-28 11:41:47.655394090,98340,62,98271,69,98447,93,98265,162,98865,100,98189,162,98899,162,98096,162,99195,162,98063,162,99306,100,98051,100,99473,15,98045,100,100288,100,98006,100,100393,4,97941,100,101674,7,97899,100
2019-06-28 11:41:50.000000000,98447,93,98271,69,98865,100,98265,162,98899,162,98189,162,99195,162,98096,162,99306,162,98063,162,99473,15,98051,100,100288,100,98045,100,100393,4,98006,100,101674,7,97941,100,,,97899,100
2019-06-28 11:42:00.000000000,98447,186,98271,35,98865,193,98265,255,98899,100,98189,100,99195,100,98096,100,99306,100,98063,100,99473,15,98051,100,100288,100,98045,100,100393,4,98006,100,101674,7,97941,100,,,97899,100
2019-06-28 11:42:01.054254111,98447,186,98271,35,98710,100,98265,255,98865,193,98189,100,98899,100,98096,100,99195,100,98063,100,99306,100,98051,100,99473,15,98045,100,100288,100,98006,100,100393,4,97941,100,101674,7,97899,100
2019-06-28 11:42:05.157517985,98447,155,98390,100,98710,100,98271,35,98865,193,98265,255,98899,100,98189,100,99195,100,98096,100,99306,100,98063,100,99473,15,98051,100,100288,100,98045,100,100393,4,98006,100,101674,7,97941,100
2019-06-28 11:42:10.000000000,98710,205,98390,205,98865,140,98271,109,98899,202,98265,202,99195,100,98189,100,99306,100,98096,100,99473,15,98063,100,100288,100,98051,100,100393,4,98045,100,101674,7,98006,100,,,97941,100
2019-06-28 11:42:10.299387999,98710,205,98390,205,98865,140,98271,209,98899,202,98265,202,99306,100,98189,100,99473,15,98096,100,100288,100,98063,100,100393,4,98051,100,101674,7,98045,100,,,98006,100,,,97941,100
2019-06-28 11:42:20.000000000,98710,255,98390,255,98865,193,98271,262,98899,100,98265,100,99306,100,98189,100,99473,15,98096,100,100288,100,98063,100,100393,4,98051,100,101674,7,98045,100,,,98006,100,,,97941,100
2019-06-28 11:42:29.562350296,98710,255,98517,100,98865,193,98390,255,98899,100,98271,262,99306,100,98265,100,99473,15,98189,100,100288,100,98096,100,100393,4,98063,100,101674,7,98051,100,,,98045,100,,,98006,100
2019-06-28 11:42:30.000000000,98710,205,98517,205,98865,140,98390,202,98899,202,98271,209,99306,100,98265,100,99473,15,98189,100,100288,100,98096,100,100393,4,98063,100,101674,7,98051,100,,,98045,100,,,98006,100
2019-06-28 11:42:34.342071748,98710,205,98517,205,98865,140,98390,202,98899,202,98271,209,99306,100,98265,100,99473,15,98189,100,100393,4,98096,100,101674,7,98063,100,,,98051,100,,,98045,100,,,98006,100
2019-06-28 11:42:37.177044312,98541,100,98517,205,98710,205,98390,202,98865,140,98271,209,98899,202,98265,100,99306,100,98189,100,99473,15,98096,100,100393,4,98063,100,101674,7,98051,100,,,98045,100,,,98006,100
2019-06-28 11:42:40.000000000,98541,410,98517,410,98710,100,98390,100,98865,38,98271,107,98899,100,98265,100,99306,100,98189,100,99473,15,98096,100,100393,4,98063,100,101674,7,98051,100,,,98045,100,,,98006,100
2019-06-28 11:42:50.000000000,98541,162,98517,162,98710,162,98390,162,98865,100,98271,169,98899,162,98265,162,99306,162,98189,162,99473,15,98096,100,100393,4,98063,100,101674,7,98051,100,,,98045,100,,,98006,100
2019-06-28 11:43:00.000000000,98541,178,98517,51,98710,178,98390,178,98865,116,98271,185,98899,178,98265,178,99306,100,98189,100,99473,15,98096,100,100393,4,98063,100,101674,7,98051,100,,,98045,100,,,98006,100
2019-06-28 11:43:10.000000000,98541,205,98517,112,98710,202,98390,202,98865,140,98271,209,98899,100,98265,100,99306,100,98189,100,99473,15,98096,100,100393,4,98063,100,101674,7,98051,100,,,98045,100,,,98006,100
2019-06-28 11:43:20.000000000,98541,255,98517,162,98710,255,98390,255,98865,38,98271,107,98899,100,98265,100,99306,100,98189,100,99473,15,98096,100,100393,4,98063,100,101674,7,98051,100,,,98045,100,,,98006,100
2019-06-28 11:43:30.000000000,98541,205,98517,112,98710,202,98390,202,98865,140,98271,209,98899,100,98265,100,99306,100,98189,100,99473,15,98096,100,100393,4,98063,100,101674,7,98051,100,,,98045,100,,,98006,100
2019-06-28 11:43:40.000000000,98541,178,98517,85,98710,178,98390,178,98865,116,98271,185,98899,178,98265,178,99306,100,98189,100,99473,15,98096,100,100393,4,98063,100,101674,7,98051,100,,,98045,100,,,98006,100
2019-06-28 11:43:50.000000000,98541,162,98517,69,98710,162,98390,162,98865,100,98271,169,98899,162,98265,162,99306,162,98189,162,99473,15,98096,100,100393,4,98063,100,101674,7,98051,100,,,98045,100,,,98006,100
2019-06-28 11:43:57.611063965,98541,162,98517,169,98710,162,98390,162,98865,100,98271,169,98899,162,98265,162,99306,162,98189,162,99473,15,98096,100,100393,4,98063,100,101674,7,98051,100,,,98045,100,,,98006,100
2019-06-28 11:43:58.637932165,98541,162,98517,269,98710,162,98390,162,98865,100,98271,169,98899,162,98265,162,99306,162,98189,162,99473,15,98096,100,100393,4,98063,100,101674,7,98051,100,,,98045,100,,,98006,100
2019-06-28 11:44:00.000000000,98541,162,98517,142,98710,162,98390,162,98865,100,98271,169,98899,162,98265,162,99306,162,98189,162,99473,15,98096,100,100393,4,98063,100,101674,7,98051,100,,,98045,100,,,98006,100
2019-06-28 11:44:02.560387085,98541,162,98517,142,98710,162,98410,100,98865,100,98390,162,98899,162,98271,169,99306,162,98265,162,99473,15,98189,162,100393,4,98096,100,101674,7,98063,100,,,98051,100,,,98045,100
2019-06-28 11:44:09.008043999,98541,162,98517,42,98710,162,98410,100,98865,100,98390,162,98899,162,98271,169,99306,162,98265,162,99473,15,98189,162,100393,4,98096,100,101674,7,98063,100,,,98051,100,,,98045,100
2019-06-28 11:44:09.378370252,98533,100,98517,42,98541,162,98410,100,98710,162,98390,162,98865,100,98271,169,98899,162,98265,162,99306,162,98189,162,99473,15,98096,100,100393,4,98063,100,101674,7,98051,100,,,98045,100
2019-06-28 11:44:10.000000000,98533,410,98517,317,98541,100,98410,100,98710,100,98390,100,98865,38,98271,107,98899,100,98265,100,99306,100,98189,100,99473,15,98096,100,100393,4,98063,100,101674,7,98051,100,,,98045,100
2019-06-28 11:44:20.000000000,98533,162,98517,69,98541,162,98410,162,98710,162,98390,162,98865,100,98271,169,98899,162,98265,162,99306,100,98189,100,99473,15,98096,100,100393,4,98063,100,101674,7,98051,100,,,98045,100
2019-06-28 11:44:30.000000000,98533,255,98517,162,98541,255,98410,255,98710,100,98390,100,98865,38,98271,107,98899,100,98265,100,99306,100,98189,100,99473,15,98096,100,100393,4,98063,100,101674,7,98051,100,,,98045,100
2019-06-28 11:44:40.000000000,98533,178,98517,85,98541,178,98410,178,98710,178,98390,178,98865,116,98271,185,98899,100,98265,100,99306,100,98189,100,99473,15,98096,100,100393,4,98063,100,101674,7,98051,100,,,98045,100
2019-06-28 11:44:50.000000000,98533,178,98517,85,98541,178,98410,178,98710,178,98390,178,98865,116,98271,185,98899,100,98265,100,99306,100,98189,100,99473,15,98096,100,100393,4,98063,100,101674,7,98051,100,,,98045,100
2019-06-28 11:44:59.421244898,98533,178,98517,85,98541,178,98410,178,98710,178,98390,178,98865,116,98271,185,98899,100,98265,100,99306,100,98189,100,99473,15,98096,100,100393,4,98063,100,101674,7,98051,100,,,98045,100
2019-06-28 11:45:00.000000000,98517,1,98410,137,98533,178,98390,178,98541,178,98271,185,98710,178,98265,100,98865,116,98189,100,98899,100,98096,100,99306,100,98063,100,99473,15,98051,100,100393,4,98045,100,101674,7,98006,100
2019-06-28 11:45:05.801335701,98517,1,98410,137,98533,178,98390,178,98541,178,98271,185,98710,178,98265,100,98865,116,98189,100,98899,100,98096,100,99306,100,98063,100,99473,15,98051,100,100393,4,98045,100,101674,7,98006,100
2019-06-28 11:45:09.483981338,98517,1,98410,137,98533,178,98390,178,98541,178,98271,185,98710,178,98265,100,98865,116,98189,100,98899,100,98096,100,99306,100,98063,100,99473,15,98045,100,100393,4,98006,100,101674,7,97948,100
2019-06-28 11:45:10.000000000,98517,311,98410,369,98533,100,98390,100,98541,100,98271,107,98710,100,98265,100,98865,38,98189,100,98899,100,98096,100,99306,100,98063,100,99473,15,98045,100,100393,4,98006,100,101674,7,97948,100
2019-06-28 11:45:14.727063608,98517,311,98410,269,98533,100,98390,100,98541,100,98271,107,98710,100,98265,100,98865,38,98189,100,98899,100,98096,100,99306,100,98063,100,99473,15,98045,100,100393,4,98006,100,101674,7,97941,100
2019-06-28 11:45:20.000000000,98517,106,98390,205,98533,202,98271,209,98541,202,98265,202,98710,100,98189,100,98865,38,98096,100,98899,100,98063,100,99306,100,98045,100,99473,15,98006,100,100393,4,97941,100,101674,7,97899,100
2019-06-28 11:45:27.403676533,98517,106,98390,105,98533,202,98271,209,98541,202,98265,202,98865,38,98189,100,98899,100,98096,100,99306,100,98063,100,99473,15,98045,100,100393,4,98006,100,101674,7,97941,100,,,97899,100
2019-06-28 11:45:30.000000000,98517,311,98271,417,98533,100,98265,100,98541,100,98189,100,98865,38,98096,100,98899,100,98063,100,99306,100,98045,100,99473,15,98006,100,100393,4,97941,100,101674,7,97899,100,,,97874,100
2019-06-28 11:45:40.000000000,98517,63,98271,169,98533,162,98265,162,98541,162,98189,162,98865,100,98096,162,98899,162,98063,162,99306,100,98045,100,99473,15,98006,100,100393,4,97941,100,101674,7,97899,100,,,97874,100
2019-06-28 11:45:47.766519324,98517,63,98271,69,98533,162,98265,62,98541,162,98189,162,98865,100,98096,162,98899,162,98063,162,99306,100,98045,100,99473,15,98006,100,100393,4,97941,100,101674,7,97899,100,,,97874,100
2019-06-28 11:45:50.000000000,98517,79,98271,85,98533,178,98189,178,98541,178,98096,178,98865,116,98063,178,98899,100,98045,100,99306,100,98006,100,99473,15,97941,100,100393,4,97899,100,101674,7,97874,100,,,97842,100
2019-06-28 11:45:52.537962512,98517,79,98271,85,98533,178,98189,178,98541,178,98096,178,98865,116,98063,78,98899,100,98045,100,99306,100,98006,100,99473,15,97941,100,100393,4,97899,100,101674,7,97874,100,,,97842,100
2019-06-28 11:45:58.883151998,98517,79,98271,85,98533,178,98189,178,98541,178,98096,178,98865,116,98063,78,99306,100,98045,100,99473,15,98006,100,100393,4,97941,100,101674,7,97899,100,,,97874,100,,,97842,100
2019-06-28 11:46:00.000000000,98517,106,98189,187,98533,202,98096,202,98541,202,98045,100,98865,38,98006,100,99306,100,97941,100,99473,15,97899,100,100393,4,97874,100,101674,7,97842,100,,,97841,100,,,97836,100
2019-06-28 11:46:10.000000000,98517,63,98189,147,98533,162,98096,162,98541,162,98045,162,98865,100,98006,162,99306,162,97941,162,99473,15,97899,100,100393,4,97874,100,101674,7,97842,100,,,97841,100,,,97836,100
2019-06-28 11:46:19.344959825,98517,63,98189,47,98533,162,98096,162,98541,162,98045,162,98865,100,98006,162,99306,162,97941,162,99473,15,97899,100,100393,4,97874,100,101674,7,97842,100,,,97841,100,,,97836,100
2019-06-28 11:46:20.000000000,98517,79,98096,178,98533,178,98045,178,98541,178,98006,178,98865,116,97941,178,99306,100,97899,100,99473,15,97874,100,100393,4,97842,100,101674,7,97841,100,,,97836,100,,,97832,100
2019-06-28 11:46:25.654628804,98517,79,98096,178,98533,178,98045,178,98541,178,98006,178,98865,116,97941,178,99306,100,97899,100,99473,15,97874,100,100393,4,97842,100,101674,7,97841,100,,,97836,100,,,97832,100
2019-06-28 11:46:27.802584895,98517,79,98096,78,98533,178,98045,178,98541,178,98006,178,98865,116,97941,178,99306,100,97899,100,99473,15,97874,100,100393,4,97842,100,101674,7,97841,100,,,97836,100,,,97832,100
2019-06-28 11:46:30.000000000,98517,106,98045,205,98533,202,98006,202,98541,202,97941,202,98865,38,97899,100,99306,100,97874,100,99473,15,97842,100,100393,4,97841,100,101674,7,97836,100,,,97832,100,,,97814,100
2019-06-28 11:46:40.000000000,98517,311,98045,410,98533,100,98006,100,98541,100,97941,100,98865,38,97899,100,99306,100,97874,100,99473,15,97842,100,100393,4,97841,100,101674,7,97836,100,,,97832,100,,,97814,100
2019-06-28 11:46:50.000000000,98517,156,98045,255,98533,255,98006,255,98541,100,97941,100,98865,38,97899,100,99306,100,97874,100,99473,15,97842,100,100393,4,97841,100,101674,7,97836,100,,,97832,100,,,97814,100
2019-06-28 11:47:00.000000000,98517,106,98045,78,98533,202,98006,202,98541,202,97941,202,98865,38,97899,100,99306,100,97874,100,99473,15,97842,100,100393,4,97841,100,101674,7,97836,100,,,97832,100,,,97814,100
2019-06-28 11:47:10.000000000,98517,79,98045,85,98533,178,98006,178,98541,178,97941,178,98865,116,97899,178,99306,100,97874,100,99473,15,97842,100,100393,4,97841,100,101674,7,97836,100,,,97832,100,,,97814,100
2019-06-28 11:47:20.000000000,98517,79,98045,85,98533,178,98006,178,98541,178,97941,178,98865,116,97899,178,99306,100,97874,100,99473,15,97842,100,100393,4,97841,100,101674,7,97836,100,,,97832,100,,,97814,100
2019-06-28 11:47:30.000000000,98517,63,98045,69,98533,162,98006,162,98541,162,97941,162,98865,100,97899,162,99306,162,97874,162,99473,15,97842,100,100393,4,97841,100,101674,7,97836,100,,,97832,100,,,97814,100
2019-06-28 11:47:36.331023872,98517,63,98045,69,98533,162,98006,162,98541,162,97941,162,98865,100,97899,162,99306,162,97874,162,99473,15,97842,100,100393,4,97841,100,101674,7,97836,100,,,97832,100,,,97814,100
2019-06-28 11:47:37.798977690,98517,63,98045,69,98533,162,98006,162,98541,162,97941,162,98865,100,97899,162,99306,162,97874,162,99473,15,97842,100,100393,4,97841,100,101674,7,97836,100,,,97832,100,,,97814,100
2019-06-28 11:47:40.000000000,98517,79,98045,85,98533,178,98006,178,98541,178,97941,178,98865,116,97899,178,99306,100,97874,100,99473,15,97842,100,100393,4,97841,100,101674,7,97836,100,,,97832,100,,,97814,100
2019-06-28 11:47:44.567496112,98045,15,98006,178,98517,79,97941,178,98533,178,97899,178,98541,178,97874,100,98865,116,97842,100,99306,100,97841,100,99473,15,97836,100,100393,4,97832,100,101674,7,97814,100,,,97669,100
2019-06-28 11:47:47.192708811,98045,15,98006,178,98517,79,97941,178,98533,178,97899,178,98541,178,97874,100,98865,116,97842,100,99306,100,97841,100,99473,15,97836,100,100393,4,97832,100,101674,7,97814,100,,,97691,100
2019-06-28 11:47:50.000000000,98045,170,98006,255,98517,156,97941,255,98533,100,97899,100,98541,100,97874,100,98865,38,97842,100,99306,100,97841,100,99473,15,97836,100,100393,4,97832,100,101674,7,97814,100,,,97691,100
2019-06-28 11:48:00.000000000,98045,120,98006,78,98517,103,97941,202,98533,202,97899,202,98541,100,97874,100,98865,38,97842,100,99306,100,97841,100,99473,15,97836,100,100393,4,97832,100,101674,7,97814,100,,,97691,100
2019-06-28 11:48:10.000000000,98045,120,98006,112,98517,103,97941,202,98533,202,97899,202,98541,100,97874,100,98865,38,97842,100,99306,100,97841,100,99473,15,97836,100,100393,4,97832,100,101674,7,97814,100,,,97691,100
2019-06-28 11:48:16.482688066,98045,120,98006,212,98517,103,97941,202,98533,202,97899,202,98541,100,97874,100,98865,38,97842,100,99306,100,97841,100,99473,15,97836,100,100393,4,97832,100,101674,7,97814,100,,,97691,100
2019-06-28 11:48:20.000000000,98045,93,98006,185,98517,79,97941,178,98533,178,97899,178,98541,178,97874,178,98865,38,97842,100,99306,100,97841,100,99473,15,97836,100,100393,4,97832,100,101674,7,97814,100,,,97691,100
2019-06-28 11:48:30.000000000,98045,93,98006,185,98517,79,97941,178,98533,178,97899,178,98541,178,97874,178,98865,38,97842,100,99306,100,97841,100,99473,15,97836,100,100393,4,97832,100,101674,7,97814,100,,,97691,100
2019-06-28 11:48:40.000000000,98045,77,98006,169,98517,63,97941,162,98533,162,97899,162,98541,162,97874,162,98865,100,97842,162,99306,100,97841,100,99473,15,97836,100,100393,4,97832,100,101674,7,97814,100,,,97691,100
2019-06-28 11:48:43.434563025,98517,63,98045,23,98533,162,98006,169,98541,162,97941,162,98865,100,97899,162,99306,100,97874,162,99473,15,97842,162,100393,4,97841,100,101674,7,97836,100,,,97832,100,,,97814,100
2019-06-28 11:48:45.562804902,98517,63,98045,23,98533,162,98006,169,98541,162,97941,162,98865,100,97899,162,99306,100,97874,162,100393,4,97842,162,101674,7,97841,100,,,97836,100,,,97832,100,,,97814,100
2019-06-28 11:48:50.000000000,98517,79,98045,101,98533,178,98006,185,98541,178,97941,178,98865,116,97899,178,99306,100,97874,100,100393,4,97842,100,101674,7,97841,100,,,97836,100,,,97832,100,,,97814,100
2019-06-28 11:49:00.000000000,98517,311,98045,199,98533,100,98006,107,98541,100,97941,100,98865,38,97899,100,99306,100,97874,100,100393,4,97842,100,101674,7,97841,100,,,97836,100,,,97832,100,,,97814,100
2019-06-28 11:49:10.000000000,98517,156,98006,262,98533,255,97941,255,98541,100,97899,100,98865,38,97874,100,99306,100,97842,100,100393,4,97841,100,101674,7,97836,100,,,97832,100,,,97814,100,,,97691,100
2019-06-28 11:49:17.940365564,98517,156,98006,262,98533,255,97941,255,98541,100,97899,100,98567,100,97874,100,98865,38,97842,100,99306,100,97841,100,100393,4,97836,100,101674,7,97832,100,,,97814,100,,,97691,100
2019-06-28 11:49:19.595203508,98517,156,98504,100,98533,255,98006,262,98541,100,97941,255,98567,100,97899,100,98865,38,97874,100,99306,100,97842,100,100393,4,97841,100,101674,7,97836,100,,,97832,100,,,97814,100
2019-06-28 11:49:20.000000000,98517,156,98504,255,98533,255,98006,262,98541,100,97941,100,98567,100,97899,100,98865,38,97874,100,99306,100,97842,100,100393,4,97841,100,101674,7,97836,100,,,97832,100,,,97814,100
2019-06-28 11:49:30.000000000,98517,156,98504,255,98533,255,98006,262,98541,100,97941,100,98567,100,97899,100,98865,38,97874,100,99306,100,97842,100,100393,4,97841,100,101674,7,97836,100,,,97832,100,,,97814,100
2019-06-28 11:49:40.000000000,98517,106,98504,205,98533,202,98006,209,98541,202,97941,202,98567,100,97899,100,98865,38,97874,100,99306,100,97842,100,100393,4,97841,100,101674,7,97836,100,,,97832,100,,,97814,100
2019-06-28 11:49:44.358671449,98517,106,98504,105,98533,202,98006,209,98541,202,97941,202,98567,100,97899,100,98865,38,97874,100,99306,100,97842,100,100393,4,97841,100,101674,7,97836,100,,,97832,100,,,97814,100
2019-06-28 11:49:44.930879844,98517,106,98504,105,98533,202,98045,100,98541,202,98006,209,98567,100,97941,202,98865,38,97899,100,99306,100,97874,100,100393,4,97842,100,101674,7,97841,100,,,97836,100,,,97832,100
2019-06-28 11:49:46.881818094,98517,106,98504,5,98533,202,98045,100,98541,202,98006,209,98567,100,97941,102,98865,38,97899,100,99306,100,97874,100,100393,4,97842,100,101674,7,97841,100,,,97836,100,,,97832,100
2019-06-28 11:49:50.000000000,98517,106,98045,205,98533,202,98006,209,98541,202,97899,202,98567,100,97874,100,98865,38,97842,100,99306,100,97841,100,100393,4,97836,100,101674,7,97832,100,,,97814,100,,,97691,100
2019-06-28 11:50:00.000000000,98517,63,98045,28,98533,162,98006,169,98541,162,97899,162,98567,162,97874,162,98865,100,97842,162,99306,100,97841,100,100393,4,97836,100,101674,7,97832,100,,,97814,100,,,97691,100
2019-06-28 11:50:10.000000000,98517,79,98006,185,98533,178,97899,178,98541,178,97874,178,98567,178,97842,178,98865,38,97841,100,99306,100,97836,100,100393,4,97832,100,101674,7,97814,100,,,97691,100,,,97669,100
2019-06-28 11:50:20.000000000,98517,63,98006,169,98533,162,97899,162,98541,162,97874,162,98567,162,97842,162,98865,100,97841,162,99306,100,97836,100,100393,4,97832,100,101674,7,97814,100,,,97691,100,,,97669,100
2019-06-28 11:50:27.521970896,98517,63,98006,169,98533,162,97899,162,98541,162,97874,162,98567,162,97842,62,98865,100,97841,162,99272,100,97836,100,99306,100,97832,100,100393,4,97814,100,101674,7,97691,100,,,97669,100
2019-06-28 11:50:28.596962397,98533,162,98517,37,98541,162,98006,169,98567,162,97899,162,98865,100,97874,162,99272,100,97842,62,99306,100,97841,162,100393,4,97836,100,101674,7,97832,100,,,97814,100,,,97691,100
2019-06-28 11:50:30.000000000,98533,162,98517,99,98541,162,98006,169,98567,162,97899,162,98865,100,97874,162,99272,162,97841,162,99306,100,97836,100,100393,4,97832,100,101674,7,97814,100,,,97691,100,,,97669,100
2019-06-28 11:50:40.000000000,98533,178,98517,115,98541,178,98006,185,98567,178,97899,178,98865,116,97874,178,99272,100,97841,100,99306,100,97836,100,100393,4,97832,100,101674,7,97814,100,,,97691,100,,,97669,100
2019-06-28 11:50:47.242979992,98533,78,98517,115,98541,178,98006,185,98567,178,97899,178,98865,116,97874,178,99272,100,97841,100,99306,100,97836,100,100393,4,97832,100,101674,7,97814,100,,,97691,100,,,97669,100
2019-06-28 11:50:48.107033762,98533,78,98517,115,98541,178,98006,185,98567,178,97899,178,98865,116,97874,178,99272,100,97841,100,99297,100,97836,100,99306,100,97832,100,100393,4,97814,100,101674,7,97691,100,,,97669,100
2019-06-28 11:50:50.000000000,98541,205,98517,142,98567,202,98006,209,98865,140,97899,202,99272,100,97874,100,99297,100,97841,100,99306,100,97836,100,100393,4,97832,100,101674,7,97814,100,,,97691,100,,,97669,100
2019-06-28 11:51:00.000000000,98541,410,98517,213,98567,100,98006,107,98865,38,97899,100,99272,100,97874,100,99297,100,97841,100,99306,100,97836,100,100393,4,97832,100,101674,7,97814,100,,,97691,100,,,97669,100
2019-06-28 11:51:10.000000000,98541,162,98006,169,98567,162,97899,162,98865,100,97874,162,99272,162,97841,162,99297,162,97836,162,99306,100,97832,100,100393,4,97814,100,101674,7,97691,100,,,97669,100,,,97650,100
2019-06-28 11:51:20.000000000,98541,410,98006,417,98567,100,97899,100,98865,38,97874,100,99272,100,97841,100,99297,100,97836,100,99306,100,97832,100,100393,4,97814,100,101674,7,97691,100,,,97669,100,,,97650,100
2019-06-28 11:51:25.354111966,98541,310,98006,417,98567,100,97899,100,98865,38,97874,100,99272,100,97841,100,99297,100,97836,100,99306,100,97832,100,100393,4,97814,100,101674,7,97691,100,,,97669,100,,,97650,100
2019-06-28 11:51:30.000000000,98567,410,98006,417,98865,38,97899,100,99272,100,97874,100,99297,100,97841,100,99306,100,97836,100,100393,4,97832,100,101674,7,97814,100,,,97691,100,,,97669,100,,,97650,100
2019-06-28 11:51:36.829181290,98567,310,98006,417,98865,38,97874,100,99272,100,97841,100,99297,100,97836,100,99306,100,97832,100,100393,4,97814,100,101674,7,97691,100,,,97669,100,,,97650,100,,,97449,100
2019-06-28 11:51:40.000000000,98865,143,98006,212,99272,202,97874,202,99297,202,97841,202,99306,100,97836,100,100393,4,97832,100,101674,7,97814,100,,,97691,100,,,97669,100,,,97650,100,,,97449,100
2019-06-28 11:51:44.885755390,98865,143,98006,212,99205,100,97874,202,99272,202,97841,202,99297,202,97836,100,99306,100,97832,100,100393,4,97814,100,101674,7,97669,100,,,97650,100,,,97449,100,,,,
2019-06-28 11:51:50.000000000,98865,143,98006,212,99205,202,97874,202,99272,202,97841,202,99297,100,97836,100,99306,100,97832,100,100393,4,97814,100,101674,7,97669,100,,,97650,100,,,97449,100,,,,
2019-06-28 11:52:00.000000000,98865,143,98006,78,99205,202,97874,202,99272,202,97841,202,99297,100,97836,100,99306,100,97832,100,100393,4,97814,100,101674,7,97669,100,,,97650,100,,,97449,100,,,,
2019-06-28 11:52:01.474797956,98865,143,98006,78,99087,100,97874,202,99205,202,97841,202,99272,202,97836,100,99297,100,97832,100,99306,100,97814,100,100393,4,97669,100,101674,7,97650,100,,,97449,100,,,,
2019-06-28 11:52:10.000000000,98865,116,97874,178,99087,178,97841,178,99205,178,97836,178,99272,178,97832,178,99297,100,97814,100,99306,100,97669,100,100393,4,97650,100,101674,7,97449,100,,,,,,,,
2019-06-28 11:52:10.261349467,98865,16,97874,178,99087,178,97841,178,99205,178,97836,178,99272,178,97832,178,99297,100,97814,100,99306,100,97669,100,100393,4,97650,100,101674,7,97449,100,,,,,,,,
2019-06-28 11:52:20.000000000,99087,178,97874,178,99205,178,97841,178,99272,178,97836,178,99297,178,97832,178,99306,100,97814,100,100393,4,97669,100,101674,7,97650,100,,,97449,100,,,,,,,,
2019-06-28 11:52:26.391261400,99087,178,98979,100,99205,178,97874,178,99272,178,97841,78,99297,178,97836,178,99306,100,97832,178,100393,4,97814,100,101674,7,97669,100,,,97650,100,,,97449,100,,,,
2019-06-28 11:52:30.000000000,99087,255,98979,255,99205,255,97874,255,99272,100,97836,100,99297,100,97832,100,99306,100,97814,100,100393,4,97669,100,101674,7,97650,100,,,97449,100,,,,,,,,
2019-06-28 11:52:38.656124766,99087,255,98979,255,99205,255,98818,100,99272,100,97874,255,99297,100,97836,100,99306,100,97832,100,100393,4,97814,100,101674,7,97669,100,,,97650,100,,,97449,100,,,,
2019-06-28 11:52:40.000000000,99087,410,98979,410,99205,100,98818,100,99272,100,97874,100,99297,100,97836,100,99306,100,97832,100,100393,4,97814,100,101674,7,97669,100,,,97650,100,,,97449,100,,,,
2019-06-28 11:52:50.000000000,99087,205,98979,205,99205,202,98818,202,99272,202,97874,202,99297,100,97836,100,99306,100,97832,100,100393,4,97814,100,101674,7,97669,100,,,97650,100,,,97449,100,,,,
2019-06-28 11:53:00.000000000,99087,162,98979,28,99205,162,98818,162,99272,162,97874,162,99297,162,97836,162,99306,162,97832,162,100393,4,97814,100,101674,7,97669,100,,,97650,100,,,97449,100,,,,
2019-06-28 11:53:05.224844475,99087,162,98979,28,99205,162,98818,162,99272,162,97874,162,99278,100,97836,162,99297,162,97832,162,99306,162,97814,100,100393,4,97669,100,101674,7,97650,100,,,97449,100,,,,
2019-06-28 11:53:08.355691370,99087,162,98979,28,99205,162,98818,162,99272,162,97874,162,99278,100,97836,162,99297,162,97832,162,99306,162,97814,100,99323,100,97650,100,100393,4,97449,100,101674,7,,,,,,
2019-06-28 11:53:10.000000000,99087,162,98818,162,99205,162,97874,162,99272,162,97836,162,99278,162,97832,162,99297,162,97814,162,99306,100,97650,100,99323,100,97449,100,100393,4,,,101674,7,,,,,,
2019-06-28 11:53:20.000000000,99087,410,98818,410,99205,100,97874,100,99272,100,97836,100,99278,100,97832,100,99297,100,97814,100,99306,100,97650,100,99323,100,97449,100,100393,4,,,101674,7,,,,,,
2019-06-28 11:53:27.392384013,99087,410,98818,410,99205,100,97874,100,99272,100,97836,100,99278,100,97832,100,99297,100,97814,100,99306,100,97650,100,99323,100,97449,100,99410,100,,,100393,4,,,101674,7,,
2019-06-28 11:53:29.913933508,99087,410,98818,410,99205,100,97874,100,99272,100,97836,100,99297,100,97832,100,99306,100,97814,100,99323,100,97650,100,99410,100,97449,100,99416,100,,,100393,4,,,101674,7,,
2019-06-28 11:53:30.000000000,99087,162,98818,162,99205,162,97874,162,99272,162,97836,162,99297,162,97832,162,99306,162,97814,162,99323,100,97650,100,99410,100,97449,100,99416,100,,,100393,4,,,101674,7,,
2019-06-28 11:53:40.000000000,99087,162,98818,162,99205,162,97874,162,99272,162,97836,162,99297,162,97832,162,99306,162,97814,162,99323,100,97650,100,99410,100,97449,100,99416,100,,,100393,4,,,101674,7,,
2019-06-28 11:53:50.000000000,99087,410,98818,410,99205,100,97874,100,99272,100,97836,100,99297,100,97832,100,99306,100,97814,100,99323,100,97650,100,99410,100,97449,100,99416,100,,,100393,4,,,101674,7,,
2019-06-28 11:53:57.159237449,99087,410,98818,410,99117,100,97874,100,99205,100,97836,100,99272,100,97832,100,99297,100,97814,100,99306,100,97650,100,99323,100,97449,100,99410,100,,,99416,100,,,100393,4,,
2019-06-28 11:54:00.000000000,99087,178,98818,44,99117,178,97874,178,99205,178,97836,178,99272,178,97832,178,99297,100,97814,100,99306,100,97650,100,99323,100,97449,100,99410,100,,,99416,100,,,100393,4,,
2019-06-28 11:54:10.000000000,99087,410,97874,410,99117,100,97836,100,99205,100,97832,100,99272,100,97814,100,99297,100,97650,100,99306,100,97449,100,99323,100,,,99410,100,,,99416,100,,,100393,4,,
2019-06-28 11:54:20.000000000,99087,205,97874,205,99117,202,97836,202,99205,202,97832,202,99272,100,97814,100,99297,100,97650,100,99306,100,97449,100,99323,100,,,99410,100,,,99416,100,,,100393,4,,
2019-06-28 11:54:20.388633829,99087,205,97874,205,99117,202,97836,202,99205,202,97832,202,99272,100,97814,100,99297,100,97650,100,99306,100,,,99323,100,,,99362,100,,,99410,100,,,99416,100,,
2019-06-28 11:54:23.336082614,99087,205,97874,205,99117,202,97836,202,99205,202,97832,202,99240,100,97814,100,99272,100,97650,100,99297,100,,,99306,100,,,99323,100,,,99362,100,,,99410,100,,
2019-06-28 11:54:30.000000000,99087,205,97874,205,99117,202,97836,202,99205,202,97832,202,99240,100,97814,100,99272,100,97650,100,99297,100,,,99306,100,,,99323,100,,,99362,100,,,99410,100,,
2019-06-28 11:54:40.000000000,99087,178,97874,178,99117,178,97836,178,99205,178,97832,178,99240,178,97814,178,99272,100,97650,100,99297,100,,,99306,100,,,99323,100,,,99362,100,,,99410,100,,
2019-06-28 11:54:50.000000000,99087,162,97874,162,99117,162,97836,162,99205,162,97832,162,99240,162,97814,162,99272,162,97650,162,99297,100,,,99306,100,,,99323,100,,,99362,100,,,99410,100,,
2019-06-28 11:55:00.000000000,99087,178,97874,44,99117,178,97836,178,99205,178,97832,178,99240,178,97814,178,99272,100,97650,100,99297,100,,,99306,100,,,99323,100,,,99362,100,,,99410,100,,
2019-06-28 11:55:06.642746121,99087,78,97874,44,99117,178,97836,178,99205,178,97832,178,99240,178,97814,178,99272,100,97650,100,99297,100,,,99306,100,,,99323,100,,,99362,100,,,99410,100,,
2019-06-28 11:55:10.000000000,99117,255,97836,255,99205,255,97832,255,99240,100,97814,100,99272,100,97650,100,99297,100,,,99306,100,,,99323,100,,,99362,100,,,99410,100,,,99416,100,,
2019-06-28 11:55:20.000000000,99117,410,97836,410,99205,100,97832,100,99240,100,97814,100,99272,100,97650,100,99297,100,,,99306,100,,,99323,100,,,99362,100,,,99410,100,,,99416,100,,
2019-06-28 11:55:30.000000000,99117,178,97836,178,99205,178,97832,178,99240,178,97814,178,99272,178,97650,178,99297,100,,,99306,100,,,99323,100,,,99362,100,,,99410,100,,,99416,100,,
2019-06-28 11:55:40.000000000,99117,162,97836,162,99205,162,97832,162,99240,162,97814,162,99272,162,97650,162,99297,162,97649,62,99306,100,,,99323,100,,,99362,100,,,99410,100,,,99416,100,,
2019-06-28 11:55:40.632263076,99117,162,97836,62,99205,162,97832,162,99240,162,97814,162,99272,162,97650,162,99297,162,97649,62,99306,100,,,99323,100,,,99362,100,,,99410,100,,,99416,100,,
2019-06-28 11:55:43.043122441,99117,162,97874,100,99205,162,97836,62,99240,162,97832,162,99272,162,97814,162,99297,162,97650,162,99306,100,97649,62,99323,100,,,99362,100,,,99410,100,,,99416,100,,
2019-06-28 11:55:50.000000000,99117,162,97874,162,99205,162,97832,162,99240,162,97814,162,99272,162,97650,162,99297,162,97649,62,99306,100,,,99323,100,,,99362,100,,,99410,100,,,99416,100,,
2019-06-28 11:55:53.189560143,99117,62,97874,162,99205,162,97832,162,99240,162,97814,162,99272,162,97650,162,99297,162,97649,62,99306,100,,,99323,100,,,99362,100,,,99410,100,,,99416,100,,
2019-06-28 11:56:00.000000000,99205,410,97874,276,99240,100,97832,100,99272,100,97814,100,99297,100,97650,100,99306,100,,,99323,100,,,99362,100,,,99410,100,,,99416,100,,,99607,100,,
2019-06-28 11:56:10.000000000,99205,162,97832,162,99240,162,97814,162,99272,162,97650,162,99297,162,97649,62,99306,162,,,99323,100,,,99362,100,,,99410,100,,,99416,100,,,99607,100,,
2019-06-28 11:56:20.000000000,99205,410,97832,410,99240,100,97814,100,99272,100,97650,100,99297,100,,,99306,100,,,99323,100,,,99362,100,,,99410,100,,,99416,100,,,99607,100,,
2019-06-28 11:56:30.000000000,99205,255,97832,255,99240,255,97814,255,99272,100,97650,100,99297,100,,,99306,100,,,99323,100,,,99362,100,,,99410,100,,,99416,100,,,99607,100,,
2019-06-28 11:56:40.000000000,99205,410,97832,410,99240,100,97814,100,99272,100,97650,100,99297,100,,,99306,100,,,99323,100,,,99362,100,,,99410,100,,,99416,100,,,99607,100,,
2019-06-28 11:56:44.583468190,99205,310,97832,410,99240,100,97814,100,99272,100,97650,100,99297,100,,,99306,100,,,99323,100,,,99362,100,,,99410,100,,,99416,100,,,99607,100,,
2019-06-28 11:56:50.000000000,99240,255,97832,255,99272,255,97814,255,99297,100,97650,100,99306,100,,,99323,100,,,99362,100,,,99410,100,,,99416,100,,,99607,100,,,100393,4,,
2019-06-28 11:57:00.000000000,99240,410,97832,276,99272,100,97814,100,99297,100,97650,100,99306,100,,,99323,100,,,99362,100,,,99410,100,,,99416,100,,,99607,100,,,100393,4,,
2019-06-28 11:57:09.885692714,99240,310,97832,276,99272,100,97814,100,99297,100,97650,100,99306,100,,,99323,100,,,99362,100,,,99410,100,,,99416,100,,,99607,100,,,100393,4,,
2019-06-28 11:57:10.000000000,99272,205,97814,205,99297,202,97650,202,99306,202,97649,102,99323,100,,,99362,100,,,99410,100,,,99416,100,,,99607,100,,,100393,4,,,101674,7,,
2019-06-28 11:57:20.000000000,99272,162,97814,162,99297,162,97650,162,99306,162,97649,62,99323,162,,,99362,162,,,99410,100,,,99416,100,,,99607,100,,,100393,4,,,101674,7,,
2019-06-28 11:57:30.000000000,99272,410,97814,410,99297,100,97650,100,99306,100,,,99323,100,,,99362,100,,,99410,100,,,99416,100,,,99607,100,,,100393,4,,,101674,7,,
2019-06-28 11:57:35.933380645,99272,310,97814,410,99297,100,97650,100,99306,100,,,99323,100,,,99362,100,,,99410,100,,,99416,100,,,99491,100,,,99607,100,,,100393,4,,
2019-06-28 11:57:40.000000000,99297,162,97814,162,99306,162,97650,162,99323,162,97649,62,99362,162,,,99410,162,,,99416,100,,,99491,100,,,99607,100,,,100393,4,,,101674,7,,
2019-06-28 11:57:45.144968801,99297,162,97832,100,99306,162,97814,162,99323,162,97650,162,99362,162,97649,62,99410,162,,,99416,100,,,99491,100,,,99607,100,,,100393,4,,,101674,7,,
2019-06-28 11:57:50.000000000,99297,255,97832,255,99306,255,97814,255,99323,100,97650,100,99362,100,,,99410,100,,,99416,100,,,99491,100,,,99607,100,,,100393,4,,,101674,7,,
2019-06-28 11:57:57.638116712,99297,255,99295,100,99306,255,97832,255,99323,100,97814,255,99362,100,97650,100,99410,100,,,99416,100,,,99491,100,,,99607,100,,,100393,4,,,101674,7,,
2019-06-28 11:58:00.000000000,99297,205,99295,71,99306,202,97832,202,99323,202,97814,202,99362,100,97650,100,99410,100,,,99416,100,,,99491,100,,,99607,100,,,100393,4,,,101674,7,,
2019-06-28 11:58:08.674487857,99297,205,99295,71,99306,202,99259,100,99323,202,97832,202,99362,100,97814,202,99410,100,97650,100,99416,100,,,99491,100,,,99607,100,,,100393,4,,,101674,7,,
2019-06-28 11:58:10.000000000,99297,410,99259,410,99306,100,97832,100,99323,100,97814,100,99362,100,97650,100,99410,100,,,99416,100,,,99491,100,,,99607,100,,,100393,4,,,101674,7,,
2019-06-28 11:58:20.000000000,99297,410,99259,410,99306,100,97832,100,99323,100,97814,100,99362,100,97650,100,99410,100,,,99416,100,,,99491,100,,,99607,100,,,100393,4,,,101674,7,,
2019-06-28 11:58:30.000000000,99297,255,99259,255,99306,255,97832,255,99323,100,97814,100,99362,100,97650,100,99410,100,,,99416,100,,,99491,100,,,99607,100,,,100393,4,,,101674,7,,
2019-06-28 11:58:40.000000000,99297,255,99259,255,99306,255,97832,255,99323,100,97814,100,99362,100,97650,100,99410,100,,,99416,100,,,99491,100,,,99607,100,,,100393,4,,,101674,7,,
2019-06-28 11:58:45.594025178,99297,255,99259,255,99306,255,97832,255,99323,100,97814,100,99362,100,97650,100,99410,100,,,99416,100,,,99429,100,,,99491,100,,,99607,100,,,100393,4,,
2019-06-28 11:58:50.000000000,99297,178,99259,178,99306,178,97832,178,99323,178,97814,178,99362,178,97650,178,99410,100,,,99416,100,,,99429,100,,,99491,100,,,99607,100,,,100393,4,,
2019-06-28 11:59:00.000000000,99297,410,99259,276,99306,100,97832,100,99323,100,97814,100,99362,100,97650,100,99410,100,,,99416,100,,,99429,100,,,99491,100,,,99607,100,,,100393,4,,
2019-06-28 11:59:05.797400069,99297,310,99259,276,99306,100,97832,100,99323,100,97814,100,99362,100,97650,100,99410,100,,,99416,100,,,99429,100,,,99491,100,,,99607,100,,,100393,4,,
2019-06-28 11:59:10.000000000,99306,205,97832,205,99323,202,97814,202,99362,202,97650,202,99410,100,,,99416,100,,,99429,100,,,99491,100,,,99607,100,,,100393,4,,,101674,7,,
2019-06-28 11:59:10.350735680,99306,205,97832,205,99323,202,97814,202,99362,202,97650,202,99410,100,,,99429,100,,,99491,100,,,99607,100,,,99746,100,,,100393,4,,,101674,7,,
2019-06-28 11:59:11.664459345,99306,205,97832,205,99323,202,97814,202,99362,202,97650,202,99410,100,,,99429,100,,,99491,100,,,99607,100,,,99746,100,,,99871,100,,,100393,4,,
2019-06-28 11:59:13.165571289,99306,205,97832,205,99323,202,97814,202,99362,202,97650,202,99410,100,,,99429,100,,,99491,100,,,99607,100,,,99741,100,,,99746,100,,,99871,100,,
2019-06-28 11:59:20.000000000,99306,205,97832,205,99323,202,97814,202,99362,202,97650,202,99410,100,,,99429,100,,,99491,100,,,99607,100,,,99741,100,,,99746,100,,,99871,100,,
2019-06-28 11:59:30.000000000,99306,205,97832,205,99323,202,97814,202,99362,202,97650,202,99410,100,,,99429,100,,,99491,100,,,99607,100,,,99741,100,,,99746,100,,,99871,100,,
2019-06-28 11:59:40.000000000,99306,255,97832,255,99323,255,97814,255,99362,100,97650,100,99410,100,,,99429,100,,,99491,100,,,99607,100,,,99741,100,,,99746,100,,,99871,100,,
2019-06-28 11:59:50.000000000,99306,178,97832,178,99323,178,97814,178,99362,178,97650,178,99410,178,97649,78,99429,100,,,99491,100,,,99607,100,,,99741,100,,,99746,100,,,99871,100,,
2019-06-28 11:59:55.944801675,99306,178,99264,100,99323,178,97832,178,99362,178,97814,178,99410,178,97650,178,99429,100,97649,78,99491,100,,,99607,100,,,99741,100,,,99746,100,,,99871,100,,
2019-06-28 12:00:00.000000000,99306,178,99264,44,99323,178,97832,178,99362,178,97814,178,99410,178,97650,178,99429,100,,,99491,100,,,99607,100,,,99741,100,,,99746,100,,,99871,100,,
2019-06-28 12:00:04.261575047,99306,78,99264,44,99323,78,97832,178,99362,178,97814,178,99410,178,97650,178,99429,100,,,99491,100,,,99607,100,,,99741,100,,,99746,100,,,99871,100,,
2019-06-28 12:00:10.000000000,99362,410,97832,410,99410,100,97814,100,99429,100,97650,100,99491,100,,,99607,100,,,99741,100,,,99746,100,,,99871,100,,,100393,4,,,101674,7,,
2019-06-28 12:00:20.000000000,99362,205,97832,205,99410,202,97814,202,99429,202,97650,202,99491,100,,,99607,100,,,99741,100,,,99746,100,,,99871,100,,,100393,4,,,101674,7,,
2019-06-28 12:00:20.501219638,99362,205,99264,100,99410,202,97832,205,99429,202,97814,202,99491,100,97650,202,99607,100,,,99741,100,,,99746,100,,,99871,100,,,100393,4,,,101674,7,,
2019-06-28 12:00:28.737956187,99362,205,97832,205,99410,202,97814,202,99429,202,97650,202,99491,100,,,99607,100,,,99741,100,,,99746,100,,,99871,100,,,100393,4,,,101674,7,,
2019-06-28 12:00:30.000000000,99362,162,97832,162,99410,162,97814,162,99429,162,97650,162,99491,162,97649,62,99607,162,,,99741,100,,,99746,100,,,99871,100,,,100393,4,,,101674,7,,
2019-06-28 12:00:34.315325018,99226,100,97832,162,99362,162,97814,162,99410,162,97650,162,99429,162,97649,62,99491,162,,,99607,162,,,99741,100,,,99746,100,,,99871,100,,,100393,4,,
2019-06-28 12:00:40.000000000,99226,162,97832,162,99362,162,97814,162,99410,162,97650,162,99429,162,97649,62,99491,162,,,99607,100,,,99741,100,,,99746,100,,,99871,100,,,100393,4,,
2019-06-28 12:00:47.293140515,99226,162,99223,100,99362,162,97832,162,99410,162,97814,162,99429,162,97650,162,99491,162,97649,62,99607,100,,,99741,100,,,99746,100,,,99871,100,,,100393,4,,
2019-06-28 12:00:47.736106053,99226,162,99223,100,99306,100,97832,162,99362,162,97814,162,99410,162,97650,162,99429,162,97649,62,99491,162,,,99607,100,,,99741,100,,,99746,100,,,99871,100,,
2019-06-28 12:00:50.000000000,99226,255,99223,255,99306,255,97832,255,99362,100,97814,100,99410,100,97650,100,99429,100,,,99491,100,,,99607,100,,,99741,100,,,99746,100,,,99871,100,,
2019-06-28 12:01:00.000000000,99226,410,99223,276,99306,100,97832,100,99362,100,97814,100,99410,100,97650,100,99429,100,,,99491,100,,,99607,100,,,99741,100,,,99746,100,,,99871,100,,
2019-06-28 12:01:10.000000000,99226,255,97832,255,99306,255,97814,255,99362,100,97650,100,99410,100,,,99429,100,,,99491,100,,,99607,100,,,99741,100,,,99746,100,,,99871,100,,
2019-06-28 12:01:20.000000000,99226,178,97832,178,99306,178,97814,178,99362,178,97650,178,99410,178,97649,78,99429,100,,,99491,100,,,99607,100,,,99741,100,,,99746,100,,,99871,100,,
2019-06-28 12:01:29.726481334,99226,178,99223,100,99306,178,97832,178,99362,178,97814,178,99410,178,97650,178,99429,100,97649,78,99491,100,,,99607,100,,,99741,100,,,99746,100,,,99871,100,,
2019-06-28 12:01:30.000000000,99226,255,99223,255,99306,255,97832,255,99362,100,97814,100,99410,100,97650,100,99429,100,,,99491,100,,,99607,100,,,99741,100,,,99746,100,,,99871,100,,
2019-06-28 12:01:31.041025822,99226,255,99223,155,99306,255,97832,255,99362,100,97814,100,99410,100,97650,100,99429,100,,,99491,100,,,99607,100,,,99741,100,,,99746,100,,,99871,100,,
2019-06-28 12:01:40.000000000,99226,162,97832,162,99306,162,97814,162,99362,162,97650,162,99410,162,97649,62,99429,162,,,99491,100,,,99607,100,,,99741,100,,,99746,100,,,99871,100,,
2019-06-28 12:01:50.000000000,99226,162,97832,162,99306,162,97814,162,99362,162,97650,162,99410,162,97649,62,99429,162,,,99491,100,,,99607,100,,,99741,100,,,99746,100,,,99871,100,,
2019-06-28 12:02:00.000000000,99226,162,97832,28,99306,162,97814,162,99362,162,97650,162,99410,162,97649,62,99429,162,,,99491,100,,,99607,100,,,99741,100,,,99746,100,,,99871,100,,
2019-06-28 12:02:01.548569988,99226,162,98722,100,99306,162,97832,28,99362,162,97814,162,99410,162,97650,162,99429,162,97649,62,99491,100,,,99607,100,,,99741,100,,,99746,100,,,99871,100,,
2019-06-28 12:02:10.000000000,99226,205,98722,205,99306,202,97814,202,99362,202,97650,202,99410,100,,,99429,100,,,99491,100,,,99607,100,,,99741,100,,,99746,100,,,99871,100,,
2019-06-28 12:02:20.000000000,99226,178,98722,178,99306,178,97814,178,99362,178,97650,178,99410,178,97649,78,99429,100,,,99491,100,,,99607,100,,,99741,100,,,99746,100,,,99871,100,,
2019-06-28 12:02:30.000000000,99226,162,98722,162,99306,162,97814,162,99362,162,97650,162,99410,162,97649,62,99429,162,,,99491,100,,,99607,100,,,99741,100,,,99746,100,,,99871,100,,
2019-06-28 12:02:40.000000000,99226,205,98722,205,99306,202,97814,202,99362,202,97650,202,99410,100,,,99429,100,,,99491,100,,,99607,100,,,99741,100,,,99746,100,,,99871,100,,
2019-06-28 12:02:50.000000000,99226,205,98722,205,99306,202,97814,202,99362,202,97650,202,99410,100,,,99429,100,,,99491,100,,,99607,100,,,99741,100,,,99746,100,,,99871,100,,
2019-06-28 12:02:54.571296599,98784,100,98722,205,99226,205,97814,202,99306,202,97650,202,99362,202,,,99410,100,,,99429,100,,,99491,100,,,99607,100,,,99746,100,,,99871,100,,
2019-06-28 12:02:55.130601689,98784,100,98722,205,99193,100,97814,202,99226,205,97650,202,99306,202,,,99362,202,,,99410,100,,,99429,100,,,99491,100,,,99607,100,,,99746,100,,
2019-06-28 12:02:59.781195430,98784,100,98722,205,99193,100,98632,100,99226,205,97814,202,99306,202,97650,202,99362,202,,,99410,100,,,99429,100,,,99491,100,,,99607,100,,,99746,100,,
2019-06-28 12:03:00.000000000,98784,255,98722,121,99193,255,98632,255,99226,100,97814,100,99306,100,97650,100,99362,100,,,99410,100,,,99429,100,,,99491,100,,,99607,100,,,99746,100,,
2019-06-28 12:03:10.000000000,98784,255,98632,255,99193,255,97814,255,99226,100,97650,100,99306,100,,,99362,100,,,99410,100,,,99429,100,,,99491,100,,,99607,100,,,99746,100,,
2019-06-28 12:03:20.000000000,98784,255,98632,255,99193,255,97814,255,99226,100,97650,100,99306,100,,,99362,100,,,99410,100,,,99429,100,,,99491,100,,,99607,100,,,99746,100,,
2019-06-28 12:03:30.000000000,98784,255,98632,255,99193,255,97814,255,99226,100,97650,100,99306,100,,,99362,100,,,99410,100,,,99429,100,,,99491,100,,,99607,100,,,99746,100,,
2019-06-28 12:03:40.000000000,98784,162,98632,162,99193,162,97814,162,99226,162,97650,162,99306,162,97649,62,99362,162,,,99410,100,,,99429,100,,,99491,100,,,99607,100,,,99746,100,,
2019-06-28 12:03:50.000000000,98784,205,98632,205,99193,202,97814,202,99226,202,97650,202,99306,100,,,99362,100,,,99410,100,,,99429,100,,,99491,100,,,99607,100,,,99746,100,,
2019-06-28 12:03:53.375434265,98784,205,98632,105,99193,202,97814,202,99226,202,97650,202,99306,100,,,99362,100,,,99410,100,,,99429,100,,,99491,100,,,99607,100,,,99746,100,,
2019-06-28 12:04:00.000000000,98784,410,97814,276,99193,100,97650,100,99226,100,,,99306,100,,,99362,100,,,99410,100,,,99429,100,,,99491,100,,,99607,100,,,99746,100,,
2019-06-28 12:04:08.387660162,98784,410,97814,376,99193,100,97650,100,99226,100,,,99306,100,,,99362,100,,,99410,100,,,99429,100,,,99491,100,,,99607,100,,,99746,100,,
2019-06-28 12:04:10.000000000,98784,255,97814,255,99193,255,97650,255,99226,100,,,99306,100,,,99362,100,,,99410,100,,,99429,100,,,99491,100,,,99607,100,,,99746,100,,
2019-06-28 12:04:18.882210270,98784,255,97814,355,99193,255,97650,255,99226,100,,,99306,100,,,99362,100,,,99410,100,,,99429,100,,,99491,100,,,99607,100,,,99746,100,,
2019-06-28 12:04:20.000000000,98784,178,97814,278,99193,178,97650,178,99226,178,97649,78,99306,178,,,99362,100,,,99410,100,,,99429,100,,,99491,100,,,99607,100,,,99746,100,,
2019-06-28 12:04:30.000000000,98784,162,97814,262,99193,162,97650,162,99226,162,97649,62,99306,162,,,99362,162,,,99410,100,,,99429,100,,,99491,100,,,99607,100,,,99746,100,,
2019-06-28 12:04:40.000000000,98784,205,97814,305,99193,202,97650,202,99226,202,97649,102,99306,100,,,99362,100,,,99410,100,,,99429,100,,,99491,100,,,99607,100,,,99746,100,,
2019-06-28 12:04:47.174871778,98784,205,97814,305,99082,100,97650,202,99193,202,97649,102,99226,202,,,99306,100,,,99362,100,,,99410,100,,,99429,100,,,99491,100,,,99607,100,,
2019-06-28 12:04:50.000000000,98784,205,97814,305,99082,202,97650,202,99193,202,97649,102,99226,100,,,99306,100,,,99362,100,,,99410,100,,,99429,100,,,99491,100,,,99607,100,,
2019-06-28 12:04:55.005682506,98784,205,97814,305,99082,202,97650,202,99160,100,97649,102,99193,202,,,99226,100,,,99306,100,,,99362,100,,,99410,100,,,99429,100,,,99491,100,,
2019-06-28 12:05:00.000000000,98784,255,97814,221,99082,255,97650,255,99160,100,,,99193,100,,,99226,100,,,99306,100,,,99362,100,,,99410,100,,,99429,100,,,99491,100,,
2019-06-28 12:05:10.000000000,98784,205,97814,171,99082,202,97650,202,99160,202,97649,102,99193,100,,,99226,100,,,99306,100,,,99362,100,,,99410,100,,,99429,100,,,99491,100,,
2019-06-28 12:05:20.000000000,98784,410,97814,376,99082,100,97650,100,99160,100,,,99193,100,,,99226,100,,,99306,100,,,99362,100,,,99410,100,,,99429,100,,,99491,100,,
2019-06-28 12:05:23.200424864,98784,310,97814,376,99082,100,97650,100,99160,100,,,99193,100,,,99226,100,,,99306,100,,,99362,100,,,99410,100,,,99429,100,,,99491,100,,
2019-06-28 12:05:26.847884305,98784,210,97814,376,99082,100,97650,100,99160,100,,,99226,100,,,99306,100,,,99362,100,,,99410,100,,,99429,100,,,99491,100,,,99607,100,,
2019-06-28 12:05:29.898150135,98784,210,97814,376,99082,100,97650,100,99160,100,,,99226,100,,,99235,100,,,99306,100,,,99362,100,,,99410,100,,,99429,100,,,99491,100,,
2019-06-28 12:05:30.000000000,99082,178,97814,144,99160,178,97650,178,99226,178,97649,78,99235,178,,,99306,100,,,99362,100,,,99410,100,,,99429,100,,,99491,100,,,99607,100,,
2019-06-28 12:05:38.823049639,99082,178,97814,144,99160,178,97650,178,99226,178,97649,78,99235,178,,,99306,100,,,99362,100,,,99410,100,,,99429,100,,,99491,100,,,99583,100,,
2019-06-28 12:05:38.884877555,99082,78,97814,144,99160,178,97650,178,99226,178,97649,78,99235,178,,,99306,100,,,99362,100,,,99410,100,,,99429,100,,,99491,100,,,99583,100,,
2019-06-28 12:05:40.000000000,99160,205,97814,171,99226,202,97650,202,99235,202,97649,102,99306,100,,,99362,100,,,99410,100,,,99429,100,,,99491,100,,,99583,100,,,99607,100,,
2019-06-28 12:05:50.000000000,99160,162,97814,128,99226,162,97650,162,99235,162,97649,62,99306,162,,,99362,162,,,99410,100,,,99429,100,,,99491,100,,,99583,100,,,99607,100,,
2019-06-28 12:05:56.616433140,99160,62,97814,128,99226,162,97650,162,99235,162,97649,62,99306,162,,,99362,162,,,99410,100,,,99429,100,,,99491,100,,,99583,100,,,99607,100,,
2019-06-28 12:06:00.000000000,99226,255,97814,87,99235,255,97650,255,99306,100,,,99362,100,,,99410,100,,,99429,100,,,99491,100,,,99583,100,,,99607,100,,,99871,100,,
2019-06-28 12:06:10.000000000,99226,255,97650,255,99235,255,97649,155,99306,100,,,99362,100,,,99410,100,,,99429,100,,,99491,100,,,99583,100,,,99607,100,,,99871,100,,
2019-06-28 12:06:14.973969093,99226,255,97814,100,99235,255,97650,255,99306,100,97649,155,99362,100,,,99410,100,,,99429,100,,,99491,100,,,99583,100,,,99607,100,,,99871,100,,
2019-06-28 12:06:16.863356268,99226,255,97814,200,99235,255,97650,255,99306,100,97649,155,99362,100,,,99410,100,,,99429,100,,,99491,100,,,99583,100,,,99607,100,,,99871,100,,
2019-06-28 12:06:20.000000000,99226,205,97814,305,99235,202,97650,202,99306,202,97649,102,99362,100,,,99410,100,,,99429,100,,,99491,100,,,99583,100,,,99607,100,,,99871,100,,
2019-06-28 12:06:30.000000000,99226,410,97814,510,99235,100,97650,100,99306,100,,,99362,100,,,99410,100,,,99429,100,,,99491,100,,,99583,100,,,99607,100,,,99871,100,,
2019-06-28 12:06:40.000000000,99226,162,97814,262,99235,162,97650,162,99306,162,97649,62,99362,162,,,99410,162,,,99429,100,,,99491,100,,,99583,100,,,99607,100,,,99871,100,,
2019-06-28 12:06:43.550605270,99226,62,97814,262,99235,162,97650,162,99306,162,97649,62,99362,162,,,99410,162,,,99429,100,,,99491,100,,,99583,100,,,99607,100,,,99871,100,,
2019-06-28 12:06:50.000000000,99235,205,97814,305,99306,202,97650,202,99362,202,97649,102,99410,100,,,99429,100,,,99491,100,,,99583,100,,,99607,100,,,99871,100,,,100393,4,,
2019-06-28 12:06:55.394032112,99235,205,97814,305,99306,202,97650,202,99362,202,97649,102,99410,100,,,99429,100,,,99583,100,,,99607,100,,,99800,100,,,99871,100,,,100393,4,,
2019-06-28 12:06:56.126823337,99235,105,97814,305,99306,202,97650,202,99362,202,97649,102,99410,100,,,99429,100,,,99583,100,,,99607,100,,,99800,100,,,99871,100,,,100393,4,,
2019-06-28 12:07:00.000000000,99306,178,97814,144,99362,178,97650,178,99410,178,97649,78,99429,178,,,99583,100,,,99607,100,,,99800,100,,,99871,100,,,100393,4,,,101674,7,,
2019-06-28 12:07:10.000000000,99306,178,97814,144,99362,178,97650,178,99410,178,97649,78,99429,178,,,99583,100,,,99607,100,,,99800,100,,,99871,100,,,100393,4,,,101674,7,,
2019-06-28 12:07:20.000000000,99306,205,97814,171,99362,202,97650,202,99410,202,97649,102,99429,100,,,99583,100,,,99607,100,,,99800,100,,,99871,100,,,100393,4,,,101674,7,,
2019-06-28 12:07:30.000000000,99306,410,97814,376,99362,100,97650,100,99410,100,,,99429,100,,,99583,100,,,99607,100,,,99800,100,,,99871,100,,,100393,4,,,101674,7,,
2019-06-28 12:07:40.000000000,99306,162,97814,128,99362,162,97650,162,99410,162,97649,62,99429,162,,,99583,162,,,99607,100,,,99800,100,,,99871,100,,,100393,4,,,101674,7,,
2019-06-28 12:07:50.000000000,99306,178,97814,144,99362,178,97650,178,99410,178,97649,78,99429,178,,,99583,100,,,99607,100,,,99800,100,,,99871,100,,,100393,4,,,101674,7,,
2019-06-28 12:07:57.319708241,99306,178,97814,144,99362,178,97650,178,99410,178,97649,78,99429,178,,,99583,100,,,99607,100,,,99800,100,,,99831,100,,,99871,100,,,100393,4,,
2019-06-28 12:07:57.520081370,99306,178,97814,244,99362,178,97650,178,99410,178,97649,78,99429,178,,,99583,100,,,99607,100,,,99800,100,,,99831,100,,,99871,100,,,100393,4,,
2019-06-28 12:08:00.000000000,99306,410,97814,342,99362,100,97650,100,99410,100,,,99429,100,,,99583,100,,,99607,100,,,99800,100,,,99831,100,,,99871,100,,,100393,4,,
2019-06-28 12:08:04.482983107,99306,410,97814,342,99362,100,97650,100,99410,100,,,99429,100,,,99583,100,,,99607,100,,,99800,100,,,99831,100,,,99871,100,,,100054,100,,
2019-06-28 12:08:10.000000000,99306,410,97814,342,99362,100,97650,100,99410,100,,,99429,100,,,99583,100,,,99607,100,,,99800,100,,,99831,100,,,99871,100,,,100054,100,,
2019-06-28 12:08:12.825954523,99306,410,97814,442,99362,100,97650,100,99410,100,,,99429,100,,,99583,100,,,99607,100,,,99800,100,,,99831,100,,,99871,100,,,100054,100,,
2019-06-28 12:08:19.427904573,99306,310,97814,442,99362,100,97650,100,99410,100,,,99429,100,,,99583,100,,,99607,100,,,99800,100,,,99831,100,,,99871,100,,,100054,100,,
2019-06-28 12:08:20.000000000,99362,205,97814,237,99410,202,97650,202,99429,202,97649,102,99583,100,,,99607,100,,,99800,100,,,99831,100,,,99871,100,,,100054,100,,,100393,4,,
2019-06-28 12:08:22.116582274,99362,205,97814,237,99410,202,97650,202,99429,202,97649,102,99583,100,,,99607,100,,,99800,100,,,99831,100,,,99871,100,,,99928,100,,,100054,100,,
2019-06-28 12:08:27.604086955,99362,205,97814,237,99410,202,97650,202,99429,202,97649,102,99583,100,,,99607,100,,,99800,100,,,99831,100,,,99871,100,,,99872,100,,,99928,100,,
2019-06-28 12:08:29.733644272,99362,205,97814,237,99410,202,97650,202,99429,202,97649,102,99583,100,,,99607,100,,,99658,100,,,99800,100,,,99831,100,,,99871,100,,,99872,100,,
2019-06-28 12:08:30.000000000,99362,255,97814,287,99410,255,97650,255,99429,100,,,99583,100,,,99607,100,,,99658,100,,,99800,100,,,99831,100,,,99871,100,,,99872,100,,
2019-06-28 12:08:38.614112296,99362,255,97814,287,99410,255,97650,255,99429,100,,,99561,100,,,99583,100,,,99607,100,,,99658,100,,,99800,100,,,99831,100,,,99871,100,,
2019-06-28 12:08:40.000000000,99362,178,97814,210,99410,178,97650,178,99429,178,97649,78,99561,178,,,99583,100,,,99607,100,,,99658,100,,,99800,100,,,99831,100,,,99871,100,,
2019-06-28 12:08:50.000000000,99362,178,97814,210,99410,178,97650,178,99429,178,97649,78,99561,178,,,99583,100,,,99607,100,,,99658,100,,,99800,100,,,99831,100,,,99871,100,,
2019-06-28 12:08:50.433517034,99362,178,97814,210,99410,178,97650,178,99429,178,97649,78,99561,178,,,99583,100,,,99607,100,,,99658,100,,,99800,100,,,99831,100,,,99871,100,,
2019-06-28 12:08:56.137781568,99362,178,97815,100,99410,178,97814,210,99429,178,97650,178,99561,178,97649,78,99583,100,,,99607,100,,,99658,100,,,99800,100,,,99831,100,,,99871,100,,
2019-06-28 12:09:00.000000000,99362,410,97815,276,99410,100,97814,132,99429,100,97650,100,99561,100,,,99583,100,,,99607,100,,,99658,100,,,99800,100,,,99831,100,,,99871,100,,
2019-06-28 12:09:10.000000000,99362,410,97814,442,99410,100,97650,100,99429,100,,,99561,100,,,99583,100,,,99607,100,,,99658,100,,,99800,100,,,99831,100,,,99871,100,,
2019-06-28 12:09:13.051076497,99362,410,97814,442,99410,100,97650,100,99429,100,,,99561,100,,,99583,100,,,99607,100,,,99612,100,,,99658,100,,,99831,100,,,99871,100,,
2019-06-28 12:09:20.000000000,99362,162,97814,194,99410,162,97650,162,99429,162,97649,62,99561,162,,,99583,162,,,99607,100,,,99612,100,,,99658,100,,,99831,100,,,99871,100,,
2019-06-28 12:09:25.406565853,99362,62,97814,194,99410,162,97650,162,99429,62,97649,62,99561,162,,,99583,162,,,99607,100,,,99612,100,,,99658,100,,,99831,100,,,99871,100,,
2019-06-28 12:09:30.000000000,99410,205,97814,237,99561,202,97650,202,99583,202,97649,102,99607,100,,,99612,100,,,99658,100,,,99831,100,,,99871,100,,,99872,100,,,99928,100,,
2019-06-28 12:09:40.000000000,99410,255,97814,287,99561,255,97650,255,99583,100,,,99607,100,,,99612,100,,,99658,100,,,99831,100,,,99871,100,,,99872,100,,,99928,100,,
2019-06-28 12:09:45.518338715,99410,55,97814,287,99561,255,97650,255,99583,100,,,99607,100,,,99612,100,,,99658,100,,,99831,100,,,99871,100,,,99872,100,,,99928,100,,
2019-06-28 12:09:48.728135880,99410,55,99362,100,99561,255,97814,287,99583,100,97650,255,99607,100,,,99612,100,,,99658,100,,,99831,100,,,99871,100,,,99872,100,,,99928,100,,
2019-06-28 12:09:50.000000000,99561,162,99362,162,99583,162,97814,194,99607,162,97650,162,99612,162,97649,62,99658,162,,,99831,100,,,99871,100,,,99872,100,,,99928,100,,,100009,100,,
2019-06-28 12:10:00.000000000,99561,178,99362,44,99583,178,97814,210,99607,178,97650,178,99612,178,97649,78,99658,100,,,99831,100,,,99871,100,,,99872,100,,,99928,100,,,100009,100,,
2019-06-28 12:10:10.000000000,99561,205,97814,237,99583,202,97650,202,99607,202,97649,102,99612,100,,,99658,100,,,99831,100,,,99871,100,,,99872,100,,,99928,100,,,100009,100,,
2019-06-28 12:10:20.000000000,99561,205,97814,237,99583,202,97650,202,99607,202,97649,102,99612,100,,,99658,100,,,99831,100,,,99871,100,,,99872,100,,,99928,100,,,100009,100,,
2019-06-28 12:10:30.000000000,99561,205,97814,237,99583,202,97650,202,99607,202,97649,102,99612,100,,,99658,100,,,99831,100,,,99871,100,,,99872,100,,,99928,100,,,100009,100,,
2019-06-28 12:10:40.000000000,99561,205,97814,237,99583,202,97650,202,99607,202,97649,102,99612,100,,,99658,100,,,99831,100,,,99871,100,,,99872,100,,,99928,100,,,100009,100,,
2019-06-28 12:10:50.000000000,99561,205,97814,237,99583,202,97650,202,99607,202,97649,102,99612,100,,,99658,100,,,99831,100,,,99871,100,,,99872,100,,,99928,100,,,100009,100,,
2019-06-28 12:11:00.000000000,99561,255,97814,153,99583,255,97650,255,99607,100,,,99612,100,,,99658,100,,,99831,100,,,99871,100,,,99872,100,,,99928,100,,,100009,100,,
2019-06-28 12:11:10.000000000,99561,162,97650,162,99583,162,97649,62,99607,162,,,99612,162,,,99658,162,,,99831,100,,,99871,100,,,99872,100,,,99928,100,,,100009,100,,
2019-06-28 12:11:14.320429919,99561,162,97814,100,99583,162,97650,162,99607,162,97649,62,99612,162,,,99658,162,,,99831,100,,,99871,100,,,99872,100,,,99928,100,,,100009,100,,
2019-06-28 12:11:16.876064304,99561,162,97814,100,99583,162,97650,162,99607,162,97649,62,99612,162,,,99658,162,,,99831,100,,,99871,100,,,99872,100,,,99928,100,,,100009,100,,
2019-06-28 12:11:20.000000000,99561,205,97814,205,99583,202,97650,202,99607,202,97649,102,99612,100,,,99658,100,,,99831,100,,,99871,100,,,99872,100,,,99928,100,,,100009,100,,
2019-06-28 12:11:22.663933723,99561,205,97814,205,99583,202,97650,202,99607,202,97649,102,99612,100,,,99658,100,,,99831,100,,,99872,100,,,99928,100,,,100009,100,,,100054,100,,
2019-06-28 12:11:30.000000000,99561,162,97814,162,99583,162,97650,162,99607,162,97649,62,99612,162,,,99658,162,,,99831,100,,,99872,100,,,99928,100,,,100009,100,,,100054,100,,
2019-06-28 12:11:40.000000000,99561,410,97814,410,99583,100,97650,100,99607,100,,,99612,100,,,99658,100,,,99831,100,,,99872,100,,,99928,100,,,100009,100,,,100054,100,,
2019-06-28 12:11:50.000000000,99561,255,97814,255,99583,255,97650,255,99607,100,,,99612,100,,,99658,100,,,99831,100,,,99872,100,,,99928,100,,,100009,100,,,100054,100,,
2019-06-28 12:12:00.000000000,99561,178,97814,44,99583,178,97650,178,99607,178,97649,78,99612,178,,,99658,100,,,99831,100,,,99872,100,,,99928,100,,,100009,100,,,100054,100,,
2019-06-28 12:12:04.671941531,99561,78,97814,44,99583,178,97650,178,99607,178,97649,78,99612,178,,,99658,100,,,99831,100,,,99872,100,,,99928,100,,,100009,100,,,100054,100,,
2019-06-28 12:12:10.000000000,99583,178,97650,178,99607,178,97649,78,99612,178,,,99658,178,,,99831,100,,,99872,100,,,99928,100,,,100009,100,,,100054,100,,,100393,4,,
2019-06-28 12:12:16.494823114,99583,78,97650,178,99607,178,97649,78,99612,178,,,99658,178,,,99831,100,,,99872,100,,,99928,100,,,100009,100,,,100054,100,,,100393,4,,
2019-06-28 12:12:20.000000000,99607,410,97650,410,99612,100,,,99658,100,,,99831,100,,,99872,100,,,99928,100,,,100009,100,,,100054,100,,,100393,4,,,100643,100,,
2019-06-28 12:12:30.000000000,99607,178,97650,178,99612,178,97649,78,99658,178,,,99831,178,,,99872,100,,,99928,100,,,100009,100,,,100054,100,,,100393,4,,,100643,100,,
2019-06-28 12:12:40.000000000,99607,410,97650,410,99612,100,,,99658,100,,,99831,100,,,99872,100,,,99928,100,,,100009,100,,,100054,100,,,100393,4,,,100643,100,,
2019-06-28 12:12:50.000000000,99607,178,97650,178,99612,178,97649,78,99658,178,,,99831,178,,,99872,100,,,99928,100,,,100009,100,,,100054,100,,,100393,4,,,100643,100,,
2019-06-28 12:12:59.427129301,99597,100,97650,178,99607,178,97649,78,99612,178,,,99658,178,,,99831,178,,,99872,100,,,99928,100,,,100009,100,,,100054,100,,,100393,4,,
2019-06-28 12:13:00.000000000,99597,410,97650,276,99607,100,,,99612,100,,,99658,100,,,99831,100,,,99872,100,,,99928,100,,,100009,100,,,100054,100,,,100393,4,,
2019-06-28 12:13:09.681754630,99597,310,97650,276,99607,100,,,99612,100,,,99658,100,,,99831,100,,,99872,100,,,99928,100,,,100009,100,,,100054,100,,,100393,4,,
2019-06-28 12:13:10.000000000,99607,100,,,99612,100,,,99658,100,,,99831,100,,,99872,100,,,99928,100,,,100009,100,,,100054,100,,,100393,4,,,100643,100,,
2019-06-28 12:13:20.981759712,99607,100,,,99612,100,,,99658,100,,,99831,100,,,99872,100,,,99928,100,,,100009,100,,,100054,100,,,100153,100,,,100393,4,,
2019-06-28 12:13:41.361796402,99607,100,,,99612,100,,,99658,100,,,99831,100,,,99872,100,,,99914,100,,,99928,100,,,100009,100,,,100054,100,,,100153,100,,
2019-06-28 12:14:16.027077060,99607,100,,,99612,100,,,99658,100,,,99831,100,,,99872,100,,,99914,100,,,100009,100,,,100054,100,,,100153,100,,,100393,4,,
2019-06-28 12:14:20.698990674,99612,100,,,99658,100,,,99831,100,,,99872,100,,,99914,100,,,100009,100,,,100054,100,,,100153,100,,,100393,4,,,100559,100,,
2019-06-28 12:14:26.647543240,99658,100,,,99831,100,,,99872,100,,,99914,100,,,100009,100,,,100054,100,,,100153,100,,,100393,4,,,100559,100,,,100647,100,,
2019-06-28 12:14:39.002453458,99831,100,,,99872,100,,,99914,100,,,100009,100,,,100054,100,,,100153,100,,,100393,4,,,100559,100,,,100647,100,,,101674,7,,
2019-06-28 12:14:48.930259972,99831,100,,,99872,100,,,99914,100,,,100009,100,,,100054,100,,,100153,100,,,100331,100,,,100393,4,,,100559,100,,,100647,100,,
2019-06-28 12:14:49.623499656,99872,100,,,99914,100,,,100009,100,,,100054,100,,,100153,100,,,100331,100,,,100393,4,,,100559,100,,,100647,100,,,101674,7,,
2019-06-28 12:14:54.794865179,99872,100,,,99914,100,,,100009,100,,,100054,100,,,100139,100,,,100153,100,,,100331,100,,,100393,4,,,100559,100,,,100647,100,,
2019-06-28 12:15:02.187286593,99872,100,,,99914,100,,,99968,100,,,100009,100,,,100054,100,,,100153,100,,,100331,100,,,100393,4,,,100559,100,,,100647,100,,
2019-06-28 12:15:17.394727824,99872,100,99658,100,99914,100,,,99968,100,,,100009,100,,,100054,100,,,100153,100,,,100331,100,,,100393,4,,,100559,100,,,100647,100,,
2019-06-28 12:15:20.000000000,99872,162,99658,162,99914,162,99657,62,99968,162,,,100009,162,,,100054,162,,,100153,100,,,100331,100,,,100393,4,,,100559,100,,,100647,100,,
2019-06-28 12:15:30.000000000,99872,255,99658,255,99914,255,99657,155,99968,100,,,100009,100,,,100054,100,,,100153,100,,,100331,100,,,100393,4,,,100559,100,,,100647,100,,
2019-06-28 12:15:40.000000000,99872,205,99658,205,99914,202,99657,102,99968,202,,,100009,100,,,100054,100,,,100153,100,,,100331,100,,,100393,4,,,100559,100,,,100647,100,,
2019-06-28 12:15:44.622193106,99872,105,99658,205,99914,202,99657,102,99968,202,,,100009,100,,,100054,100,,,100153,100,,,100331,100,,,100393,4,,,100559,100,,,100647,100,,
2019-06-28 12:15:50.000000000,99914,205,99658,205,99968,202,99657,102,100009,202,,,100054,100,,,100153,100,,,100331,100,,,100393,4,,,100559,100,,,100647,100,,,101674,7,,
2019-06-28 12:16:00.000000000,99914,205,99658,71,99968,202,99657,102,100009,202,,,100054,100,,,100153,100,,,100331,100,,,100393,4,,,100559,100,,,100647,100,,,101674,7,,
2019-06-28 12:16:10.000000000,99914,100,,,99968,100,,,100009,100,,,100054,100,,,100153,100,,,100331,100,,,100393,4,,,100559,100,,,100647,100,,,101674,7,,
2019-06-28 12:16:39.093028831,99914,100,99658,100,99968,100,,,100009,100,,,100054,100,,,100153,100,,,100331,100,,,100393,4,,,100559,100,,,100647,100,,,101674,7,,
2019-06-28 12:16:40.000000000,99914,162,99658,162,99968,162,99657,62,100009,162,,,100054,162,,,100153,162,,,100331,100,,,100393,4,,,100559,100,,,100647,100,,,101674,7,,
2019-06-28 12:16:50.000000000,99914,162,99658,162,99968,162,99657,62,100009,162,,,100054,162,,,100153,162,,,100331,100,,,100393,4,,,100559,100,,,100647,100,,,101674,7,,
2019-06-28 12:16:57.733420135,99914,62,99658,162,99968,162,99657,62,100009,162,,,100054,162,,,100153,162,,,100331,100,,,100393,4,,,100559,100,,,100647,100,,,101674,7,,
2019-06-28 12:17:00.000000000,99968,410,99658,276,100009,100,,,100054,100,,,100153,100,,,100331,100,,,100393,4,,,100559,100,,,100647,100,,,101674,7,,,,,,
2019-06-28 12:17:10.000000000,99968,100,,,100009,100,,,100054,100,,,100153,100,,,100331,100,,,100393,4,,,100559,100,,,100647,100,,,101674,7,,,,,,
2019-06-28 12:17:13.310274916,99968,100,99658,100,100009,100,,,100054,100,,,100153,100,,,100331,100,,,100393,4,,,100559,100,,,100647,100,,,101674,7,,,,,,
2019-06-28 12:17:20.000000000,99968,162,99658,162,100009,162,99657,62,100054,162,,,100153,162,,,100331,162,,,100393,4,,,100559,100,,,100647,100,,,101674,7,,,,,,
2019-06-28 12:17:20.651273620,99968,162,99658,162,100009,162,99657,62,100054,162,,,100153,162,,,100331,162,,,100393,4,,,100447,100,,,100559,100,,,100647,100,,,101674,7,,
2019-06-28 12:17:30.000000000,99968,162,99658,162,100009,162,99657,62,100054,162,,,100153,162,,,100331,162,,,100393,4,,,100447,100,,,100559,100,,,100647,100,,,101674,7,,
2019-06-28 12:17:40.000000000,99968,178,99658,178,100009,178,99657,78,100054,178,,,100153,178,,,100331,100,,,100393,4,,,100447,100,,,100559,100,,,100647,100,,,101674,7,,
2019-06-28 12:17:50.000000000,99968,178,99658,178,100009,178,99657,78,100054,178,,,100153,178,,,100331,100,,,100393,4,,,100447,100,,,100559,100,,,100647,100,,,101674,7,,
2019-06-28 12:18:00.000000000,99968,78,99658,205,100009,202,99657,102,100054,202,,,100153,100,,,100331,100,,,100393,4,,,100447,100,,,100559,100,,,100647,100,,,101674,7,,
2019-06-28 12:18:10.000000000,99968,317,99658,410,100009,100,,,100054,100,,,100153,100,,,100331,100,,,100393,4,,,100447,100,,,100559,100,,,100647,100,,,101674,7,,
2019-06-28 12:18:20.000000000,99968,85,99658,178,100009,178,99657,78,100054,178,,,100153,178,,,100331,100,,,100393,4,,,100447,100,,,100559,100,,,100647,100,,,101674,7,,
2019-06-28 12:18:30.000000000,99968,69,99658,162,100009,162,99657,62,100054,162,,,100153,162,,,100331,162,,,100393,4,,,100447,100,,,100559,100,,,100647,100,,,101674,7,,
2019-06-28 12:18:31.969404680,99968,69,99658,162,100009,162,99657,62,100044,100,,,100054,162,,,100153,162,,,100331,162,,,100393,4,,,100447,100,,,100559,100,,,100647,100,,
2019-06-28 12:18:40.000000000,99968,69,99658,162,100009,162,99657,62,100044,162,,,100054,162,,,100153,162,,,100331,100,,,100393,4,,,100447,100,,,100559,100,,,100647,100,,
2019-06-28 12:18:50.000000000,99968,317,99658,410,100009,100,,,100044,100,,,100054,100,,,100153,100,,,100331,100,,,100393,4,,,100447,100,,,100559,100,,,100647,100,,
2019-06-28 12:19:00.000000000,99968,190,99658,410,100009,100,,,100044,100,,,100054,100,,,100153,100,,,100331,100,,,100393,4,,,100447,100,,,100559,100,,,100647,100,,
2019-06-28 12:19:08.711492880,99968,190,99658,410,100009,100,,,100044,100,,,100054,100,,,100153,100,,,100269,100,,,100331,100,,,100393,4,,,100447,100,,,100559,100,,
2019-06-28 12:19:10.000000000,99968,317,99658,410,100009,100,,,100044,100,,,100054,100,,,100153,100,,,100269,100,,,100331,100,,,100393,4,,,100447,100,,,100559,100,,
2019-06-28 12:19:20.000000000,99968,317,99658,410,100009,100,,,100044,100,,,100054,100,,,100153,100,,,100269,100,,,100331,100,,,100393,4,,,100447,100,,,100559,100,,
2019-06-28 12:19:30.000000000,99968,85,99658,178,100009,178,99657,78,100044,178,,,100054,178,,,100153,100,,,100269,100,,,100331,100,,,100393,4,,,100447,100,,,100559,100,,
2019-06-28 12:19:40.000000000,99968,317,99658,410,100009,100,,,100044,100,,,100054,100,,,100153,100,,,100269,100,,,100331,100,,,100393,4,,,100447,100,,,100559,100,,
2019-06-28 12:19:42.446699874,99968,317,99658,410,100009,100,,,100054,100,,,100092,100,,,100153,100,,,100269,100,,,100331,100,,,100393,4,,,100447,100,,,100559,100,,
2019-06-28 12:19:50.000000000,99968,85,99658,178,100009,178,99657,78,100054,178,,,100092,178,,,100153,100,,,100269,100,,,100331,100,,,100393,4,,,100447,100,,,100559,100,,
2019-06-28 12:20:00.000000000,99968,190,99658,410,100009,100,,,100054,100,,,100092,100,,,100153,100,,,100269,100,,,100331,100,,,100393,4,,,100447,100,,,100559,100,,
2019-06-28 12:20:10.000000000,99968,112,99658,205,100009,202,99657,102,100054,202,,,100092,100,,,100153,100,,,100269,100,,,100331,100,,,100393,4,,,100447,100,,,100559,100,,
2019-06-28 12:20:20.000000000,99968,112,99658,205,100009,202,99657,102,100054,202,,,100092,100,,,100153,100,,,100269,100,,,100331,100,,,100393,4,,,100447,100,,,100559,100,,
2019-06-28 12:20:30.000000000,99968,317,99658,410,100009,100,,,100054,100,,,100092,100,,,100153,100,,,100269,100,,,100331,100,,,100393,4,,,100447,100,,,100559,100,,
2019-06-28 12:20:40.000000000,99968,85,99658,178,100009,178,99657,78,100054,178,,,100092,178,,,100153,100,,,100269,100,,,100331,100,,,100393,4,,,100447,100,,,100559,100,,
2019-06-28 12:20:50.000000000,99968,112,99658,205,100009,202,99657,102,100054,202,,,100092,100,,,100153,100,,,100269,100,,,100331,100,,,100393,4,,,100447,100,,,100559,100,,
2019-06-28 12:20:56.383675545,99968,12,99658,205,100009,202,99657,102,100054,202,,,100092,100,,,100153,100,,,100269,100,,,100331,100,,,100393,4,,,100447,100,,,100559,100,,
2019-06-28 12:20:59.031191657,99968,12,99658,205,100009,202,99657,102,100054,202,,,100092,100,,,100153,100,,,100269,100,,,100331,100,,,100393,4,,,100447,100,,,100559,100,,
2019-06-28 12:21:00.000000000,100009,78,99658,205,100054,202,99657,102,100092,202,,,100153,100,,,100269,100,,,100331,100,,,100393,4,,,100447,100,,,100559,100,,,100567,100,,
2019-06-28 12:21:10.000000000,100009,112,99658,205,100054,202,99657,102,100092,202,,,100153,100,,,100269,100,,,100331,100,,,100393,4,,,100447,100,,,100559,100,,,100567,100,,
2019-06-28 12:21:11.759069597,100009,112,99658,205,100054,202,99657,102,100092,202,,,100153,100,,,100269,100,,,100331,100,,,100393,4,,,100447,100,,,100559,100,,,100560,100,,
2019-06-28 12:21:12.102268025,100009,12,99658,205,100054,202,99657,102,100092,202,,,100153,100,,,100269,100,,,100331,100,,,100393,4,,,100447,100,,,100559,100,,,100560,100,,
2019-06-28 12:21:17.861074257,100054,202,100009,88,100092,202,99658,205,100153,100,99657,102,100269,100,,,100331,100,,,100393,4,,,100447,100,,,100559,100,,,100560,100,,,100567,100,,
2019-06-28 12:21:20.000000000,100054,178,100009,166,100092,178,99658,178,100153,178,99657,78,100269,178,,,100331,100,,,100393,4,,,100447,100,,,100559,100,,,100560,100,,,100567,100,,
2019-06-28 12:21:28.036572367,100054,178,100009,166,100092,178,99658,78,100153,178,99657,78,100269,178,,,100331,100,,,100393,4,,,100447,100,,,100559,100,,,100560,100,,,100567,100,,
2019-06-28 12:21:30.000000000,100054,205,100009,193,100092,202,100008,102,100153,202,,,100269,100,,,100331,100,,,100393,4,,,100447,100,,,100559,100,,,100560,100,,,100567,100,,
2019-06-28 12:21:40.000000000,100054,162,100009,150,100092,162,100008,62,100153,162,,,100269,162,,,100331,162,,,100393,4,,,100447,100,,,100559,100,,,100560,100,,,100567,100,,
2019-06-28 12:21:50.000000000,100054,410,100009,398,100092,100,,,100153,100,,,100269,100,,,100331,100,,,100393,4,,,100447,100,,,100559,100,,,100560,100,,,100567,100,,
2019-06-28 12:21:52.259886699,100054,310,100009,398,100092,100,,,100153,100,,,100269,100,,,100331,100,,,100393,4,,,100447,100,,,100559,100,,,100560,100,,,100567,100,,
2019-06-28 12:22:00.000000000,100092,35,100009,150,100153,162,100008,62,100269,162,,,100331,162,,,100393,66,,,100447,100,,,100559,100,,,100560,100,,,100567,100,,,100647,100,,
2019-06-28 12:22:10.000000000,100092,317,100009,398,100153,100,,,100269,100,,,100331,100,,,100393,4,,,100447,100,,,100559,100,,,100560,100,,,100567,100,,,100647,100,,
2019-06-28 12:22:20.000000000,100092,112,100009,193,100153,202,100008,102,100269,202,,,100331,100,,,100393,4,,,100447,100,,,100559,100,,,100560,100,,,100567,100,,,100647,100,,
2019-06-28 12:22:26.907870526,100092,12,100009,193,100153,202,100008,102,100269,202,,,100331,100,,,100393,4,,,100447,100,,,100559,100,,,100560,100,,,100567,100,,,100647,100,,
2019-06-28 12:22:28.842589770,100092,12,100009,193,100153,202,100008,102,100269,202,,,100331,100,,,100393,4,,,100447,100,,,100559,100,,,100560,100,,,100567,100,,,100647,100,,
2019-06-28 12:22:30.000000000,100153,410,100009,398,100269,100,,,100331,100,,,100393,4,,,100447,100,,,100559,100,,,100560,100,,,100567,100,,,100647,100,,,100779,100,,
2019-06-28 12:22:40.000000000,100153,410,100009,398,100269,100,,,100331,100,,,100393,4,,,100447,100,,,100559,100,,,100560,100,,,100567,100,,,100647,100,,,100779,100,,
2019-06-28 12:22:50.000000000,100153,255,100009,243,100269,255,100008,155,100331,100,,,100393,4,,,100447,100,,,100559,100,,,100560,100,,,100567,100,,,100647,100,,,100779,100,,
2019-06-28 12:22:59.161370574,100153,155,100009,243,100269,255,100008,155,100331,100,,,100393,4,,,100447,100,,,100559,100,,,100560,100,,,100567,100,,,100647,100,,,100779,100,,
2019-06-28 12:23:00.000000000,100269,51,100009,166,100331,178,100008,78,100393,82,,,100447,178,,,100559,100,,,100560,100,,,100567,100,,,100647,100,,,100779,100,,,101674,7,,
2019-06-28 12:23:10.000000000,100269,85,100009,166,100331,178,100008,78,100393,82,,,100447,178,,,100559,100,,,100560,100,,,100567,100,,,100647,100,,,100779,100,,,101674,7,,
2019-06-28 12:23:14.459041559,100269,85,100009,166,100331,178,100008,78,100393,82,,,100447,178,,,100559,100,,,100560,100,,,100567,100,,,100647,100,,,100779,100,,,100837,100,,
2019-06-28 12:23:20.000000000,100269,317,100009,398,100331,100,,,100393,4,,,100447,100,,,100559,100,,,100560,100,,,100567,100,,,100647,100,,,100779,100,,,100837,100,,
2019-06-28 12:23:25.628456734,100269,317,100009,398,100331,100,,,100393,4,,,100447,100,,,100559,100,,,100560,100,,,100567,100,,,100647,100,,,100779,100,,,100837,100,,
2019-06-28 12:23:26.046365853,100269,217,100009,398,100331,100,,,100393,4,,,100447,100,,,100559,100,,,100560,100,,,100567,100,,,100647,100,,,100779,100,,,100837,100,,
2019-06-28 12:23:30.000000000,100331,410,100009,398,100393,4,,,100447,100,,,100559,100,,,100560,100,,,100567,100,,,100647,100,,,100779,100,,,100837,100,,,101155,100,,
2019-06-28 12:23:39.045404366,100331,410,100009,398,100393,4,,,100447,100,,,100559,100,,,100560,100,,,100567,100,,,100647,100,,,100779,100,,,100837,100,,,101155,100,,
2019-06-28 12:23:40.000000000,100331,162,100009,150,100393,66,100008,62,100447,162,,,100559,162,,,100560,162,,,100567,100,,,100647,100,,,100779,100,,,100837,100,,,101155,100,,
2019-06-28 12:23:50.000000000,100331,178,100009,166,100393,82,100008,78,100447,178,,,100559,178,,,100560,100,,,100567,100,,,100647,100,,,100779,100,,,100837,100,,,101155,100,,
2019-06-28 12:24:00.000000000,100331,78,100009,193,100393,106,100008,102,100447,202,,,100559,100,,,100560,100,,,100567,100,,,100647,100,,,100779,100,,,100837,100,,,101155,100,,
2019-06-28 12:24:10.000000000,100331,162,100009,243,100393,159,100008,155,100447,100,,,100559,100,,,100560,100,,,100567,100,,,100647,100,,,100779,100,,,100837,100,,,101155,100,,
2019-06-28 12:24:20.000000000,100331,69,100009,150,100393,66,100008,62,100447,162,,,100559,162,,,100560,162,,,100567,100,,,100647,100,,,100779,100,,,100837,100,,,101155,100,,
2019-06-28 12:24:26.391048097,100393,66,100331,31,100447,162,100009,150,100559,162,100008,62,100560,162,,,100567,100,,,100647,100,,,100779,100,,,100837,100,,,101155,100,,,101386,100,,
2019-06-28 12:24:30.000000000,100393,66,100331,93,100447,162,100009,150,100559,162,100008,62,100560,162,,,100567,162,,,100647,100,,,100779,100,,,100837,100,,,101155,100,,,101386,100,,
2019-06-28 12:24:38.657390867,100447,162,100393,34,100559,162,100331,93,100560,162,100009,150,100567,162,100008,62,100647,100,,,100779,100,,,100837,100,,,101155,100,,,101386,100,,,101674,7,,
2019-06-28 12:24:40.000000000,100447,255,100393,189,100559,255,100331,186,100560,100,100009,88,100567,100,,,100647,100,,,100779,100,,,100837,100,,,101155,100,,,101386,100,,,101674,7,,
2019-06-28 12:24:50.000000000,100447,205,100393,139,100559,202,100331,133,100560,202,100009,190,100567,100,,,100647,100,,,100779,100,,,100837,100,,,101155,100,,,101386,100,,,101674,7,,
2019-06-28 12:24:58.959356551,100447,205,100393,139,100559,202,100331,133,100560,202,100009,190,100567,100,,,100647,100,,,100779,100,,,100837,100,,,100938,100,,,101155,100,,,101386,100,,
2019-06-28 12:24:58.999505780,100447,205,100393,139,100559,202,100331,133,100560,202,100009,190,100567,100,,,100647,100,,,100779,100,,,100837,100,,,100938,100,,,101009,100,,,101155,100,,
2019-06-28 12:24:59.952733254,100447,105,100393,139,100559,202,100331,133,100560,202,100009,190,100567,100,,,100647,100,,,100779,100,,,100837,100,,,100938,100,,,101009,100,,,101155,100,,
2019-06-28 12:25:00.000000000,100559,35,100393,96,100560,162,100331,93,100567,162,100009,150,100647,162,100008,62,100779,162,,,100837,100,,,100938,100,,,101009,100,,,101155,100,,,101386,100,,
2019-06-28 12:25:04.552673025,100559,35,100393,96,100560,162,100331,93,100567,162,100009,150,100647,162,100008,62,100779,162,,,100837,100,,,100861,100,,,100938,100,,,101009,100,,,101155,100,,
2019-06-28 12:25:10.000000000,100559,317,100393,344,100560,100,100331,31,100567,100,100009,88,100647,100,,,100779,100,,,100837,100,,,100861,100,,,100938,100,,,101009,100,,,101155,100,,
2019-06-28 12:25:10.905743331,100559,217,100393,344,100560,100,100331,31,100567,100,100009,88,100647,100,,,100779,100,,,100837,100,,,100861,100,,,100938,100,,,101009,100,,,101155,100,,
2019-06-28 12:25:19.135442217,100559,217,100393,344,100560,100,100331,31,100567,100,100009,88,100647,100,,,100779,100,,,100837,100,,,100861,100,,,100934,100,,,100938,100,,,101009,100,,
2019-06-28 12:25:19.412528311,100559,217,100393,344,100560,100,100331,31,100567,100,100009,88,100647,100,,,100779,100,,,100828,100,,,100837,100,,,100861,100,,,100934,100,,,100938,100,,
2019-06-28 12:25:20.000000000,100560,178,100393,112,100567,178,100331,109,100647,178,100009,166,100779,178,100008,78,100828,100,,,100837,100,,,100861,100,,,100934,100,,,100938,100,,,101009,100,,
2019-06-28 12:25:24.887340015,100560,78,100393,112,100567,178,100331,109,100647,178,100009,166,100779,178,100008,78,100828,100,,,100837,100,,,100861,100,,,100934,100,,,100938,100,,,101009,100,,
2019-06-28 12:25:30.000000000,100567,410,100393,344,100647,100,100331,31,100779,100,100009,88,100828,100,,,100837,100,,,100861,100,,,100934,100,,,100938,100,,,101009,100,,,101155,100,,
2019-06-28 12:25:34.865716339,100567,410,100393,344,100647,100,100331,31,100681,100,100009,88,100779,100,,,100828,100,,,100837,100,,,100861,100,,,100934,100,,,100938,100,,,101009,100,,
2019-06-28 12:25:40.000000000,100567,178,100393,112,100647,178,100331,109,100681,178,100009,166,100779,178,100008,78,100828,100,,,100837,100,,,100861,100,,,100934,100,,,100938,100,,,101009,100,,
2019-06-28 12:25:43.443023306,100567,78,100393,112,100647,178,100331,109,100681,178,100009,166,100779,178,100008,78,100828,100,,,100837,100,,,100861,100,,,100934,100,,,100938,100,,,101009,100,,
2019-06-28 12:25:50.000000000,100647,255,100393,189,100681,255,100331,186,100779,100,100009,88,100828,100,,,100837,100,,,100861,100,,,100934,100,,,100938,100,,,101009,100,,,101155,100,,
2019-06-28 12:26:00.000000000,100647,51,100393,112,100681,178,100331,109,100779,178,100009,166,100828,178,100008,78,100837,100,,,100861,100,,,100934,100,,,100938,100,,,101009,100,,,101155,100,,
2019-06-28 12:26:10.000000000,100647,69,100393,96,100681,162,100331,93,100779,162,100009,150,100828,162,100008,62,100837,162,,,100861,100,,,100934,100,,,100938,100,,,101009,100,,,101155,100,,
2019-06-28 12:26:20.000000000,100647,112,100393,139,100681,202,100331,133,100779,202,100009,190,100828,100,,,100837,100,,,100861,100,,,100934,100,,,100938,100,,,101009,100,,,101155,100,,
2019-06-28 12:26:30.000000000,100647,317,100393,344,100681,100,100331,31,100779,100,100009,88,100828,100,,,100837,100,,,100861,100,,,100934,100,,,100938,100,,,101009,100,,,101155,100,,
2019-06-28 12:26:35.458334276,100647,217,100393,344,100681,100,100331,31,100779,100,100009,88,100828,100,,,100837,100,,,100861,100,,,100934,100,,,100938,100,,,101009,100,,,101155,100,,
2019-06-28 12:26:40.000000000,100681,162,100393,96,100779,162,100331,93,100828,162,100009,150,100837,162,100008,62,100861,162,,,100934,100,,,100938,100,,,101009,100,,,101155,100,,,101386,100,,
2019-06-28 12:26:47.475922254,100486,100,100393,96,100681,162,100331,93,100779,162,100009,150,100828,162,100008,62,100837,162,,,100861,162,,,100934,100,,,100938,100,,,101009,100,,,101155,100,,
2019-06-28 12:26:50.000000000,100486,410,100393,344,100681,100,100331,31,100779,100,100009,88,100828,100,,,100837,100,,,100861,100,,,100934,100,,,100938,100,,,101009,100,,,101155,100,,
2019-06-28 12:26:57.864331034,100486,410,100431,100,100681,100,100393,344,100779,100,100331,31,100828,100,,,100837,100,,,100861,100,,,100934,100,,,100938,100,,,101009,100,,,101155,100,,
2019-06-28 12:27:00.000000000,100486,78,100431,205,100681,202,100393,136,100779,202,100331,133,100828,100,,,100837,100,,,100861,100,,,100934,100,,,100938,100,,,101009,100,,,101155,100,,
2019-06-28 12:27:10.000000000,100486,69,100431,162,100681,162,100393,96,100779,162,100331,93,100828,162,100330,62,100837,162,,,100861,100,,,100934,100,,,100938,100,,,101009,100,,,101155,100,,
2019-06-28 12:27:12.107080933,100681,162,100486,31,100779,162,100431,162,100828,162,100393,96,100837,62,100331,93,100861,100,100330,62,100934,100,,,100938,100,,,101009,100,,,101155,100,,,101386,100,,
2019-06-28 12:27:20.000000000,100681,255,100486,186,100779,255,100431,255,100828,100,100393,34,100861,100,100331,31,100934,100,,,100938,100,,,101009,100,,,101155,100,,,101386,100,,,101674,7,,
2019-06-28 12:27:24.401725359,100681,255,100486,286,100779,255,100431,255,100828,100,100393,34,100861,100,100331,31,100934,100,,,100938,100,,,101009,100,,,101155,100,,,101386,100,,,101674,7,,
2019-06-28 12:27:30.000000000,100681,205,100486,236,100779,202,100431,202,100828,202,100393,136,100861,100,100331,31,100934,100,,,100938,100,,,101009,100,,,101155,100,,,101386,100,,,101674,7,,
2019-06-28 12:27:32.366457140,100681,205,100486,136,100779,202,100431,202,100828,202,100393,136,100861,100,100331,31,100934,100,,,100938,100,,,101009,100,,,101155,100,,,101386,100,,,101674,7,,
2019-06-28 12:27:38.500354618,100681,105,100486,136,100779,202,100431,202,100828,202,100393,136,100861,100,100331,31,100934,100,,,100938,100,,,101009,100,,,101155,100,,,101386,100,,,101674,7,,
2019-06-28 12:27:40.000000000,100779,410,100486,341,100828,100,100431,100,100861,100,100393,34,100934,100,100331,31,100938,100,,,101009,100,,,101155,100,,,101386,100,,,101674,7,,,,,,
2019-06-28 12:27:46.533453070,100779,310,100486,341,100861,100,100431,100,100934,100,100393,34,100938,100,100331,31,101009,100,,,101155,100,,,101386,100,,,101674,7,,,,,,,,,,
2019-06-28 12:27:50.000000000,100861,410,100486,341,100934,100,100431,100,100938,100,100393,34,101009,100,100331,31,101155,100,,,101386,100,,,101674,7,,,,,,,,,,,,,,
2019-06-28 12:28:00.000000000,100861,78,100486,136,100934,202,100431,202,100938,202,100393,136,101009,100,100331,31,101155,100,,,101386,100,,,101674,7,,,,,,,,,,,,,,
2019-06-28 12:28:10.000000000,100861,112,100486,136,100934,202,100431,202,100938,202,100393,136,101009,100,100331,31,101155,100,,,101386,100,,,101674,7,,,,,,,,,,,,,,
2019-06-28 12:28:19.742159962,100861,112,100779,100,100934,202,100486,136,100938,202,100431,202,101009,100,100393,136,101155,100,100331,31,101674,7,,,,,,,,,,,,,,,,,,
2019-06-28 12:28:20.000000000,100861,112,100779,205,100934,202,100486,133,100938,202,100431,202,101009,100,100393,34,101155,100,100331,31,101674,7,,,,,,,,,,,,,,,,,,
2019-06-28 12:28:20.910069896,100861,112,100779,105,100934,202,100486,133,100938,202,100431,202,101009,100,100393,34,101155,100,100331,31,101674,7,,,,,,,,,,,,,,,,,,
2019-06-28 12:28:25.194429737,100861,112,100779,5,100934,202,100486,133,100938,202,100431,202,101009,100,100393,34,101155,100,100331,31,101674,7,,,,,,,,,,,,,,,,,,
2019-06-28 12:28:30.000000000,100861,112,100486,136,100934,202,100431,202,100938,202,100393,136,101009,100,100331,31,101155,100,,,101674,7,,,,,,,,,,,,,,,,,,
2019-06-28 12:28:31.879351378,100861,112,100701,100,100934,202,100486,136,100938,202,100431,202,101009,100,100393,136,101155,100,100331,31,101674,7,,,,,,,,,,,,,,,,,,
2019-06-28 12:28:35.941044897,100861,112,100792,100,100934,202,100701,100,100938,202,100486,136,101009,100,100431,202,101155,100,100393,136,101674,7,100331,31,,,,,,,,,,,,,,,,
2019-06-28 12:28:40.000000000,100861,317,100792,410,100934,100,100701,100,100938,100,100486,31,101009,100,100431,100,101155,100,100393,34,101674,7,100331,31,,,,,,,,,,,,,,,,
2019-06-28 12:28:50.000000000,100861,85,100792,178,100934,178,100701,178,100938,178,100486,109,101009,178,100431,178,101155,100,100393,34,101674,7,100331,31,,,,,,,,,,,,,,,,
2019-06-28 12:29:00.000000000,100934,105,100861,1,100938,162,100792,162,101009,162,100701,162,101155,162,100486,93,101674,7,100431,162,,,100393,96,,,100331,31,,,,,,,,,,,,
2019-06-28 12:29:10.000000000,100934,353,100861,311,100938,100,100792,100,101009,100,100701,100,101155,100,100486,31,101674,7,100431,100,,,100393,34,,,100331,31,,,,,,,,,,,,
2019-06-28 12:29:11.960865954,100934,353,100861,211,100938,100,100792,100,101009,100,100701,100,101155,100,100486,31,101674,7,100431,100,,,100393,34,,,100331,31,,,,,,,,,,,,
2019-06-28 12:29:11.967964172,100934,353,100861,111,100938,100,100792,100,101009,100,100701,100,101155,100,100486,31,101674,7,100431,100,,,100393,34,,,100331,31,,,,,,,,,,,,
2019-06-28 12:29:20.000000000,100934,148,100792,205,100938,202,100701,202,101009,202,100486,133,101155,100,100431,100,101674,7,100393,34,,,100331,31,,,,,,,,,,,,,,,,
2019-06-28 12:29:30.000000000,100934,121,100792,178,100938,178,100701,178,101009,178,100486,109,101155,178,100431,178,101674,7,100393,34,,,100331,31,,,,,,,,,,,,,,,,
2019-06-28 12:29:34.405352887,100934,121,100792,78,100938,178,100701,178,101009,178,100486,109,101155,178,100431,178,101674,7,100393,34,,,100331,31,,,,,,,,,,,,,,,,
2019-06-28 12:29:40.000000000,100934,353,100701,410,100938,100,100486,31,101009,100,100431,100,101155,100,100393,34,101674,7,100331,31,,,,,,,,,,,,,,,,,,,,
2019-06-28 12:29:41.448620965,100861,100,100701,410,100934,353,100486,31,100938,100,100431,100,101009,100,100393,34,101155,100,100331,31,101674,7,,,,,,,,,,,,,,,,,,
2019-06-28 12:29:50.000000000,100861,162,100701,162,100934,105,100486,93,100938,162,100431,162,101009,162,100393,96,101155,162,100331,93,101674,7,,,,,,,,,,,,,,,,,,
2019-06-28 12:30:00.000000000,100861,51,100701,178,100934,121,100486,109,100938,178,100431,178,101009,178,100393,112,101155,100,100331,31,101674,7,,,,,,,,,,,,,,,,,,
2019-06-28 12:30:07.356111442,100861,51,100701,178,100934,85,100486,109,100938,178,100431,178,101009,178,100393,112,101155,100,100331,31,101674,7,100255,100,,,,,,,,,,,,,,,,
2019-06-28 12:30:10.000000000,100861,112,100701,205,100934,109,100486,133,100938,202,100431,202,101009,100,100393,34,101155,100,100331,31,101674,7,100255,100,,,,,,,,,,,,,,,,
2019-06-28 12:30:16.664657914,100861,112,100701,205,100934,109,100486,133,100938,202,100431,202,101009,100,100393,34,101155,100,100331,31,101674,7,100255,100,,,100251,100,,,,,,,,,,,,
2019-06-28 12:30:20.000000000,100861,112,100701,205,100934,109,100486,133,100938,202,100431,202,101009,100,100393,34,101155,100,100331,31,101674,7,100255,100,,,100251,100,,,,,,,,,,,,
2019-06-28 12:30:22.051546783,100861,212,100701,205,100934,109,100486,133,100938,202,100431,202,101009,100,100393,34,101155,100,100331,31,101674,7,100255,100,,,100251,100,,,,,,,,,,,,
2019-06-28 12:30:30.000000000,100861,262,100701,255,100934,162,100486,186,100938,100,100431,100,101009,100,100393,34,101155,100,100331,31,101674,7,100255,100,,,100251,100,,,,,,,,,,,,
2019-06-28 12:30:32.142619664,100861,362,100701,255,100934,162,100486,186,100938,100,100431,100,101009,100,100393,34,101155,100,100331,31,101674,7,100255,100,,,100251,100,,,,,,,,,,,,
2019-06-28 12:30:33.721756821,100861,462,100701,255,100934,162,100486,186,100938,100,100431,100,101009,100,100393,34,101155,100,100331,31,101674,7,100255,100,,,100251,100,,,,,,,,,,,,
2019-06-28 12:30:40.000000000,100861,617,100701,410,100934,7,100486,31,100938,100,100431,100,101009,100,100393,34,101155,100,100331,31,101674,7,100255,100,,,100251,100,,,,,,,,,,,,
2019-06-28 12:30:40.418969831,100861,617,100701,410,100934,7,100486,31,100938,100,100431,100,101009,100,100393,34,101155,100,100331,31,101674,7,100255,100,,,100251,100,,,,,,,,,,,,
2019-06-28 12:30:50.000000000,100861,369,100701,162,100934,69,100486,93,100938,162,100431,162,101009,162,100393,96,101155,162,100331,93,101674,7,100255,100,,,100251,100,,,,,,,,,,,,
2019-06-28 12:31:00.000000000,100861,285,100701,205,100934,109,100486,133,100938,202,100431,202,101009,100,100393,34,101155,100,100331,31,101674,7,100255,100,,,100251,100,,,,,,,,,,,,
2019-06-28 12:31:10.000000000,100861,490,100701,410,100934,7,100486,31,100938,100,100431,100,101009,100,100393,34,101155,100,100331,31,101674,7,100255,100,,,100251,100,,,,,,,,,,,,
2019-06-28 12:31:20.000000000,100861,285,100701,205,100934,109,100486,133,100938,202,100431,202,101009,100,100393,34,101155,100,100331,31,101674,7,100255,100,,,100251,100,,,,,,,,,,,,
2019-06-28 12:31:30.000000000,100861,258,100701,178,100934,85,100486,109,100938,178,100431,178,101009,178,100393,112,101155,100,100331,31,101674,7,100255,100,,,100251,100,,,,,,,,,,,,
2019-06-28 12:31:40.000000000,100861,242,100701,162,100934,69,100486,93,100938,162,100431,162,101009,162,100393,96,101155,162,100331,93,101674,7,100255,100,,,100251,100,,,,,,,,,,,,
2019-06-28 12:31:50.000000000,100861,242,100701,162,100934,69,100486,93,100938,162,100431,162,101009,162,100393,96,101155,162,100331,93,101674,7,100255,100,,,100251,100,,,,,,,,,,,,
2019-06-28 12:32:00.000000000,100861,363,100701,410,100934,7,100486,31,100938,100,100431,100,101009,100,100393,34,101155,100,100331,31,101674,7,100255,100,,,100251,100,,,,,,,,,,,,
2019-06-28 12:32:10.000000000,100861,115,100701,162,100934,69,100486,93,100938,162,100431,162,101009,162,100393,96,101155,162,100331,93,101674,7,100255,100,,,100251,100,,,,,,,,,,,,
2019-06-28 12:32:20.000000000,100861,363,100701,410,100934,7,100486,31,100938,100,100431,100,101009,100,100393,34,101155,100,100331,31,101674,7,100255,100,,,100251,100,,,,,,,,,,,,
2019-06-28 12:32:30.000000000,100861,363,100701,410,100934,7,100486,31,100938,100,100431,100,101009,100,100393,34,101155,100,100331,31,101674,7,100255,100,,,100251,100,,,,,,,,,,,,
2019-06-28 12:32:40.000000000,100861,363,100701,410,100934,7,100486,31,100938,100,100431,100,101009,100,100393,34,101155,100,100331,31,101674,7,100255,100,,,100251,100,,,,,,,,,,,,
2019-06-28 12:32:50.000000000,100861,115,100701,162,100934,69,100486,93,100938,162,100431,162,101009,162,100393,96,101155,162,100331,93,101674,7,100255,100,,,100251,100,,,,,,,,,,,,
2019-06-28 12:32:52.220411654,100861,115,100701,162,100934,69,100486,93,100938,162,100431,162,101009,162,100393,96,101155,162,100331,93,101674,7,100255,100,,,100251,100,,,99193,100,,,,,,,,
2019-06-28 12:32:53.415978411,100861,115,100701,62,100934,69,100486,93,100938,162,100431,162,101009,162,100393,96,101155,162,100331,93,101674,7,100255,100,,,100251,100,,,99193,100,,,,,,,,
2019-06-28 12:32:54.938129799,100701,38,100486,93,100861,115,100431,162,100934,69,100393,96,100938,162,100331,93,101009,162,100255,100,101155,162,100251,100,101674,7,99193,100,,,,,,,,,,,,
2019-06-28 12:32:59.897243873,100701,38,100486,93,100861,115,100431,162,100934,69,100393,96,100938,162,100331,93,101009,162,100255,100,101155,162,100251,100,101674,7,99270,100,,,99193,100,,,,,,,,
2019-06-28 12:33:00.000000000,100861,92,100701,4,100934,69,100486,93,100938,162,100431,162,101009,162,100393,96,101155,100,100331,93,101674,7,100255,162,,,100251,100,,,99270,100,,,99193,100,,,,
2019-06-28 12:33:10.000000000,100861,185,100701,159,100934,162,100486,186,100938,100,100431,100,101009,100,100393,34,101155,100,100331,31,101674,7,100255,100,,,100251,100,,,99270,100,,,99193,100,,,,
2019-06-28 12:33:20.000000000,100861,108,100701,82,100934,85,100486,109,100938,178,100431,178,101009,178,100393,112,101155,100,100331,31,101674,7,100255,100,,,100251,100,,,99270,100,,,99193,100,,,,
2019-06-28 12:33:20.682605665,100861,208,100701,82,100934,85,100486,109,100938,178,100431,178,101009,178,100393,112,101155,100,100331,31,101674,7,100255,100,,,100251,100,,,99270,100,,,99193,100,,,,
2019-06-28 12:33:26.395420920,100861,308,100701,82,100934,85,100486,109,100938,178,100431,178,101009,178,100393,112,101155,100,100331,31,101674,7,100255,100,,,100251,100,,,99270,100,,,99193,100,,,,
2019-06-28 12:33:30.000000000,100861,292,100701,66,100934,69,100486,93,100938,162,100431,162,101009,162,100393,96,101155,162,100331,93,101674,7,100255,100,,,100251,100,,,99270,100,,,99193,100,,,,
2019-06-28 12:33:40.000000000,100861,335,100701,109,100934,109,100486,133,100938,202,100431,202,101009,100,100393,34,101155,100,100331,31,101674,7,100255,100,,,100251,100,,,99270,100,,,99193,100,,,,
2019-06-28 12:33:50.000000000,100861,308,100701,82,100934,85,100486,109,100938,178,100431,178,101009,178,100393,112,101155,100,100331,31,101674,7,100255,100,,,100251,100,,,99270,100,,,99193,100,,,,
2019-06-28 12:33:57.394917831,100861,308,100701,82,100934,85,100486,109,100938,178,100431,178,101009,178,100393,112,101155,100,100331,31,101674,7,100255,100,,,100251,100,,,99270,100,,,99193,100,,,99132,100
2019-06-28 12:34:00.000000000,100861,181,100701,82,100934,85,100486,109,100938,178,100431,178,101009,178,100393,112,101155,100,100331,31,101674,7,100255,100,,,100251,100,,,99270,100,,,99193,100,,,99132,100
2019-06-28 12:34:10.000000000,100861,165,100701,66,100934,69,100486,93,100938,162,100431,162,101009,162,100393,96,101155,162,100331,93,101674,7,100255,100,,,100251,100,,,99270,100,,,99193,100,,,99132,100
2019-06-28 12:34:20.000000000,100861,258,100701,159,100934,162,100486,186,100938,100,100431,100,101009,100,100393,34,101155,100,100331,31,101674,7,100255,100,,,100251,100,,,99270,100,,,99193,100,,,99132,100
2019-06-28 12:34:30.000000000,100861,413,100701,314,100934,7,100486,31,100938,100,100431,100,101009,100,100393,34,101155,100,100331,31,101674,7,100255,100,,,100251,100,,,99270,100,,,99193,100,,,99132,100
2019-06-28 12:34:37.761973460,100861,413,100701,214,100934,7,100486,31,100938,100,100431,100,101009,100,100393,34,101155,100,100331,31,101674,7,100255,100,,,100251,100,,,99270,100,,,99193,100,,,99132,100
2019-06-28 12:34:40.000000000,100861,413,100486,341,100934,7,100431,100,100938,100,100393,34,101009,100,100331,31,101155,100,100255,100,101674,7,100251,100,,,99270,100,,,99193,100,,,99132,100,,,,
2019-06-28 12:34:41.894003525,100861,317,100486,341,100934,7,100431,100,100938,100,100393,34,101009,100,100331,31,101155,100,100255,100,101674,7,100251,100,,,99270,100,,,99193,100,,,99132,100,,,,
2019-06-28 12:34:46.128272626,100860,100,100486,341,100861,317,100431,100,100934,7,100393,34,100938,100,100331,31,101009,100,100255,100,101155,100,100251,100,101674,7,99270,100,,,99193,100,,,99132,100,,,,
2019-06-28 12:34:50.000000000,100860,162,100486,93,100861,69,100431,162,100934,69,100393,96,100938,162,100331,93,101009,162,100255,162,101155,100,100251,100,101674,7,99270,100,,,99193,100,,,99132,100,,,,
2019-06-28 12:35:00.000000000,100860,121,100486,186,100861,162,100431,255,100934,7,100393,34,100938,100,100331,31,101009,100,100255,100,101155,100,100251,100,101674,7,99270,100,,,99193,100,,,99132,100,,,,
2019-06-28 12:35:06.624519512,100860,121,100486,86,100861,162,100431,255,100934,7,100393,34,100938,100,100331,31,101009,100,100255,100,101155,100,100251,100,101674,7,99270,100,,,99193,100,,,99132,100,,,,
2019-06-28 12:35:10.000000000,100861,317,100431,410,100934,7,100393,34,100938,100,100331,31,101009,100,100255,100,101155,100,100251,100,101674,7,99270,100,,,99193,100,,,99132,100,,,,,,,,
2019-06-28 12:35:11.196314470,100861,317,100431,310,100934,7,100393,34,100938,100,100331,31,101009,100,100255,100,101155,100,100251,100,101674,7,99270,100,,,99193,100,,,99132,100,,,,,,,,
2019-06-28 12:35:20.000000000,100861,162,100393,189,100934,162,100331,186,100938,100,100255,100,101009,100,100251,100,101155,100,99270,100,101674,7,99193,100,,,99132,100,,,,,,,,,,,,
2019-06-28 12:35:27.295256633,100861,162,100393,89,100934,162,100331,186,100938,100,100255,100,101009,100,100251,100,101155,100,99270,100,101674,7,99193,100,,,99132,100,,,,,,,,,,,,
2019-06-28 12:35:30.000000000,100861,317,100331,341,100934,7,100255,100,100938,100,100251,100,101009,100,99270,100,101155,100,99193,100,101674,7,99132,100,,,,,,,,,,,,,,,,
2019-06-28 12:35:38.893291581,100431,100,100331,341,100861,317,100255,100,100934,7,100251,100,100938,100,99270,100,101009,100,99193,100,101155,100,99132,100,101674,7,,,,,,,,,,,,,,
2019-06-28 12:35:40.000000000,100431,410,100331,341,100861,7,100255,100,100934,7,100251,100,100938,100,99270,100,101009,100,99193,100,101155,100,99132,100,101674,7,,,,,,,,,,,,,,
2019-06-28 12:35:44.476015126,100431,410,100331,241,100861,7,100255,100,100934,7,100251,100,100938,100,99270,100,101009,100,99193,100,101155,100,99132,100,101674,7,,,,,,,,,,,,,,
2019-06-28 12:35:50.000000000,100431,255,100255,255,100861,162,100251,255,100934,7,99270,100,100938,100,99193,100,101009,100,99132,100,101155,100,,,101674,7,,,,,,,,,,,,,,
2019-06-28 12:35:52.696736391,100431,255,100255,155,100861,162,100251,255,100934,7,99270,100,100938,100,99193,100,101009,100,99132,100,101155,100,,,101674,7,,,,,,,,,,,,,,
2019-06-28 12:36:00.000000000,100431,71,100251,205,100861,109,99270,202,100934,109,99193,202,100938,100,99132,100,101009,100,,,101155,100,,,101674,7,,,,,,,,,,,,,,
2019-06-28 12:36:10.000000000,100861,317,100251,410,100934,7,99270,100,100938,100,99193,100,101009,100,99132,100,101155,100,,,101674,7,,,,,,,,,,,,,,,,,,
2019-06-28 12:36:20.000000000,100861,317,100251,410,100934,7,99270,100,100938,100,99193,100,101009,100,99132,100,101155,100,,,101674,7,,,,,,,,,,,,,,,,,,
2019-06-28 12:36:30.000000000,100861,69,100251,162,100934,69,99270,162,100938,162,99193,162,101009,162,99132,162,101155,162,99131,62,101674,7,,,,,,,,,,,,,,,,,,
2019-06-28 12:36:40.000000000,100861,69,100251,162,100934,69,99270,162,100938,162,99193,162,101009,162,99132,162,101155,162,99131,62,101674,7,,,,,,,,,,,,,,,,,,
2019-06-28 12:36:50.000000000,100861,69,100251,162,100934,69,99270,162,100938,162,99193,162,101009,162,99132,162,101155,162,99131,62,101674,7,,,,,,,,,,,,,,,,,,
2019-06-28 12:36:57.496538444,100861,69,100251,62,100934,69,99270,162,100938,162,99193,162,101009,162,99132,162,101155,162,99131,62,101674,7,,,,,,,,,,,,,,,,,,
2019-06-28 12:37:00.000000000,100934,44,100861,1,100938,178,99270,178,101009,178,99193,178,101155,100,99132,178,101674,7,99131,78,,,,,,,,,,,,,,,,,,,,
2019-06-28 12:37:00.146339679,100934,144,100861,1,100938,178,99270,178,101009,178,99193,178,101155,100,99132,178,101674,7,99131,78,,,,,,,,,,,,,,,,,,,,
2019-06-28 12:37:10.000000000,100934,169,100861,63,100938,162,99270,162,101009,162,99193,162,101155,162,99132,162,101674,69,99131,62,,,,,,,,,,,,,,,,,,,,
2019-06-28 12:37:20.000000000,100934,169,100861,63,100938,162,99270,162,101009,162,99193,162,101155,162,99132,162,101674,69,99131,62,,,,,,,,,,,,,,,,,,,,
2019-06-28 12:37:30.000000000,100934,169,100861,63,100938,162,99270,162,101009,162,99193,162,101155,162,99132,162,101674,69,99131,62,,,,,,,,,,,,,,,,,,,,
2019-06-28 12:37:40.000000000,100934,185,100861,79,100938,178,99270,178,101009,178,99193,178,101155,178,99132,178,101674,7,,,,,,,,,,,,,,,,,,,,,,
2019-06-28 12:37:50.000000000,100934,262,100861,156,100938,255,99270,255,101009,100,99193,100,101155,100,99132,100,101674,7,,,,,,,,,,,,,,,,,,,,,,
2019-06-28 12:38:00.000000000,100934,42,100861,63,100938,162,99270,162,101009,162,99193,162,101155,162,99132,162,101674,69,99131,62,,,,,,,,,,,,,,,,,,,,
2019-06-28 12:38:01.310682141,100861,37,99270,162,100934,42,99193,162,100938,162,99132,162,101009,162,99131,62,101155,162,,,101674,69,,,,,,,,,,,,,,,,,,
2019-06-28 12:38:10.000000000,100861,347,99270,410,100934,7,99193,100,100938,100,99132,100,101009,100,,,101155,100,,,101674,7,,,,,,,,,,,,,,,,,,
2019-06-28 12:38:20.000000000,100861,99,99270,162,100934,69,99193,162,100938,162,99132,162,101009,162,99131,62,101155,162,,,101674,7,,,,,,,,,,,,,,,,,,
2019-06-28 12:38:26.080724712,100861,99,99270,162,100934,69,99193,162,100938,162,99132,162,101009,162,99131,62,101155,162,97839,100,101674,7,,,,,,,,,,,,,,,,,,
2019-06-28 12:38:26.919124410,100861,99,99270,162,100934,69,99193,162,100938,162,99132,162,101009,162,99131,62,101155,162,97839,100,101674,7,97797,100,,,,,,,,,,,,,,,,
2019-06-28 12:38:30.000000000,100861,192,99270,255,100934,162,99193,255,100938,100,99132,100,101009,100,97839,100,101155,100,97797,100,101674,7,,,,,,,,,,,,,,,,,,
2019-06-28 12:38:33.053997884,100861,192,99270,255,100934,162,99193,255,100938,100,99132,100,101009,100,97880,100,101155,100,97839,100,101674,7,97797,100,,,,,,,,,,,,,,,,
2019-06-28 12:38:40.000000000,100861,142,99270,205,100934,109,99193,202,100938,202,99132,202,101009,100,97880,100,101155,100,97839,100,101674,7,97797,100,,,,,,,,,,,,,,,,
2019-06-28 12:38:50.000000000,100861,142,99270,205,100934,109,99193,202,100938,202,99132,202,101009,100,97880,100,101155,100,97839,100,101674,7,97797,100,,,,,,,,,,,,,,,,
2019-06-28 12:39:00.000000000,100934,70,100861,4,100938,178,99270,178,101009,178,99193,178,101155,100,99132,178,101674,7,97880,178,,,97839,100,,,97797,100,,,,,,,,,,,,
2019-06-28 12:39:09.772476249,100934,170,100861,4,100938,178,99270,178,101009,178,99193,178,101155,100,99132,178,101674,7,97880,178,,,97839,100,,,97797,100,,,,,,,,,,,,
2019-06-28 12:39:10.000000000,100934,162,100861,66,100938,162,99270,162,101009,162,99193,162,101155,162,99132,162,101674,69,97880,162,,,97839,100,,,97797,100,,,,,,,,,,,,
2019-06-28 12:39:12.367563703,100861,34,99270,162,100934,162,99193,162,100938,162,99132,162,101009,162,97880,162,101155,162,97839,100,101674,69,97797,100,,,,,,,,,,,,,,,,
2019-06-28 12:39:18.256579634,100861,34,99270,162,100934,162,99193,62,100938,162,99132,162,101009,162,97880,162,101155,162,97839,100,101674,69,97797,100,,,97247,100,,,,,,,,,,,,
2019-06-28 12:39:20.000000000,100861,96,99270,162,100934,162,99132,162,100938,162,97880,162,101009,162,97839,162,101155,162,97797,162,101674,7,97247,100,,,,,,,,,,,,,,,,
2019-06-28 12:39:30.000000000,100861,344,99270,410,100934,100,99132,100,100938,100,97880,100,101009,100,97839,100,101155,100,97797,100,101674,7,97247,100,,,,,,,,,,,,,,,,
2019-06-28 12:39:40.000000000,100861,112,99270,178,100934,178,99132,178,100938,178,97880,178,101009,178,97839,178,101155,100,97797,100,101674,7,97247,100,,,,,,,,,,,,,,,,
2019-06-28 12:39:48.874893589,100861,112,99270,78,100934,178,99132,178,100938,178,97880,178,101009,178,97839,178,101155,100,97247,100,101674,7,,,,,,,,,,,,,,,,,,
2019-06-28 12:39:50.000000000,100861,189,99132,255,100934,255,97880,255,100938,100,97839,100,101009,100,97247,100,101155,100,,,101674,7,,,,,,,,,,,,,,,,,,
2019-06-28 12:39:50.855953392,100861,189,99132,155,100934,255,97880,255,100938,100,97839,100,101009,100,97247,100,101155,100,,,101674,7,,,,,,,,,,,,,,,,,,
2019-06-28 12:39:54.657458267,100861,189,99132,55,100934,255,97880,255,100938,100,97839,100,101009,100,97247,100,101155,100,,,101674,7,,,,,,,,,,,,,,,,,,
2019-06-28 12:39:55.186366130,99132,45,97880,255,100861,189,97839,100,100934,255,97247,100,100938,100,,,101009,100,,,101155,100,,,101674,7,,,,,,,,,,,,,,
2019-06-28 12:40:00.000000000,99132,66,97880,255,100861,189,97839,255,100934,100,97247,100,100938,100,,,101009,100,,,101155,100,,,101674,7,,,,,,,,,,,,,,
2019-06-28 12:40:08.136055044,99132,166,97880,255,100861,189,97839,255,100934,100,97247,100,100938,100,,,101009,100,,,101155,100,,,101674,7,,,,,,,,,,,,,,
2019-06-28 12:40:10.000000000,99132,410,97880,410,100861,34,97839,100,100934,100,97247,100,100938,100,,,101009,100,,,101155,100,,,101674,7,,,,,,,,,,,,,,
2019-06-28 12:40:12.712075966,98169,100,97880,410,99132,410,97839,100,100861,34,97247,100,100934,100,,,100938,100,,,101009,100,,,101155,100,,,101674,7,,,,,,,,,,
2019-06-28 12:40:20.000000000,98169,255,97880,255,99132,255,97839,255,100861,34,97247,100,100934,100,,,100938,100,,,101009,100,,,101155,100,,,101674,7,,,,,,,,,,
2019-06-28 12:40:22.235575200,98115,100,97880,255,98169,255,97839,255,99132,255,97247,100,100861,34,,,100934,100,,,100938,100,,,101009,100,,,101155,100,,,101674,7,,,,,,
2019-06-28 12:40:30.000000000,98115,410,97880,410,98169,100,97839,100,99132,100,97247,100,100861,34,,,100934,100,,,100938,100,,,101009,100,,,101155,100,,,101674,7,,,,,,
2019-06-28 12:40:34.743596136,98115,410,97880,410,98169,100,97839,100,99132,100,97750,100,100861,34,97247,100,100934,100,,,100938,100,,,101009,100,,,101155,100,,,101674,7,,,,,,
2019-06-28 12:40:39.849518627,98042,100,97880,410,98115,410,97839,100,98169,100,97750,100,99132,100,97247,100,100861,34,,,100934,100,,,100938,100,,,101009,100,,,101155,100,,,101674,7,,
2019-06-28 12:40:40.000000000,98042,410,97880,410,98115,100,97839,100,98169,100,97750,100,99132,100,97247,100,100861,34,,,100934,100,,,100938,100,,,101009,100,,,101155,100,,,101674,7,,
2019-06-28 12:40:50.000000000,98042,178,97880,178,98115,178,97839,178,98169,178,97750,178,99132,178,97247,178,100861,34,,,100934,100,,,100938,100,,,101009,100,,,101155,100,,,101674,7,,
2019-06-28 12:41:00.000000000,98042,37,97880,178,98115,178,97839,178,98169,178,97750,178,99132,178,97247,178,100861,34,,,100934,100,,,100938,100,,,101009,100,,,101155,100,,,101674,7,,
2019-06-28 12:41:10.000000000,98115,255,97880,255,98169,255,97839,255,99132,100,97750,100,100861,34,97247,100,100934,100,,,100938,100,,,101009,100,,,101155,100,,,101674,7,,,,,,
2019-06-28 12:41:20.000000000,98115,162,97880,162,98169,162,97839,162,99132,162,97750,162,100861,96,97247,162,100934,162,97246,62,100938,100,,,101009,100,,,101155,100,,,101674,7,,,,,,
2019-06-28 12:41:30.000000000,98115,410,97880,410,98169,100,97839,100,99132,100,97750,100,100861,34,97247,100,100934,100,,,100938,100,,,101009,100,,,101155,100,,,101674,7,,,,,,
2019-06-28 12:41:34.573202280,98115,410,97928,100,98169,100,97880,410,99132,100,97839,100,100861,34,97750,100,100934,100,97247,100,100938,100,,,101009,100,,,101155,100,,,101674,7,,,,,,
2019-06-28 12:41:40.000000000,98115,410,97928,410,98169,100,97880,100,99132,100,97839,100,100861,34,97750,100,100934,100,97247,100,100938,100,,,101009,100,,,101155,100,,,101674,7,,,,,,
2019-06-28 12:41:50.000000000,98115,255,97928,255,98169,255,97880,255,99132,100,97839,100,100861,34,97750,100,100934,100,97247,100,100938,100,,,101009,100,,,101155,100,,,101674,7,,,,,,
2019-06-28 12:41:53.291851448,98042,100,97928,255,98115,255,97880,255,98169,255,97839,100,99132,100,97750,100,100861,34,97247,100,100934,100,,,100938,100,,,101009,100,,,101155,100,,,101674,7,,
2019-06-28 12:42:00.000000000,98042,21,97928,162,98115,162,97880,162,98169,162,97839,162,99132,162,97750,162,100861,96,97247,162,100934,100,,,100938,100,,,101009,100,,,101155,100,,,101674,7,,
2019-06-28 12:42:10.000000000,98115,178,97928,178,98169,178,97880,178,99132,178,97839,178,100861,112,97750,178,100934,100,97247,100,100938,100,,,101009,100,,,101155,100,,,101674,7,,,,,,
2019-06-28 12:42:19.730558815,98115,178,97928,178,98169,178,97880,178,98203,100,97839,178,99132,178,97750,178,100861,112,97247,100,100934,100,,,100938,100,,,101009,100,,,101155,100,,,101674,7,,
2019-06-28 12:42:20.000000000,98115,410,97928,410,98169,100,97880,100,98203,100,97839,100,99132,100,97750,100,100861,34,97247,100,100934,100,,,100938,100,,,101009,100,,,101155,100,,,101674,7,,
2019-06-28 12:42:30.000000000,98115,162,97928,162,98169,162,97880,162,98203,162,97839,162,99132,162,97750,162,100861,96,97247,162,100934,100,,,100938,100,,,101009,100,,,101155,100,,,101674,7,,
2019-06-28 12:42:40.000000000,98115,178,97928,178,98169,178,97880,178,98203,178,97839,178,99132,178,97750,178,100861,34,97247,100,100934,100,,,100938,100,,,101009,100,,,101155,100,,,101674,7,,
2019-06-28 12:42:50.000000000,98115,178,97928,178,98169,178,97880,178,98203,178,97839,178,99132,178,97750,178,100861,34,97247,100,100934,100,,,100938,100,,,101009,100,,,101155,100,,,101674,7,,
2019-06-28 12:43:00.000000000,98115,64,97928,205,98169,202,97880,202,98203,202,97839,202,99132,100,97750,100,100861,34,97247,100,100934,100,,,100938,100,,,101009,100,,,101155,100,,,101674,7,,
2019-06-28 12:43:10.000000000,98169,410,97928,410,98203,100,97880,100,99132,100,97839,100,100861,34,97750,100,100934,100,97247,100,100938,100,,,101009,100,,,101155,100,,,101674,7,,,,,,
2019-06-28 12:43:20.000000000,98169,205,97928,205,98203,202,97880,202,99132,202,97839,202,100861,34,97750,100,100934,100,97247,100,100938,100,,,101009,100,,,101155,100,,,101674,7,,,,,,
2019-06-28 12:43:30.000000000,98169,162,97928,162,98203,162,97880,162,99132,162,97839,162,100861,96,97750,162,100934,162,97247,162,100938,100,,,101009,100,,,101155,100,,,101674,7,,,,,,
2019-06-28 12:43:40.000000000,98169,205,97928,205,98203,202,97880,202,99132,202,97839,202,100861,34,97750,100,100934,100,97247,100,100938,100,,,101009,100,,,101155,100,,,101674,7,,,,,,
2019-06-28 12:43:43.654696971,98169,105,97928,205,98203,202,97880,202,99132,202,97839,202,100861,34,97750,100,100934,100,97247,100,100938,100,,,101009,100,,,101155,100,,,101674,7,,,,,,
2019-06-28 12:43:50.000000000,98203,205,97928,205,99132,202,97880,202,100861,136,97839,202,100934,100,97750,100,100938,100,97247,100,101009,100,,,101155,100,,,101674,7,,,,,,,,,,
2019-06-28 12:43:55.266854928,98203,205,98115,100,99132,202,97928,205,100861,136,97880,202,100934,100,97839,202,100938,100,97750,100,101009,100,97247,100,101155,100,,,101674,7,,,,,,,,,,
2019-06-28 12:44:00.000000000,98203,44,98115,178,99132,178,97928,178,100861,112,97880,178,100934,178,97839,178,100938,100,97750,100,101009,100,97247,100,101155,100,,,101674,7,,,,,,,,,,
2019-06-28 12:44:04.735887624,98203,44,98115,178,99132,178,97928,178,99494,100,97880,178,100861,112,97839,178,100934,178,97750,100,100938,100,97247,100,101009,100,,,101155,100,,,101674,7,,,,,,
2019-06-28 12:44:10.000000000,99132,410,98115,410,99494,100,97928,100,100861,34,97880,100,100934,100,97839,100,100938,100,97750,100,101009,100,97247,100,101155,100,,,101674,7,,,,,,,,,,
2019-06-28 12:44:20.000000000,99132,255,98115,255,99494,255,97928,255,100861,34,97880,100,100934,100,97839,100,100938,100,97750,100,101009,100,97247,100,101155,100,,,101674,7,,,,,,,,,,
2019-06-28 12:44:25.111048176,99132,155,98115,255,99494,255,97928,255,100861,34,97880,100,100934,100,97839,100,100938,100,97750,100,101009,100,97247,100,101155,100,,,101674,7,,,,,,,,,,
2019-06-28 12:44:30.000000000,99494,255,98115,255,100861,189,97928,255,100934,100,97880,100,100938,100,97839,100,101009,100,97750,100,101155,100,97247,100,101674,7,,,,,,,,,,,,,,
2019-06-28 12:44:40.000000000,99494,205,98115,205,100861,136,97928,202,100934,202,97880,202,100938,100,97839,100,101009,100,97750,100,101155,100,97247,100,101674,7,,,,,,,,,,,,,,
2019-06-28 12:44:48.242951406,99494,205,99385,100,100861,136,98115,205,100934,202,97928,202,100938,100,97880,202,101009,100,97839,100,101155,100,97750,100,101674,7,97247,100,,,,,,,,,,,,
2019-06-28 12:44:50.000000000,99494,162,99385,162,100861,96,98115,162,100934,162,97928,162,100938,162,97880,162,101009,162,97839,162,101155,100,97750,100,101674,7,97247,100,,,,,,,,,,,,
2019-06-28 12:45:00.000000000,99494,276,99385,410,100861,34,98115,100,100934,100,97928,100,100938,100,97880,100,101009,100,97839,100,101155,100,97750,100,101674,7,97247,100,,,,,,,,,,,,
2019-06-28 12:45:10.000000000,100861,96,99385,162,100934,162,98115,162,100938,162,97928,162,101009,162,97880,162,101155,162,97839,162,101674,7,97750,100,,,97247,100,,,,,,,,,,,,
2019-06-28 12:45:12.116486637,100861,96,99385,62,100934,162,98115,162,100938,162,97928,162,101009,162,97880,62,101155,162,97839,162,101674,7,97750,100,,,97247,100,,,,,,,,,,,,
2019-06-28 12:45:17.052381093,99544,100,99385,62,100861,62,98115,162,100934,162,97928,162,100938,162,97880,62,101009,162,97839,162,101155,162,97750,100,101674,7,97247,100,,,,,,,,,,,,
2019-06-28 12:45:20.000000000,99544,178,98115,178,100934,178,97928,178,100938,178,97839,178,101009,178,97750,178,101155,100,97247,100,101674,7,,,,,,,,,,,,,,,,,,
2019-06-28 12:45:23.895406476,99544,178,99386,100,100934,178,98115,178,100938,178,97928,178,101009,178,97839,178,101155,100,97750,178,101674,7,97247,100,,,,,,,,,,,,,,,,
2019-06-28 12:45:30.000000000,99544,255,99386,255,100934,255,98115,255,100938,100,97928,100,101009,100,97839,100,101155,100,97750,100,101674,7,97247,100,,,,,,,,,,,,,,,,
2019-06-28 12:45:30.005313865,99544,255,99386,255,99615,100,98115,255,100934,255,97928,100,100938,100,97839,100,101009,100,97750,100,101155,100,,,101674,7,,,,,,,,,,,,,,
2019-06-28 12:45:34.210725398,99418,100,99386,255,99544,255,98115,255,99615,100,97928,100,100934,255,97839,100,100938,100,97750,100,101009,100,,,101155,100,,,101674,7,,,,,,,,,,
2019-06-28 12:45:40.000000000,99418,162,99386,162,99544,162,98115,162,99615,162,97928,162,100934,162,97839,162,100938,162,97750,162,101009,100,,,101155,100,,,101674,7,,,,,,,,,,
2019-06-28 12:45:50.000000000,99418,162,99386,162,99544,162,98115,162,99615,162,97928,162,100934,162,97839,162,100938,162,97750,162,101009,100,,,101155,100,,,101674,7,,,,,,,,,,
2019-06-28 12:45:53.933222740,99418,162,99386,162,99544,162,99069,100,99615,162,98115,162,100934,162,97928,162,100938,162,97839,162,101009,100,97750,162,101155,100,,,101674,7,,,,,,,,,,
2019-06-28 12:45:57.062836422,99418,162,99386,162,99494,100,99069,100,99544,162,98115,162,99615,162,97928,162,100934,162,97839,162,100938,162,97750,162,101009,100,,,101155,100,,,101674,7,,,,,,
2019-06-28 12:46:00.000000000,99418,44,99386,178,99494,178,99069,178,99544,178,98115,178,99615,178,97928,178,100934,100,97839,100,100938,100,97750,100,101009,100,,,101155,100,,,101674,7,,,,,,
2019-06-28 12:46:05.883296900,99418,144,99386,178,99494,178,99069,178,99544,178,98115,178,99615,178,97928,178,100934,100,97839,100,100938,100,97750,100,101009,100,,,101155,100,,,101674,7,,,,,,
2019-06-28 12:46:10.000000000,99418,162,99386,162,99494,162,99069,162,99544,162,98115,162,99615,162,97928,162,100934,162,97839,162,100938,100,97750,100,101009,100,,,101155,100,,,101674,7,,,,,,
2019-06-28 12:46:20.000000000,99418,178,99386,178,99494,178,99069,178,99544,178,98115,178,99615,178,97928,178,100934,100,97839,100,100938,100,97750,100,101009,100,,,101155,100,,,101674,7,,,,,,
2019-06-28 12:46:30.000000000,99418,255,99386,255,99494,255,99069,255,99544,100,98115,100,99615,100,97928,100,100934,100,97839,100,100938,100,97750,100,101009,100,,,101155,100,,,101674,7,,,,,,
2019-06-28 12:46:38.283999289,99418,255,99386,255,99494,255,99121,100,99544,100,99069,255,99615,100,98115,100,100934,100,97928,100,100938,100,97839,100,101009,100,97750,100,101155,100,,,101674,7,,,,,,
2019-06-28 12:46:40.000000000,99418,255,99386,255,99494,255,99121,255,99544,100,99069,100,99615,100,98115,100,100934,100,97928,100,100938,100,97839,100,101009,100,97750,100,101155,100,,,101674,7,,,,,,
2019-06-28 12:46:40.598980120,99418,255,99386,255,99494,255,99121,255,99544,100,99069,100,99588,100,98115,100,99615,100,97928,100,100934,100,97839,100,100938,100,97750,100,101009,100,,,101155,100,,,101674,7,,
2019-06-28 12:46:43.410962645,99418,255,99386,255,99494,255,99121,255,99544,100,99069,100,99588,100,98889,100,99615,100,98115,100,100934,100,97928,100,100938,100,97839,100,101009,100,97750,100,101155,100,,,101674,7,,
2019-06-28 12:46:50.000000000,99418,178,99386,178,99494,178,99121,178,99544,178,99069,178,99588,178,98889,178,99615,100,98115,100,100934,100,97928,100,100938,100,97839,100,101009,100,97750,100,101155,100,,,101674,7,,
2019-06-28 12:46:50.035016679,99418,178,99386,178,99494,178,99121,178,99544,178,99069,178,99588,178,98889,178,99615,100,98881,100,100934,100,98115,100,100938,100,97928,100,101009,100,97839,100,101155,100,97750,100,101674,7,,
2019-06-28 12:47:00.000000000,99418,71,99386,205,99494,202,99121,202,99544,202,99069,202,99588,100,98889,100,99615,100,98881,100,100934,100,98115,100,100938,100,97928,100,101009,100,97839,100,101155,100,97750,100,101674,7,,
2019-06-28 12:47:00.301522031,99418,71,99386,205,99494,202,99121,202,99544,202,99069,202,99588,100,98902,100,99615,100,98889,100,100934,100,98881,100,100938,100,98115,100,101009,100,97928,100,101155,100,97839,100,101674,7,97750,100
2019-06-28 12:47:10.000000000,99494,255,99386,255,99544,255,99121,255,99588,100,99069,100,99615,100,98902,100,100934,100,98889,100,100938,100,98881,100,101009,100,98115,100,101155,100,97928,100,101674,7,97839,100,,,97750,100
2019-06-28 12:47:20.000000000,99494,162,99386,162,99544,162,99121,162,99588,162,99069,162,99615,162,98902,162,100934,162,98889,162,100938,100,98881,100,101009,100,98115,100,101155,100,97928,100,101674,7,97839,100,,,97750,100
2019-06-28 12:47:30.000000000,99494,162,99386,162,99544,162,99121,162,99588,162,99069,162,99615,162,98902,162,100934,162,98889,162,100938,100,98881,100,101009,100,98115,100,101155,100,97928,100,101674,7,97839,100,,,97750,100
2019-06-28 12:47:35.040740459,99418,100,99386,162,99494,162,99121,162,99544,162,99069,162,99588,162,98902,162,99615,162,98889,162,100934,162,98881,100,100938,100,98115,100,101009,100,97928,100,101155,100,97839,100,101674,7,97750,100
2019-06-28 12:47:40.000000000,99418,162,99386,162,99494,162,99121,162,99544,162,99069,162,99588,162,98902,162,99615,162,98889,162,100934,100,98881,100,100938,100,98115,100,101009,100,97928,100,101155,100,97839,100,101674,7,97750,100
2019-06-28 12:47:50.000000000,99418,255,99386,255,99494,255,99121,255,99544,100,99069,100,99588,100,98902,100,99615,100,98889,100,100934,100,98881,100,100938,100,98115,100,101009,100,97928,100,101155,100,97839,100,101674,7,97750,100
2019-06-28 12:48:00.000000000,99418,71,99386,205,99494,202,99121,202,99544,202,99069,202,99588,100,98902,100,99615,100,98889,100,100934,100,98881,100,100938,100,98115,100,101009,100,97928,100,101155,100,97839,100,101674,7,97750,100
2019-06-28 12:48:10.000000000,99494,178,99386,178,99544,178,99121,178,99588,178,99069,178,99615,178,98902,178,100934,100,98889,100,100938,100,98881,100,101009,100,98115,100,101155,100,97928,100,101674,7,97839,100,,,97750,100
2019-06-28 12:48:13.254143492,99418,100,99386,178,99494,178,99121,178,99544,178,99069,178,99588,178,98902,178,99615,178,98889,100,100934,100,98881,100,100938,100,98115,100,101009,100,97928,100,101155,100,97839,100,101674,7,97750,100
2019-06-28 12:48:16.696141111,99418,100,99386,178,99494,178,99121,178,99544,178,99069,178,99588,178,98902,178,99615,178,98889,100,100934,100,98881,100,100938,100,98648,100,101009,100,98115,100,101155,100,97928,100,101674,7,97839,100
2019-06-28 12:48:20.000000000,99418,162,99386,162,99494,162,99121,162,99544,162,99069,162,99588,162,98902,162,99615,162,98889,162,100934,100,98881,100,100938,100,98648,100,101009,100,98115,100,101155,100,97928,100,101674,7,97839,100
2019-06-28 12:48:30.000000000,99418,205,99386,205,99494,202,99121,202,99544,202,99069,202,99588,100,98902,100,99615,100,98889,100,100934,100,98881,100,100938,100,98648,100,101009,100,98115,100,101155,100,97928,100,101674,7,97839,100
2019-06-28 12:48:40.000000000,99418,255,99386,255,99494,255,99121,255,99544,100,99069,100,99588,100,98902,100,99615,100,98889,100,100934,100,98881,100,100938,100,98648,100,101009,100,98115,100,101155,100,97928,100,101674,7,97839,100
2019-06-28 12:48:50.000000000,99418,255,99386,255,99494,255,99121,255,99544,100,99069,100,99588,100,98902,100,99615,100,98889,100,100934,100,98881,100,100938,100,98648,100,101009,100,98115,100,101155,100,97928,100,101674,7,97839,100
2019-06-28 12:48:51.919430344,99418,255,99386,255,99494,255,99121,255,99544,100,99069,100,99588,100,98902,100,99615,100,98889,100,99762,100,98881,100,100934,100,98648,100,100938,100,98115,100,101009,100,97928,100,101155,100,97839,100
2019-06-28 12:49:00.000000000,99418,276,99386,410,99494,100,99121,100,99544,100,99069,100,99588,100,98902,100,99615,100,98889,100,99762,100,98881,100,100934,100,98648,100,100938,100,98115,100,101009,100,97928,100,101155,100,97839,100
2019-06-28 12:49:10.000000000,99494,178,99386,178,99544,178,99121,178,99588,178,99069,178,99615,178,98902,178,99762,100,98889,100,100934,100,98881,100,100938,100,98648,100,101009,100,98115,100,101155,100,97928,100,101674,7,97839,100
2019-06-28 12:49:20.000000000,99494,178,99386,178,99544,178,99121,178,99588,178,99069,178,99615,178,98902,178,99762,100,98889,100,100934,100,98881,100,100938,100,98648,100,101009,100,98115,100,101155,100,97928,100,101674,7,97839,100
2019-06-28 12:49:30.000000000,99494,410,99386,410,99544,100,99121,100,99588,100,99069,100,99615,100,98902,100,99762,100,98889,100,100934,100,98881,100,100938,100,98648,100,101009,100,98115,100,101155,100,97928,100,101674,7,97839,100
2019-06-28 12:49:35.954602211,99494,410,99386,310,99544,100,99121,100,99588,100,99069,100,99615,100,98902,100,99762,100,98889,100,100934,100,98881,100,100938,100,98648,100,101009,100,98115,100,101155,100,97928,100,101674,7,97839,100
2019-06-28 12:49:40.000000000,99494,162,99121,162,99544,162,99069,162,99588,162,98902,162,99615,162,98889,162,99762,162,98881,162,100934,100,98648,100,100938,100,98115,100,101009,100,97928,100,101155,100,97839,100,101674,7,97750,100
2019-06-28 12:49:42.948300596,99418,100,99121,162,99494,162,99069,162,99544,162,98902,162,99588,162,98889,162,99615,162,98881,162,99762,162,98648,100,100934,100,98115,100,100938,100,97928,100,101009,100,97839,100,101155,100,97750,100
2019-06-28 12:49:46.146182069,99418,100,99121,62,99494,162,99069,162,99544,162,98902,162,99588,162,98889,162,99615,162,98881,162,99762,162,98115,100,100934,100,97928,100,100938,100,97839,100,101009,100,97750,100,101155,100,,
2019-06-28 12:49:50.000000000,99418,162,99069,162,99494,162,98902,162,99544,162,98889,162,99588,162,98881,162,99615,162,98115,162,99762,100,97928,100,100934,100,97839,100,100938,100,97750,100,101009,100,,,101155,100,,
2019-06-28 12:50:00.000000000,99418,28,99069,162,99494,162,98902,162,99544,162,98889,162,99588,162,98881,162,99615,162,98115,162,99762,100,97928,100,100934,100,97839,100,100938,100,97750,100,101009,100,,,101155,100,,
2019-06-28 12:50:10.000000000,99494,255,99069,255,99544,255,98902,255,99588,100,98889,100,99615,100,98881,100,99762,100,98115,100,100934,100,97928,100,100938,100,97839,100,101009,100,97750,100,101155,100,,,101674,7,,
2019-06-28 12:50:19.041214387,99494,255,99254,100,99544,255,99069,255,99588,100,98902,255,99615,100,98889,100,99762,100,98881,100,100934,100,98115,100,100938,100,97928,100,101009,100,97839,100,101155,100,97750,100,101674,7,,
2019-06-28 12:50:20.000000000,99494,255,99254,255,99544,255,99069,255,99588,100,98902,100,99615,100,98889,100,99762,100,98881,100,100934,100,98115,100,100938,100,97928,100,101009,100,97839,100,101155,100,97750,100,101674,7,,
2019-06-28 12:50:24.346881048,99418,100,99254,255,99494,255,99069,255,99544,255,98902,100,99588,100,98889,100,99615,100,98881,100,99762,100,98115,100,100934,100,97928,100,100938,100,97839,100,101009,100,97750,100,101155,100,,
2019-06-28 12:50:24.595372909,99418,100,99254,255,99494,255,99069,255,99544,255,98902,100,99588,100,98889,100,99615,100,98881,100,99762,100,98698,100,100934,100,98115,100,100938,100,97928,100,101009,100,97839,100,101155,100,97750,100
2019-06-28 12:50:30.000000000,99418,162,99254,162,99494,162,99069,162,99544,162,98902,162,99588,162,98889,162,99615,162,98881,162,99762,100,98698,100,100934,100,98115,100,100938,100,97928,100,101009,100,97839,100,101155,100,97750,100
2019-06-28 12:50:32.870248023,99418,262,99254,162,99494,162,99069,162,99544,162,98902,162,99588,162,98889,162,99615,162,98881,162,99762,100,98698,100,100934,100,98115,100,100938,100,97928,100,101009,100,97839,100,101155,100,97750,100
2019-06-28 12:50:36.576240131,99418,262,99254,162,99494,62,99069,162,99544,162,98902,162,99588,162,98889,162,99615,162,98881,162,99762,100,98698,100,100934,100,98115,100,100938,100,97928,100,101009,100,97839,100,101155,100,97750,100
2019-06-28 12:50:40.000000000,99418,262,99254,162,99544,162,99069,162,99588,162,98902,162,99615,162,98889,162,99762,162,98881,162,100934,100,98698,100,100938,100,98115,100,101009,100,97928,100,101155,100,97839,100,101674,7,97750,100
2019-06-28 12:50:50.000000000,99418,355,99254,255,99544,255,99069,255,99588,100,98902,100,99615,100,98889,100,99762,100,98881,100,100934,100,98698,100,100938,100,98115,100,101009,100,97928,100,101155,100,97839,100,101674,7,97750,100
2019-06-28 12:50:52.064439725,99418,355,99254,255,99544,255,99069,255,99588,100,98889,100,99615,100,98881,100,99762,100,98727,100,100934,100,98698,100,100938,100,98115,100,101009,100,97928,100,101155,100,97839,100,101674,7,97750,100
2019-06-28 12:51:00.000000000,99418,230,99254,92,99544,178,99069,178,99588,178,98889,178,99615,178,98881,178,99762,100,98727,100,100934,100,98698,100,100938,100,98115,100,101009,100,97928,100,101155,100,97839,100,101674,7,97750,100
2019-06-28 12:51:10.000000000,99418,462,99254,324,99544,100,99069,100,99588,100,98889,100,99615,100,98881,100,99762,100,98727,100,100934,100,98698,100,100938,100,98115,100,101009,100,97928,100,101155,100,97839,100,101674,7,97750,100
2019-06-28 12:51:14.146247357,99418,462,99254,310,99544,100,99069,100,99588,100,98983,100,99615,100,98889,100,99762,100,98881,100,100934,100,98727,100,100938,100,98698,100,101009,100,98115,100,101155,100,97928,100,101674,7,97839,100
2019-06-28 12:51:20.000000000,99418,257,99069,205,99544,202,98983,202,99588,202,98889,202,99615,100,98881,100,99762,100,98727,100,100934,100,98698,100,100938,100,98115,100,101009,100,97928,100,101155,100,97839,100,101674,7,97750,100
2019-06-28 12:51:21.167046704,99418,257,99069,105,99544,202,98983,202,99588,202,98889,202,99615,100,98881,100,99762,100,98727,100,100934,100,98698,100,100938,100,98115,100,101009,100,97928,100,101155,100,97839,100,101674,7,97750,100
2019-06-28 12:51:30.000000000,99418,462,98983,410,99544,100,98889,100,99588,100,98881,100,99615,100,98727,100,99762,100,98698,100,100934,100,98115,100,100938,100,97928,100,101009,100,97839,100,101155,100,97750,100,101674,7,,
2019-06-28 12:51:40.000000000,99418,214,98983,162,99544,162,98889,162,99588,162,98881,162,99615,162,98727,162,99762,162,98698,162,100934,100,98115,100,100938,100,97928,100,101009,100,97839,100,101155,100,97750,100,101674,7,,
2019-06-28 12:51:42.285819102,99418,214,98983,162,99544,162,98900,100,99588,162,98889,162,99615,162,98881,162,99762,162,98727,162,100934,100,98698,162,100938,100,98115,100,101009,100,97839,100,101155,100,97750,100,101674,7,,
2019-06-28 12:51:47.598486465,99021,100,98983,162,99418,214,98900,100,99544,162,98889,162,99588,162,98881,162,99615,162,98727,162,99762,162,98698,162,100934,100,98115,100,100938,100,97839,100,101009,100,97750,100,101155,100,,
2019-06-28 12:51:50.000000000,99021,410,98983,410,99418,152,98900,100,99544,100,98889,100,99588,100,98881,100,99615,100,98727,100,99762,100,98698,100,100934,100,98115,100,100938,100,97839,100,101009,100,97750,100,101155,100,,
2019-06-28 12:52:00.000000000,99021,255,98983,121,99418,307,98900,255,99544,100,98889,100,99588,100,98881,100,99615,100,98727,100,99762,100,98698,100,100934,100,98115,100,100938,100,97839,100,101009,100,97750,100,101155,100,,
2019-06-28 12:52:10.000000000,99021,205,98900,205,99418,254,98889,202,99544,202,98881,202,99588,100,98727,100,99615,100,98698,100,99762,100,98115,100,100934,100,97839,100,100938,100,97750,100,101009,100,,,101155,100,,
2019-06-28 12:52:11.979288605,99021,205,98964,100,99418,254,98900,205,99544,202,98889,202,99588,100,98881,202,99615,100,98727,100,99762,100,98698,100,100934,100,98115,100,100938,100,97839,100,101009,100,97750,100,101155,100,,
2019-06-28 12:52:13.944344314,98983,100,98964,100,99021,205,98900,205,99418,202,98889,202,99544,202,98881,202,99588,100,98727,100,99615,100,98698,100,99762,100,98115,100,100934,100,97839,100,100938,100,97750,100,101009,100,,
2019-06-28 12:52:14.627719105,99021,205,98964,100,99418,202,98900,205,99544,202,98889,202,99588,100,98881,202,99615,100,98727,100,99762,100,98698,100,100934,100,98115,100,100938,100,97839,100,101009,100,97750,100,101155,100,,
2019-06-28 12:52:20.000000000,99021,255,98964,255,99418,255,98900,255,99544,100,98889,100,99588,100,98881,100,99615,100,98727,100,99762,100,98698,100,100934,100,98115,100,100938,100,97839,100,101009,100,97750,100,101155,100,,
2019-06-28 12:52:29.760158906,99003,100,98964,255,99021,255,98900,255,99418,255,98889,100,99544,100,98881,100,99588,100,98727,100,99615,100,98698,100,99762,100,98115,100,100934,100,97839,100,100938,100,97750,100,101009,100,,
2019-06-28 12:52:30.000000000,99003,162,98964,162,99021,162,98900,162,99418,162,98889,162,99544,162,98881,162,99588,162,98727,162,99615,100,98698,100,99762,100,98115,100,100934,100,97839,100,100938,100,97750,100,101009,100,,
2019-06-28 12:52:32.038048298,99003,162,98964,162,99021,162,98900,162,99094,100,98889,162,99418,162,98881,162,99544,162,98727,162,99588,162,98698,100,99615,100,98115,100,99762,100,97839,100,100934,100,97750,100,100938,100,,
2019-06-28 12:52:34.094640646,99003,162,98964,162,99021,162,98918,100,99418,162,98900,162,99544,162,98889,162,99588,162,98881,162,99615,100,98727,162,99762,100,98698,100,100934,100,98115,100,100938,100,97839,100,101009,100,97750,100
2019-06-28 12:52:40.000000000,99003,410,98964,410,99021,100,98918,100,99418,100,98900,100,99544,100,98889,100,99588,100,98881,100,99615,100,98727,100,99762,100,98698,100,100934,100,98115,100,100938,100,97839,100,101009,100,97750,100
2019-06-28 12:52:41.408881031,99003,410,98983,100,99021,100,98964,410,99418,100,98918,100,99544,100,98900,100,99588,100,98889,100,99615,100,98881,100,99762,100,98727,100,100934,100,98698,100,100938,100,98115,100,101009,100,97839,100
2019-06-28 12:52:50.000000000,99003,178,98983,178,99021,178,98964,178,99418,178,98918,178,99544,178,98900,178,99588,100,98889,100,99615,100,98881,100,99762,100,98727,100,100934,100,98698,100,100938,100,98115,100,101009,100,97839,100
2019-06-28 12:52:57.475196114,99003,178,98983,278,99021,178,98964,178,99418,178,98918,178,99544,178,98900,178,99588,100,98889,100,99615,100,98881,100,99762,100,98727,100,100934,100,98698,100,100938,100,98115,100,101009,100,97839,100
2019-06-28 12:53:00.000000000,99003,178,98983,144,99021,178,98964,178,99418,178,98918,178,99544,178,98900,178,99588,100,98889,100,99615,100,98881,100,99762,100,98727,100,100934,100,98698,100,100938,100,98115,100,101009,100,97839,100
2019-06-28 12:53:10.000000000,99003,410,98983,376,99021,100,98964,100,99418,100,98918,100,99544,100,98900,100,99588,100,98889,100,99615,100,98881,100,99762,100,98727,100,100934,100,98698,100,100938,100,98115,100,101009,100,97839,100
2019-06-28 12:53:14.017321602,99003,410,98983,476,99021,100,98964,100,99418,100,98918,100,99544,100,98900,100,99588,100,98889,100,99615,100,98881,100,99762,100,98727,100,100934,100,98698,100,100938,100,98115,100,101009,100,97839,100
2019-06-28 12:53:20.000000000,99003,410,98983,476,99021,100,98964,100,99418,100,98918,100,99544,100,98900,100,99588,100,98889,100,99615,100,98881,100,99762,100,98727,100,100934,100,98698,100,100938,100,98115,100,101009,100,97839,100
2019-06-28 12:53:30.000000000,99003,410,98983,476,99021,100,98964,100,99418,100,98918,100,99544,100,98900,100,99588,100,98889,100,99615,100,98881,100,99762,100,98727,100,100934,100,98698,100,100938,100,98115,100,101009,100,97839,100
2019-06-28 12:53:40.000000000,99003,255,98983,321,99021,255,98964,255,99418,100,98918,100,99544,100,98900,100,99588,100,98889,100,99615,100,98881,100,99762,100,98727,100,100934,100,98698,100,100938,100,98115,100,101009,100,97839,100
2019-06-28 12:53:50.000000000,99003,162,98983,228,99021,162,98964,162,99418,162,98918,162,99544,162,98900,162,99588,162,98889,162,99615,100,98881,100,99762,100,98727,100,100934,100,98698,100,100938,100,98115,100,101009,100,97839,100
2019-06-28 12:54:00.000000000,99003,205,98983,137,99021,202,98964,202,99418,202,98918,202,99544,100,98900,100,99588,100,98889,100,99615,100,98881,100,99762,100,98727,100,100934,100,98698,100,100938,100,98115,100,101009,100,97839,100
2019-06-28 12:54:03.735023726,99003,205,98983,237,99021,202,98964,202,99418,202,98918,202,99544,100,98900,100,99588,100,98889,100,99615,100,98881,100,99762,100,98727,100,100934,100,98698,100,100938,100,98115,100,101009,100,97839,100
2019-06-28 12:54:04.374116102,99003,105,98983,237,99021,202,98964,202,99418,202,98918,202,99544,100,98900,100,99615,100,98889,100,99762,100,98881,100,100934,100,98727,100,100938,100,98698,100,101009,100,98115,100,101155,100,97839,100
2019-06-28 12:54:10.000000000,99021,410,98983,442,99418,100,98964,100,99544,100,98918,100,99615,100,98900,100,99762,100,98889,100,100934,100,98881,100,100938,100,98727,100,101009,100,98698,100,101155,100,98115,100,101674,7,97839,100
2019-06-28 12:54:20.000000000,99021,410,98983,442,99418,100,98964,100,99544,100,98918,100,99615,100,98900,100,99762,100,98889,100,100934,100,98881,100,100938,100,98727,100,101009,100,98698,100,101155,100,98115,100,101674,7,97839,100
2019-06-28 12:54:26.605210676,99021,310,98983,442,99418,100,98964,100,99544,100,98918,100,99615,100,98900,100,99762,100,98889,100,100934,100,98881,100,100938,100,98727,100,101155,100,98698,100,101674,7,98115,100,,,97839,100
2019-06-28 12:54:28.018548540,99021,210,98983,442,99418,100,98964,100,99544,100,98918,100,99615,100,98900,100,99762,100,98889,100,100934,100,98881,100,100938,100,98727,100,101155,100,98698,100,101674,7,98115,100,,,97839,100
2019-06-28 12:54:30.000000000,99418,162,98983,194,99544,162,98964,162,99615,162,98918,162,99762,162,98900,162,100934,162,98889,162,100938,100,98881,100,101155,100,98727,100,101674,7,98698,100,,,98115,100,,,97839,100
2019-06-28 12:54:33.449511836,99418,62,98983,194,99544,162,98964,162,99615,162,98918,162,99762,162,98900,162,100934,162,98889,162,100938,100,98881,100,101155,100,98727,100,101674,7,98698,100,,,98115,100,,,97839,100
2019-06-28 12:54:38.319856622,99418,62,98983,194,99544,162,98964,62,99615,162,98918,162,99762,162,98900,162,99874,100,98889,162,100934,162,98881,100,100938,100,98727,100,101155,100,98698,100,101674,7,98115,100,,,97839,100
2019-06-28 12:54:40.000000000,99544,255,98983,287,99615,255,98918,255,99762,100,98900,100,99874,100,98889,100,100934,100,98881,100,100938,100,98727,100,101155,100,98698,100,101674,7,98115,100,,,97839,100,,,97750,100
2019-06-28 12:54:50.000000000,99544,255,98983,287,99615,255,98918,255,99762,100,98900,100,99874,100,98889,100,100934,100,98881,100,100938,100,98727,100,101155,100,98698,100,101674,7,98115,100,,,97839,100,,,97750,100
2019-06-28 12:55:00.000000000,99544,162,98983,60,99615,162,98918,162,99762,162,98900,162,99874,162,98889,162,100934,162,98881,162,100938,100,98727,100,101155,100,98698,100,101674,7,98115,100,,,97839,100,,,97750,100
2019-06-28 12:55:01.981143800,99544,162,98983,60,99615,162,98918,162,99762,162,98900,162,99874,162,98889,162,100010,100,98881,162,100934,162,98727,100,100938,100,98698,100,101155,100,98115,100,101674,7,97839,100,,,97750,100
2019-06-28 12:55:09.359992401,99544,62,98983,60,99615,162,98918,162,99762,162,98900,162,99874,162,98889,162,100010,100,98881,162,100934,162,98727,100,100938,100,98698,100,101155,100,98115,100,101674,7,97839,100,,,97750,100
2019-06-28 12:55:10.000000000,99615,162,98918,162,99762,162,98900,162,99874,162,98889,162,100010,162,98881,162,100934,162,98727,162,100938,100,98698,100,101155,100,98115,100,101674,7,97839,100,,,97750,100,,,,
2019-06-28 12:55:11.556082772,99615,162,98983,100,99762,162,98918,162,99874,162,98900,162,100010,162,98889,162,100934,162,98881,162,100938,100,98727,162,101155,100,98698,100,101674,7,98115,100,,,97839,100,,,97750,100
2019-06-28 12:55:12.516000518,99615,162,98983,200,99762,162,98918,162,99874,162,98900,162,100010,162,98889,162,100934,162,98881,162,100938,100,98727,162,101155,100,98698,100,101674,7,98115,100,,,97839,100,,,97750,100
2019-06-28 12:55:20.000000000,99615,162,98983,262,99762,162,98918,162,99874,162,98900,162,100010,162,98889,162,100934,162,98881,162,100938,100,98727,100,101155,100,98698,100,101674,7,98115,100,,,97839,100,,,97750,100
2019-06-28 12:55:26.794474775,99615,162,98983,262,99762,162,98918,162,99874,162,98900,162,99891,100,98889,162,100010,62,98881,162,100934,162,98727,100,100938,100,98698,100,101155,100,98115,100,101674,7,97839,100,,,97750,100
2019-06-28 12:55:30.000000000,99615,410,98983,510,99762,100,98918,100,99874,100,98900,100,99891,100,98889,100,100934,100,98881,100,100938,100,98727,100,101155,100,98698,100,101674,7,98115,100,,,97839,100,,,97750,100
2019-06-28 12:55:35.288837094,99615,410,98983,510,99694,100,98918,100,99762,100,98900,100,99874,100,98889,100,99891,100,98881,100,100934,100,98727,100,100938,100,98698,100,101155,100,98115,100,101674,7,97839,100,,,97750,100
2019-06-28 12:55:38.405406245,99615,410,99610,100,99694,100,98983,510,99762,100,98918,100,99874,100,98900,100,99891,100,98889,100,100934,100,98881,100,100938,100,98727,100,101155,100,98698,100,101674,7,98115,100,,,97839,100
2019-06-28 12:55:40.000000000,99615,178,99610,178,99694,178,98983,278,99762,178,98918,178,99874,178,98900,178,99891,100,98889,100,100934,100,98881,100,100938,100,98727,100,101155,100,98698,100,101674,7,98115,100,,,97839,100
2019-06-28 12:55:50.000000000,99615,255,99610,255,99694,255,98983,355,99762,100,98918,100,99874,100,98900,100,99891,100,98889,100,100934,100,98881,100,100938,100,98727,100,101155,100,98698,100,101674,7,98115,100,,,97839,100
2019-06-28 12:55:52.850227504,99615,255,99610,255,99694,255,99435,100,99762,100,98983,355,99874,100,98918,100,99891,100,98900,100,100934,100,98889,100,100938,100,98881,100,101155,100,98727,100,101674,7,98698,100,,,98115,100
2019-06-28 12:56:00.000000000,99615,410,99610,276,99694,100,99435,100,99762,100,98983,200,99874,100,98918,100,99891,100,98900,100,100934,100,98889,100,100938,100,98881,100,101155,100,98727,100,101674,7,98698,100,,,98115,100
2019-06-28 12:56:05.780456646,99615,410,99610,176,99694,100,99435,100,99762,100,98983,200,99874,100,98918,100,99891,100,98900,100,100934,100,98889,100,100938,100,98881,100,101155,100,98727,100,101674,7,98698,100,,,98115,100
2019-06-28 12:56:06.889833955,99615,410,99610,76,99694,100,99435,100,99762,100,98983,200,99874,100,98918,100,99891,100,98900,100,100934,100,98889,100,100938,100,98881,100,101155,100,98727,100,101674,7,98698,100,,,98115,100
2019-06-28 12:56:10.000000000,99615,255,99435,255,99694,255,98983,355,99762,100,98918,100,99874,100,98900,100,99891,100,98889,100,100934,100,98881,100,100938,100,98727,100,101155,100,98698,100,101674,7,98115,100,,,97839,100
2019-06-28 12:56:18.007446211,99615,255,99435,255,99694,255,99395,100,99762,100,98983,355,99874,100,98918,100,99891,100,98900,100,100934,100,98889,100,100938,100,98881,100,101155,100,98727,100,101674,7,98698,100,,,98115,100
2019-06-28 12:56:20.000000000,99615,205,99435,205,99694,202,99395,202,99762,202,98983,302,99874,100,98918,100,99891,100,98900,100,100934,100,98889,100,100938,100,98881,100,101155,100,98727,100,101674,7,98698,100,,,98115,100
2019-06-28 12:56:30.000000000,99615,255,99435,255,99694,255,99395,255,99762,100,98983,200,99874,100,98918,100,99891,100,98900,100,100934,100,98889,100,100938,100,98881,100,101155,100,98727,100,101674,7,98698,100,,,98115,100
2019-06-28 12:56:38.851997352,99615,155,99435,255,99694,255,99395,255,99762,100,98983,200,99874,100,98918,100,99891,100,98900,100,100934,100,98889,100,100938,100,98881,100,101155,100,98727,100,101674,7,98698,100,,,98115,100
2019-06-28 12:56:40.000000000,99694,410,99435,410,99762,100,99395,100,99874,100,98983,200,99891,100,98918,100,100934,100,98900,100,100938,100,98889,100,101155,100,98881,100,101674,7,98727,100,,,98698,100,,,98115,100
2019-06-28 12:56:50.000000000,99694,178,99435,178,99762,178,99395,178,99874,178,98983,278,99891,178,98918,178,100934,100,98900,100,100938,100,98889,100,101155,100,98881,100,101674,7,98727,100,,,98698,100,,,98115,100
2019-06-28 12:56:50.872073788,99694,178,99435,178,99725,100,99395,178,99762,178,98983,278,99874,178,98918,178,99891,178,98900,100,100934,100,98889,100,100938,100,98881,100,101155,100,98727,100,101674,7,98698,100,,,98115,100
2019-06-28 12:57:00.000000000,99694,205,99435,71,99725,202,99395,202,99762,202,98983,302,99874,100,98918,100,99891,100,98900,100,100934,100,98889,100,100938,100,98881,100,101155,100,98727,100,101674,7,98698,100,,,98115,100
2019-06-28 12:57:08.322078788,99694,205,99435,71,99725,202,99395,202,99762,202,98983,302,99874,100,98918,100,99891,100,98900,100,99952,100,98889,100,100934,100,98881,100,100938,100,98727,100,101155,100,98698,100,101674,7,98115,100
2019-06-28 12:57:10.000000000,99694,205,99395,205,99725,202,98983,302,99762,202,98918,202,99874,100,98900,100,99891,100,98889,100,99952,100,98881,100,100934,100,98727,100,100938,100,98698,100,101155,100,98115,100,101674,7,97750,100
2019-06-28 12:57:17.300965574,99694,205,99395,205,99725,202,98983,202,99762,202,98918,202,99874,100,98900,100,99891,100,98889,100,99952,100,98881,100,100934,100,98727,100,100938,100,98698,100,101155,100,98115,100,101674,7,97750,100
2019-06-28 12:57:18.822112786,99694,205,99435,100,99725,202,99395,205,99762,202,98983,202,99874,100,98918,202,99891,100,98900,100,99952,100,98889,100,100934,100,98881,100,100938,100,98727,100,101155,100,98698,100,101674,7,98115,100
2019-06-28 12:57:20.000000000,99694,255,99435,255,99725,255,99395,255,99762,100,98983,100,99874,100,98918,100,99891,100,98900,100,99952,100,98889,100,100934,100,98881,100,100938,100,98727,100,101155,100,98698,100,101674,7,98115,100
2019-06-28 12:57:30.000000000,99694,410,99435,410,99725,100,99395,100,99762,100,98983,100,99874,100,98918,100,99891,100,98900,100,99952,100,98889,100,100934,100,98881,100,100938,100,98727,100,101155,100,98698,100,101674,7,98115,100
2019-06-28 12:57:40.000000000,99694,205,99435,205,99725,202,99395,202,99762,202,98983,202,99874,100,98918,100,99891,100,98900,100,99952,100,98889,100,100934,100,98881,100,100938,100,98727,100,101155,100,98698,100,101674,7,98115,100
2019-06-28 12:57:49.346658318,99694,205,99435,105,99725,202,99395,202,99762,202,98983,202,99874,100,98918,100,99891,100,98900,100,99952,100,98889,100,100934,100,98881,100,100938,100,98727,100,101155,100,98698,100,101674,7,98115,100
2019-06-28 12:57:50.000000000,99694,255,99395,255,99725,255,98983,255,99762,100,98918,100,99874,100,98900,100,99891,100,98889,100,99952,100,98881,100,100934,100,98727,100,100938,100,98698,100,101155,100,98115,100,101674,7,97750,100
2019-06-28 12:58:00.000000000,99694,205,99395,71,99725,202,98983,202,99762,202,98918,202,99874,100,98900,100,99891,100,98889,100,99952,100,98881,100,100934,100,98727,100,100938,100,98698,100,101155,100,98115,100,101674,7,97750,100
2019-06-28 12:58:00.059584134,99694,105,99395,71,99725,202,99140,100,99762,202,98983,202,99874,100,98918,202,99891,100,98900,100,99952,100,98889,100,100934,100,98881,100,100938,100,98727,100,101155,100,98698,100,101674,7,98115,100
2019-06-28 12:58:10.000000000,99725,410,99140,410,99762,100,98983,100,99874,100,98918,100,99891,100,98900,100,99952,100,98889,100,100934,100,98881,100,100938,100,98727,100,101155,100,98698,100,101674,7,98115,100,,,97750,100
2019-06-28 12:58:20.000000000,99725,255,99140,255,99762,255,98983,255,99874,100,98918,100,99891,100,98900,100,99952,100,98889,100,100934,100,98881,100,100938,100,98727,100,101155,100,98698,100,101674,7,98115,100,,,97750,100
2019-06-28 12:58:30.000000000,99725,162,99140,162,99762,162,98983,162,99874,162,98918,162,99891,162,98900,162,99952,162,98889,162,100934,100,98881,100,100938,100,98727,100,101155,100,98698,100,101674,7,98115,100,,,97750,100
2019-06-28 12:58:40.000000000,99725,178,99140,178,99762,178,98983,178,99874,178,98918,178,99891,178,98900,178,99952,100,98889,100,100934,100,98881,100,100938,100,98727,100,101155,100,98698,100,101674,7,98115,100,,,97750,100
2019-06-28 12:58:42.743432565,99725,178,99140,78,99762,178,98983,178,99874,178,98918,178,99891,178,98900,178,99952,100,98889,100,100934,100,98881,100,100938,100,98727,100,101155,100,98698,100,101674,7,98115,100,,,,
2019-06-28 12:58:50.000000000,99725,410,98983,410,99762,100,98918,100,99874,100,98900,100,99891,100,98889,100,99952,100,98881,100,100934,100,98727,100,100938,100,98698,100,101155,100,98115,100,101674,7,,,,,,
2019-06-28 12:59:00.000000000,99725,255,98983,121,99762,255,98918,255,99874,100,98900,100,99891,100,98889,100,99952,100,98881,100,100934,100,98727,100,100938,100,98698,100,101155,100,98115,100,101674,7,,,,,,
2019-06-28 12:59:10.000000000,99725,410,98918,410,99762,100,98900,100,99874,100,98889,100,99891,100,98881,100,99952,100,98727,100,100934,100,98698,100,100938,100,98115,100,101155,100,,,101674,7,,,,,,
2019-06-28 12:59:17.179516892,99725,410,98983,100,99762,100,98918,410,99874,100,98900,100,99891,100,98889,100,99952,100,98881,100,100934,100,98727,100,100938,100,98698,100,101155,100,98115,100,101674,7,,,,,,
2019-06-28 12:59:20.000000000,99725,410,98983,410,99762,100,98918,100,99874,100,98900,100,99891,100,98889,100,99952,100,98881,100,100934,100,98727,100,100938,100,98698,100,101155,100,98115,100,101674,7,,,,,,
2019-06-28 12:59:23.740733371,99332,100,98983,410,99725,410,98918,100,99762,100,98900,100,99874,100,98889,100,99891,100,98881,100,99952,100,98727,100,100934,100,98698,100,100938,100,98115,100,101155,100,,,101674,7,,
2019-06-28 12:59:30.000000000,99332,205,98983,205,99725,202,98918,202,99762,202,98900,202,99874,100,98889,100,99891,100,98881,100,99952,100,98727,100,100934,100,98698,100,100938,100,98115,100,101155,100,,,101674,7,,
2019-06-28 12:59:40.000000000,99332,255,98983,255,99725,255,98918,255,99762,100,98900,100,99874,100,98889,100,99891,100,98881,100,99952,100,98727,100,100934,100,98698,100,100938,100,98115,100,101155,100,,,101674,7,,
2019-06-28 12:59:42.754632712,99332,255,98983,355,99725,255,98918,255,99762,100,98900,100,99874,100,98889,100,99891,100,98881,100,99952,100,98727,100,100934,100,98698,100,100938,100,,,101155,100,,,101674,7,,
2019-06-28 12:59:50.000000000,99332,162,98983,262,99725,162,98918,162,99762,162,98900,162,99874,162,98889,162,99891,162,98881,162,99952,100,98727,100,100934,100,98698,100,100938,100,,,101155,100,,,101674,7,,
2019-06-28 13:00:00.000000000,99332,410,98983,376,99725,100,98918,100,99762,100,98900,100,99874,100,98889,100,99891,100,98881,100,99952,100,98727,100,100934,100,98698,100,100938,100,,,101155,100,,,101674,7,,
2019-06-28 13:00:10.000000000,99332,178,98983,144,99725,178,98918,178,99762,178,98900,178,99874,178,98889,178,99891,100,98881,100,99952,100,98727,100,100934,100,98698,100,100938,100,,,101155,100,,,101674,7,,
2019-06-28 13:00:14.277207652,99332,178,98983,144,99725,178,98918,178,99762,178,98900,178,99874,178,98889,178,99891,100,98881,100,99952,100,98753,100,100934,100,98727,100,100938,100,98698,100,101155,100,,,101674,7,,
2019-06-28 13:00:20.000000000,99332,205,98983,171,99725,202,98918,202,99762,202,98900,202,99874,100,98889,100,99891,100,98881,100,99952,100,98753,100,100934,100,98727,100,100938,100,98698,100,101155,100,,,101674,7,,
2019-06-28 13:00:30.000000000,99332,410,98983,376,99725,100,98918,100,99762,100,98900,100,99874,100,98889,100,99891,100,98881,100,99952,100,98753,100,100934,100,98727,100,100938,100,98698,100,101155,100,,,101674,7,,
2019-06-28 13:00:33.580770775,99332,410,98983,276,99725,100,98918,100,99762,100,98900,100,99874,100,98889,100,99891,100,98881,100,99952,100,98753,100,100934,100,98727,100,101155,100,98698,100,101674,7,,,,,,
2019-06-28 13:00:40.000000000,99332,205,98918,205,99725,202,98900,202,99762,202,98889,202,99874,100,98881,100,99891,100,98753,100,99952,100,98727,100,100934,100,98698,100,101155,100,,,101674,7,,,,,,
2019-06-28 13:00:50.000000000,99332,255,98918,255,99725,255,98900,255,99762,100,98889,100,99874,100,98881,100,99891,100,98753,100,99952,100,98727,100,100934,100,98698,100,101155,100,,,101674,7,,,,,,
2019-06-28 13:01:00.000000000,99332,178,98918,44,99725,178,98900,178,99762,178,98889,178,99874,178,98881,178,99891,100,98753,100,99952,100,98727,100,100934,100,98698,100,101155,100,,,101674,7,,,,,,
2019-06-28 13:01:10.000000000,99332,205,98900,205,99725,202,98889,202,99762,202,98881,202,99874,100,98753,100,99891,100,98727,100,99952,100,98698,100,100934,100,,,101155,100,,,101674,7,,,,,,
2019-06-28 13:01:20.000000000,99332,205,98900,205,99725,202,98889,202,99762,202,98881,202,99874,100,98753,100,99891,100,98727,100,99952,100,98698,100,100934,100,,,101155,100,,,101674,7,,,,,,
2019-06-28 13:01:24.427876754,99332,105,98900,205,99725,202,98889,202,99762,202,98881,202,99874,100,98753,100,99891,100,98727,100,99952,100,98698,100,100934,100,,,101155,100,,,101674,7,,,,,,
2019-06-28 13:01:30.000000000,99725,162,98900,162,99762,162,98889,162,99874,162,98881,162,99891,162,98753,162,99952,162,98727,162,100934,100,98698,100,101155,100,,,101674,7,,,,,,,,,,
2019-06-28 13:01:34.698896123,99725,162,99656,100,99762,162,98900,162,99874,162,98889,162,99891,162,98881,162,99952,162,98753,162,100934,100,98727,62,101155,100,98698,100,101674,7,,,,,,,,,,
2019-06-28 13:01:39.943952548,99725,162,99656,100,99762,162,99329,100,99874,162,98900,162,99891,162,98889,162,99952,162,98881,162,100934,100,98753,162,101155,100,98727,62,101674,7,98698,100,,,,,,,,
2019-06-28 13:01:40.000000000,99725,162,99656,162,99762,162,99329,162,99874,162,98900,162,99891,162,98889,162,99952,162,98881,162,100934,100,98753,100,101155,100,98698,100,101674,7,,,,,,,,,,
2019-06-28 13:01:42.698922790,99725,162,99656,62,99762,162,99329,62,99874,162,98900,162,99891,162,98889,162,99952,162,98881,162,100934,100,98753,100,101155,100,98698,100,101674,7,,,,,,,,,,
2019-06-28 13:01:43.002699543,99656,38,99329,62,99725,162,98900,162,99762,162,98889,162,99874,162,98881,162,99891,162,98753,100,99952,162,98698,100,100934,100,,,101155,100,,,101674,7,,,,,,
2019-06-28 13:01:50.000000000,99656,116,98900,178,99725,178,98889,178,99762,178,98881,178,99874,178,98753,178,99891,100,98698,100,99952,100,,,100934,100,,,101155,100,,,101674,7,,,,,,
2019-06-28 13:02:00.000000000,99656,100,98900,28,99725,162,98889,162,99762,162,98881,162,99874,162,98753,162,99891,162,98698,162,99952,100,,,100934,100,,,101155,100,,,101674,7,,,,,,
2019-06-28 13:02:02.220455783,99656,100,99312,100,99725,162,98900,28,99762,162,98889,162,99874,162,98881,162,99891,162,98753,162,99952,100,98698,162,100934,100,,,101155,100,,,101674,7,,,,,,
2019-06-28 13:02:10.000000000,99656,143,99312,205,99725,202,98889,202,99762,202,98881,202,99874,100,98753,100,99891,100,98698,100,99952,100,,,100934,100,,,101155,100,,,101674,7,,,,,,
2019-06-28 13:02:13.238426857,99656,143,99312,205,99725,202,98900,100,99762,202,98889,202,99874,100,98881,202,99891,100,98753,100,99952,100,98698,100,101155,100,,,101674,7,,,,,,,,,,
2019-06-28 13:02:20.000000000,99656,348,99312,410,99725,100,98900,100,99762,100,98889,100,99874,100,98881,100,99891,100,98753,100,99952,100,98698,100,101155,100,,,101674,7,,,,,,,,,,
2019-06-28 13:02:28.864796143,99513,100,99312,410,99656,348,98900,100,99725,100,98889,100,99762,100,98881,100,99874,100,98753,100,99891,100,98698,100,99952,100,,,101155,100,,,101674,7,,,,,,
2019-06-28 13:02:30.000000000,99513,178,99312,178,99656,116,98900,178,99725,178,98889,178,99762,178,98881,178,99874,100,98753,100,99891,100,98698,100,99952,100,,,101155,100,,,101674,7,,,,,,
2019-06-28 13:02:40.000000000,99513,255,99312,255,99656,193,98900,255,99725,100,98889,100,99762,100,98881,100,99874,100,98753,100,99891,100,98698,100,99952,100,,,101155,100,,,101674,7,,,,,,
2019-06-28 13:02:47.803065975,99513,255,99312,255,99656,193,98900,355,99725,100,98889,100,99762,100,98881,100,99874,100,98753,100,99891,100,98698,100,99952,100,,,101155,100,,,101674,7,,,,,,
2019-06-28 13:02:50.000000000,99513,162,99312,162,99656,100,98900,262,99725,162,98889,162,99762,162,98881,162,99874,162,98753,162,99891,100,98698,100,99952,100,,,101155,100,,,101674,7,,,,,,
2019-06-28 13:02:57.598024880,99513,162,99312,162,99656,100,99175,100,99725,162,98900,262,99762,162,98889,162,99874,162,98881,162,99891,100,98753,162,99952,100,98698,100,101155,100,,,101674,7,,,,,,
2019-06-28 13:03:00.000000000,99513,205,99312,71,99656,140,99175,202,99725,202,98900,302,99762,100,98889,100,99874,100,98881,100,99891,100,98753,100,99952,100,98698,100,101155,100,,,101674,7,,,,,,
2019-06-28 13:03:08.634187604,99513,205,99312,71,99656,140,99175,202,99696,100,98900,302,99725,202,98889,100,99762,100,98881,100,99874,100,98753,100,99891,100,98698,100,101155,100,,,101674,7,,,,,,
2019-06-28 13:03:10.000000000,99513,178,99175,178,99656,116,98900,278,99696,178,98889,178,99725,178,98881,178,99762,100,98753,100,99874,100,98698,100,99891,100,,,101155,100,,,101674,7,,,,,,
2019-06-28 13:03:20.000000000,99513,255,99175,255,99656,193,98900,355,99696,100,98889,100,99725,100,98881,100,99762,100,98753,100,99874,100,98698,100,99891,100,,,101155,100,,,101674,7,,,,,,
2019-06-28 13:03:30.000000000,99513,410,99175,410,99656,38,98900,200,99696,100,98889,100,99725,100,98881,100,99762,100,98753,100,99874,100,98698,100,99891,100,,,101155,100,,,101674,7,,,,,,
2019-06-28 13:03:34.604426356,99513,410,99175,410,99656,38,98953,100,99696,100,98900,200,99725,100,98889,100,99762,100,98881,100,99874,100,98753,100,99891,100,98698,100,101155,100,,,101674,7,,,,,,
2019-06-28 13:03:40.000000000,99513,410,99175,410,99656,38,98953,100,99696,100,98900,200,99725,100,98889,100,99762,100,98881,100,99874,100,98753,100,99891,100,98698,100,101155,100,,,101674,7,,,,,,
2019-06-28 13:03:50.000000000,99513,178,99175,178,99656,116,98953,178,99696,178,98900,278,99725,178,98889,178,99762,100,98881,100,99874,100,98753,100,99891,100,98698,100,101155,100,,,101674,7,,,,,,
2019-06-28 13:04:00.000000000,99513,410,99175,276,99656,38,98953,100,99696,100,98900,200,99725,100,98889,100,99762,100,98881,100,99874,100,98753,100,99891,100,98698,100,101155,100,,,101674,7,,,,,,
2019-06-28 13:04:05.122736728,99513,410,99175,276,99656,38,99160,100,99696,100,98953,100,99725,100,98900,200,99762,100,98889,100,99874,100,98881,100,99891,100,98753,100,101155,100,98698,100,101674,7,,,,,,
2019-06-28 13:04:07.969614814,99513,410,99175,176,99656,38,99160,100,99696,100,98953,100,99725,100,98900,200,99762,100,98889,100,99874,100,98881,100,99891,100,98753,100,101155,100,98698,100,101674,7,,,,,,
2019-06-28 13:04:09.632244514,99257,100,99175,176,99513,410,99160,100,99656,38,98953,100,99696,100,98900,200,99725,100,98889,100,99762,100,98881,100,99874,100,98753,100,99891,100,98698,100,101155,100,,,101674,7,,
2019-06-28 13:04:10.000000000,99257,162,99160,162,99513,162,98953,162,99656,100,98900,262,99696,162,98889,162,99725,162,98881,162,99762,100,98753,100,99874,100,98698,100,99891,100,,,101155,100,,,101674,7,,
2019-06-28 13:04:20.000000000,99257,178,99160,178,99513,178,98953,178,99656,116,98900,278,99696,178,98889,178,99725,100,98881,100,99762,100,98753,100,99874,100,98698,100,99891,100,,,101155,100,,,101674,7,,
2019-06-28 13:04:26.915031409,99175,100,99160,178,99257,178,98953,178,99513,178,98900,278,99656,116,98889,178,99696,178,98881,100,99725,100,98753,100,99762,100,98698,100,99874,100,,,99891,100,,,101155,100,,
2019-06-28 13:04:27.389305058,99175,100,99160,178,99257,178,98953,178,99513,178,98900,278,99656,78,98889,178,99696,178,98881,100,99725,100,98753,100,99762,100,98698,100,99874,100,,,99891,100,,,101155,100,,
2019-06-28 13:04:30.000000000,99175,162,99160,162,99257,162,98953,162,99513,162,98900,262,99696,162,98889,162,99725,162,98881,162,99762,100,98753,100,99874,100,98698,100,99891,100,,,101155,100,,,101674,7,,
2019-06-28 13:04:30.605874817,99175,162,99160,62,99257,162,98953,162,99513,162,98900,262,99696,162,98889,162,99725,162,98881,162,99762,100,98753,100,99874,100,98698,100,99891,100,,,101155,100,,,101674,7,,
2019-06-28 13:04:40.000000000,99175,255,98953,255,99257,255,98900,355,99513,100,98889,100,99696,100,98881,100,99725,100,98753,100,99762,100,98698,100,99874,100,,,99891,100,,,101155,100,,,101674,7,,
2019-06-28 13:04:49.291972656,99175,155,98953,255,99257,255,98900,355,99513,100,98889,100,99696,100,98881,100,99725,100,98753,100,99762,100,98698,100,99874,100,,,99891,100,,,101155,100,,,101674,7,,
2019-06-28 13:04:50.000000000,99257,205,98953,205,99513,202,98900,302,99696,202,98889,202,99725,100,98881,100,99762,100,98753,100,99874,100,98698,100,99891,100,,,101155,100,,,101674,7,,,,,,
2019-06-28 13:05:00.000000000,99257,410,98953,276,99513,100,98900,200,99696,100,98889,100,99725,100,98881,100,99762,100,98753,100,99874,100,98698,100,99891,100,,,101155,100,,,101674,7,,,,,,
2019-06-28 13:05:04.700914463,99257,410,98982,100,99696,100,98953,276,99725,100,98900,200,99762,100,98889,100,99874,100,98881,100,99891,100,98753,100,101155,100,98698,100,101674,7,,,,,,,,,,
2019-06-28 13:05:10.000000000,99257,162,98982,162,99696,162,98900,262,99725,162,98889,162,99762,162,98881,162,99874,162,98753,162,99891,100,98698,100,101155,100,,,101674,7,,,,,,,,,,
2019-06-28 13:05:10.139252231,99257,162,99197,100,99696,162,98982,162,99725,162,98900,262,99762,162,98889,162,99874,162,98881,162,99891,100,98753,162,101155,100,98698,100,101674,7,,,,,,,,,,
2019-06-28 13:05:11.561595735,99257,162,99197,100,99696,162,98982,162,99725,162,98961,100,99762,162,98900,262,99874,162,98889,162,99891,100,98881,162,101155,100,98753,162,101674,7,98698,100,,,,,,,,
2019-06-28 13:05:20.000000000,99257,410,99197,410,99696,100,98982,100,99725,100,98961,100,99762,100,98900,200,99874,100,98889,100,99891,100,98881,100,101155,100,98753,100,101674,7,98698,100,,,,,,,,
2019-06-28 13:05:30.000000000,99257,255,99197,255,99696,255,98982,255,99725,100,98961,100,99762,100,98900,200,99874,100,98889,100,99891,100,98881,100,101155,100,98753,100,101674,7,98698,100,,,,,,,,
2019-06-28 13:05:38.085825410,99257,255,99197,155,99696,255,98982,255,99725,100,98961,100,99762,100,98900,200,99874,100,98889,100,99891,100,98881,100,101155,100,98753,100,101674,7,98698,100,,,,,,,,
2019-06-28 13:05:40.000000000,99257,205,98982,205,99696,202,98961,202,99725,202,98900,302,99762,100,98889,100,99874,100,98881,100,99891,100,98753,100,101155,100,98698,100,101674,7,,,,,,,,,,
2019-06-28 13:05:50.000000000,99257,205,98982,205,99696,202,98961,202,99725,202,98900,302,99762,100,98889,100,99874,100,98881,100,99891,100,98753,100,101155,100,98698,100,101674,7,,,,,,,,,,
2019-06-28 13:05:58.934244832,99257,205,98982,105,99696,202,98961,202,99725,202,98900,302,99762,100,98889,100,99874,100,98881,100,101155,100,98753,100,101674,7,98698,100,,,,,,,,,,,,
2019-06-28 13:06:00.000000000,99257,178,98961,44,99696,178,98900,278,99725,178,98889,178,99762,178,98881,178,99874,100,98753,100,101155,100,98698,100,101674,7,,,,,,,,,,,,,,
2019-06-28 13:06:06.442611720,99086,100,98961,44,99257,178,98900,278,99696,178,98889,178,99725,178,98881,178,99762,178,98753,100,99874,100,98698,100,101155,100,,,101674,7,,,,,,,,,,
2019-06-28 13:06:10.000000000,99086,162,98900,262,99257,162,98889,162,99696,162,98881,162,99725,162,98753,162,99762,162,98698,162,99874,100,,,101155,100,,,101674,7,,,,,,,,,,
2019-06-28 13:06:11.607632894,98999,100,98900,262,99086,162,98889,162,99257,162,98881,162,99696,162,98753,162,99725,162,98698,162,99762,162,,,99874,100,,,101155,100,,,101674,7,,,,,,
2019-06-28 13:06:20.000000000,98999,178,98900,278,99086,178,98889,178,99257,178,98881,178,99696,178,98753,178,99725,100,98698,100,99762,100,,,99874,100,,,101155,100,,,101674,7,,,,,,
2019-06-28 13:06:30.000000000,98999,255,98900,355,99086,255,98889,255,99257,100,98881,100,99696,100,98753,100,99725,100,98698,100,99762,100,,,99874,100,,,101155,100,,,101674,7,,,,,,
2019-06-28 13:06:34.089956625,98999,255,98900,355,99086,255,98889,255,99257,100,98881,100,99326,100,98753,100,99696,100,98698,100,99725,100,,,99762,100,,,99874,100,,,101155,100,,,101674,7,,
2019-06-28 13:06:34.495084133,98999,255,98900,355,99086,255,98889,255,99237,100,98881,100,99257,100,98753,100,99326,100,98698,100,99696,100,,,99725,100,,,99762,100,,,99874,100,,,101155,100,,
2019-06-28 13:06:34.526461338,98999,155,98900,355,99086,255,98889,255,99237,100,98881,100,99257,100,98753,100,99326,100,98698,100,99696,100,,,99725,100,,,99762,100,,,99874,100,,,101155,100,,
2019-06-28 13:06:35.092648838,98999,155,98961,100,99086,255,98900,355,99237,100,98889,255,99257,100,98881,100,99326,100,98753,100,99696,100,98698,100,99725,100,,,99762,100,,,99874,100,,,101155,100,,
2019-06-28 13:06:40.000000000,99086,162,98961,162,99237,162,98900,262,99257,162,98889,162,99326,162,98881,162,99696,162,98753,162,99725,100,98698,100,99762,100,,,99874,100,,,101155,100,,,101674,7,,
2019-06-28 13:06:44.649036134,99086,62,98961,162,99237,162,98900,262,99257,162,98889,162,99326,162,98881,162,99696,162,98753,162,99725,100,98698,100,99762,100,,,99874,100,,,101155,100,,,101674,7,,
2019-06-28 13:06:50.000000000,99237,162,98961,162,99257,162,98900,262,99326,162,98889,162,99696,162,98881,162,99725,162,98753,162,99762,100,98698,100,99874,100,,,101155,100,,,101674,7,,,,,,
2019-06-28 13:07:00.000000000,99237,162,98961,28,99257,162,98900,262,99326,162,98889,162,99696,162,98881,162,99725,162,98753,162,99762,100,98698,100,99874,100,,,101155,100,,,101674,7,,,,,,
2019-06-28 13:07:10.000000000,99237,205,98900,305,99257,202,98889,202,99326,202,98881,202,99696,100,98753,100,99725,100,98698,100,99762,100,,,99874,100,,,101155,100,,,101674,7,,,,,,
2019-06-28 13:07:20.000000000,99237,255,98900,355,99257,255,98889,255,99326,100,98881,100,99696,100,98753,100,99725,100,98698,100,99762,100,,,99874,100,,,101155,100,,,101674,7,,,,,,
2019-06-28 13:07:26.725710468,99237,255,98972,100,99257,255,98900,355,99326,100,98889,255,99696,100,98753,100,99725,100,98698,100,99762,100,,,99874,100,,,101155,100,,,101674,7,,,,,,
2019-06-28 13:07:28.410090807,99237,255,98972,100,99257,255,98961,100,99326,100,98900,355,99696,100,98889,255,99725,100,98753,100,99762,100,98698,100,99874,100,,,101155,100,,,101674,7,,,,,,
2019-06-28 13:07:29.791901646,99188,100,98972,100,99237,255,98961,100,99257,255,98900,355,99326,100,98889,155,99696,100,98753,100,99725,100,98698,100,99762,100,,,99874,100,,,101155,100,,,101674,7,,
2019-06-28 13:07:30.000000000,99188,162,98972,162,99237,162,98961,162,99257,162,98900,262,99326,162,98753,162,99696,162,98698,162,99725,100,,,99762,100,,,99874,100,,,101155,100,,,101674,7,,
2019-06-28 13:07:31.374773949,99188,162,98972,162,99237,162,98961,162,99257,162,98942,100,99326,62,98900,262,99696,162,98753,162,99725,100,98698,162,99762,100,,,99874,100,,,101155,100,,,101674,7,,
2019-06-28 13:07:32.308428104,99188,162,98972,162,99237,162,98961,162,99250,100,98942,100,99257,162,98900,262,99326,62,98753,162,99696,162,98698,162,99725,100,,,99762,100,,,99874,100,,,101155,100,,
2019-06-28 13:07:40.000000000,99188,162,98972,162,99237,162,98961,162,99250,162,98942,162,99257,162,98900,262,99696,162,98753,162,99725,100,98698,100,99762,100,,,99874,100,,,101155,100,,,101674,7,,
2019-06-28 13:07:50.000000000,99188,410,98972,410,99237,100,98961,100,99250,100,98942,100,99257,100,98900,200,99696,100,98753,100,99725,100,98698,100,99762,100,,,99874,100,,,101155,100,,,101674,7,,
2019-06-28 13:08:00.000000000,99188,205,98972,71,99237,202,98961,202,99250,202,98942,202,99257,100,98900,200,99696,100,98753,100,99725,100,98698,100,99762,100,,,99874,100,,,101155,100,,,101674,7,,
2019-06-28 13:08:10.000000000,99188,205,98961,205,99237,202,98942,202,99250,202,98900,302,99257,100,98753,100,99696,100,98698,100,99725,100,,,99762,100,,,99874,100,,,101155,100,,,101674,7,,
2019-06-28 13:08:11.014914006,99188,205,98961,205,99237,202,98942,202,99250,202,98900,302,99257,100,98753,100,99671,100,98698,100,99696,100,,,99725,100,,,99762,100,,,99874,100,,,101155,100,,
2019-06-28 13:08:20.000000000,99188,205,98961,205,99237,202,98942,202,99250,202,98900,302,99257,100,98753,100,99671,100,98698,100,99696,100,,,99725,100,,,99762,100,,,99874,100,,,101155,100,,
2019-06-28 13:08:30.000000000,99188,410,98961,410,99237,100,98942,100,99250,100,98900,200,99257,100,98753,100,99671,100,98698,100,99696,100,,,99725,100,,,99762,100,,,99874,100,,,101155,100,,
2019-06-28 13:08:40.000000000,99188,410,98961,410,99237,100,98942,100,99250,100,98900,200,99257,100,98753,100,99671,100,98698,100,99696,100,,,99725,100,,,99762,100,,,99874,100,,,101155,100,,
2019-06-28 13:08:50.000000000,99188,255,98961,255,99237,255,98942,255,99250,100,98900,200,99257,100,98753,100,99671,100,98698,100,99696,100,,,99725,100,,,99762,100,,,99874,100,,,101155,100,,
2019-06-28 13:09:00.000000000,99188,178,98961,44,99237,178,98942,178,99250,178,98900,278,99257,178,98753,178,99671,100,98698,100,99696,100,,,99725,100,,,99762,100,,,99874,100,,,101155,100,,
2019-06-28 13:09:00.960796945,99188,178,98961,144,99237,178,98942,178,99250,178,98900,278,99257,178,98753,178,99671,100,98698,100,99696,100,,,99725,100,,,99762,100,,,99874,100,,,101155,100,,
2019-06-28 13:09:05.928420847,99188,78,98961,144,99237,178,98942,178,99250,178,98900,278,99257,178,98753,178,99671,100,98698,100,99696,100,,,99725,100,,,99874,100,,,101155,100,,,101674,7,,
2019-06-28 13:09:10.000000000,99237,205,98961,205,99250,202,98942,202,99257,202,98900,302,99671,100,98753,100,99696,100,98698,100,99725,100,,,99874,100,,,101155,100,,,101674,7,,,,,,
2019-06-28 13:09:10.401848503,99237,205,98961,205,99250,202,98942,202,99257,202,98900,302,99671,100,98753,100,99696,100,98698,100,99725,100,,,99791,100,,,99874,100,,,101155,100,,,101674,7,,
2019-06-28 13:09:20.000000000,99237,410,98961,410,99250,100,98942,100,99257,100,98900,200,99671,100,98753,100,99696,100,98698,100,99725,100,,,99791,100,,,99874,100,,,101155,100,,,101674,7,,
2019-06-28 13:09:30.000000000,99237,205,98961,205,99250,202,98942,202,99257,202,98900,302,99671,100,98753,100,99696,100,98698,100,99725,100,,,99791,100,,,99874,100,,,101155,100,,,101674,7,,
2019-06-28 13:09:35.397582821,99237,105,98961,205,99250,202,98942,202,99257,202,98900,302,99671,100,98753,100,99696,100,98698,100,99725,100,,,99791,100,,,99874,100,,,101155,100,,,101674,7,,
2019-06-28 13:09:40.000000000,99250,410,98961,410,99257,100,98942,100,99671,100,98900,200,99696,100,98753,100,99725,100,98698,100,99791,100,,,99874,100,,,101155,100,,,101674,7,,,,,,
2019-06-28 13:09:50.000000000,99250,410,98961,410,99257,100,98942,100,99671,100,98900,200,99696,100,98753,100,99725,100,98698,100,99791,100,,,99874,100,,,101155,100,,,101674,7,,,,,,
2019-06-28 13:10:00.000000000,99250,205,98961,71,99257,202,98942,202,99671,202,98900,302,99696,100,98753,100,99725,100,98698,100,99791,100,,,99874,100,,,101155,100,,,101674,7,,,,,,
2019-06-28 13:10:10.000000000,99250,162,98942,162,99257,162,98900,262,99671,162,98753,162,99696,162,98698,162,99725,162,98697,62,99791,100,,,99874,100,,,101155,100,,,101674,7,,,,,,
2019-06-28 13:10:20.000000000,99250,205,98942,205,99257,202,98900,302,99671,202,98753,202,99696,100,98698,100,99725,100,,,99791,100,,,99874,100,,,101155,100,,,101674,7,,,,,,
2019-06-28 13:10:24.826100311,99250,205,98942,205,99257,202,98900,302,99671,202,98753,202,99696,100,98698,100,99702,100,,,99725,100,,,99791,100,,,99874,100,,,101155,100,,,101674,7,,
2019-06-28 13:10:30.000000000,99250,205,98942,205,99257,202,98900,302,99671,202,98753,202,99696,100,98698,100,99702,100,,,99725,100,,,99791,100,,,99874,100,,,101155,100,,,101674,7,,
2019-06-28 13:10:34.337208211,99250,105,98942,205,99257,202,98900,302,99671,202,98753,202,99696,100,98698,100,99702,100,,,99725,100,,,99791,100,,,99874,100,,,101155,100,,,101674,7,,
2019-06-28 13:10:40.000000000,99257,205,98942,205,99671,202,98900,302,99696,202,98753,202,99702,100,98698,100,99725,100,,,99791,100,,,99874,100,,,101155,100,,,101674,7,,,,,,
2019-06-28 13:10:50.000000000,99257,205,98942,205,99671,202,98900,302,99696,202,98753,202,99702,100,98698,100,99725,100,,,99791,100,,,99874,100,,,101155,100,,,101674,7,,,,,,
2019-06-28 13:11:00.000000000,99257,410,98942,276,99671,100,98900,200,99696,100,98753,100,99702,100,98698,100,99725,100,,,99791,100,,,99874,100,,,101155,100,,,101674,7,,,,,,
2019-06-28 13:11:10.000000000,99257,255,98900,355,99671,255,98753,255,99696,100,98698,100,99702,100,,,99725,100,,,99791,100,,,99874,100,,,101155,100,,,101674,7,,,,,,
2019-06-28 13:11:15.135975357,99257,255,98900,355,99436,100,98753,255,99671,255,98698,100,99696,100,,,99702,100,,,99725,100,,,99791,100,,,99874,100,,,101155,100,,,101674,7,,
2019-06-28 13:11:20.000000000,99257,255,98900,355,99436,255,98753,255,99671,100,98698,100,99696,100,,,99702,100,,,99725,100,,,99791,100,,,99874,100,,,101155,100,,,101674,7,,
2019-06-28 13:11:30.000000000,99257,255,98900,355,99436,255,98753,255,99671,100,98698,100,99696,100,,,99702,100,,,99725,100,,,99791,100,,,99874,100,,,101155,100,,,101674,7,,
2019-06-28 13:11:33.669495375,99257,255,98900,255,99436,255,98753,255,99671,100,98698,100,99696,100,,,99702,100,,,99725,100,,,99791,100,,,99874,100,,,101155,100,,,101674,7,,
2019-06-28 13:11:38.691612060,99257,255,98900,155,99436,255,98753,255,99671,100,98698,100,99696,100,,,99702,100,,,99725,100,,,99791,100,,,99874,100,,,101155,100,,,101674,7,,
2019-06-28 13:11:40.000000000,99257,162,98753,162,99436,162,98698,162,99671,162,98697,62,99696,162,,,99702,162,,,99725,100,,,99791,100,,,99874,100,,,101155,100,,,101674,7,,
2019-06-28 13:11:50.000000000,99257,255,98753,255,99436,255,98698,255,99671,100,,,99696,100,,,99702,100,,,99725,100,,,99791,100,,,99874,100,,,101155,100,,,101674,7,,
2019-06-28 13:12:00.000000000,99257,162,98753,28,99436,162,98698,162,99671,162,98697,62,99696,162,,,99702,162,,,99725,100,,,99791,100,,,99874,100,,,101155,100,,,101674,7,,
2019-06-28 13:12:01.743617258,99257,162,98753,28,99436,162,98698,162,99610,100,98697,62,99671,162,,,99696,162,,,99702,162,,,99725,100,,,99791,100,,,99874,100,,,101155,100,,
2019-06-28 13:12:05.828657041,99257,162,98753,28,99436,162,98698,62,99598,100,98697,62,99610,100,,,99671,162,,,99696,162,,,99702,162,,,99725,100,,,99791,100,,,99874,100,,
2019-06-28 13:12:10.000000000,99257,100,,,99436,100,,,99598,100,,,99610,100,,,99671,100,,,99696,100,,,99702,100,,,99725,100,,,99791,100,,,99874,100,,
2019-06-28 13:12:29.953232430,99257,100,99158,100,99436,100,,,99598,100,,,99610,100,,,99671,100,,,99696,100,,,99702,100,,,99725,100,,,99791,100,,,99874,100,,
2019-06-28 13:12:30.000000000,99257,410,99158,410,99436,100,,,99598,100,,,99610,100,,,99671,100,,,99696,100,,,99702,100,,,99725,100,,,99791,100,,,99874,100,,
2019-06-28 13:12:32.541564547,99257,410,99158,310,99436,100,,,99474,100,,,99598,100,,,99610,100,,,99671,100,,,99696,100,,,99702,100,,,99725,100,,,99791,100,,
2019-06-28 13:12:40.000000000,99257,100,,,99436,100,,,99474,100,,,99598,100,,,99610,100,,,99671,100,,,99696,100,,,99702,100,,,99725,100,,,99791,100,,
2019-06-28 13:12:45.310309248,99257,100,,,99400,100,,,99436,100,,,99474,100,,,99598,100,,,99610,100,,,99671,100,,,99696,100,,,99702,100,,,99725,100,,
2019-06-28 13:13:05.075277952,99436,100,,,99474,100,,,99598,100,,,99610,100,,,99671,100,,,99696,100,,,99702,100,,,99725,100,,,99791,100,,,99874,100,,
2019-06-28 13:13:43.761824242,99436,100,,,99449,100,,,99474,100,,,99598,100,,,99610,100,,,99671,100,,,99696,100,,,99702,100,,,99725,100,,,99791,100,,
2019-06-28 13:14:15.932969792,99449,100,,,99474,100,,,99598,100,,,99610,100,,,99671,100,,,99696,100,,,99702,100,,,99725,100,,,99791,100,,,99874,100,,
2019-06-28 13:14:46.151887839,99449,100,99436,100,99474,100,,,99598,100,,,99610,100,,,99671,100,,,99696,100,,,99702,100,,,99725,100,,,99791,100,,,99874,100,,
2019-06-28 13:14:48.432504663,99449,100,99436,100,99474,100,99311,100,99598,100,,,99610,100,,,99671,100,,,99696,100,,,99702,100,,,99725,100,,,99791,100,,,99874,100,,
2019-06-28 13:14:49.184782696,99449,100,99311,100,99474,100,,,99519,100,,,99598,100,,,99610,100,,,99671,100,,,99696,100,,,99702,100,,,99725,100,,,99791,100,,
2019-06-28 13:14:50.000000000,99449,162,99311,162,99474,162,99310,62,99519,162,,,99598,162,,,99610,162,,,99671,100,,,99696,100,,,99702,100,,,99725,100,,,99791,100,,
2019-06-28 13:14:55.319425897,99449,162,99311,162,99474,162,99310,62,99519,162,99257,100,99598,162,,,99610,162,,,99671,100,,,99696,100,,,99702,100,,,99725,100,,,99791,100,,
2019-06-28 13:15:00.000000000,99449,205,99311,71,99474,202,99257,202,99519,202,99256,102,99598,100,,,99610,100,,,99671,100,,,99696,100,,,99702,100,,,99725,100,,,99791,100,,
2019-06-28 13:15:10.000000000,99449,255,99257,255,99474,255,99256,155,99519,100,,,99598,100,,,99610,100,,,99671,100,,,99696,100,,,99702,100,,,99725,100,,,99791,100,,
2019-06-28 13:15:12.357677030,99311,100,99257,255,99449,255,99256,155,99474,255,,,99519,100,,,99598,100,,,99610,100,,,99671,100,,,99696,100,,,99702,100,,,99725,100,,
2019-06-28 13:15:20.000000000,99311,205,99257,205,99449,202,99256,102,99474,202,,,99519,100,,,99598,100,,,99610,100,,,99671,100,,,99696,100,,,99702,100,,,99725,100,,
2019-06-28 13:15:30.000000000,99311,205,99257,205,99449,202,99256,102,99474,202,,,99519,100,,,99598,100,,,99610,100,,,99671,100,,,99696,100,,,99702,100,,,99725,100,,
2019-06-28 13:15:37.330444881,99311,105,99257,205,99449,202,99256,102,99474,202,,,99519,100,,,99598,100,,,99610,100,,,99671,100,,,99696,100,,,99702,100,,,99725,100,,
2019-06-28 13:15:40.000000000,99449,162,99257,162,99474,162,99256,62,99519,162,,,99598,162,,,99610,162,,,99671,100,,,99696,100,,,99702,100,,,99725,100,,,99791,100,,
2019-06-28 13:15:50.000000000,99449,162,99257,162,99474,162,99256,62,99519,162,,,99598,162,,,99610,162,,,99671,100,,,99696,100,,,99702,100,,,99725,100,,,99791,100,,
2019-06-28 13:15:56.952276962,99449,162,99311,100,99474,162,99257,162,99519,162,99256,62,99598,162,,,99610,162,,,99671,100,,,99696,100,,,99702,100,,,99725,100,,,99791,100,,
2019-06-28 13:16:00.000000000,99449,162,99311,28,99474,162,99257,162,99519,162,99256,62,99598,162,,,99610,162,,,99671,100,,,99696,100,,,99702,100,,,99725,100,,,99791,100,,
2019-06-28 13:16:01.579268591,99449,62,99311,28,99474,62,99257,162,99519,162,99256,62,99598,162,,,99610,162,,,99671,100,,,99696,100,,,99702,100,,,99725,100,,,99791,100,,
2019-06-28 13:16:10.000000000,99519,255,99257,255,99598,255,99256,155,99610,100,,,99671,100,,,99696,100,,,99702,100,,,99725,100,,,99791,100,,,99874,100,,,101674,7,,
2019-06-28 13:16:12.032362197,99519,255,99331,100,99598,255,99257,255,99610,100,99256,155,99671,100,,,99696,100,,,99702,100,,,99725,100,,,99791,100,,,99874,100,,,101674,7,,
2019-06-28 13:16:20.000000000,99519,205,99331,205,99598,202,99257,202,99610,202,99256,102,99671,100,,,99696,100,,,99702,100,,,99725,100,,,99791,100,,,99874,100,,,101674,7,,
2019-06-28 13:16:30.000000000,99519,255,99331,255,99598,255,99257,255,99610,100,,,99671,100,,,99696,100,,,99702,100,,,99725,100,,,99791,100,,,99874,100,,,101674,7,,
2019-06-28 13:16:31.142034142,99519,255,99453,100,99598,155,99331,255,99610,100,99257,255,99671,100,,,99696,100,,,99702,100,,,99725,100,,,99791,100,,,99874,100,,,101674,7,,
2019-06-28 13:16:32.867406176,99519,255,99453,100,99598,155,99331,255,99610,100,99257,255,99628,100,,,99671,100,,,99696,100,,,99702,100,,,99725,100,,,99791,100,,,99874,100,,
2019-06-28 13:16:33.305049688,99519,255,99453,100,99598,155,99331,255,99610,100,99311,100,99628,100,99257,255,99671,100,,,99696,100,,,99702,100,,,99725,100,,,99791,100,,,99874,100,,
2019-06-28 13:16:40.000000000,99519,162,99453,162,99610,162,99331,162,99628,162,99311,162,99671,162,99257,162,99696,162,99256,62,99702,100,,,99725,100,,,99791,100,,,99874,100,,,101674,7,,
2019-06-28 13:16:50.000000000,99519,178,99453,178,99610,178,99331,178,99628,178,99311,178,99671,178,99257,178,99696,100,,,99702,100,,,99725,100,,,99791,100,,,99874,100,,,101674,7,,
2019-06-28 13:16:56.849553488,99519,178,99453,78,99610,178,99331,178,99628,178,99311,178,99671,178,99257,178,99696,100,,,99702,100,,,99725,100,,,99791,100,,,99874,100,,,101674,7,,
2019-06-28 13:17:00.000000000,99519,178,99331,44,99610,178,99311,178,99628,178,99257,178,99671,178,99256,78,99696,100,,,99702,100,,,99725,100,,,99791,100,,,99874,100,,,101674,7,,
2019-06-28 13:17:10.000000000,99519,178,99311,178,99610,178,99257,178,99628,178,99256,78,99671,178,,,99696,100,,,99702,100,,,99725,100,,,99791,100,,,99874,100,,,101674,7,,
2019-06-28 13:17:20.000000000,99519,162,99311,162,99610,162,99257,162,99628,162,99256,62,99671,162,,,99696,162,,,99702,100,,,99725,100,,,99791,100,,,99874,100,,,101674,7,,
2019-06-28 13:17:25.064745308,99519,62,99311,162,99610,162,99257,162,99628,162,99256,62,99671,162,,,99696,162,,,99702,100,,,99725,100,,,99791,100,,,99874,100,,,101674,7,,
2019-06-28 13:17:28.773604983,99610,162,99519,38,99628,162,99311,162,99671,162,99257,162,99696,162,99256,62,99702,100,,,99725,100,,,99791,100,,,99874,100,,,101674,7,,,,,,
2019-06-28 13:17:30.000000000,99610,410,99519,348,99628,100,99311,100,99671,100,99257,100,99696,100,,,99702,100,,,99725,100,,,99791,100,,,99874,100,,,101674,7,,,,,,
2019-06-28 13:17:36.458179652,99610,410,99519,348,99628,100,99311,100,99671,100,99257,100,99696,100,,,99702,100,,,99725,100,,,99791,100,,,99874,100,,,100103,100,,,101674,7,,
2019-06-28 13:17:40.000000000,99610,255,99519,193,99628,255,99311,255,99671,100,99257,100,99696,100,,,99702,100,,,99725,100,,,99791,100,,,99874,100,,,100103,100,,,101674,7,,
2019-06-28 13:17:47.613569037,99610,255,99519,193,99628,255,99311,255,99671,100,99257,100,99696,100,,,99702,100,,,99725,100,,,99791,100,,,99874,100,,,100103,100,,,100125,100,,
2019-06-28 13:17:50.000000000,99610,205,99519,143,99628,202,99311,202,99671,202,99257,202,99696,100,,,99702,100,,,99725,100,,,99791,100,,,99874,100,,,100103,100,,,100125,100,,
2019-06-28 13:18:00.000000000,99610,255,99519,59,99628,255,99311,255,99671,100,99257,100,99696,100,,,99702,100,,,99725,100,,,99791,100,,,99874,100,,,100103,100,,,100125,100,,
2019-06-28 13:18:01.801419182,99610,155,99519,59,99628,255,99311,255,99671,100,99257,100,99696,100,,,99702,100,,,99725,100,,,99791,100,,,99874,100,,,100103,100,,,100125,100,,
2019-06-28 13:18:10.000000000,99628,255,99311,255,99671,255,99257,255,99696,100,,,99702,100,,,99725,100,,,99791,100,,,99874,100,,,100103,100,,,100125,100,,,101674,7,,
2019-06-28 13:18:20.000000000,99628,255,99311,255,99671,255,99257,255,99696,100,,,99702,100,,,99725,100,,,99791,100,,,99874,100,,,100103,100,,,100125,100,,,101674,7,,
2019-06-28 13:18:30.000000000,99628,410,99311,410,99671,100,99257,100,99696,100,,,99702,100,,,99725,100,,,99791,100,,,99874,100,,,100103,100,,,100125,100,,,101674,7,,
2019-06-28 13:18:35.934999103,99628,410,99311,410,99671,100,99257,100,99696,100,,,99702,100,,,99725,100,,,99791,100,,,99874,100,,,100103,100,,,100125,100,,,100195,100,,
2019-06-28 13:18:40.000000000,99628,178,99311,178,99671,178,99257,178,99696,178,99256,78,99702,178,,,99725,100,,,99791,100,,,99874,100,,,100103,100,,,100125,100,,,100195,100,,
2019-06-28 13:18:50.000000000,99628,410,99311,410,99671,100,99257,100,99696,100,,,99702,100,,,99725,100,,,99791,100,,,99874,100,,,100103,100,,,100125,100,,,100195,100,,
2019-06-28 13:19:00.000000000,99628,162,99311,28,99671,162,99257,162,99696,162,99256,62,99702,162,,,99725,162,,,99791,100,,,99874,100,,,100103,100,,,100125,100,,,100195,100,,
2019-06-28 13:19:01.448403564,99628,162,99311,28,99671,162,99257,162,99696,162,99256,62,99702,162,,,99725,162,,,99791,100,,,99874,100,,,100103,100,,,100125,100,,,100195,100,,
2019-06-28 13:19:10.000000000,99628,255,99257,255,99671,255,99256,155,99696,100,,,99702,100,,,99725,100,,,99791,100,,,99874,100,,,100103,100,,,100125,100,,,100195,100,,
2019-06-28 13:19:19.250373874,99628,155,99257,255,99671,255,99256,155,99696,100,,,99702,100,,,99725,100,,,99791,100,,,99874,100,,,100103,100,,,100125,100,,,100195,100,,
2019-06-28 13:19:20.000000000,99671,162,99257,162,99696,162,99256,62,99702,162,,,99725,162,,,99791,162,,,99874,100,,,100103,100,,,100125,100,,,100195,100,,,100618,100,,
2019-06-28 13:19:30.000000000,99671,410,99257,410,99696,100,,,99702,100,,,99725,100,,,99791,100,,,99874,100,,,100103,100,,,100125,100,,,100195,100,,,100618,100,,
2019-06-28 13:19:34.441639540,99671,410,99257,410,99696,100,,,99702,100,,,99725,100,,,99791,100,,,99874,100,,,100103,100,,,100125,100,,,100195,100,,,100487,100,,
2019-06-28 13:19:35.395891771,99671,410,99311,100,99696,100,99257,410,99702,100,,,99725,100,,,99791,100,,,99874,100,,,100103,100,,,100125,100,,,100195,100,,,100487,100,,
2019-06-28 13:19:40.000000000,99671,178,99311,178,99696,178,99257,178,99702,178,99256,78,99725,178,,,99791,100,,,99874,100,,,100103,100,,,100125,100,,,100195,100,,,100487,100,,
2019-06-28 13:19:50.000000000,99671,255,99311,255,99696,255,99257,255,99702,100,,,99725,100,,,99791,100,,,99874,100,,,100103,100,,,100125,100,,,100195,100,,,100487,100,,
2019-06-28 13:19:53.397181281,99671,255,99311,255,99696,255,99257,255,99702,100,,,99725,100,,,99791,100,,,99874,100,,,100103,100,,,100125,100,,,100195,100,,,100487,100,,
2019-06-28 13:20:00.000000000,99671,410,99311,276,99696,100,99257,100,99702,100,,,99725,100,,,99791,100,,,99874,100,,,100103,100,,,100125,100,,,100195,100,,,100487,100,,
2019-06-28 13:20:03.250815855,99671,310,99311,276,99696,100,99257,100,99702,100,,,99725,100,,,99791,100,,,99874,100,,,100103,100,,,100125,100,,,100195,100,,,100487,100,,
2019-06-28 13:20:10.000000000,99696,410,99257,410,99702,100,,,99725,100,,,99791,100,,,99874,100,,,100103,100,,,100125,100,,,100195,100,,,100487,100,,,100618,100,,
2019-06-28 13:20:20.000000000,99696,205,99257,205,99702,202,99256,102,99725,202,,,99791,100,,,99874,100,,,100103,100,,,100125,100,,,100195,100,,,100487,100,,,100618,100,,
2019-06-28 13:20:29.473693525,99696,205,99257,205,99702,202,99256,102,99725,202,,,99791,100,,,99874,100,,,100125,100,,,100195,100,,,100487,100,,,100618,100,,,100836,100,,
2019-06-28 13:20:30.000000000,99696,410,99257,410,99702,100,,,99725,100,,,99791,100,,,99874,100,,,100125,100,,,100195,100,,,100487,100,,,100618,100,,,100836,100,,
2019-06-28 13:20:40.000000000,99696,205,99257,205,99702,202,99256,102,99725,202,,,99791,100,,,99874,100,,,100125,100,,,100195,100,,,100487,100,,,100618,100,,,100836,100,,
2019-06-28 13:20:47.132542447,99696,205,99257,205,99702,202,99256,102,99725,202,,,99791,100,,,99874,100,,,100125,100,,,100195,100,,,100487,100,,,100564,100,,,100618,100,,
2019-06-28 13:20:50.000000000,99696,255,99257,255,99702,255,99256,155,99725,100,,,99791,100,,,99874,100,,,100125,100,,,100195,100,,,100487,100,,,100564,100,,,100618,100,,
2019-06-28 13:21:00.000000000,99696,255,99257,121,99702,255,99256,155,99725,100,,,99791,100,,,99874,100,,,100125,100,,,100195,100,,,100487,100,,,100564,100,,,100618,100,,
2019-06-28 13:21:10.000000000,99696,100,,,99702,100,,,99725,100,,,99791,100,,,99874,100,,,100125,100,,,100195,100,,,100487,100,,,100564,100,,,100618,100,,
2019-06-28 13:21:16.327331234,99702,100,,,99725,100,,,99791,100,,,99874,100,,,100125,100,,,100195,100,,,100487,100,,,100564,100,,,100618,100,,,100836,100,,
2019-06-28 13:21:20.421584140,99702,100,99257,100,99725,100,,,99791,100,,,99874,100,,,100125,100,,,100195,100,,,100487,100,,,100564,100,,,100618,100,,,100836,100,,
2019-06-28 13:21:25.837206086,99725,100,99257,100,99791,100,,,99874,100,,,100125,100,,,100195,100,,,100487,100,,,100564,100,,,100618,100,,,100836,100,,,101009,100,,
2019-06-28 13:21:30.000000000,99725,162,99257,162,99791,162,99256,62,99874,162,,,100125,162,,,100195,162,,,100487,100,,,100564,100,,,100618,100,,,100836,100,,,101009,100,,
2019-06-28 13:21:37.588220324,99725,62,99257,162,99791,162,99256,62,99874,162,,,100125,162,,,100195,162,,,100487,100,,,100564,100,,,100618,100,,,100836,100,,,101009,100,,
2019-06-28 13:21:40.000000000,99791,178,99257,178,99874,178,99256,78,100125,178,,,100195,178,,,100487,100,,,100564,100,,,100618,100,,,100836,100,,,101009,100,,,101674,7,,
2019-06-28 13:21:40.859472318,99791,178,99257,178,99874,178,99256,78,100125,178,,,100195,178,,,100480,100,,,100487,100,,,100564,100,,,100618,100,,,100836,100,,,101009,100,,
2019-06-28 13:21:50.000000000,99791,178,99257,178,99874,178,99256,78,100125,178,,,100195,178,,,100480,100,,,100487,100,,,100564,100,,,100618,100,,,100836,100,,,101009,100,,
2019-06-28 13:21:53.275485389,99791,178,99702,100,99874,178,99257,178,100125,178,99256,78,100195,178,,,100480,100,,,100487,100,,,100564,100,,,100618,100,,,100836,100,,,101009,100,,
2019-06-28 13:21:55.573266145,99791,178,99702,100,99874,178,99257,178,100125,178,99256,78,100195,178,,,100480,100,,,100487,100,,,100564,100,,,100618,100,,,100836,100,,,100850,100,,
2019-06-28 13:22:00.000000000,99791,162,99702,28,99874,162,99257,162,100125,162,99256,62,100195,162,,,100480,162,,,100487,100,,,100564,100,,,100618,100,,,100836,100,,,100850,100,,
2019-06-28 13:22:10.000000000,99791,410,99257,410,99874,100,,,100125,100,,,100195,100,,,100480,100,,,100487,100,,,100564,100,,,100618,100,,,100836,100,,,100850,100,,
2019-06-28 13:22:17.109455189,99791,310,99257,410,99874,100,,,100125,100,,,100195,100,,,100480,100,,,100487,100,,,100564,100,,,100618,100,,,100836,100,,,100850,100,,
2019-06-28 13:22:20.000000000,99874,162,99257,162,100125,162,99256,62,100195,162,,,100480,162,,,100487,162,,,100564,100,,,100618,100,,,100836,100,,,100850,100,,,101009,100,,
2019-06-28 13:22:21.616562856,99874,162,99702,100,100125,162,99257,162,100195,162,99256,62,100480,162,,,100487,162,,,100564,100,,,100618,100,,,100836,100,,,100850,100,,,101009,100,,
2019-06-28 13:22:30.000000000,99874,162,99702,162,100125,162,99257,162,100195,162,99256,62,100480,162,,,100487,162,,,100564,100,,,100618,100,,,100836,100,,,100850,100,,,101009,100,,
2019-06-28 13:22:37.677494949,99874,162,99702,162,100125,162,99257,162,100195,162,99256,62,100480,162,,,100487,162,,,100564,100,,,100836,100,,,100850,100,,,100905,100,,,101009,100,,
2019-06-28 13:22:40.000000000,99874,205,99702,205,100125,202,99257,202,100195,202,99256,102,100480,100,,,100487,100,,,100564,100,,,100836,100,,,100850,100,,,100905,100,,,101009,100,,
2019-06-28 13:22:45.484583513,99874,205,99702,305,100125,202,99257,202,100195,202,99256,102,100480,100,,,100487,100,,,100564,100,,,100836,100,,,100850,100,,,100905,100,,,101009,100,,
2019-06-28 13:22:50.000000000,99874,255,99702,355,100125,255,99257,255,100195,100,,,100480,100,,,100487,100,,,100564,100,,,100836,100,,,100850,100,,,100905,100,,,101009,100,,
2019-06-28 13:23:00.000000000,99874,410,99702,376,100125,100,99257,100,100195,100,,,100480,100,,,100487,100,,,100564,100,,,100836,100,,,100850,100,,,100905,100,,,101009,100,,
2019-06-28 13:23:08.064448164,99874,410,99702,376,100125,100,99257,100,100195,100,,,100439,100,,,100480,100,,,100487,100,,,100564,100,,,100836,100,,,100850,100,,,100905,100,,
2019-06-28 13:23:10.000000000,99874,162,99702,128,100125,162,99257,162,100195,162,99256,62,100439,162,,,100480,162,,,100487,100,,,100564,100,,,100836,100,,,100850,100,,,100905,100,,
2019-06-28 13:23:11.265385909,99874,162,99702,128,100125,162,99257,162,100195,162,99256,62,100439,162,,,100480,162,,,100487,100,,,100564,100,,,100650,100,,,100836,100,,,100850,100,,
2019-06-28 13:23:15.030308785,99874,62,99702,128,100125,162,99257,162,100195,162,99256,62,100439,162,,,100480,162,,,100487,100,,,100564,100,,,100650,100,,,100836,100,,,100850,100,,
2019-06-28 13:23:20.000000000,100125,205,99702,171,100195,202,99257,202,100439,202,99256,102,100480,100,,,100487,100,,,100564,100,,,100650,100,,,100836,100,,,100850,100,,,100905,100,,
2019-06-28 13:23:30.000000000,100125,255,99702,221,100195,255,99257,255,100439,100,,,100480,100,,,100487,100,,,100564,100,,,100650,100,,,100836,100,,,100850,100,,,100905,100,,
2019-06-28 13:23:40.000000000,100125,178,99702,144,100195,178,99257,178,100439,178,99256,78,100480,178,,,100487,100,,,100564,100,,,100650,100,,,100836,100,,,100850,100,,,100905,100,,
2019-06-28 13:23:40.555740047,100125,178,99989,100,100195,178,99702,144,100439,178,99257,178,100480,178,99256,78,100487,100,,,100564,100,,,100650,100,,,100836,100,,,100850,100,,,100905,100,,
2019-06-28 13:23:49.022541009,100125,178,100031,100,100195,178,99989,100,100439,178,99702,144,100480,178,99257,178,100487,100,99256,78,100564,100,,,100650,100,,,100836,100,,,100850,100,,,100905,100,,
2019-06-28 13:23:50.000000000,100125,178,100031,178,100195,178,99989,178,100439,178,99702,144,100480,178,99257,178,100487,100,,,100564,100,,,100650,100,,,100836,100,,,100850,100,,,100905,100,,
2019-06-28 13:24:00.000000000,100125,178,100031,44,100195,178,99989,178,100439,178,99702,144,100480,178,99257,178,100487,100,,,100564,100,,,100650,100,,,100836,100,,,100850,100,,,100905,100,,
2019-06-28 13:24:10.000000000,100125,410,99989,410,100195,100,99702,66,100439,100,99257,100,100480,100,,,100487,100,,,100564,100,,,100650,100,,,100836,100,,,100850,100,,,100905,100,,
2019-06-28 13:24:20.000000000,100125,162,99989,162,100195,162,99702,128,100439,162,99257,162,100480,162,99256,62,100487,162,,,100564,100,,,100650,100,,,100836,100,,,100850,100,,,100905,100,,
2019-06-28 13:24:30.000000000,100125,255,99989,255,100195,255,99702,221,100439,100,99257,100,100480,100,,,100487,100,,,100564,100,,,100650,100,,,100836,100,,,100850,100,,,100905,100,,
2019-06-28 13:24:40.000000000,100125,255,99989,255,100195,255,99702,221,100439,100,99257,100,100480,100,,,100487,100,,,100564,100,,,100650,100,,,100836,100,,,100850,100,,,100905,100,,
2019-06-28 13:24:50.000000000,100125,205,99989,205,100195,202,99702,168,100439,202,99257,202,100480,100,,,100487,100,,,100564,100,,,100650,100,,,100836,100,,,100850,100,,,100905,100,,
2019-06-28 13:25:00.000000000,100125,291,99989,395,100195,100,99702,66,100439,100,99257,100,100480,100,,,100487,100,,,100564,100,,,100650,100,,,100836,100,,,100850,100,,,100905,100,,
2019-06-28 13:25:10.000000000,100195,178,99989,163,100439,178,99702,144,100480,178,99257,178,100487,178,99256,78,100564,100,,,100650,100,,,100836,100,,,100850,100,,,100905,100,,,101009,100,,
2019-06-28 13:25:12.150304463,100195,178,99989,163,100439,178,99702,78,100480,178,99257,178,100487,178,99256,78,100564,100,,,100650,100,,,100836,100,,,100850,100,,,100905,100,,,101009,100,,
2019-06-28 13:25:19.896973944,100195,178,99989,63,100439,178,99702,78,100480,178,99257,178,100487,178,99256,78,100564,100,,,100650,100,,,100836,100,,,100850,100,,,100905,100,,,101009,100,,
2019-06-28 13:25:20.000000000,100195,162,99257,162,100439,162,99256,62,100480,162,,,100487,162,,,100564,162,,,100650,100,,,100836,100,,,100850,100,,,100905,100,,,101009,100,,
2019-06-28 13:25:30.000000000,100195,255,99257,255,100439,255,99256,155,100480,100,,,100487,100,,,100564,100,,,100650,100,,,100836,100,,,100850,100,,,100905,100,,,101009,100,,
2019-06-28 13:25:34.534750337,99989,100,99257,255,100195,255,99256,155,100439,255,,,100480,100,,,100487,100,,,100564,100,,,100650,100,,,100836,100,,,100850,100,,,100905,100,,
2019-06-28 13:25:39.787555150,100195,255,99257,255,100439,255,99256,155,100480,100,,,100487,100,,,100564,100,,,100650,100,,,100836,100,,,100850,100,,,100905,100,,,101009,100,,
2019-06-28 13:25:40.000000000,100195,255,99257,255,100439,255,99256,155,100480,100,,,100487,100,,,100564,100,,,100650,100,,,100836,100,,,100850,100,,,100905,100,,,101009,100,,
2019-06-28 13:25:50.000000000,100195,178,99257,178,100439,178,99256,78,100480,178,,,100487,178,,,100564,100,,,100650,100,,,100836,100,,,100850,100,,,100905,100,,,101009,100,,
2019-06-28 13:25:53.601381265,100195,178,99989,100,100439,178,99257,178,100480,178,99256,78,100487,178,,,100564,100,,,100650,100,,,100836,100,,,100850,100,,,100905,100,,,101009,100,,
2019-06-28 13:25:57.148862238,100195,178,100037,100,100439,178,99989,100,100480,178,99257,178,100487,178,99256,78,100564,100,,,100650,100,,,100836,100,,,100850,100,,,100905,100,,,101009,100,,
2019-06-28 13:26:00.000000000,100195,44,100037,178,100439,178,99989,178,100480,178,99257,178,100487,178,99256,78,100564,100,,,100650,100,,,100836,100,,,100850,100,,,100905,100,,,101009,100,,
2019-06-28 13:26:10.000000000,100439,255,100037,255,100480,255,99989,255,100487,100,99257,100,100564,100,,,100650,100,,,100836,100,,,100850,100,,,100905,100,,,101009,100,,,101674,7,,
2019-06-28 13:26:12.479115528,100439,255,100037,255,100480,255,99989,255,100487,100,99969,100,100564,100,99257,100,100650,100,,,100836,100,,,100850,100,,,100905,100,,,101009,100,,,101674,7,,
2019-06-28 13:26:20.000000000,100439,255,100037,255,100480,255,99989,255,100487,100,99969,100,100564,100,99257,100,100650,100,,,100836,100,,,100850,100,,,100905,100,,,101009,100,,,101674,7,,
2019-06-28 13:26:30.000000000,100439,162,100037,162,100480,162,99989,162,100487,162,99969,162,100564,162,99257,162,100650,162,99256,62,100836,100,,,100850,100,,,100905,100,,,101009,100,,,101674,7,,
2019-06-28 13:26:39.492585578,100182,100,100037,162,100439,162,99989,162,100480,162,99969,162,100487,162,99257,162,100564,162,99256,62,100650,162,,,100836,100,,,100850,100,,,100905,100,,,101009,100,,
2019-06-28 13:26:40.000000000,100182,410,100037,410,100439,100,99989,100,100480,100,99969,100,100487,100,99257,100,100564,100,,,100650,100,,,100836,100,,,100850,100,,,100905,100,,,101009,100,,
2019-06-28 13:26:46.090410631,100182,410,100037,310,100439,100,99989,100,100480,100,99969,100,100487,100,99257,100,100564,100,,,100650,100,,,100836,100,,,100850,100,,,100905,100,,,101009,100,,
2019-06-28 13:26:50.000000000,100182,410,99989,410,100439,100,99969,100,100480,100,99257,100,100487,100,,,100564,100,,,100650,100,,,100836,100,,,100850,100,,,100905,100,,,101009,100,,
2019-06-28 13:26:53.774248336,100181,100,99989,410,100182,410,99969,100,100439,100,99257,100,100480,100,,,100487,100,,,100564,100,,,100650,100,,,100836,100,,,100850,100,,,100905,100,,
2019-06-28 13:27:00.000000000,100181,44,99989,178,100182,178,99969,178,100439,178,99257,178,100480,178,99256,78,100487,100,,,100564,100,,,100650,100,,,100836,100,,,100850,100,,,100905,100,,
2019-06-28 13:27:09.525894821,100181,44,99989,178,100182,178,99969,178,100439,178,99257,178,100480,178,99256,78,100564,100,98953,100,100650,100,,,100836,100,,,100850,100,,,100905,100,,,101009,100,,
2019-06-28 13:27:10.000000000,100182,162,99989,162,100439,162,99969,162,100480,162,99257,162,100564,162,98953,162,100650,162,98952,62,100836,100,,,100850,100,,,100905,100,,,101009,100,,,101674,7,,
2019-06-28 13:27:20.000000000,100182,410,99989,410,100439,100,99969,100,100480,100,99257,100,100564,100,98953,100,100650,100,,,100836,100,,,100850,100,,,100905,100,,,101009,100,,,101674,7,,
2019-06-28 13:27:30.000000000,100182,162,99989,162,100439,162,99969,162,100480,162,99257,162,100564,162,98953,162,100650,162,98952,62,100836,100,,,100850,100,,,100905,100,,,101009,100,,,101674,7,,
2019-06-28 13:27:40.000000000,100182,205,99989,205,100439,202,99969,202,100480,202,99257,202,100564,100,98953,100,100650,100,,,100836,100,,,100850,100,,,100905,100,,,101009,100,,,101674,7,,
2019-06-28 13:27:50.000000000,100182,162,99989,162,100439,162,99969,162,100480,162,99257,162,100564,162,98953,162,100650,162,98952,62,100836,100,,,100850,100,,,100905,100,,,101009,100,,,101674,7,,
2019-06-28 13:28:00.000000000,100182,28,99989,162,100439,162,99969,162,100480,162,99257,162,100564,162,98953,162,100650,162,98952,62,100836,100,,,100850,100,,,100905,100,,,101009,100,,,101674,7,,
2019-06-28 13:28:10.000000000,100439,255,99989,255,100480,255,99969,255,100564,100,99257,100,100650,100,98953,100,100836,100,,,100850,100,,,100905,100,,,101009,100,,,101674,7,,,,,,
2019-06-28 13:28:11.587322678,100439,255,99989,255,100480,255,99969,255,100564,100,99755,100,100650,100,99257,100,100836,100,98953,100,100850,100,,,100905,100,,,101009,100,,,101674,7,,,,,,
2019-06-28 13:28:20.000000000,100439,255,99989,255,100480,255,99969,255,100564,100,99755,100,100650,100,99257,100,100836,100,98953,100,100850,100,,,100905,100,,,101009,100,,,101674,7,,,,,,
2019-06-28 13:28:30.000000000,100439,255,99989,255,100480,255,99969,255,100564,100,99755,100,100650,100,99257,100,100836,100,98953,100,100850,100,,,100905,100,,,101009,100,,,101674,7,,,,,,
2019-06-28 13:28:32.165187490,100439,255,99991,100,100480,255,99989,255,100564,100,99969,255,100650,100,99755,100,100836,100,99257,100,100850,100,98953,100,100905,100,,,101009,100,,,101674,7,,,,,,
2019-06-28 13:28:40.000000000,100439,205,99991,205,100480,202,99989,202,100564,202,99969,202,100650,100,99755,100,100836,100,99257,100,100850,100,98953,100,100905,100,,,101009,100,,,101674,7,,,,,,
2019-06-28 13:28:47.134738898,100439,205,100016,100,100480,102,99991,205,100564,202,99989,202,100650,100,99969,202,100836,100,99755,100,100850,100,99257,100,100905,100,98953,100,101009,100,,,101674,7,,,,,,
2019-06-28 13:28:50.000000000,100439,410,100016,410,100564,100,99991,100,100650,100,99989,100,100836,100,99969,100,100850,100,99755,100,100905,100,99257,100,101009,100,98953,100,101674,7,,,,,,,,,,
2019-06-28 13:29:00.000000000,100439,121,100016,255,100564,255,99991,255,100650,100,99989,100,100836,100,99969,100,100850,100,99755,100,100905,100,99257,100,101009,100,98953,100,101674,7,,,,,,,,,,
2019-06-28 13:29:10.000000000,100564,205,100016,205,100650,202,99991,202,100836,202,99989,202,100850,100,99969,100,100905,100,99755,100,101009,100,99257,100,101674,7,98953,100,,,,,,,,,,,,
2019-06-28 13:29:12.619011516,100564,205,100016,205,100650,202,99991,202,100836,202,99989,202,100850,100,99969,100,100905,100,99755,100,101009,100,99566,100,101674,7,99257,100,,,98953,100,,,,,,,,
2019-06-28 13:29:20.000000000,100564,255,100016,255,100650,255,99991,255,100836,100,99989,100,100850,100,99969,100,100905,100,99755,100,101009,100,99566,100,101674,7,99257,100,,,98953,100,,,,,,,,
2019-06-28 13:29:30.000000000,100564,162,100016,162,100650,162,99991,162,100836,162,99989,162,100850,162,99969,162,100905,162,99755,162,101009,100,99566,100,101674,7,99257,100,,,98953,100,,,,,,,,
2019-06-28 13:29:40.000000000,100564,162,100016,162,100650,162,99991,162,100836,162,99989,162,100850,162,99969,162,100905,162,99755,162,101009,100,99566,100,101674,7,99257,100,,,98953,100,,,,,,,,
2019-06-28 13:29:50.000000000,100564,178,100016,178,100650,178,99991,178,100836,178,99989,178,100850,178,99969,178,100905,100,99755,100,101009,100,99566,100,101674,7,99257,100,,,98953,100,,,,,,,,
2019-06-28 13:30:00.000000000,100564,51,100016,178,100650,178,99991,178,100836,178,99989,178,100850,178,99969,178,100905,100,99755,100,101009,100,99566,100,101674,7,99257,100,,,98953,100,,,,,,,,
2019-06-28 13:30:10.000000000,100564,85,100016,178,100650,178,99991,178,100836,178,99989,178,100850,178,99969,178,100905,100,99755,100,101009,100,99566,100,101674,7,99257,100,,,98953,100,,,,,,,,
2019-06-28 13:30:20.000000000,100564,112,100016,205,100650,202,99991,202,100836,202,99989,202,100850,100,99969,100,100905,100,99755,100,101009,100,99566,100,101674,7,99257,100,,,98953,100,,,,,,,,
2019-06-28 13:30:20.216651464,100476,100,100016,205,100564,112,99991,202,100650,102,99989,202,100836,202,99969,100,100850,100,99755,100,100905,100,99566,100,101009,100,99257,100,101674,7,98953,100,,,,,,,,
2019-06-28 13:30:23.286893020,100476,100,100016,205,100564,112,99991,202,100579,100,99989,202,100650,102,99969,100,100836,202,99755,100,100850,100,99566,100,100905,100,99257,100,101009,100,98953,100,101674,7,,,,,,
2019-06-28 13:30:30.000000000,100476,410,100016,410,100564,7,99991,100,100579,100,99989,100,100836,100,99969,100,100850,100,99755,100,100905,100,99566,100,101009,100,99257,100,101674,7,98953,100,,,,,,,,
2019-06-28 13:30:31.332674147,100340,100,100016,410,100476,410,99991,100,100564,7,99989,100,100579,100,99969,100,100836,100,99755,100,100850,100,99566,100,100905,100,99257,100,101009,100,98953,100,101674,7,,,,,,
2019-06-28 13:30:40.000000000,100340,178,100016,178,100476,178,99991,178,100564,85,99989,178,100579,178,99969,178,100836,100,99755,100,100850,100,99566,100,100905,100,99257,100,101009,100,98953,100,101674,7,,,,,,
2019-06-28 13:30:46.725500390,100340,178,100111,100,100476,178,100016,178,100564,85,99991,178,100579,178,99989,178,100836,100,99969,178,100850,100,99755,100,100905,100,99566,100,101009,100,99257,100,101674,7,98953,100,,,,
2019-06-28 13:30:47.046703725,100154,100,100111,100,100340,178,100016,178,100476,178,99991,178,100564,85,99989,178,100579,178,99969,178,100836,100,99755,100,100850,100,99566,100,100905,100,99257,100,101009,100,98953,100,101674,7,,
2019-06-28 13:30:50.000000000,100154,162,100111,162,100340,162,100016,162,100476,162,99991,162,100564,69,99989,162,100579,162,99969,162,100836,100,99755,100,100850,100,99566,100,100905,100,99257,100,101009,100,98953,100,101674,7,,
2019-06-28 13:30:57.790810853,100154,162,100152,100,100340,162,100111,162,100476,162,100016,162,100564,69,99991,162,100579,162,99989,162,100836,100,99969,162,100850,100,99755,100,100905,100,99566,100,101009,100,99257,100,101674,7,98953,100
2019-06-28 13:31:00.000000000,100154,35,100152,162,100340,162,100111,162,100476,162,100016,162,100564,69,99991,162,100579,162,99989,162,100836,100,99969,100,100850,100,99755,100,100905,100,99566,100,101009,100,99257,100,101674,7,98953,100
2019-06-28 13:31:10.000000000,100154,69,100152,162,100340,162,100111,162,100476,162,100016,162,100564,69,99991,162,100579,162,99989,162,100836,100,99969,100,100850,100,99755,100,100905,100,99566,100,101009,100,99257,100,101674,7,98953,100
2019-06-28 13:31:20.000000000,100154,112,100152,205,100340,202,100111,202,100476,202,100016,202,100564,7,99991,100,100579,100,99989,100,100836,100,99969,100,100850,100,99755,100,100905,100,99566,100,101009,100,99257,100,101674,7,98953,100
2019-06-28 13:31:22.666359910,100154,112,100152,205,100340,202,100111,202,100379,100,100016,202,100476,202,99991,100,100564,7,99989,100,100579,100,99969,100,100836,100,99755,100,100850,100,99566,100,100905,100,99257,100,101009,100,98953,100
2019-06-28 13:31:30.000000000,100154,317,100152,410,100340,100,100111,100,100379,100,100016,100,100476,100,99991,100,100564,7,99989,100,100579,100,99969,100,100836,100,99755,100,100850,100,99566,100,100905,100,99257,100,101009,100,98953,100
2019-06-28 13:31:31.815586961,100154,317,100152,410,100340,100,100111,100,100379,100,100016,100,100476,100,99991,100,100535,100,99989,100,100564,7,99969,100,100579,100,99755,100,100836,100,99566,100,100850,100,99257,100,100905,100,98953,100
2019-06-28 13:31:40.000000000,100154,112,100152,205,100340,202,100111,202,100379,202,100016,202,100476,100,99991,100,100535,100,99989,100,100564,7,99969,100,100579,100,99755,100,100836,100,99566,100,100850,100,99257,100,100905,100,98953,100
2019-06-28 13:31:43.882750931,100154,112,100152,205,100340,202,100111,202,100379,202,100053,100,100476,100,100016,202,100535,100,99991,100,100564,7,99989,100,100579,100,99969,100,100836,100,99755,100,100850,100,99566,100,100905,100,99257,100
2019-06-28 13:31:50.000000000,100154,162,100152,255,100340,255,100111,255,100379,100,100053,100,100476,100,100016,100,100535,100,99991,100,100564,7,99989,100,100579,100,99969,100,100836,100,99755,100,100850,100,99566,100,100905,100,99257,100
2019-06-28 13:31:55.564184827,100154,162,100152,255,100340,255,100111,255,100379,100,100053,100,100404,100,100016,100,100476,100,99991,100,100535,100,99989,100,100564,7,99969,100,100579,100,99755,100,100836,100,99566,100,100850,100,99257,100
2019-06-28 13:32:00.000000000,100340,105,100154,1,100379,162,100152,162,100404,162,100111,162,100476,162,100053,162,100535,100,100016,162,100564,7,99991,162,100579,100,99989,100,100836,100,99969,100,100850,100,99755,100,100905,100,99566,100
2019-06-28 13:32:00.740427600,100188,100,100154,1,100340,105,100152,162,100379,162,100111,162,100404,162,100053,162,100476,162,100016,162,100535,100,99991,162,100564,7,99989,100,100579,100,99969,100,100836,100,99755,100,100850,100,99566,100
2019-06-28 13:32:09.240528133,100188,100,100154,1,100340,69,100152,162,100379,162,100111,162,100404,162,100053,162,100476,162,100016,162,100535,100,99991,162,100564,7,99989,100,100579,100,99969,100,100836,100,99873,100,100850,100,99755,100
2019-06-28 13:32:10.000000000,100188,255,100154,156,100340,162,100152,255,100379,100,100111,100,100404,100,100053,100,100476,100,100016,100,100535,100,99991,100,100564,7,99989,100,100579,100,99969,100,100836,100,99873,100,100850,100,99755,100
2019-06-28 13:32:20.000000000,100188,255,100154,156,100340,162,100152,255,100379,100,100111,100,100404,100,100053,100,100476,100,100016,100,100535,100,99991,100,100564,7,99989,100,100579,100,99969,100,100836,100,99873,100,100850,100,99755,100
2019-06-28 13:32:29.735521450,100188,255,100154,156,100340,262,100152,255,100379,100,100111,100,100404,100,100053,100,100476,100,100016,100,100535,100,99991,100,100564,7,99989,100,100579,100,99969,100,100836,100,99873,100,100850,100,99755,100
2019-06-28 13:32:30.000000000,100188,255,100154,156,100340,262,100152,255,100379,100,100111,100,100404,100,100053,100,100476,100,100016,100,100535,100,99991,100,100564,7,99989,100,100579,100,99969,100,100836,100,99873,100,100850,100,99755,100
2019-06-28 13:32:40.000000000,100188,178,100154,79,100340,185,100152,178,100379,178,100111,178,100404,178,100053,178,100476,100,100016,100,100535,100,99991,100,100564,7,99989,100,100579,100,99969,100,100836,100,99873,100,100850,100,99755,100
2019-06-28 13:32:50.000000000,100188,255,100154,156,100340,262,100152,255,100379,100,100111,100,100404,100,100053,100,100476,100,100016,100,100535,100,99991,100,100564,7,99989,100,100579,100,99969,100,100836,100,99873,100,100850,100,99755,100
2019-06-28 13:33:00.000000000,100188,276,100154,311,100340,107,100152,100,100379,100,100111,100,100404,100,100053,100,100476,100,100016,100,100535,100,99991,100,100564,7,99989,100,100579,100,99969,100,100836,100,99873,100,100850,100,99755,100
2019-06-28 13:33:10.000000000,100340,169,100154,63,100379,162,100152,162,100404,162,100111,162,100476,162,100053,162,100535,162,100016,162,100564,7,99991,100,100579,100,99989,100,100836,100,99969,100,100850,100,99873,100,100905,100,99755,100
2019-06-28 13:33:14.646138724,100154,37,100152,162,100340,169,100111,162,100379,162,100053,162,100404,162,100016,162,100476,162,99991,100,100535,162,99989,100,100564,7,99969,100,100579,100,99873,100,100836,100,99755,100,100850,100,99566,100
2019-06-28 13:33:15.206265857,100154,37,100152,162,100188,100,100111,162,100340,169,100053,162,100379,162,100016,162,100404,162,99991,100,100476,162,99989,100,100535,162,99969,100,100564,7,99873,100,100579,100,99755,100,100836,100,99566,100
2019-06-28 13:33:17.882938714,100154,37,100152,62,100188,100,100111,162,100340,169,100053,162,100379,162,100016,162,100404,162,99991,100,100476,162,99989,100,100535,162,99969,100,100564,7,99873,100,100579,100,99755,100,100836,100,99566,100
2019-06-28 13:33:20.000000000,100154,347,100111,410,100188,100,100053,100,100340,107,100016,100,100379,100,99991,100,100404,100,99989,100,100476,100,99969,100,100535,100,99873,100,100564,7,99755,100,100579,100,99566,100,100836,100,99257,100
2019-06-28 13:33:30.000000000,100154,115,100111,178,100188,178,100053,178,100340,185,100016,178,100379,178,99991,178,100404,100,99989,100,100476,100,99969,100,100535,100,99873,100,100564,7,99755,100,100579,100,99566,100,100836,100,99257,100
2019-06-28 13:33:40.000000000,100154,347,100111,410,100188,100,100053,100,100340,107,100016,100,100379,100,99991,100,100404,100,99989,100,100476,100,99969,100,100535,100,99873,100,100564,7,99755,100,100579,100,99566,100,100836,100,99257,100
2019-06-28 13:33:50.000000000,100154,192,100111,255,100188,255,100053,255,100340,107,100016,100,100379,100,99991,100,100404,100,99989,100,100476,100,99969,100,100535,100,99873,100,100564,7,99755,100,100579,100,99566,100,100836,100,99257,100
2019-06-28 13:34:00.000000000,100154,8,100111,205,100188,202,100053,202,100340,209,100016,202,100379,100,99991,100,100404,100,99989,100,100476,100,99969,100,100535,100,99873,100,100564,7,99755,100,100579,100,99566,100,100836,100,99257,100
2019-06-28 13:34:10.000000000,100188,255,100111,255,100340,262,100053,255,100379,100,100016,100,100404,100,99991,100,100476,100,99989,100,100535,100,99969,100,100564,7,99873,100,100579,100,99755,100,100836,100,99566,100,100850,100,99257,100
2019-06-28 13:34:15.958949661,100188,255,100111,255,100340,262,100053,255,100379,100,100016,100,100476,100,99991,100,100535,100,99989,100,100564,7,99969,100,100579,100,99873,100,100836,100,99755,100,100850,100,99566,100,100905,100,99257,100
2019-06-28 13:34:20.000000000,100188,410,100111,410,100340,107,100053,100,100379,100,100016,100,100476,100,99991,100,100535,100,99989,100,100564,7,99969,100,100579,100,99873,100,100836,100,99755,100,100850,100,99566,100,100905,100,99257,100
2019-06-28 13:34:22.547187543,100188,410,100111,310,100340,107,100053,100,100379,100,100016,100,100476,100,99991,100,100535,100,99989,100,100564,7,99969,100,100579,100,99873,100,100836,100,99755,100,100850,100,99566,100,101009,100,99257,100
2019-06-28 13:34:30.000000000,100188,178,100053,178,100340,185,100016,178,100379,178,99991,178,100476,178,99989,178,100535,100,99969,100,100564,7,99873,100,100579,100,99755,100,100836,100,99566,100,100850,100,99257,100,101009,100,99196,100
2019-06-28 13:34:40.000000000,100188,410,100053,410,100340,107,100016,100,100379,100,99991,100,100476,100,99989,100,100535,100,99969,100,100564,7,99873,100,100579,100,99755,100,100836,100,99566,100,100850,100,99257,100,101009,100,99196,100
2019-06-28 13:34:42.289088390,100188,410,100053,310,100340,107,100016,100,100379,100,99991,100,100476,100,99989,100,100535,100,99969,100,100564,7,99755,100,100579,100,99566,100,100836,100,99257,100,100850,100,99196,100,101009,100,98953,100
2019-06-28 13:34:50.000000000,100188,178,100016,178,100340,185,99991,178,100379,178,99989,178,100476,178,99969,178,100535,100,99755,100,100564,7,99566,100,100579,100,99257,100,100836,100,99196,100,100850,100,98953,100,101009,100,,
2019-06-28 13:34:58.447665375,100188,178,100016,178,100340,185,99991,178,100379,178,99989,178,100476,178,99969,178,100535,100,99755,100,100564,7,99566,100,100579,100,99257,100,100836,100,99196,100,100850,100,98953,100,101009,100,98761,100
2019-06-28 13:34:58.878055893,100188,178,100016,178,100340,185,99991,178,100379,178,99989,178,100476,178,99969,178,100535,100,99755,100,100564,7,99566,100,100579,100,99257,100,100836,100,99196,100,100850,100,99089,100,101009,100,98953,100
2019-06-28 13:35:00.000000000,100188,276,100016,410,100340,107,99991,100,100379,100,99989,100,100476,100,99969,100,100535,100,99755,100,100564,7,99566,100,100579,100,99257,100,100836,100,99196,100,100850,100,99089,100,101009,100,98953,100
2019-06-28 13:35:02.046832262,100188,276,100016,310,100340,107,99991,100,100379,100,99989,100,100476,100,99969,100,100535,100,99755,100,100564,7,99566,100,100579,100,99257,100,100836,100,99196,100,100850,100,99089,100,101009,100,98953,100
2019-06-28 13:35:10.000000000,100340,185,99991,178,100379,178,99989,178,100476,178,99969,178,100535,178,99755,178,100564,7,99566,100,100579,100,99257,100,100836,100,99196,100,100850,100,99089,100,101009,100,98953,100,101674,7,98761,100
2019-06-28 13:35:17.908722208,100340,185,99991,178,100379,178,99989,178,100476,178,99969,178,100535,178,99755,178,100564,7,99566,100,100579,100,99263,100,100836,100,99257,100,100850,100,99196,100,101009,100,99089,100,101674,7,98953,100
2019-06-28 13:35:20.000000000,100340,212,99991,205,100379,202,99989,202,100476,202,99969,202,100535,100,99755,100,100564,7,99566,100,100579,100,99263,100,100836,100,99257,100,100850,100,99196,100,101009,100,99089,100,101674,7,98953,100
2019-06-28 13:35:28.081999502,100188,100,99991,205,100340,212,99989,202,100379,202,99969,202,100476,202,99755,100,100535,100,99566,100,100564,7,99263,100,100579,100,99257,100,100836,100,99196,100,100850,100,99089,100,101009,100,98953,100
2019-06-28 13:35:29.174308192,100188,100,99991,105,100340,212,99989,202,100379,202,99969,202,100476,202,99755,100,100535,100,99566,100,100564,7,99263,100,100579,100,99257,100,100836,100,99196,100,100850,100,98953,100,101009,100,98761,100
2019-06-28 13:35:30.000000000,100188,410,99989,410,100340,107,99969,100,100379,100,99755,100,100476,100,99566,100,100535,100,99263,100,100564,7,99257,100,100579,100,99196,100,100836,100,98953,100,100850,100,98761,100,101009,100,,
2019-06-28 13:35:40.000000000,100188,162,99989,162,100340,169,99969,162,100379,162,99755,162,100476,162,99566,162,100535,162,99263,162,100564,7,99257,100,100579,100,99196,100,100836,100,98953,100,100850,100,98761,100,101009,100,,
2019-06-28 13:35:40.759482828,100188,162,99989,162,100340,169,99969,162,100379,162,99755,162,100476,162,99566,162,100535,162,99263,162,100564,7,99257,100,100579,100,99196,100,100836,100,98953,100,100850,100,98909,100,101009,100,98761,100
2019-06-28 13:35:50.000000000,100188,162,99989,162,100340,169,99969,162,100379,162,99755,162,100476,162,99566,162,100535,162,99263,162,100564,7,99257,100,100579,100,99196,100,100836,100,98953,100,100850,100,98909,100,101009,100,98761,100
2019-06-28 13:35:54.885241666,100016,100,99989,162,100188,162,99969,162,100340,169,99755,162,100379,162,99566,162,100476,162,99263,162,100535,162,99257,100,100564,7,99196,100,100579,100,98953,100,100836,100,98909,100,100850,100,98761,100
2019-06-28 13:36:00.000000000,100016,276,99989,410,100188,100,99969,100,100340,107,99755,100,100379,100,99566,100,100476,100,99263,100,100535,100,99257,100,100564,7,99196,100,100579,100,98953,100,100836,100,98909,100,100850,100,98761,100
2019-06-28 13:36:08.194290266,100016,276,99989,410,100188,100,99969,100,100340,107,99755,100,100476,100,99566,100,100535,100,99263,100,100564,7,99257,100,100579,100,99196,100,100836,100,98953,100,100850,100,98909,100,101009,100,98761,100
2019-06-28 13:36:10.000000000,100188,205,99989,205,100340,209,99969,202,100476,202,99755,202,100535,100,99566,100,100564,7,99263,100,100579,100,99257,100,100836,100,99196,100,100850,100,98953,100,101009,100,98909,100,101674,7,98761,100
2019-06-28 13:36:12.314008520,100188,205,99989,105,100340,209,99969,202,100476,202,99755,202,100535,100,99566,100,100564,7,99263,100,100579,100,99257,100,100836,100,99196,100,100850,100,98953,100,101009,100,98909,100,101674,7,98761,100
2019-06-28 13:36:13.888584263,100188,205,99989,105,100340,209,99969,202,100476,202,99755,202,100535,100,99263,100,100564,7,99257,100,100579,100,99196,100,100836,100,98953,100,100850,100,98909,100,101009,100,98761,100,101674,7,98649,100
2019-06-28 13:36:20.000000000,100188,205,99969,205,100340,209,99755,202,100476,202,99263,202,100535,100,99257,100,100564,7,99196,100,100579,100,98953,100,100836,100,98909,100,100850,100,98761,100,101009,100,98649,100,101674,7,98535,100
2019-06-28 13:36:20.204849196,100188,205,99969,205,100340,209,99755,202,100476,202,99263,202,100535,100,99257,100,100564,7,99196,100,100579,100,98953,100,100836,100,98909,100,100850,100,98761,100,101009,100,98649,100,101674,7,98589,100
2019-06-28 13:36:23.635957465,100188,205,99969,205,100340,109,99755,202,100476,202,99263,202,100535,100,99257,100,100564,7,99196,100,100579,100,98953,100,100836,100,98909,100,100850,100,98761,100,101009,100,98649,100,101674,7,98589,100
2019-06-28 13:36:30.000000000,100188,205,99969,205,100340,109,99755,202,100476,202,99263,202,100535,100,99257,100,100564,7,99196,100,100579,100,98953,100,100836,100,98909,100,100850,100,98761,100,101009,100,98649,100,101674,7,98589,100
2019-06-28 13:36:33.586605306,100016,100,99969,205,100188,205,99755,202,100340,109,99263,202,100476,202,99257,100,100535,100,99196,100,100564,7,98953,100,100579,100,98909,100,100836,100,98761,100,100850,100,98649,100,101009,100,98589,100
2019-06-28 13:36:37.380848805,100016,100,99969,105,100188,205,99755,202,100340,109,99263,202,100476,202,99257,100,100535,100,99196,100,100564,7,98953,100,100579,100,98909,100,100836,100,98761,100,100850,100,98649,100,101009,100,98589,100
2019-06-28 13:36:37.698597713,100016,100,99969,5,100188,205,99755,202,100340,109,99263,202,100476,202,99257,100,100535,100,99196,100,100564,7,98953,100,100579,100,98909,100,100836,100,98761,100,100850,100,98649,100,101009,100,98589,100
2019-06-28 13:36:40.000000000,100016,162,99755,162,100188,162,99263,162,100340,69,99257,162,100476,162,99196,162,100535,162,98953,162,100564,7,98909,100,100579,100,98761,100,100836,100,98649,100,100850,100,98589,100,101009,100,,
2019-06-28 13:36:48.052437565,100016,162,99755,162,100188,162,99263,162,100340,69,99257,162,100476,162,99196,162,100535,162,98953,162,100564,7,98909,100,100579,100,98761,100,100836,100,98708,100,100850,100,98649,100,101009,100,98589,100
2019-06-28 13:36:50.000000000,100016,255,99755,255,100188,255,99263,255,100340,7,99257,100,100476,100,99196,100,100535,100,98953,100,100564,7,98909,100,100579,100,98761,100,100836,100,98708,100,100850,100,98649,100,101009,100,98589,100
2019-06-28 13:37:00.000000000,100016,121,99755,255,100188,255,99263,255,100340,7,99257,100,100476,100,99196,100,100535,100,98953,100,100564,7,98909,100,100579,100,98761,100,100836,100,98708,100,100850,100,98649,100,101009,100,98589,100
2019-06-28 13:37:10.000000000,100188,178,99755,178,100340,85,99263,178,100476,178,99257,178,100535,178,99196,178,100564,7,98953,100,100579,100,98909,100,100836,100,98761,100,100850,100,98708,100,101009,100,98649,100,101674,7,98589,100
2019-06-28 13:37:20.000000000,100188,178,99755,178,100340,85,99263,178,100476,178,99257,178,100535,178,99196,178,100564,7,98953,100,100579,100,98909,100,100836,100,98761,100,100850,100,98708,100,101009,100,98649,100,101674,7,98589,100
2019-06-28 13:37:30.000000000,100188,205,99755,205,100340,109,99263,202,100476,202,99257,202,100535,100,99196,100,100564,7,98953,100,100579,100,98909,100,100836,100,98761,100,100850,100,98708,100,101009,100,98649,100,101674,7,98589,100
2019-06-28 13:37:40.000000000,100188,410,99755,410,100340,7,99263,100,100476,100,99257,100,100535,100,99196,100,100564,7,98953,100,100579,100,98909,100,100836,100,98761,100,100850,100,98708,100,101009,100,98649,100,101674,7,98589,100
2019-06-28 13:37:47.495019842,100188,410,99755,410,100340,7,99263,100,100476,100,99257,100,100535,100,99196,100,100564,7,98953,100,100579,100,98909,100,100836,100,98761,100,100850,100,98708,100,101009,100,98649,100,101674,7,98589,100
2019-06-28 13:37:50.000000000,100188,162,99755,162,100340,69,99263,162,100476,162,99257,162,100535,162,99196,162,100564,69,98953,162,100579,100,98909,100,100836,100,98761,100,100850,100,98708,100,101009,100,98649,100,101674,7,98589,100
2019-06-28 13:38:00.000000000,100188,44,99755,178,100340,85,99263,178,100476,178,99257,178,100535,178,99196,178,100564,7,98953,100,100579,100,98909,100,100836,100,98761,100,100850,100,98708,100,101009,100,98649,100,101674,7,98589,100
2019-06-28 13:38:07.931374998,100188,44,99755,78,100340,85,99263,178,100476,178,99257,178,100535,178,99196,178,100564,7,98953,100,100579,100,98761,100,100836,100,98708,100,100850,100,98649,100,101009,100,98589,100,101674,7,98000,100
2019-06-28 13:38:10.000000000,100340,112,99263,205,100476,202,99257,202,100535,202,99196,202,100564,7,98953,100,100579,100,98761,100,100836,100,98708,100,100850,100,98649,100,101009,100,98589,100,101674,7,98000,100,,,,
2019-06-28 13:38:20.000000000,100340,162,99263,255,100476,255,99257,255,100535,100,99196,100,100564,7,98953,100,100579,100,98761,100,100836,100,98708,100,100850,100,98649,100,101009,100,98589,100,101674,7,98000,100,,,,
2019-06-28 13:38:29.621751413,100340,162,99263,255,100476,255,99257,255,100535,100,99196,100,100564,7,98953,100,100579,100,98761,100,100836,100,98708,100,101009,100,98649,100,101674,7,98597,100,,,98589,100,,,98000,100
2019-06-28 13:38:30.000000000,100340,85,99263,178,100476,178,99257,178,100535,178,99196,178,100564,85,98953,178,100579,100,98761,100,100836,100,98708,100,101009,100,98649,100,101674,7,98597,100,,,98589,100,,,98000,100
2019-06-28 13:38:40.000000000,100340,317,99263,410,100476,100,99257,100,100535,100,99196,100,100564,7,98953,100,100579,100,98761,100,100836,100,98708,100,101009,100,98649,100,101674,7,98597,100,,,98589,100,,,98000,100
2019-06-28 13:38:47.474864999,100340,317,99263,410,100476,100,99257,100,100535,100,99196,100,100564,7,98953,100,100579,100,98708,100,100836,100,98649,100,101009,100,98597,100,101674,7,98589,100,,,98407,100,,,98000,100
2019-06-28 13:38:49.300569370,100340,317,99263,310,100476,100,99257,100,100535,100,99196,100,100564,7,98953,100,100579,100,98708,100,100836,100,98597,100,101009,100,98589,100,101674,7,98407,100,,,98000,100,,,,
2019-06-28 13:38:50.000000000,100340,317,99257,410,100476,100,99196,100,100535,100,98953,100,100564,7,98708,100,100579,100,98597,100,100836,100,98589,100,101009,100,98407,100,101674,7,98000,100,,,,,,,,
2019-06-28 13:39:00.000000000,100476,105,100340,1,100535,162,99257,162,100564,69,99196,162,100579,162,98953,162,100836,100,98708,162,101009,100,98597,162,101674,7,98589,100,,,98407,100,,,98000,100,,,,
2019-06-28 13:39:10.000000000,100476,198,100340,156,100535,255,99257,255,100564,7,99196,100,100579,100,98953,100,100836,100,98708,100,101009,100,98597,100,101674,7,98589,100,,,98407,100,,,98000,100,,,,
2019-06-28 13:39:11.214266633,100476,198,100340,156,100535,255,99257,255,100564,7,99196,100,100579,100,98953,100,100836,100,98812,100,101009,100,98708,100,101674,7,98597,100,,,98589,100,,,98407,100,,,98000,100
2019-06-28 13:39:20.000000000,100476,121,100340,79,100535,178,99257,178,100564,85,99196,178,100579,178,98953,178,100836,100,98812,100,101009,100,98708,100,101674,7,98597,100,,,98589,100,,,98407,100,,,98000,100
2019-06-28 13:39:30.000000000,100476,105,100340,63,100535,162,99257,162,100564,69,99196,162,100579,162,98953,162,100836,162,98812,162,101009,100,98708,100,101674,7,98597,100,,,98589,100,,,98407,100,,,98000,100
2019-06-28 13:39:32.380440008,100476,205,100340,63,100535,162,99257,162,100564,69,99196,162,100579,162,98953,162,100836,162,98812,162,101009,100,98708,100,101674,7,98597,100,,,98589,100,,,98407,100,,,98000,100
2019-06-28 13:39:40.000000000,100476,298,100340,156,100535,255,99257,255,100564,7,99196,100,100579,100,98953,100,100836,100,98812,100,101009,100,98708,100,101674,7,98597,100,,,98589,100,,,98407,100,,,98000,100
2019-06-28 13:39:44.330606743,100476,298,100340,156,100535,255,99257,255,100564,7,99196,100,100579,100,98953,100,100836,100,98926,100,101009,100,98812,100,101674,7,98708,100,,,98597,100,,,98589,100,,,98407,100
2019-06-28 13:39:44.959525917,100476,398,100340,156,100535,255,99257,255,100564,7,99196,100,100579,100,98953,100,100836,100,98926,100,101009,100,98812,100,101674,7,98708,100,,,98597,100,,,98589,100,,,98407,100
2019-06-28 13:39:46.351432851,100476,398,100340,56,100535,255,99257,255,100564,7,99196,100,100579,100,98953,100,100836,100,98926,100,101009,100,98812,100,101674,7,98708,100,,,98597,100,,,98589,100,,,98407,100
2019-06-28 13:39:50.000000000,100476,553,99257,410,100535,100,99196,100,100564,7,98953,100,100579,100,98926,100,100836,100,98812,100,101009,100,98708,100,101674,7,98597,100,,,98589,100,,,98407,100,,,98000,100
2019-06-28 13:40:00.000000000,100476,419,99257,410,100535,100,99196,100,100564,7,98953,100,100579,100,98926,100,100836,100,98812,100,101009,100,98708,100,101674,7,98597,100,,,98589,100,,,98407,100,,,98000,100
2019-06-28 13:40:10.000000000,100476,187,99257,178,100535,178,99196,178,100564,85,98953,178,100579,178,98926,178,100836,100,98812,100,101009,100,98708,100,101674,7,98597,100,,,98589,100,,,98407,100,,,98000,100
2019-06-28 13:40:11.135436337,100476,287,99257,178,100535,178,99196,178,100564,85,98953,178,100579,178,98926,178,100836,100,98812,100,101009,100,98708,100,101674,7,98597,100,,,98589,100,,,98407,100,,,98000,100
2019-06-28 13:40:15.233484561,100476,387,99257,178,100535,178,99196,178,100564,85,98953,178,100579,178,98926,178,100836,100,98812,100,101009,100,98708,100,101674,7,98597,100,,,98589,100,,,98407,100,,,98000,100
2019-06-28 13:40:16.177242818,100476,487,99257,178,100535,178,99196,178,100564,85,98953,178,100579,178,98926,178,100836,100,98812,100,101009,100,98708,100,101674,7,98597,100,,,98589,100,,,98407,100,,,98000,100
2019-06-28 13:40:20.000000000,100476,719,99257,410,100535,100,99196,100,100564,7,98953,100,100579,100,98926,100,100836,100,98812,100,101009,100,98708,100,101674,7,98597,100,,,98589,100,,,98407,100,,,98000,100
2019-06-28 13:40:25.747443618,100476,719,99313,100,100535,100,99257,410,100564,7,99196,100,100579,100,98953,100,100836,100,98926,100,101009,100,98812,100,101674,7,98708,100,,,98597,100,,,98589,100,,,98407,100
2019-06-28 13:40:30.000000000,100476,471,99313,162,100535,162,99257,162,100564,69,99196,162,100579,162,98953,162,100836,162,98926,162,101009,100,98812,100,101674,7,98708,100,,,98597,100,,,98589,100,,,98407,100
2019-06-28 13:40:36.807565743,100476,471,99313,62,100535,162,99257,162,100564,69,99196,162,100579,162,98953,162,100836,162,98926,162,101009,100,98812,100,101674,7,98708,100,,,98597,100,,,98589,100,,,98407,100
2019-06-28 13:40:37.971272009,99313,38,99257,162,100476,471,99196,162,100535,162,98953,162,100564,69,98926,162,100579,162,98812,100,100836,162,98708,100,101009,100,98597,100,101674,7,98589,100,,,98407,100,,,98000,100
2019-06-28 13:40:40.000000000,99313,193,99257,255,100476,564,99196,255,100535,100,98953,100,100564,7,98926,100,100579,100,98812,100,100836,100,98708,100,101009,100,98597,100,101674,7,98589,100,,,98407,100,,,98000,100
2019-06-28 13:40:40.202137477,99313,193,99257,155,100476,564,99196,255,100535,100,98953,100,100564,7,98926,100,100579,100,98812,100,100836,100,98708,100,101009,100,98597,100,101674,7,98589,100,,,98407,100,,,98000,100
2019-06-28 13:40:50.000000000,99313,116,99196,178,100476,487,98953,178,100535,178,98926,178,100564,85,98812,178,100579,100,98708,100,100836,100,98597,100,101009,100,98589,100,101674,7,98407,100,,,98000,100,,,,
2019-06-28 13:40:55.587266131,99313,116,99196,178,100476,487,98953,178,100535,178,98926,178,100564,85,98812,178,100579,100,98708,100,100836,100,98597,100,101009,100,98407,100,101674,7,98343,100,,,98000,100,,,,
2019-06-28 13:40:59.073449646,99313,116,99196,78,100476,487,98953,178,100535,178,98926,178,100564,85,98812,178,100579,100,98708,100,100836,100,98597,100,101009,100,98407,100,101674,7,98343,100,,,98000,100,,,,
2019-06-28 13:41:00.000000000,100476,472,99313,3,100535,178,98953,178,100564,85,98926,178,100579,100,98812,178,100836,100,98708,178,101009,100,98597,100,101674,7,98407,100,,,98343,100,,,98000,100,,,,
2019-06-28 13:41:10.000000000,100476,549,99313,158,100535,255,98953,255,100564,7,98926,100,100579,100,98812,100,100836,100,98708,100,101009,100,98597,100,101674,7,98407,100,,,98343,100,,,98000,100,,,,
2019-06-28 13:41:18.135254317,100476,549,99313,58,100535,255,98953,155,100564,7,98926,100,100579,100,98812,100,100836,100,98708,100,101009,100,98597,100,101674,7,98407,100,,,98343,100,,,98000,100,,,,
2019-06-28 13:41:18.476280414,100476,549,99313,58,100535,255,99228,100,100564,7,98953,155,100579,100,98926,100,100836,100,98812,100,101009,100,98708,100,101674,7,98597,100,,,98407,100,,,98343,100,,,98000,100
2019-06-28 13:41:20.000000000,100476,549,99228,255,100535,255,98926,255,100564,7,98812,100,100579,100,98708,100,100836,100,98597,100,101009,100,98407,100,101674,7,98343,100,,,98000,100,,,,,,,,
2019-06-28 13:41:30.000000000,100476,704,99228,410,100535,100,98926,100,100564,7,98812,100,100579,100,98708,100,100836,100,98597,100,101009,100,98407,100,101674,7,98343,100,,,98000,100,,,,,,,,
2019-06-28 13:41:40.000000000,100476,456,99228,162,100535,162,98926,162,100564,69,98812,162,100579,162,98708,162,100836,162,98597,162,101009,100,98407,100,101674,7,98343,100,,,98000,100,,,,,,,,
2019-06-28 13:41:44.078461072,100476,456,99228,162,100535,162,99176,100,100564,69,98926,162,100579,162,98812,162,100836,162,98708,162,101009,100,98597,162,101674,7,98407,100,,,98343,100,,,98000,100,,,,
2019-06-28 13:41:50.000000000,100476,472,99228,178,100535,178,99176,178,100564,85,98926,178,100579,178,98812,178,100836,100,98708,100,101009,100,98597,100,101674,7,98407,100,,,98343,100,,,98000,100,,,,
2019-06-28 13:41:58.341885777,100476,472,99228,178,100535,178,99176,178,100564,85,98956,100,100579,178,98926,178,100836,100,98812,178,101009,100,98708,100,101674,7,98597,100,,,98407,100,,,98343,100,,,98000,100
2019-06-28 13:42:00.000000000,100476,415,99228,255,100535,255,99176,255,100564,7,98956,100,100579,100,98926,100,100836,100,98812,100,101009,100,98708,100,101674,7,98597,100,,,98407,100,,,98343,100,,,98000,100
2019-06-28 13:42:10.000000000,100476,570,99228,410,100535,100,99176,100,100564,7,98956,100,100579,100,98926,100,100836,100,98812,100,101009,100,98708,100,101674,7,98597,100,,,98407,100,,,98343,100,,,98000,100
2019-06-28 13:42:14.992758793,100476,570,99228,310,100535,100,99176,100,100564,7,98956,100,100579,100,98926,100,100836,100,98812,100,101009,100,98708,100,101674,7,98597,100,,,98407,100,,,98343,100,,,98000,100
2019-06-28 13:42:20.000000000,100476,415,99176,255,100535,255,98956,255,100564,7,98926,100,100579,100,98812,100,100836,100,98708,100,101009,100,98597,100,101674,7,98407,100,,,98343,100,,,98000,100,,,,
2019-06-28 13:42:22.840201441,100476,415,99176,155,100535,255,98956,255,100564,7,98926,100,100579,100,98812,100,100836,100,98708,100,101009,100,98597,100,101674,7,98407,100,,,98343,100,,,98000,100,,,,
2019-06-28 13:42:29.055462566,100476,415,99176,155,100535,255,98956,255,100564,7,98926,100,100579,100,98812,100,100836,100,98708,100,101009,100,98688,100,101674,7,98597,100,,,98407,100,,,98343,100,,,,
2019-06-28 13:42:30.000000000,100476,415,98956,255,100535,255,98926,255,100564,7,98812,100,100579,100,98708,100,100836,100,98688,100,101009,100,98597,100,101674,7,98407,100,,,98343,100,,,,,,,,
2019-06-28 13:42:40.000000000,100476,338,98956,178,100535,178,98926,178,100564,85,98812,178,100579,178,98708,178,100836,100,98688,100,101009,100,98597,100,101674,7,98407,100,,,98343,100,,,,,,,,
2019-06-28 13:42:44.833193194,100476,338,98956,78,100535,178,98926,178,100564,85,98812,178,100579,178,98708,178,100836,100,98688,100,101009,100,98597,100,101674,7,98343,100,,,,,,,,,,,,
2019-06-28 13:42:50.000000000,100476,415,98926,255,100535,255,98812,255,100564,7,98708,100,100579,100,98688,100,100836,100,98597,100,101009,100,98343,100,101674,7,,,,,,,,,,,,,,
2019-06-28 13:42:59.028982384,100476,415,98968,100,100535,255,98926,255,100564,7,98812,255,100579,100,98708,100,100836,100,98688,100,101009,100,98597,100,101674,7,98343,100,,,,,,,,,,,,
2019-06-28 13:43:00.000000000,100476,188,98968,162,100535,162,98926,162,100564,69,98812,162,100579,162,98708,162,100836,162,98688,162,101009,100,98597,100,101674,7,98343,100,,,,,,,,,,,,
2019-06-28 13:43:00.323846918,99211,100,98968,162,100476,188,98926,162,100535,162,98812,162,100564,69,98708,162,100579,162,98688,162,100836,162,98597,100,101009,100,98343,100,101674,7,,,,,,,,,,
2019-06-28 13:43:10.000000000,99211,178,98968,178,100476,204,98926,178,100535,178,98812,178,100564,85,98708,178,100579,100,98688,100,100836,100,98597,100,101009,100,98343,100,101674,7,,,,,,,,,,
2019-06-28 13:43:20.000000000,99211,410,98968,410,100476,126,98926,100,100535,100,98812,100,100564,7,98708,100,100579,100,98688,100,100836,100,98597,100,101009,100,98343,100,101674,7,,,,,,,,,,
2019-06-28 13:43:30.000000000,99211,205,98968,205,100476,228,98926,202,100535,202,98812,202,100564,7,98708,100,100579,100,98688,100,100836,100,98597,100,101009,100,98343,100,101674,7,,,,,,,,,,
2019-06-28 13:43:40.000000000,99211,162,98968,162,100476,188,98926,162,100535,162,98812,162,100564,69,98708,162,100579,162,98688,162,100836,100,98597,100,101009,100,98343,100,101674,7,,,,,,,,,,
2019-06-28 13:43:50.000000000,99211,205,98968,205,100476,228,98926,202,100535,202,98812,202,100564,7,98708,100,100579,100,98688,100,100836,100,98597,100,101009,100,98343,100,101674,7,,,,,,,,,,
2019-06-28 13:43:50.965975486,99211,105,98968,205,100476,228,98926,202,100535,202,98812,202,100564,7,98708,100,100579,100,98597,100,100836,100,98343,100,101009,100,,,101674,7,,,,,,,,,,
2019-06-28 13:44:00.000000000,100476,97,98968,205,100535,202,98926,202,100564,109,98812,202,100579,100,98708,100,100836,100,98597,100,101009,100,98343,100,101674,7,,,,,,,,,,,,,,
2019-06-28 13:44:10.000000000,100535,410,98968,410,100564,7,98926,100,100579,100,98812,100,100836,100,98708,100,101009,100,98597,100,101674,7,98343,100,,,,,,,,,,,,,,,,
2019-06-28 13:44:20.000000000,100535,205,98968,205,100564,109,98926,202,100579,202,98812,202,100836,100,98708,100,101009,100,98597,100,101674,7,98343,100,,,,,,,,,,,,,,,,
2019-06-28 13:44:30.000000000,100535,162,98968,162,100564,69,98926,162,100579,162,98812,162,100836,162,98708,162,101009,162,98597,162,101674,7,98343,100,,,,,,,,,,,,,,,,
2019-06-28 13:44:38.435750035,100535,162,98968,62,100564,69,98926,162,100579,162,98812,162,100836,162,98708,162,101009,162,98597,162,101674,7,98343,100,,,,,,,,,,,,,,,,
2019-06-28 13:44:40.000000000,100535,410,98926,410,100564,7,98812,100,100579,100,98708,100,100836,100,98597,100,101009,100,98343,100,101674,7,,,,,,,,,,,,,,,,,,
2019-06-28 13:44:45.618482431,100535,410,98927,100,100564,7,98926,410,100579,100,98708,100,100836,100,98597,100,101009,100,98343,100,101674,7,,,,,,,,,,,,,,,,,,
2019-06-28 13:44:50.000000000,100535,205,98927,205,100564,109,98926,202,100579,202,98708,202,100836,100,98597,100,101009,100,98343,100,101674,7,,,,,,,,,,,,,,,,,,
2019-06-28 13:45:00.000000000,100535,121,98927,255,100564,162,98926,255,100579,100,98708,100,100836,100,98597,100,101009,100,98343,100,101674,7,,,,,,,,,,,,,,,,,,
2019-06-28 13:45:10.000000000,100564,317,98927,410,100579,100,98926,100,100836,100,98708,100,101009,100,98597,100,101674,7,98343,100,,,,,,,,,,,,,,,,,,,,
2019-06-28 13:45:20.000000000,100564,85,98927,178,100579,178,98926,178,100836,178,98708,178,101009,178,98597,178,101674,7,98343,100,,,,,,,,,,,,,,,,,,,,
2019-06-28 13:45:21.741498096,100564,85,98927,178,100579,178,98926,178,100836,178,98708,178,101009,178,98597,178,101674,7,98502,100,,,98343,100,,,,,,,,,,,,,,,,
2019-06-28 13:45:25.903343117,100535,100,98927,178,100564,85,98926,178,100579,178,98708,178,100836,178,98597,178,101009,178,98502,100,101674,7,98343,100,,,,,,,,,,,,,,,,
2019-06-28 13:45:30.000000000,100535,178,98927,178,100564,85,98926,178,100579,178,98708,178,100836,178,98597,178,101009,100,98502,100,101674,7,98343,100,,,,,,,,,,,,,,,,
2019-06-28 13:45:34.236261970,100535,178,98927,78,100564,85,98926,178,100579,178,98708,178,100836,178,98597,178,101009,100,98502,100,101674,7,98343,100,,,,,,,,,,,,,,,,
2019-06-28 13:45:40.000000000,100535,205,98926,205,100564,109,98708,202,100579,202,98597,202,100836,100,98502,100,101009,100,98343,100,101674,7,,,,,,,,,,,,,,,,,,
2019-06-28 13:45:49.601896257,100534,100,98926,205,100535,205,98708,202,100564,109,98597,202,100579,202,98502,100,100836,100,98343,100,101009,100,,,101674,7,,,,,,,,,,,,,,
2019-06-28 13:45:49.605324975,100534,100,99229,100,100535,205,98926,205,100564,109,98708,202,100579,202,98597,202,100836,100,98502,100,101009,100,98343,100,101674,7,,,,,,,,,,,,,,
2019-06-28 13:45:50.000000000,100534,162,99229,162,100535,162,98926,162,100564,69,98708,162,100579,162,98597,162,100836,162,98502,162,101009,100,98343,100,101674,7,,,,,,,,,,,,,,
2019-06-28 13:45:55.969591669,100534,162,99229,62,100535,162,98926,162,100564,69,98708,162,100579,162,98597,162,100836,162,98502,162,101009,100,98343,100,101674,7,,,,,,,,,,,,,,
2019-06-28 13:46:00.000000000,100534,71,98926,205,100535,202,98708,202,100564,109,98597,202,100579,100,98502,100,100836,100,98343,100,101009,100,,,101674,7,,,,,,,,,,,,,,
2019-06-28 13:46:03.514838867,100534,171,98926,205,100535,202,98708,202,100564,109,98597,202,100579,100,98502,100,100836,100,98343,100,101009,100,,,101674,7,,,,,,,,,,,,,,
2019-06-28 13:46:08.339062734,99128,100,98926,205,100534,171,98708,202,100535,202,98597,202,100564,109,98502,100,100579,100,98343,100,100836,100,,,101009,100,,,101674,7,,,,,,,,,,
2019-06-28 13:46:09.760966627,99128,100,98926,205,100534,271,98708,202,100535,202,98597,202,100564,109,98502,100,100579,100,98343,100,100836,100,,,101009,100,,,101674,7,,,,,,,,,,
2019-06-28 13:46:10.000000000,99128,162,98926,162,100534,262,98708,162,100535,162,98597,162,100564,69,98502,162,100579,162,98343,162,100836,100,,,101009,100,,,101674,7,,,,,,,,,,
2019-06-28 13:46:10.751168507,99128,162,98926,162,100534,262,98807,100,100535,162,98708,162,100564,69,98597,162,100579,162,98502,162,100836,100,98343,162,101009,100,,,101674,7,,,,,,,,,,
2019-06-28 13:46:13.386693430,99128,162,98926,162,100534,362,98807,100,100535,162,98708,162,100564,69,98597,162,100579,162,98502,162,100836,100,98343,162,101009,100,,,101674,7,,,,,,,,,,
2019-06-28 13:46:17.244854469,99128,62,98926,162,100534,362,98807,100,100535,162,98708,162,100564,69,98597,162,100579,162,98502,162,100836,100,98343,162,101009,100,,,101674,7,,,,,,,,,,
2019-06-28 13:46:20.000000000,100534,405,98926,205,100535,202,98807,202,100564,109,98708,202,100579,100,98597,100,100836,100,98502,100,101009,100,98343,100,101674,7,,,,,,,,,,,,,,
2019-06-28 13:46:26.301827504,100534,405,98926,205,100535,202,98818,100,100564,109,98807,202,100579,100,98708,202,100836,100,98597,100,101009,100,98502,100,101674,7,98343,100,,,,,,,,,,,,
2019-06-28 13:46:30.000000000,100534,362,98926,162,100535,162,98818,162,100564,69,98807,162,100579,162,98708,162,100836,162,98597,162,101009,100,98502,100,101674,7,98343,100,,,,,,,,,,,,
2019-06-28 13:46:40.000000000,100534,362,98926,162,100535,162,98818,162,100564,69,98807,162,100579,162,98708,162,100836,162,98597,162,101009,100,98502,100,101674,7,98343,100,,,,,,,,,,,,
2019-06-28 13:46:46.734711200,100533,100,98926,162,100534,362,98818,162,100535,162,98807,162,100564,69,98708,162,100579,162,98597,162,100836,162,98502,100,101009,100,98343,100,101674,7,,,,,,,,,,
2019-06-28 13:46:46.939861386,100533,100,98926,162,100534,362,98818,162,100535,162,98807,162,100564,69,98708,162,100579,162,98597,162,100836,162,98506,100,101009,100,98502,100,101674,7,98343,100,,,,,,,,
2019-06-28 13:46:47.267095747,100533,100,98926,62,100534,362,98818,162,100535,162,98807,162,100564,69,98708,162,100579,162,98597,162,100836,162,98506,100,101009,100,98502,100,101674,7,98343,100,,,,,,,,
2019-06-28 13:46:50.000000000,100533,410,98818,410,100534,300,98807,100,100535,100,98708,100,100564,7,98597,100,100579,100,98506,100,100836,100,98502,100,101009,100,98343,100,101674,7,,,,,,,,,,
2019-06-28 13:47:00.000000000,100533,276,98818,410,100534,300,98807,100,100535,100,98708,100,100564,7,98597,100,100579,100,98506,100,100836,100,98502,100,101009,100,98343,100,101674,7,,,,,,,,,,
2019-06-28 13:47:10.000000000,100534,455,98818,255,100535,255,98807,255,100564,7,98708,100,100579,100,98597,100,100836,100,98506,100,101009,100,98502,100,101674,7,98343,100,,,,,,,,,,,,
2019-06-28 13:47:12.047730071,100534,455,98818,255,100535,255,98807,255,100564,7,98708,100,100579,100,98597,100,100836,100,98579,100,101009,100,98506,100,101674,7,98502,100,,,98343,100,,,,,,,,
2019-06-28 13:47:15.569803514,100534,455,98818,155,100535,255,98807,255,100564,7,98708,100,100579,100,98597,100,100836,100,98579,100,101009,100,98506,100,101674,7,98502,100,,,98343,100,,,,,,,,
2019-06-28 13:47:15.939823072,100534,455,98818,55,100535,255,98807,255,100564,7,98708,100,100579,100,98597,100,100836,100,98579,100,101009,100,98506,100,101674,7,98502,100,,,98343,100,,,,,,,,
2019-06-28 13:47:16.257484953,98818,45,98807,255,100534,455,98708,100,100535,255,98597,100,100564,7,98579,100,100579,100,98506,100,100836,100,98502,100,101009,100,98343,100,101674,7,,,,,,,,,,
2019-06-28 13:47:17.900562693,98818,45,98807,255,100534,455,98708,100,100535,255,98597,100,100564,7,98579,100,100579,100,98506,100,100836,100,98502,100,101009,100,98343,100,101674,7,98325,100,,,,,,,,
2019-06-28 13:47:20.000000000,98818,355,98807,410,100534,300,98708,100,100535,100,98597,100,100564,7,98579,100,100579,100,98506,100,100836,100,98502,100,101009,100,98343,100,101674,7,98325,100,,,,,,,,
2019-06-28 13:47:30.000000000,98818,200,98807,255,100534,455,98708,255,100535,100,98597,100,100564,7,98579,100,100579,100,98506,100,100836,100,98502,100,101009,100,98343,100,101674,7,98325,100,,,,,,,,
2019-06-28 13:47:40.000000000,98818,355,98807,410,100534,300,98708,100,100535,100,98597,100,100564,7,98579,100,100579,100,98506,100,100836,100,98502,100,101009,100,98343,100,101674,7,98325,100,,,,,,,,
2019-06-28 13:47:45.366991239,98818,355,98807,410,100534,300,98708,100,100535,100,98597,100,100564,7,98579,100,100579,100,98506,100,100836,100,98502,100,101009,100,98343,100,101674,7,98325,100,,,98294,100,,,,
2019-06-28 13:47:50.000000000,98818,123,98807,178,100534,378,98708,178,100535,178,98597,178,100564,85,98579,178,100579,100,98506,100,100836,100,98502,100,101009,100,98343,100,101674,7,98325,100,,,98294,100,,,,
2019-06-28 13:47:55.293274602,98818,123,98807,78,100534,378,98708,178,100535,178,98597,178,100564,85,98579,178,100579,100,98506,100,100836,100,98502,100,101009,100,98343,100,101674,7,98325,100,,,98294,100,,,,
2019-06-28 13:48:00.000000000,98818,59,98708,255,100534,455,98597,255,100535,100,98579,100,100564,7,98506,100,100579,100,98502,100,100836,100,98343,100,101009,100,98325,100,101674,7,98294,100,,,,,,,,
2019-06-28 13:48:10.000000000,100534,455,98708,255,100535,255,98597,255,100564,7,98579,100,100579,100,98506,100,100836,100,98502,100,101009,100,98343,100,101674,7,98325,100,,,98294,100,,,,,,,,
2019-06-28 13:48:11.268374866,98818,100,98708,255,100534,455,98597,255,100535,255,98579,100,100564,7,98506,100,100579,100,98502,100,100836,100,98343,100,101009,100,98325,100,101674,7,98294,100,,,,,,,,
2019-06-28 13:48:20.000000000,98818,205,98708,205,100534,402,98597,202,100535,202,98579,202,100564,7,98506,100,100579,100,98502,100,100836,100,98343,100,101009,100,98325,100,101674,7,98294,100,,,,,,,,
2019-06-28 13:48:24.605882356,98818,205,98708,105,100534,402,98597,202,100535,202,98579,202,100564,7,98506,100,100579,100,98502,100,100836,100,98343,100,101009,100,98325,100,101674,7,98294,100,,,,,,,,
2019-06-28 13:48:30.000000000,98818,410,98597,410,100534,300,98579,100,100535,100,98506,100,100564,7,98502,100,100579,100,98343,100,100836,100,98325,100,101009,100,98294,100,101674,7,,,,,,,,,,
2019-06-28 13:48:40.000000000,98818,162,98597,162,100534,362,98579,162,100535,162,98506,162,100564,69,98502,162,100579,162,98343,162,100836,100,98325,100,101009,100,98294,100,101674,7,,,,,,,,,,
2019-06-28 13:48:50.000000000,98818,410,98597,410,100534,300,98579,100,100535,100,98506,100,100564,7,98502,100,100579,100,98343,100,100836,100,98325,100,101009,100,98294,100,101674,7,,,,,,,,,,
2019-06-28 13:48:50.665414449,98701,100,98597,410,98818,410,98579,100,100534,300,98506,100,100535,100,98502,100,100564,7,98343,100,100579,100,98325,100,100836,100,98294,100,101009,100,,,101674,7,,,,,,
2019-06-28 13:48:56.724300439,98701,100,98597,410,98818,410,98579,100,100534,300,98506,100,100535,100,98502,100,100564,7,98473,100,100579,100,98343,100,100836,100,98325,100,101009,100,98294,100,101674,7,,,,,,
2019-06-28 13:49:00.000000000,98701,21,98597,162,98818,162,98579,162,100534,362,98506,162,100535,162,98502,162,100564,69,98473,162,100579,100,98343,100,100836,100,98325,100,101009,100,98294,100,101674,7,,,,,,
2019-06-28 13:49:10.000000000,98818,178,98597,178,100534,378,98579,178,100535,178,98506,178,100564,85,98502,178,100579,100,98473,100,100836,100,98343,100,101009,100,98325,100,101674,7,98294,100,,,,,,,,
2019-06-28 13:49:17.527809570,98701,100,98597,178,98818,178,98579,178,100534,378,98506,178,100535,178,98502,178,100564,85,98473,100,100579,100,98343,100,100836,100,98325,100,101009,100,98294,100,101674,7,,,,,,
2019-06-28 13:49:20.000000000,98701,255,98597,255,98818,255,98579,255,100534,300,98506,100,100535,100,98502,100,100564,7,98473,100,100579,100,98343,100,100836,100,98325,100,101009,100,98294,100,101674,7,,,,,,
2019-06-28 13:49:30.000000000,98701,162,98597,162,98818,162,98579,162,100534,362,98506,162,100535,162,98502,162,100564,69,98473,162,100579,100,98343,100,100836,100,98325,100,101009,100,98294,100,101674,7,,,,,,
2019-06-28 13:49:33.683290614,98701,162,98597,62,98818,162,98579,162,100534,362,98506,162,100535,162,98502,162,100564,69,98473,162,100579,100,98343,100,100836,100,98325,100,101009,100,98294,100,101674,7,,,,,,
2019-06-28 13:49:39.284983309,98700,100,98597,62,98701,162,98579,162,98818,162,98506,162,100534,362,98502,162,100535,162,98473,162,100564,69,98343,100,100579,100,98325,100,100836,100,98294,100,101009,100,,,101674,7,,
2019-06-28 13:49:40.000000000,98700,178,98579,178,98701,178,98506,178,98818,178,98502,178,100534,378,98473,178,100535,100,98343,100,100564,7,98325,100,100579,100,98294,100,100836,100,,,101009,100,,,101674,7,,
2019-06-28 13:49:44.126856278,98700,178,98698,100,98701,178,98579,178,98818,178,98506,178,100534,378,98502,178,100535,100,98473,178,100564,7,98343,100,100579,100,98325,100,100836,100,98294,100,101009,100,,,101674,7,,
2019-06-28 13:49:50.000000000,98700,178,98698,178,98701,178,98579,178,98818,178,98506,178,100534,378,98502,178,100535,100,98473,100,100564,7,98343,100,100579,100,98325,100,100836,100,98294,100,101009,100,,,101674,7,,
2019-06-28 13:49:53.916775473,98700,278,98698,178,98701,178,98579,178,98818,178,98506,178,100534,378,98502,178,100535,100,98473,100,100564,7,98343,100,100579,100,98325,100,100836,100,98294,100,101009,100,,,101674,7,,
2019-06-28 13:50:00.000000000,98700,164,98698,205,98701,202,98579,202,98818,202,98506,202,100534,300,98502,100,100535,100,98473,100,100564,7,98343,100,100579,100,98325,100,100836,100,98294,100,101009,100,,,101674,7,,
2019-06-28 13:50:10.000000000,98700,164,98698,205,98701,202,98579,202,98818,202,98506,202,100534,300,98502,100,100535,100,98473,100,100564,7,98343,100,100579,100,98325,100,100836,100,98294,100,101009,100,,,101674,7,,
2019-06-28 13:50:11.850782039,98700,164,98698,205,98701,202,98579,202,98818,202,98506,202,100534,300,98502,100,100535,100,98473,100,100564,7,98343,100,100579,100,98325,100,100836,100,98294,100,101009,100,98153,100,101674,7,,
2019-06-28 13:50:17.389452408,98700,164,98698,105,98701,202,98579,202,98818,202,98506,202,100534,300,98502,100,100535,100,98473,100,100564,7,98343,100,100579,100,98325,100,100836,100,98294,100,101009,100,98153,100,101674,7,,
2019-06-28 13:50:20.000000000,98700,137,98579,178,98701,178,98506,178,98818,178,98502,178,100534,378,98473,178,100535,100,98343,100,100564,7,98325,100,100579,100,98294,100,100836,100,98153,100,101009,100,,,101674,7,,
2019-06-28 13:50:22.273474909,98699,100,98579,178,98700,137,98506,178,98701,178,98502,178,98818,178,98473,178,100534,378,98343,100,100564,7,98325,100,100579,100,98294,100,100836,100,98153,100,101009,100,,,101674,7,,
2019-06-28 13:50:26.651105537,98699,100,98579,78,98700,137,98506,178,98701,178,98502,178,98818,178,98473,178,100534,378,98343,100,100564,7,98325,100,100579,100,98294,100,100836,100,98153,100,101009,100,,,101674,7,,
2019-06-28 13:50:30.000000000,98699,162,98506,162,98700,121,98502,162,98701,162,98473,162,98818,162,98343,162,100534,362,98325,162,100564,7,98294,100,100579,100,98153,100,100836,100,,,101009,100,,,101674,7,,
2019-06-28 13:50:36.416780607,98699,162,98580,100,98700,121,98506,162,98701,162,98502,162,98818,162,98473,162,100534,362,98343,162,100564,7,98325,162,100579,100,98294,100,100836,100,98153,100,101009,100,,,101674,7,,
2019-06-28 13:50:40.000000000,98699,410,98580,410,98700,59,98506,100,98701,100,98502,100,98818,100,98473,100,100534,300,98343,100,100564,7,98325,100,100579,100,98294,100,100836,100,98153,100,101009,100,,,101674,7,,
2019-06-28 13:50:50.000000000,98699,178,98580,178,98700,137,98506,178,98701,178,98502,178,98818,178,98473,178,100534,300,98343,100,100564,7,98325,100,100579,100,98294,100,100836,100,98153,100,101009,100,,,101674,7,,
2019-06-28 13:50:56.515549922,98699,178,98580,178,98700,137,98506,178,98701,178,98502,178,98818,178,98473,178,100534,300,98383,100,100564,7,98343,100,100579,100,98325,100,100836,100,98294,100,101009,100,98153,100,101674,7,,
2019-06-28 13:51:00.000000000,98699,21,98580,162,98700,121,98506,162,98701,162,98502,162,98818,162,98473,162,100534,362,98383,162,100564,7,98343,100,100579,100,98325,100,100836,100,98294,100,101009,100,98153,100,101674,7,,
2019-06-28 13:51:00.759208424,98699,21,98580,162,98700,121,98506,162,98701,162,98502,162,98818,162,98473,162,100534,362,98383,162,100564,7,98343,100,100579,100,98325,100,100836,100,98294,100,101009,100,98290,100,101674,7,98153,100
2019-06-28 13:51:04.146831705,98699,21,98580,62,98700,121,98506,162,98701,162,98502,162,98818,162,98473,162,100534,362,98383,162,100564,7,98343,100,100579,100,98325,100,100836,100,98294,100,101009,100,98290,100,101674,7,98153,100
2019-06-28 13:51:10.000000000,98700,164,98506,205,98701,202,98502,202,98818,202,98473,202,100534,300,98383,100,100564,7,98343,100,100579,100,98325,100,100836,100,98294,100,101009,100,98290,100,101674,7,98153,100,,,,
2019-06-28 13:51:20.000000000,98700,121,98506,162,98701,162,98502,162,98818,162,98473,162,100534,362,98383,162,100564,69,98343,162,100579,100,98325,100,100836,100,98294,100,101009,100,98290,100,101674,7,98153,100,,,,
2019-06-28 13:51:30.000000000,98700,164,98506,205,98701,202,98502,202,98818,202,98473,202,100534,300,98383,100,100564,7,98343,100,100579,100,98325,100,100836,100,98294,100,101009,100,98290,100,101674,7,98153,100,,,,
2019-06-28 13:51:31.020064586,98699,100,98506,205,98700,164,98502,202,98701,202,98473,202,98818,202,98383,100,100534,300,98343,100,100564,7,98325,100,100579,100,98294,100,100836,100,98290,100,101009,100,98153,100,101674,7,,
2019-06-28 13:51:40.000000000,98699,178,98506,178,98700,137,98502,178,98701,178,98473,178,98818,178,98383,178,100534,300,98343,100,100564,7,98325,100,100579,100,98294,100,100836,100,98290,100,101009,100,98153,100,101674,7,,
2019-06-28 13:51:50.000000000,98699,178,98506,178,98700,137,98502,178,98701,178,98473,178,98818,178,98383,178,100534,300,98343,100,100564,7,98325,100,100579,100,98294,100,100836,100,98290,100,101009,100,98153,100,101674,7,,
2019-06-28 13:52:00.000000000,98699,134,98506,135,98700,161,98502,202,98701,202,98473,202,98818,100,98383,100,100534,300,98343,100,100564,7,98325,100,100579,100,98294,100,100836,100,98290,100,101009,100,98153,100,101674,7,,
2019-06-28 13:52:10.000000000,98699,184,98506,185,98700,214,98502,255,98701,100,98473,100,98818,100,98383,100,100534,300,98343,100,100564,7,98325,100,100579,100,98294,100,100836,100,98290,100,101009,100,98153,100,101674,7,,
2019-06-28 13:52:20.000000000,98699,184,98506,185,98700,214,98502,255,98701,100,98473,100,98818,100,98383,100,100534,300,98343,100,100564,7,98325,100,100579,100,98294,100,100836,100,98290,100,101009,100,98153,100,101674,7,,
2019-06-28 13:52:30.000000000,98699,134,98506,135,98700,161,98502,202,98701,202,98473,202,98818,100,98383,100,100534,300,98343,100,100564,7,98325,100,100579,100,98294,100,100836,100,98290,100,101009,100,98153,100,101674,7,,
2019-06-28 13:52:40.000000000,98699,107,98506,108,98700,137,98502,178,98701,178,98473,178,98818,178,98383,178,100534,300,98343,100,100564,7,98325,100,100579,100,98294,100,100836,100,98290,100,101009,100,98153,100,101674,7,,
2019-06-28 13:52:50.000000000,98699,134,98506,135,98700,161,98502,202,98701,202,98473,202,98818,100,98383,100,100534,300,98343,100,100564,7,98325,100,100579,100,98294,100,100836,100,98290,100,101009,100,98153,100,101674,7,,
2019-06-28 13:53:00.000000000,98699,134,98506,8,98700,161,98502,202,98701,202,98473,202,98818,100,98383,100,100534,300,98343,100,100564,7,98325,100,100579,100,98294,100,100836,100,98290,100,101009,100,98153,100,101674,7,,
2019-06-28 13:53:08.360386006,98506,92,98502,202,98699,134,98473,202,98700,161,98383,100,98701,202,98343,100,98818,100,98325,100,100534,300,98294,100,100564,7,98290,100,100579,100,98153,100,100836,100,,,101009,100,,
2019-06-28 13:53:10.000000000,98506,247,98502,255,98699,184,98473,255,98700,59,98383,100,98701,100,98343,100,98818,100,98325,100,100534,300,98294,100,100564,7,98290,100,100579,100,98153,100,100836,100,,,101009,100,,
2019-06-28 13:53:20.000000000,98506,402,98502,410,98699,29,98473,100,98700,59,98383,100,98701,100,98343,100,98818,100,98325,100,100534,300,98294,100,100564,7,98290,100,100579,100,98153,100,100836,100,,,101009,100,,
2019-06-28 13:53:30.000000000,98506,247,98502,255,98699,184,98473,255,98700,59,98383,100,98701,100,98343,100,98818,100,98325,100,100534,300,98294,100,100564,7,98290,100,100579,100,98153,100,100836,100,,,101009,100,,
2019-06-28 13:53:40.000000000,98506,197,98502,205,98699,131,98473,202,98700,161,98383,202,98701,100,98343,100,98818,100,98325,100,100534,300,98294,100,100564,7,98290,100,100579,100,98153,100,100836,100,,,101009,100,,
2019-06-28 13:53:40.753320099,98506,197,98502,205,98699,131,98473,202,98700,161,98383,202,98701,100,98343,100,98818,100,98325,100,100534,200,98294,100,100564,7,98290,100,100579,100,98153,100,100836,100,,,101009,100,,
2019-06-28 13:53:40.852600765,98506,197,98502,205,98699,131,98473,202,98700,161,98383,202,98701,100,98343,100,98818,100,98325,100,100534,100,98294,100,100564,7,98290,100,100579,100,98153,100,100836,100,,,101009,100,,
2019-06-28 13:53:50.000000000,98506,170,98502,178,98699,107,98473,178,98700,137,98383,178,98701,178,98343,178,98818,100,98325,100,100534,100,98294,100,100564,7,98290,100,100579,100,98153,100,100836,100,,,101009,100,,
2019-06-28 13:54:00.000000000,98506,247,98502,128,98699,184,98473,255,98700,59,98383,100,98701,100,98343,100,98818,100,98325,100,100534,100,98294,100,100564,7,98290,100,100579,100,98153,100,100836,100,,,101009,100,,
2019-06-28 13:54:06.247183339,98506,247,98502,128,98699,184,98473,255,98700,59,98383,100,98701,100,98343,100,98818,100,98325,100,100534,100,98294,100,100564,7,98290,100,100579,100,98153,100,100836,100,97741,100,101009,100,,
2019-06-28 13:54:10.000000000,98506,247,98502,162,98699,184,98473,255,98700,59,98383,100,98701,100,98343,100,98818,100,98325,100,100534,100,98294,100,100564,7,98290,100,100579,100,98153,100,100836,100,97741,100,101009,100,,
2019-06-28 13:54:20.000000000,98506,197,98502,112,98699,131,98473,202,98700,161,98383,202,98701,100,98343,100,98818,100,98325,100,100534,100,98294,100,100564,7,98290,100,100579,100,98153,100,100836,100,97741,100,101009,100,,
2019-06-28 13:54:30.000000000,98506,154,98502,69,98699,91,98473,162,98700,121,98383,162,98701,162,98343,162,98818,162,98325,162,100534,100,98294,100,100564,7,98290,100,100579,100,98153,100,100836,100,97741,100,101009,100,,
2019-06-28 13:54:36.380332217,98506,154,98502,69,98699,91,98473,62,98700,121,98383,162,98701,162,98343,162,98818,162,98325,162,100534,100,98294,100,100564,7,98290,100,100579,100,98153,100,100836,100,97741,100,101009,100,97618,100
2019-06-28 13:54:40.000000000,98506,197,98502,112,98699,131,98383,202,98700,161,98343,202,98701,100,98325,100,98818,100,98294,100,100534,100,98290,100,100564,7,98153,100,100579,100,97741,100,100836,100,97618,100,101009,100,,
2019-06-28 13:54:41.724114479,98506,197,98502,12,98699,131,98383,202,98700,161,98343,202,98701,100,98325,100,98818,100,98294,100,100534,100,98290,100,100564,7,98153,100,100579,100,97741,100,100836,100,97618,100,101009,100,,
2019-06-28 13:54:50.000000000,98506,197,98383,205,98699,131,98343,202,98700,161,98325,202,98701,100,98294,100,98818,100,98290,100,100534,100,98153,100,100564,7,97741,100,100579,100,97618,100,100836,100,,,101009,100,,
2019-06-28 13:55:00.000000000,98506,197,98383,78,98699,131,98343,202,98700,161,98325,202,98701,100,98294,100,98818,100,98290,100,100534,100,98153,100,100564,7,97741,100,100579,100,97618,100,100836,100,,,101009,100,,
2019-06-28 13:55:10.000000000,98506,402,98383,317,98699,29,98343,100,98700,59,98325,100,98701,100,98294,100,98818,100,98290,100,100534,100,98153,100,100564,7,97741,100,100579,100,97618,100,100836,100,,,101009,100,,
2019-06-28 13:55:20.000000000,98506,402,98383,317,98699,29,98343,100,98700,59,98325,100,98701,100,98294,100,98818,100,98290,100,100534,100,98153,100,100564,7,97741,100,100579,100,97618,100,100836,100,,,101009,100,,
2019-06-28 13:55:30.000000000,98506,170,98383,85,98699,107,98343,178,98700,137,98325,178,98701,178,98294,178,98818,100,98290,100,100534,100,98153,100,100564,7,97741,100,100579,100,97618,100,100836,100,,,101009,100,,
2019-06-28 13:55:40.000000000,98506,197,98383,112,98699,131,98343,202,98700,161,98325,202,98701,100,98294,100,98818,100,98290,100,100534,100,98153,100,100564,7,97741,100,100579,100,97618,100,100836,100,,,101009,100,,
2019-06-28 13:55:50.000000000,98506,247,98383,162,98699,184,98343,255,98700,59,98325,100,98701,100,98294,100,98818,100,98290,100,100534,100,98153,100,100564,7,97741,100,100579,100,97618,100,100836,100,,,101009,100,,
2019-06-28 13:55:52.929324099,98506,247,98383,62,98699,184,98343,255,98701,100,98325,100,98818,100,98294,100,100534,100,98290,100,100564,7,98153,100,100579,100,97741,100,100836,100,97618,100,101009,100,,,101674,7,,
2019-06-28 13:56:00.000000000,98506,154,98343,35,98699,91,98325,162,98701,162,98294,162,98818,162,98290,162,100534,162,98153,162,100564,7,97741,100,100579,100,97618,100,100836,100,,,101009,100,,,101674,7,,
2019-06-28 13:56:08.171101804,98506,154,98343,35,98699,91,98325,162,98701,162,98294,162,98818,162,98290,162,100534,162,98153,162,100564,7,97863,100,100579,100,97741,100,100836,100,97618,100,101009,100,,,101674,7,,
2019-06-28 13:56:10.000000000,98506,247,98343,162,98699,184,98325,255,98701,100,98294,100,98818,100,98290,100,100534,100,98153,100,100564,7,97863,100,100579,100,97741,100,100836,100,97618,100,101009,100,,,101674,7,,
2019-06-28 13:56:20.000000000,98506,197,98343,112,98699,131,98325,202,98701,202,98294,202,98818,100,98290,100,100534,100,98153,100,100564,7,97863,100,100579,100,97741,100,100836,100,97618,100,101009,100,,,101674,7,,
2019-06-28 13:56:30.000000000,98506,247,98343,162,98699,184,98325,255,98701,100,98294,100,98818,100,98290,100,100534,100,98153,100,100564,7,97863,100,100579,100,97741,100,100836,100,97618,100,101009,100,,,101674,7,,
2019-06-28 13:56:40.000000000,98506,247,98343,162,98699,184,98325,255,98701,100,98294,100,98818,100,98290,100,100534,100,98153,100,100564,7,97863,100,100579,100,97741,100,100836,100,97618,100,101009,100,,,101674,7,,
2019-06-28 13:56:45.909671676,98506,247,98343,162,98699,184,98325,255,98701,100,98294,100,98754,100,98290,100,98818,100,98153,100,100534,100,97863,100,100564,7,97741,100,100579,100,97618,100,100836,100,,,101009,100,,
2019-06-28 13:56:50.000000000,98506,197,98343,112,98699,131,98325,202,98701,202,98294,202,98754,100,98290,100,98818,100,98153,100,100534,100,97863,100,100564,7,97741,100,100579,100,97618,100,100836,100,,,101009,100,,
2019-06-28 13:56:57.588576880,98506,197,98343,112,98699,131,98325,202,98701,202,98294,202,98754,100,98290,100,98818,100,98153,100,98974,100,97863,100,100534,100,97741,100,100564,7,97618,100,100579,100,,,100836,100,,
2019-06-28 13:56:58.615125670,98506,197,98343,112,98699,131,98325,202,98701,202,98294,202,98754,100,98290,100,98818,100,98153,100,98903,100,97863,100,98974,100,97741,100,100534,100,97618,100,100564,7,,,100579,100,,
2019-06-28 13:57:00.000000000,98506,402,98343,190,98699,29,98325,100,98701,100,98294,100,98754,100,98290,100,98818,100,98153,100,98903,100,97863,100,98974,100,97741,100,100534,100,97618,100,100564,7,,,100579,100,,
2019-06-28 13:57:10.000000000,98506,154,98343,69,98699,91,98325,162,98701,162,98294,162,98754,162,98290,162,98818,162,98153,162,98903,100,97863,100,98974,100,97741,100,100534,100,97618,100,100564,7,,,100579,100,,
2019-06-28 13:57:17.552105696,98506,154,98343,69,98590,100,98325,162,98699,91,98294,162,98701,162,98290,162,98754,162,98153,162,98818,162,97863,100,98903,100,97741,100,98974,100,97618,100,100534,100,,,100564,7,,
2019-06-28 13:57:20.000000000,98506,154,98343,69,98590,162,98325,162,98699,91,98294,162,98701,162,98290,162,98754,162,98153,162,98818,100,97863,100,98903,100,97741,100,98974,100,97618,100,100534,100,,,100564,7,,
2019-06-28 13:57:30.000000000,98506,402,98343,317,98590,100,98325,100,98699,29,98294,100,98701,100,98290,100,98754,100,98153,100,98818,100,97863,100,98903,100,97741,100,98974,100,97618,100,100534,100,,,100564,7,,
2019-06-28 13:57:40.000000000,98506,402,98343,317,98590,100,98325,100,98699,29,98294,100,98701,100,98290,100,98754,100,98153,100,98818,100,97863,100,98903,100,97741,100,98974,100,97618,100,100534,100,,,100564,7,,
2019-06-28 13:57:50.000000000,98506,402,98343,317,98590,100,98325,100,98699,29,98294,100,98701,100,98290,100,98754,100,98153,100,98818,100,97863,100,98903,100,97741,100,98974,100,97618,100,100534,100,,,100564,7,,
2019-06-28 13:58:00.000000000,98506,197,98325,187,98590,202,98294,202,98699,131,98290,100,98701,100,98153,100,98754,100,97863,100,98818,100,97741,100,98903,100,97618,100,98974,100,,,100534,100,,,100564,7,,
2019-06-28 13:58:02.150197238,98506,197,98325,287,98590,202,98294,202,98699,131,98290,100,98701,100,98153,100,98754,100,97863,100,98818,100,97741,100,98903,100,97618,100,98974,100,,,100534,100,,,100564,7,,
2019-06-28 13:58:10.000000000,98506,247,98325,340,98590,255,98294,255,98699,29,98290,100,98701,100,98153,100,98754,100,97863,100,98818,100,97741,100,98903,100,97618,100,98974,100,,,100534,100,,,100564,7,,
2019-06-28 13:58:20.000000000,98506,197,98325,290,98590,202,98294,202,98699,131,98290,202,98701,100,98153,100,98754,100,97863,100,98818,100,97741,100,98903,100,97618,100,98974,100,,,100534,100,,,100564,7,,
2019-06-28 13:58:30.000000000,98506,402,98325,495,98590,100,98294,100,98699,29,98290,100,98701,100,98153,100,98754,100,97863,100,98818,100,97741,100,98903,100,97618,100,98974,100,,,100534,100,,,100564,7,,
2019-06-28 13:58:32.379768160,98506,402,98325,595,98590,100,98294,100,98699,29,98290,100,98701,100,98153,100,98754,100,97863,100,98818,100,97741,100,98903,100,97618,100,98974,100,,,100534,100,,,100564,7,,
2019-06-28 13:58:38.918958647,98506,402,98325,595,98590,100,98294,100,98699,29,98290,100,98701,100,98153,100,98754,100,97863,100,98818,100,97741,100,98903,100,97618,100,98974,100,,,99641,100,,,100534,100,,
2019-06-28 13:58:40.000000000,98506,170,98325,363,98590,178,98294,178,98699,107,98290,178,98701,178,98153,178,98754,100,97863,100,98818,100,97741,100,98903,100,97618,100,98974,100,,,99641,100,,,100534,100,,
2019-06-28 13:58:50.000000000,98506,247,98325,440,98590,255,98294,255,98699,29,98290,100,98701,100,98153,100,98754,100,97863,100,98818,100,97741,100,98903,100,97618,100,98974,100,,,99641,100,,,100534,100,,
2019-06-28 13:59:00.000000000,98506,197,98325,263,98590,202,98294,202,98699,131,98290,202,98701,100,98153,100,98754,100,97863,100,98818,100,97741,100,98903,100,97618,100,98974,100,,,99641,100,,,100534,100,,
2019-06-28 13:59:09.855444275,98506,197,98325,263,98590,102,98294,202,98699,131,98290,202,98701,100,98153,100,98754,100,97863,100,98818,100,97741,100,98903,100,97618,100,98974,100,,,99592,100,,,99641,100,,
2019-06-28 13:59:10.000000000,98506,197,98325,263,98699,131,98294,202,98701,202,98290,202,98754,100,98153,100,98818,100,97863,100,98903,100,97741,100,98974,100,97618,100,99592,100,,,99641,100,,,100534,100,,
2019-06-28 13:59:20.000000000,98506,197,98325,263,98699,131,98294,202,98701,202,98290,202,98754,100,98153,100,98818,100,97863,100,98903,100,97741,100,98974,100,97618,100,99592,100,,,99641,100,,,100534,100,,
2019-06-28 13:59:20.535823329,98506,197,98325,263,98699,131,98294,202,98701,202,98290,202,98754,100,98153,100,98818,100,97863,100,98903,100,97741,100,98974,100,97618,100,99592,100,,,99641,100,,,100087,100,,
2019-06-28 13:59:30.000000000,98506,154,98325,220,98699,91,98294,162,98701,162,98290,162,98754,162,98153,162,98818,162,97863,162,98903,100,97741,100,98974,100,97618,100,99592,100,,,99641,100,,,100087,100,,
2019-06-28 13:59:40.000000000,98506,170,98325,236,98699,107,98294,178,98701,178,98290,178,98754,178,98153,178,98818,100,97863,100,98903,100,97741,100,98974,100,97618,100,99592,100,,,99641,100,,,100087,100,,
2019-06-28 13:59:50.000000000,98506,247,98325,313,98699,184,98294,255,98701,100,98290,100,98754,100,98153,100,98818,100,97863,100,98903,100,97741,100,98974,100,97618,100,99592,100,,,99641,100,,,100087,100,,
2019-06-28 13:59:52.574084563,98506,147,98325,313,98699,184,98294,255,98701,100,98290,100,98754,100,98153,100,98818,100,97863,100,98903,100,97741,100,98974,100,97618,100,99592,100,,,99641,100,,,100087,100,,
2019-06-28 13:59:57.701938575,98506,147,98325,313,98699,184,98294,255,98701,100,98290,100,98754,100,98153,100,98818,100,97863,100,98903,100,97741,100,98974,100,97618,100,99592,100,,,99641,100,,,99907,100,,
2019-06-28 14:00:00.000000000,98699,184,98325,179,98701,255,98294,255,98754,100,98290,100,98818,100,98153,100,98903,100,97863,100,98974,100,97741,100,99592,100,97618,100,99641,100,,,99907,100,,,100087,100,,
2019-06-28 14:00:10.000000000,98699,134,98325,129,98701,202,98294,202,98754,202,98290,202,98818,100,98153,100,98903,100,97863,100,98974,100,97741,100,99592,100,97618,100,99641,100,,,99907,100,,,100087,100,,
2019-06-28 14:00:11.899295513,98699,134,98325,129,98701,202,98294,202,98754,202,98290,102,98818,100,98153,100,98903,100,97863,100,98974,100,97741,100,99592,100,97618,100,99641,100,,,99725,100,,,99907,100,,
2019-06-28 14:00:19.849585415,98699,34,98325,129,98701,202,98294,202,98754,202,98290,102,98818,100,98153,100,98974,100,97863,100,99592,100,97741,100,99641,100,97618,100,99725,100,,,99907,100,,,100087,100,,
2019-06-28 14:00:20.000000000,98701,178,98325,102,98754,178,98294,178,98818,178,98153,178,98974,178,97863,178,99592,100,97741,100,99641,100,97618,100,99725,100,,,99907,100,,,100087,100,,,100534,100,,
2019-06-28 14:00:27.118909117,98701,178,98325,102,98754,178,98294,178,98818,178,98153,178,98974,178,97863,178,99592,100,97741,100,99641,100,97618,100,99703,100,,,99725,100,,,99907,100,,,100534,100,,
2019-06-28 14:00:27.543935818,98701,178,98325,102,98754,178,98294,178,98818,178,98153,178,98974,178,97863,178,99528,100,97741,100,99592,100,97618,100,99641,100,,,99703,100,,,99725,100,,,99907,100,,
2019-06-28 14:00:30.000000000,98701,162,98325,86,98754,162,98294,162,98818,162,98153,162,98974,162,97863,162,99528,162,97741,162,99592,100,97618,100,99641,100,,,99703,100,,,99725,100,,,99907,100,,
2019-06-28 14:00:35.679759176,98701,62,98325,86,98754,162,98294,162,98818,162,98153,162,98974,162,97863,162,99528,162,97741,162,99592,100,97618,100,99641,100,,,99703,100,,,99725,100,,,99907,100,,
2019-06-28 14:00:40.000000000,98754,205,98325,129,98818,202,98294,202,98974,202,98153,202,99528,100,97863,100,99592,100,97741,100,99641,100,97618,100,99703,100,,,99725,100,,,99907,100,,,100534,100,,
2019-06-28 14:00:45.487913372,98754,205,98325,129,98818,202,98294,202,98974,202,98153,202,99528,100,97863,100,99592,100,97741,100,99641,100,97618,100,99703,100,,,99725,100,,,99804,100,,,99907,100,,
2019-06-28 14:00:47.868549018,98754,105,98325,129,98818,202,98294,202,98974,202,98153,202,99528,100,97863,100,99592,100,97741,100,99641,100,97618,100,99703,100,,,99725,100,,,99804,100,,,99907,100,,
2019-06-28 14:00:48.088441762,98754,105,98701,100,98818,202,98325,129,98974,202,98294,202,99528,100,98153,202,99592,100,97863,100,99641,100,97741,100,99703,100,97618,100,99725,100,,,99804,100,,,99907,100,,
2019-06-28 14:00:50.000000000,98818,410,98701,410,98974,100,98325,24,99528,100,98294,100,99592,100,98153,100,99641,100,97863,100,99703,100,97741,100,99725,100,97618,100,99804,100,,,99907,100,,,100534,100,,
2019-06-28 14:00:52.049936049,98818,310,98701,410,98974,100,98325,24,99528,100,98294,100,99592,100,98153,100,99641,100,97863,100,99703,100,97741,100,99725,100,97618,100,99804,100,,,99907,100,,,100534,100,,
2019-06-28 14:00:58.254208831,98818,310,98701,410,98974,100,98325,24,99528,100,98294,100,99548,100,98153,100,99592,100,97863,100,99641,100,97741,100,99703,100,97618,100,99725,100,,,99804,100,,,99907,100,,
2019-06-28 14:01:00.000000000,98974,178,98701,44,99528,178,98325,102,99548,178,98294,178,99592,178,98153,178,99641,100,97863,100,99703,100,97741,100,99725,100,97618,100,99804,100,,,99907,100,,,100534,100,,
2019-06-28 14:01:10.000000000,98974,178,98325,102,99528,178,98294,178,99548,178,98153,178,99592,178,97863,178,99641,100,97741,100,99703,100,97618,100,99725,100,,,99804,100,,,99907,100,,,100534,100,,
2019-06-28 14:01:12.899331286,98974,78,98325,102,99528,178,98294,178,99548,178,98153,178,99592,178,97863,178,99641,100,97741,100,99703,100,,,99725,100,,,99804,100,,,99907,100,,,100534,100,,
2019-06-28 14:01:20.000000000,99528,178,98325,102,99548,178,98294,178,99592,178,98153,178,99641,178,97863,178,99703,100,97741,100,99725,100,,,99804,100,,,99907,100,,,100534,100,,,100564,7,,
2019-06-28 14:01:22.483583142,99528,178,99311,100,99548,178,98325,102,99592,178,98294,178,99641,178,98153,178,99703,100,97863,178,99725,100,97741,100,99804,100,,,99907,100,,,100534,100,,,100564,7,,
2019-06-28 14:01:30.000000000,99528,205,99311,205,99548,202,98325,126,99592,202,98294,202,99641,100,98153,100,99703,100,97863,100,99725,100,97741,100,99804,100,,,99907,100,,,100534,100,,,100564,7,,
2019-06-28 14:01:40.000000000,99528,205,99311,205,99548,202,98325,126,99592,202,98294,202,99641,100,98153,100,99703,100,97863,100,99725,100,97741,100,99804,100,,,99907,100,,,100534,100,,,100564,7,,
2019-06-28 14:01:50.000000000,99528,178,99311,178,99548,178,98325,102,99592,178,98294,178,99641,178,98153,178,99703,100,97863,100,99725,100,97741,100,99804,100,,,99907,100,,,100534,100,,,100564,7,,
2019-06-28 14:02:00.000000000,99528,410,99311,276,99548,100,98325,24,99592,100,98294,100,99641,100,98153,100,99703,100,97863,100,99725,100,97741,100,99804,100,,,99907,100,,,100534,100,,,100564,7,,
2019-06-28 14:02:08.041603027,99528,310,99311,276,99548,100,98325,24,99592,100,98294,100,99641,100,98153,100,99703,100,97863,100,99725,100,97741,100,99804,100,,,99907,100,,,100534,100,,,100564,7,,
2019-06-28 14:02:10.000000000,99548,178,98325,102,99592,178,98294,178,99641,178,98153,178,99703,178,97863,178,99725,100,97741,100,99804,100,,,99907,100,,,100534,100,,,100564,7,,,100579,100,,
2019-06-28 14:02:12.124821342,99548,178,99311,100,99592,178,98325,102,99641,178,98294,178,99703,178,98153,178,99725,100,97863,178,99804,100,97741,100,99907,100,,,100534,100,,,100564,7,,,100579,100,,
2019-06-28 14:02:20.000000000,99548,178,99311,178,99592,178,98325,102,99641,178,98294,178,99703,178,98153,178,99725,100,97863,100,99804,100,97741,100,99907,100,,,100534,100,,,100564,7,,,100579,100,,
2019-06-28 14:02:24.212357819,99548,78,99311,178,99592,178,98325,102,99641,178,98294,178,99703,178,98153,178,99725,100,97863,100,99804,100,97741,100,99907,100,,,100534,100,,,100564,7,,,100579,100,,
2019-06-28 14:02:24.418194742,99548,78,99311,178,99592,178,98325,102,99641,178,98294,178,99703,178,98153,178,99725,100,97863,100,99804,100,97741,100,99907,100,,,100271,100,,,100534,100,,,100564,7,,
2019-06-28 14:02:30.000000000,99592,205,99311,205,99641,202,98325,126,99703,202,98294,202,99725,100,98153,100,99804,100,97863,100,99907,100,97741,100,100271,100,,,100534,100,,,100564,7,,,100579,100,,
2019-06-28 14:02:40.000000000,99592,178,99311,178,99641,178,98325,102,99703,178,98294,178,99725,178,98153,178,99804,100,97863,100,99907,100,97741,100,100271,100,,,100534,100,,,100564,7,,,100579,100,,
2019-06-28 14:02:50.000000000,99592,410,99311,410,99641,100,98325,24,99703,100,98294,100,99725,100,98153,100,99804,100,97863,100,99907,100,97741,100,100271,100,,,100534,100,,,100564,7,,,100579,100,,
2019-06-28 14:02:53.665136318,99592,410,99311,410,99641,100,98325,24,99703,100,98294,100,99725,100,98153,100,99804,100,97863,100,99907,100,97741,100,100119,100,,,100271,100,,,100534,100,,,100564,7,,
2019-06-28 14:03:00.000000000,99592,255,99311,121,99641,255,98325,179,99703,100,98294,100,99725,100,98153,100,99804,100,97863,100,99907,100,97741,100,100119,100,,,100271,100,,,100534,100,,,100564,7,,
2019-06-28 14:03:10.000000000,99592,162,98325,86,99641,162,98294,162,99703,162,98153,162,99725,162,97863,162,99804,162,97741,162,99907,100,,,100119,100,,,100271,100,,,100534,100,,,100564,7,,
2019-06-28 14:03:14.652618615,99592,62,98325,86,99641,162,98294,162,99703,162,98153,162,99725,162,97863,162,99804,162,97741,162,99907,100,,,100119,100,,,100271,100,,,100534,100,,,100564,7,,
2019-06-28 14:03:20.000000000,99641,410,98325,334,99703,100,98294,100,99725,100,98153,100,99804,100,97863,100,99907,100,97741,100,100119,100,,,100271,100,,,100534,100,,,100564,7,,,100579,100,,
2019-06-28 14:03:30.000000000,99641,178,98325,102,99703,178,98294,178,99725,178,98153,178,99804,178,97863,178,99907,100,97741,100,100119,100,,,100271,100,,,100534,100,,,100564,7,,,100579,100,,
2019-06-28 14:03:36.988387799,99641,178,99311,100,99703,178,98325,102,99725,178,98294,178,99804,178,98153,178,99907,100,97863,178,100119,100,97741,100,100271,100,,,100534,100,,,100564,7,,,100579,100,,
2019-06-28 14:03:40.000000000,99641,410,99311,410,99703,100,98325,24,99725,100,98294,100,99804,100,98153,100,99907,100,97863,100,100119,100,97741,100,100271,100,,,100534,100,,,100564,7,,,100579,100,,
2019-06-28 14:03:48.084158394,99641,410,99311,410,99703,100,98325,24,99725,100,98294,100,99804,100,98153,100,99827,100,97863,100,99907,100,97741,100,100119,100,,,100271,100,,,100534,100,,,100564,7,,
2019-06-28 14:03:50.000000000,99641,410,99311,410,99703,100,98325,24,99725,100,98294,100,99804,100,98153,100,99827,100,97863,100,99907,100,97741,100,100119,100,,,100271,100,,,100534,100,,,100564,7,,
2019-06-28 14:04:00.000000000,99641,178,99311,44,99703,178,98325,102,99725,178,98294,178,99804,178,98153,178,99827,100,97863,100,99907,100,97741,100,100119,100,,,100271,100,,,100534,100,,,100564,7,,
2019-06-28 14:04:08.178552337,99641,178,99590,100,99703,178,99311,44,99725,178,98325,102,99804,178,98294,178,99827,100,98153,178,99907,100,97863,100,100119,100,97741,100,100271,100,,,100534,100,,,100564,7,,
2019-06-28 14:04:10.000000000,99641,205,99590,205,99703,202,98325,126,99725,202,98294,202,99804,100,98153,100,99827,100,97863,100,99907,100,97741,100,100119,100,,,100271,100,,,100534,100,,,100564,7,,
2019-06-28 14:04:20.000000000,99641,255,99590,255,99703,255,98325,179,99725,100,98294,100,99804,100,98153,100,99827,100,97863,100,99907,100,97741,100,100119,100,,,100271,100,,,100534,100,,,100564,7,,
2019-06-28 14:04:27.703354895,99641,255,99590,255,99703,255,98325,162,99725,100,98294,100,99804,100,98153,100,99827,100,97863,100,99907,100,97741,100,100119,100,,,100271,100,,,100534,100,,,100564,7,,
2019-06-28 14:04:30.000000000,99641,410,99590,410,99703,100,98325,7,99725,100,98294,100,99804,100,98153,100,99827,100,97863,100,99907,100,97741,100,100119,100,,,100271,100,,,100534,100,,,100564,7,,
2019-06-28 14:04:38.658030190,99641,410,99590,410,99703,100,99458,100,99725,100,98325,7,99804,100,98294,100,99827,100,98153,100,99907,100,97863,100,100119,100,97741,100,100271,100,,,100534,100,,,100564,7,,
2019-06-28 14:04:40.000000000,99641,178,99590,178,99703,178,99458,178,99725,178,98325,85,99804,178,98294,178,99827,100,98153,100,99907,100,97863,100,100119,100,97741,100,100271,100,,,100534,100,,,100564,7,,
2019-06-28 14:04:50.000000000,99641,162,99590,162,99703,162,99458,162,99725,162,98325,69,99804,162,98294,162,99827,162,98153,162,99907,100,97863,100,100119,100,97741,100,100271,100,,,100534,100,,,100564,7,,
2019-06-28 14:05:00.000000000,99641,178,99590,44,99703,178,99458,178,99725,178,98325,85,99804,178,98294,178,99827,100,98153,100,99907,100,97863,100,100119,100,97741,100,100271,100,,,100534,100,,,100564,7,,
2019-06-28 14:05:07.901295873,99641,78,99590,44,99703,178,99458,178,99725,178,98325,85,99804,178,98294,178,99827,100,98153,100,99907,100,97863,100,100119,100,97741,100,100271,100,,,100534,100,,,100564,7,,
2019-06-28 14:05:10.000000000,99703,162,99458,162,99725,162,98325,69,99804,162,98294,162,99827,162,98153,162,99907,162,97863,162,100119,100,97741,100,100271,100,,,100534,100,,,100564,7,,,100836,100,,
2019-06-28 14:05:14.000224576,99608,100,99458,162,99703,162,98325,69,99725,162,98294,162,99804,162,98153,162,99827,162,97863,162,99907,162,97741,100,100119,100,,,100271,100,,,100534,100,,,100564,7,,
2019-06-28 14:05:20.000000000,99608,205,99458,205,99703,202,98325,109,99725,202,98294,202,99804,100,98153,100,99827,100,97863,100,99907,100,97741,100,100119,100,,,100271,100,,,100534,100,,,100564,7,,
2019-06-28 14:05:25.137330320,99608,205,99579,100,99703,202,99458,205,99725,202,98325,109,99804,100,98294,202,99827,100,98153,100,99907,100,97863,100,100119,100,97741,100,100271,100,,,100534,100,,,100564,7,,
2019-06-28 14:05:30.000000000,99608,162,99579,162,99703,162,99458,162,99725,162,98325,69,99804,162,98294,162,99827,162,98153,162,99907,100,97863,100,100119,100,97741,100,100271,100,,,100534,100,,,100564,7,,
2019-06-28 14:05:30.775818769,99608,162,99579,162,99703,162,99458,162,99725,162,98325,69,99804,162,98294,162,99827,162,98153,162,99902,100,97863,100,99907,100,97741,100,100119,100,,,100271,100,,,100534,100,,
2019-06-28 14:05:34.856483512,99608,162,99579,162,99698,100,99458,162,99703,162,98325,69,99725,162,98294,162,99804,162,98153,162,99827,162,97863,100,99902,100,97741,100,99907,100,,,100119,100,,,100271,100,,
2019-06-28 14:05:36.828693933,99608,162,99590,100,99698,100,99579,162,99703,162,99458,162,99725,162,98325,69,99804,162,98294,162,99827,162,98153,162,99902,100,97863,100,99907,100,97741,100,100119,100,,,100271,100,,
2019-06-28 14:05:40.000000000,99608,410,99590,410,99698,100,99579,100,99703,100,99458,100,99725,100,98325,7,99804,100,98294,100,99827,100,98153,100,99902,100,97863,100,99907,100,97741,100,100119,100,,,100271,100,,
2019-06-28 14:05:43.542591771,99608,410,99590,410,99703,100,99579,100,99718,100,99458,100,99725,100,98325,7,99804,100,98294,100,99827,100,98153,100,99902,100,97863,100,99907,100,97741,100,100119,100,,,100271,100,,
2019-06-28 14:05:50.000000000,99608,162,99590,162,99703,162,99579,162,99718,162,99458,162,99725,162,98325,69,99804,162,98294,162,99827,100,98153,100,99902,100,97863,100,99907,100,97741,100,100119,100,,,100271,100,,
2019-06-28 14:05:51.590855983,99608,162,99590,262,99703,162,99579,162,99718,162,99458,162,99725,162,98325,69,99804,162,98294,162,99827,100,98153,100,99902,100,97863,100,99907,100,97741,100,100119,100,,,100271,100,,
2019-06-28 14:06:00.000000000,99608,178,99590,144,99703,178,99579,178,99718,178,99458,178,99725,178,98325,85,99804,100,98294,100,99827,100,98153,100,99902,100,97863,100,99907,100,97741,100,100119,100,,,100271,100,,
2019-06-28 14:06:10.000000000,99608,410,99590,376,99703,100,99579,100,99718,100,99458,100,99725,100,98325,7,99804,100,98294,100,99827,100,98153,100,99902,100,97863,100,99907,100,97741,100,100119,100,,,100271,100,,
2019-06-28 14:06:13.606713357,99608,410,99590,376,99703,100,99579,100,99718,100,99458,100,99725,100,98325,7,99804,100,98294,100,99810,100,98153,100,99827,100,97863,100,99902,100,97741,100,99907,100,,,100119,100,,
2019-06-28 14:06:20.000000000,99608,205,99590,171,99703,202,99579,202,99718,202,99458,202,99725,100,98325,7,99804,100,98294,100,99810,100,98153,100,99827,100,97863,100,99902,100,97741,100,99907,100,,,100119,100,,
2019-06-28 14:06:30.000000000,99608,178,99590,144,99703,178,99579,178,99718,178,99458,178,99725,178,98325,85,99804,100,98294,100,99810,100,98153,100,99827,100,97863,100,99902,100,97741,100,99907,100,,,100119,100,,
2019-06-28 14:06:39.660724092,99608,178,99590,144,99703,178,99579,178,99718,178,99458,178,99725,178,98325,85,99804,100,98294,100,99810,100,98153,100,99827,100,97863,100,99902,100,97741,100,99907,100,,,100119,100,,
2019-06-28 14:06:40.000000000,99608,178,99590,144,99703,178,99579,178,99718,178,99458,178,99725,178,98325,85,99804,100,98294,100,99810,100,98153,100,99827,100,97863,100,99902,100,97741,100,99907,100,,,100119,100,,
2019-06-28 14:06:45.902030733,99608,178,99590,144,99703,178,99579,178,99718,178,99458,178,99725,178,98325,85,99804,100,98294,100,99810,100,98153,100,99827,100,97863,100,99900,100,97741,100,99902,100,,,99907,100,,
2019-06-28 14:06:47.270484347,99608,78,99590,144,99703,178,99579,178,99718,178,99458,78,99725,178,98325,85,99804,100,98294,100,99810,100,98153,100,99827,100,97863,100,99900,100,97741,100,99902,100,,,99907,100,,
2019-06-28 14:06:50.000000000,99703,410,99590,376,99718,100,99579,100,99725,100,98325,7,99804,100,98294,100,99810,100,98153,100,99827,100,97863,100,99900,100,97741,100,99902,100,,,99907,100,,,100119,100,,
2019-06-28 14:07:00.000000000,99703,205,99590,37,99718,202,99579,202,99725,202,98325,109,99804,100,98294,100,99810,100,98153,100,99827,100,97863,100,99900,100,97741,100,99902,100,,,99907,100,,,100119,100,,
2019-06-28 14:07:06.996349763,99703,205,99590,37,99718,202,99579,202,99725,202,98325,109,99804,100,98294,100,99810,100,98153,100,99827,100,97863,100,99900,100,97741,100,99902,100,,,99907,100,,,100119,100,,
2019-06-28 14:07:08.258781329,99703,205,99590,137,99718,202,99579,202,99725,202,98325,109,99804,100,98294,100,99810,100,98153,100,99827,100,97863,100,99900,100,97741,100,99902,100,,,99907,100,,,100119,100,,
2019-06-28 14:07:08.455054105,99703,205,99590,137,99718,202,99579,202,99725,202,99534,100,99804,100,98325,109,99810,100,98294,100,99827,100,98153,100,99900,100,97863,100,99902,100,97741,100,99907,100,,,100119,100,,
2019-06-28 14:07:10.000000000,99703,205,99590,205,99718,202,99579,202,99725,202,99534,202,99804,100,98325,7,99810,100,98294,100,99827,100,98153,100,99900,100,97863,100,99902,100,97741,100,99907,100,,,100119,100,,
2019-06-28 14:07:20.000000000,99703,205,99590,205,99718,202,99579,202,99725,202,99534,202,99804,100,98325,7,99810,100,98294,100,99827,100,98153,100,99900,100,97863,100,99902,100,97741,100,99907,100,,,100119,100,,
2019-06-28 14:07:22.772234370,99703,205,99590,105,99718,202,99579,202,99725,202,99534,202,99804,100,98325,7,99810,100,98294,100,99827,100,98153,100,99900,100,97863,100,99902,100,97741,100,99907,100,,,100119,100,,
2019-06-28 14:07:30.000000000,99703,178,99579,178,99718,178,99534,178,99725,178,98325,85,99804,178,98294,178,99810,100,98153,100,99827,100,97863,100,99900,100,97741,100,99902,100,,,99907,100,,,100119,100,,
2019-06-28 14:07:40.000000000,99703,178,99579,178,99718,178,99534,178,99725,178,98325,85,99804,178,98294,178,99810,100,98153,100,99827,100,97863,100,99900,100,97741,100,99902,100,,,99907,100,,,100119,100,,
2019-06-28 14:07:50.000000000,99703,255,99579,255,99718,255,99534,255,99725,100,98325,7,99804,100,98294,100,99810,100,98153,100,99827,100,97863,100,99900,100,97741,100,99902,100,,,99907,100,,,100119,100,,
2019-06-28 14:08:00.000000000,99703,410,99579,276,99718,100,99534,100,99725,100,98325,7,99804,100,98294,100,99810,100,98153,100,99827,100,97863,100,99900,100,97741,100,99902,100,,,99907,100,,,100119,100,,
2019-06-28 14:08:10.000000000,99703,205,99534,205,99718,202,98325,109,99725,202,98294,202,99804,100,98153,100,99810,100,97863,100,99827,100,97741,100,99900,100,,,99902,100,,,99907,100,,,100119,100,,
2019-06-28 14:08:20.000000000,99703,162,99534,162,99718,162,98325,69,99725,162,98294,162,99804,162,98153,162,99810,162,97863,162,99827,100,97741,100,99900,100,,,99902,100,,,99907,100,,,100119,100,,
2019-06-28 14:08:30.000000000,99703,410,99534,410,99718,100,98325,7,99725,100,98294,100,99804,100,98153,100,99810,100,97863,100,99827,100,97741,100,99900,100,,,99902,100,,,99907,100,,,100119,100,,
2019-06-28 14:08:40.000000000,99703,205,99534,205,99718,202,98325,109,99725,202,98294,202,99804,100,98153,100,99810,100,97863,100,99827,100,97741,100,99900,100,,,99902,100,,,99907,100,,,100119,100,,
2019-06-28 14:08:50.000000000,99703,178,99534,178,99718,178,98325,85,99725,178,98294,178,99804,178,98153,178,99810,100,97863,100,99827,100,97741,100,99900,100,,,99902,100,,,99907,100,,,100119,100,,
2019-06-28 14:08:50.343444953,99703,178,99534,178,99718,178,98325,85,99725,178,98294,78,99804,178,98153,178,99810,100,97863,100,99827,100,97741,100,99900,100,,,99902,100,,,99907,100,,,100119,100,,
2019-06-28 14:09:00.000000000,99703,205,99534,71,99718,202,98325,109,99725,202,98153,202,99804,100,97863,100,99810,100,97741,100,99827,100,,,99900,100,,,99902,100,,,99907,100,,,100119,100,,
2019-06-28 14:09:08.921963512,99703,205,99534,171,99718,202,98325,109,99725,202,98153,202,99804,100,97863,100,99810,100,97741,100,99827,100,,,99900,100,,,99902,100,,,99907,100,,,100119,100,,
2019-06-28 14:09:10.000000000,99703,178,99534,178,99718,178,98325,85,99725,178,98153,178,99804,178,97863,178,99810,100,97741,100,99827,100,,,99900,100,,,99902,100,,,99907,100,,,100119,100,,
2019-06-28 14:09:20.000000000,99703,255,99534,255,99718,255,98325,162,99725,100,98153,100,99804,100,97863,100,99810,100,97741,100,99827,100,,,99900,100,,,99902,100,,,99907,100,,,100119,100,,
2019-06-28 14:09:30.000000000,99703,410,99534,410,99718,100,98325,7,99725,100,98153,100,99804,100,97863,100,99810,100,97741,100,99827,100,,,99900,100,,,99902,100,,,99907,100,,,100119,100,,
2019-06-28 14:09:40.000000000,99703,205,99534,205,99718,202,98325,109,99725,202,98153,202,99804,100,97863,100,99810,100,97741,100,99827,100,,,99900,100,,,99902,100,,,99907,100,,,100119,100,,
2019-06-28 14:09:50.000000000,99703,205,99534,205,99718,202,98325,109,99725,202,98153,202,99804,100,97863,100,99810,100,97741,100,99827,100,,,99900,100,,,99902,100,,,99907,100,,,100119,100,,
2019-06-28 14:10:00.000000000,99703,178,99534,44,99718,178,98325,85,99725,178,98153,178,99804,178,97863,178,99810,100,97741,100,99827,100,,,99900,100,,,99902,100,,,99907,100,,,100119,100,,
2019-06-28 14:10:00.204685859,99703,178,99534,44,99718,178,98325,85,99725,178,98153,178,99804,178,97863,178,99810,100,97741,100,99827,100,,,99900,100,,,99902,100,,,99907,100,,,100119,100,,
2019-06-28 14:10:10.000000000,99703,255,98325,162,99718,255,98153,255,99725,100,97863,100,99804,100,97741,100,99810,100,,,99827,100,,,99900,100,,,99902,100,,,99907,100,,,100119,100,,
2019-06-28 14:10:20.000000000,99703,255,98325,162,99718,255,98153,255,99725,100,97863,100,99804,100,97741,100,99810,100,,,99827,100,,,99900,100,,,99902,100,,,99907,100,,,100119,100,,
2019-06-28 14:10:30.000000000,99703,255,98325,162,99718,255,98153,255,99725,100,97863,100,99804,100,97741,100,99810,100,,,99827,100,,,99900,100,,,99902,100,,,99907,100,,,100119,100,,
2019-06-28 14:10:40.000000000,99703,178,98325,85,99718,178,98153,178,99725,178,97863,178,99804,178,97741,178,99810,100,,,99827,100,,,99900,100,,,99902,100,,,99907,100,,,100119,100,,
2019-06-28 14:10:42.256189621,99703,178,99534,100,99718,178,98325,85,99725,178,98153,178,99804,178,97863,178,99810,100,97741,178,99827,100,,,99900,100,,,99902,100,,,99907,100,,,100119,100,,
2019-06-28 14:10:44.892553434,99703,178,99534,200,99718,178,98325,85,99725,178,98153,178,99804,178,97863,178,99810,100,97741,178,99827,100,,,99900,100,,,99902,100,,,99907,100,,,100119,100,,
2019-06-28 14:10:50.000000000,99703,205,99534,305,99718,202,98325,109,99725,202,98153,202,99804,100,97863,100,99810,100,97741,100,99827,100,,,99900,100,,,99902,100,,,99907,100,,,100119,100,,
2019-06-28 14:10:52.365378605,99703,105,99534,305,99718,202,98325,109,99725,202,98153,202,99804,100,97863,100,99810,100,97741,100,99827,100,,,99900,100,,,99902,100,,,99907,100,,,100119,100,,
2019-06-28 14:11:00.000000000,99718,205,99534,171,99725,202,98325,109,99804,202,98153,202,99810,100,97863,100,99827,100,97741,100,99900,100,,,99902,100,,,99907,100,,,100119,100,,,100252,100,,
2019-06-28 14:11:04.939171312,99718,205,99534,171,99725,202,98325,109,99804,202,98153,202,99810,100,97863,100,99827,100,97741,100,99856,100,,,99900,100,,,99902,100,,,99907,100,,,100119,100,,
2019-06-28 14:11:10.000000000,99718,205,99534,171,99725,202,98325,109,99804,202,98153,202,99810,100,97863,100,99827,100,97741,100,99856,100,,,99900,100,,,99902,100,,,99907,100,,,100119,100,,
2019-06-28 14:11:20.000000000,99718,162,99534,128,99725,162,98325,69,99804,162,98153,162,99810,162,97863,162,99827,162,97741,162,99856,100,,,99900,100,,,99902,100,,,99907,100,,,100119,100,,
2019-06-28 14:11:30.000000000,99718,178,99534,144,99725,178,98325,85,99804,178,98153,178,99810,178,97863,178,99827,100,97741,100,99856,100,,,99900,100,,,99902,100,,,99907,100,,,100119,100,,
2019-06-28 14:11:40.000000000,99718,162,99534,128,99725,162,98325,69,99804,162,98153,162,99810,162,97863,162,99827,162,97741,162,99856,100,,,99900,100,,,99902,100,,,99907,100,,,100119,100,,
2019-06-28 14:11:50.000000000,99718,162,99534,128,99725,162,98325,69,99804,162,98153,162,99810,162,97863,162,99827,162,97741,162,99856,100,,,99900,100,,,99902,100,,,99907,100,,,100119,100,,
2019-06-28 14:11:55.121152631,99718,162,99534,128,99725,162,98325,69,99804,162,98153,162,99810,162,97863,162,99827,162,97741,62,99856,100,,,99900,100,,,99902,100,,,99907,100,,,100119,100,,
2019-06-28 14:12:00.000000000,99718,205,99534,37,99725,202,98325,109,99804,202,98153,202,99810,100,97863,100,99827,100,,,99856,100,,,99900,100,,,99902,100,,,99907,100,,,100119,100,,
2019-06-28 14:12:10.000000000,99718,410,98325,317,99725,100,98153,100,99804,100,97863,100,99810,100,,,99827,100,,,99856,100,,,99900,100,,,99902,100,,,99907,100,,,100119,100,,
2019-06-28 14:12:11.422782704,99718,310,98325,317,99725,100,98153,100,99804,100,97863,100,99810,100,,,99827,100,,,99856,100,,,99900,100,,,99902,100,,,99907,100,,,100119,100,,
2019-06-28 14:12:17.798719491,99718,310,98325,317,99725,100,98153,100,99804,100,97863,100,99810,100,,,99827,100,,,99856,100,,,99900,100,,,99902,100,,,99907,100,,,100119,100,,
2019-06-28 14:12:20.000000000,99725,255,98325,162,99804,255,98153,255,99810,100,97863,100,99827,100,,,99856,100,,,99900,100,,,99902,100,,,99907,100,,,100119,100,,,100195,100,,
2019-06-28 14:12:30.000000000,99725,205,98325,112,99804,202,98153,202,99810,202,97863,202,99827,100,,,99856,100,,,99900,100,,,99902,100,,,99907,100,,,100119,100,,,100195,100,,
2019-06-28 14:12:40.000000000,99725,255,98325,162,99804,255,98153,255,99810,100,97863,100,99827,100,,,99856,100,,,99900,100,,,99902,100,,,99907,100,,,100119,100,,,100195,100,,
2019-06-28 14:12:50.000000000,99725,205,98325,112,99804,202,98153,202,99810,202,97863,202,99827,100,,,99856,100,,,99900,100,,,99902,100,,,99907,100,,,100119,100,,,100195,100,,
2019-06-28 14:13:00.000000000,98325,1,98153,105,99725,162,97863,162,99804,162,97862,62,99810,162,,,99827,162,,,99856,162,,,99900,100,,,99902,100,,,99907,100,,,100119,100,,
2019-06-28 14:13:10.000000000,98325,63,98153,105,99725,162,97863,162,99804,162,97862,62,99810,162,,,99827,162,,,99856,100,,,99900,100,,,99902,100,,,99907,100,,,100119,100,,
2019-06-28 14:13:20.000000000,98325,156,98153,198,99725,255,97863,255,99804,100,,,99810,100,,,99827,100,,,99856,100,,,99900,100,,,99902,100,,,99907,100,,,100119,100,,
2019-06-28 14:13:22.681529232,98325,56,98153,198,99725,255,97863,255,99804,100,,,99810,100,,,99827,100,,,99856,100,,,99900,100,,,99902,100,,,99907,100,,,100119,100,,
2019-06-28 14:13:25.446131255,98325,56,98153,198,99725,255,97863,255,99804,100,,,99810,100,,,99827,100,,,99856,100,,,99900,100,,,99902,100,,,99907,100,,,100119,100,,
2019-06-28 14:13:30.000000000,99725,205,98153,148,99804,202,97863,202,99810,202,97862,102,99827,100,,,99856,100,,,99900,100,,,99902,100,,,99907,100,,,100119,100,,,100195,100,,
2019-06-28 14:13:38.689916981,99725,105,98153,148,99804,202,97863,202,99810,202,97862,102,99827,100,,,99856,100,,,99900,100,,,99902,100,,,99907,100,,,100119,100,,,100195,100,,
2019-06-28 14:13:38.809626339,99725,105,98325,100,99804,202,98153,148,99810,202,97863,202,99827,100,97862,102,99856,100,,,99900,100,,,99902,100,,,99907,100,,,100119,100,,,100195,100,,
2019-06-28 14:13:40.000000000,99804,410,98325,410,99810,100,98153,43,99827,100,97863,100,99856,100,,,99900,100,,,99902,100,,,99907,100,,,100119,100,,,100195,100,,,100271,100,,
2019-06-28 14:13:50.000000000,99804,205,98325,205,99810,202,98153,145,99827,202,97863,202,99856,100,,,99900,100,,,99902,100,,,99907,100,,,100119,100,,,100195,100,,,100271,100,,
2019-06-28 14:14:00.000000000,99804,410,98325,276,99810,100,98153,43,99827,100,97863,100,99856,100,,,99900,100,,,99902,100,,,99907,100,,,100119,100,,,100195,100,,,100271,100,,
2019-06-28 14:14:03.953147657,99804,310,98325,276,99810,100,98153,43,99827,100,97863,100,99856,100,,,99900,100,,,99902,100,,,99907,100,,,100119,100,,,100195,100,,,100271,100,,
2019-06-28 14:14:04.275310762,99804,210,98325,276,99810,100,98153,43,99827,100,97863,100,99856,100,,,99900,100,,,99902,100,,,99907,100,,,100119,100,,,100195,100,,,100271,100,,
2019-06-28 14:14:09.021392997,99804,110,98325,276,99810,100,98153,43,99827,100,97863,100,99856,100,,,99900,100,,,99902,100,,,99907,100,,,100119,100,,,100195,100,,,100271,100,,
2019-06-28 14:14:10.000000000,99810,178,98153,121,99827,178,97863,178,99856,178,97862,78,99900,178,,,99902,100,,,99907,100,,,100119,100,,,100195,100,,,100271,100,,,100449,100,,
2019-06-28 14:14:20.000000000,99810,162,98153,105,99827,162,97863,162,99856,162,97862,62,99900,162,,,99902,162,,,99907,100,,,100119,100,,,100195,100,,,100271,100,,,100449,100,,
2019-06-28 14:14:30.000000000,99810,205,98153,148,99827,202,97863,202,99856,202,97862,102,99900,100,,,99902,100,,,99907,100,,,100119,100,,,100195,100,,,100271,100,,,100449,100,,
2019-06-28 14:14:40.000000000,99810,410,98153,353,99827,100,97863,100,99856,100,,,99900,100,,,99902,100,,,99907,100,,,100119,100,,,100195,100,,,100271,100,,,100449,100,,
2019-06-28 14:14:50.000000000,99810,255,98153,198,99827,255,97863,255,99856,100,,,99900,100,,,99902,100,,,99907,100,,,100119,100,,,100195,100,,,100271,100,,,100449,100,,
2019-06-28 14:15:00.000000000,98153,4,97863,144,99810,162,97862,62,99827,162,,,99856,162,,,99900,162,,,99902,162,,,99907,100,,,100119,100,,,100195,100,,,100271,100,,
2019-06-28 14:15:10.000000000,98153,66,97863,144,99810,162,97862,62,99827,162,,,99856,162,,,99900,162,,,99902,100,,,99907,100,,,100119,100,,,100195,100,,,100271,100,,
2019-06-28 14:15:13.992142499,98153,66,97863,144,99810,162,97862,62,99827,162,,,99856,162,,,99900,162,,,99902,100,,,99907,100,,,100119,100,,,100195,100,,,100271,100,,
2019-06-28 14:15:14.678087724,98153,66,97863,244,99810,162,97862,62,99827,162,,,99856,162,,,99900,162,,,99902,100,,,99907,100,,,100119,100,,,100195,100,,,100271,100,,
2019-06-28 14:15:20.000000000,98153,82,97863,260,99810,178,97862,78,99827,178,,,99856,178,,,99900,100,,,99902,100,,,99907,100,,,100119,100,,,100195,100,,,100271,100,,
2019-06-28 14:15:30.000000000,98153,66,97863,244,99810,162,97862,62,99827,162,,,99856,162,,,99900,162,,,99902,100,,,99907,100,,,100119,100,,,100195,100,,,100271,100,,
2019-06-28 14:15:35.520245988,98153,66,97863,244,99810,162,97862,62,99827,162,,,99856,162,,,99900,162,,,99902,100,,,99907,100,,,100119,100,,,100195,100,,,100271,100,,
2019-06-28 14:15:40.000000000,98153,82,97863,260,99810,178,97862,78,99827,178,,,99856,178,,,99900,100,,,99902,100,,,99907,100,,,100119,100,,,100195,100,,,100271,100,,
2019-06-28 14:15:50.000000000,98153,82,97863,260,99810,178,97862,78,99827,178,,,99856,178,,,99900,100,,,99902,100,,,99907,100,,,100119,100,,,100195,100,,,100271,100,,
2019-06-28 14:15:56.223409284,98153,82,97863,260,99810,178,97862,78,99827,178,,,99856,178,,,99900,100,,,99902,100,,,99907,100,,,100195,100,,,100271,100,,,100402,100,,
2019-06-28 14:16:00.000000000,98153,66,97863,117,99810,162,97862,62,99827,162,,,99856,162,,,99900,162,,,99902,100,,,99907,100,,,100195,100,,,100271,100,,,100402,100,,
2019-06-28 14:16:10.000000000,98153,82,97863,133,99810,178,97862,78,99827,178,,,99856,178,,,99900,100,,,99902,100,,,99907,100,,,100195,100,,,100271,100,,,100402,100,,
2019-06-28 14:16:16.486498639,98153,82,97863,133,99810,178,97862,78,99827,178,,,99856,178,,,99900,100,,,99902,100,,,99907,100,,,100195,100,,,100271,100,,,100402,100,,
2019-06-28 14:16:18.420641178,98153,82,97863,133,99810,178,97862,78,99827,178,,,99856,178,,,99900,100,,,99902,100,,,99907,100,,,100195,100,,,100271,100,,,100402,100,,
2019-06-28 14:16:20.000000000,98153,159,97863,210,99810,255,97862,155,99827,100,,,99856,100,,,99900,100,,,99902,100,,,99907,100,,,100195,100,,,100271,100,,,100402,100,,
2019-06-28 14:16:30.000000000,98153,66,97863,117,99810,162,97862,62,99827,162,,,99856,162,,,99900,162,,,99902,100,,,99907,100,,,100195,100,,,100271,100,,,100402,100,,
2019-06-28 14:16:40.000000000,98153,82,97863,133,99810,178,97862,78,99827,178,,,99856,178,,,99900,100,,,99902,100,,,99907,100,,,100195,100,,,100271,100,,,100402,100,,
2019-06-28 14:16:50.000000000,98153,314,97863,365,99810,100,,,99827,100,,,99856,100,,,99900,100,,,99902,100,,,99907,100,,,100195,100,,,100271,100,,,100402,100,,
2019-06-28 14:16:56.557956193,98153,214,97863,365,99810,100,,,99827,100,,,99856,100,,,99900,100,,,99902,100,,,99907,100,,,100195,100,,,100271,100,,,100402,100,,
2019-06-28 14:17:00.000000000,99810,205,97863,26,99827,202,97862,102,99856,202,,,99900,100,,,99902,100,,,99907,100,,,100195,100,,,100271,100,,,100402,100,,,100449,100,,
2019-06-28 14:17:10.000000000,99810,100,,,99827,100,,,99856,100,,,99900,100,,,99902,100,,,99907,100,,,100195,100,,,100271,100,,,100402,100,,,100449,100,,
2019-06-28 14:17:14.111703549,99827,100,,,99856,100,,,99900,100,,,99902,100,,,99907,100,,,100195,100,,,100271,100,,,100402,100,,,100449,100,,,100515,100,,
2019-06-28 14:17:15.284161023,99827,100,,,99856,100,,,99900,100,,,99902,100,,,99907,100,,,100195,100,,,100271,100,,,100402,100,,,100449,100,,,100515,100,,
2019-06-28 14:17:18.357239878,99827,100,,,99856,100,,,99900,100,,,99902,100,,,99907,100,,,100195,100,,,100271,100,,,100402,100,,,100449,100,,,100515,100,,
2019-06-28 14:17:20.032900925,99827,100,,,99856,100,,,99900,100,,,99902,100,,,99907,100,,,100195,100,,,100271,100,,,100402,100,,,100449,100,,,100515,100,,
2019-06-28 14:17:46.363311465,99827,100,,,99856,100,,,99900,100,,,99902,100,,,99907,100,,,100195,100,,,100271,100,,,100402,100,,,100449,100,,,100515,100,,
2019-06-28 14:17:50.540073521,99827,100,,,99856,100,,,99900,100,,,99907,100,,,100195,100,,,100271,100,,,100402,100,,,100449,100,,,100515,100,,,100541,100,,
2019-06-28 14:18:08.509981925,99827,100,,,99856,100,,,99900,100,,,99907,100,,,100195,100,,,100271,100,,,100402,100,,,100449,100,,,100515,100,,,100541,100,,
2019-06-28 14:18:12.113913002,99827,100,,,99856,100,,,99900,100,,,99907,100,,,100195,100,,,100271,100,,,100402,100,,,100449,100,,,100515,100,,,100541,100,,
2019-06-28 14:18:19.807659917,99856,100,,,99900,100,,,99907,100,,,100195,100,,,100271,100,,,100402,100,,,100449,100,,,100541,100,,,100564,7,,,100614,100,,
2019-06-28 14:18:55.715418081,99856,100,,,99900,100,,,99907,100,,,100195,100,,,100271,100,,,100402,100,,,100449,100,,,100541,100,,,100564,7,,,100614,100,,
2019-06-28 14:19:16.533340157,99856,100,99810,100,99900,100,,,99907,100,,,100195,100,,,100271,100,,,100402,100,,,100449,100,,,100541,100,,,100564,7,,,100614,100,,
2019-06-28 14:19:20.000000000,99856,410,99810,410,99900,100,,,99907,100,,,100195,100,,,100271,100,,,100402,100,,,100449,100,,,100541,100,,,100564,7,,,100614,100,,
2019-06-28 14:19:23.571605148,99856,310,99810,410,99900,100,,,99907,100,,,100195,100,,,100271,100,,,100402,100,,,100449,100,,,100541,100,,,100564,7,,,100614,100,,
2019-06-28 14:19:30.000000000,99900,178,99810,178,99907,178,99809,78,100195,178,,,100271,178,,,100402,100,,,100449,100,,,100541,100,,,100564,7,,,100614,100,,,100836,100,,
2019-06-28 14:19:40.000000000,99900,255,99810,255,99907,255,99809,155,100195,100,,,100271,100,,,100402,100,,,100449,100,,,100541,100,,,100564,7,,,100614,100,,,100836,100,,
2019-06-28 14:19:50.000000000,99900,162,99810,162,99907,162,99809,62,100195,162,,,100271,162,,,100402,162,,,100449,100,,,100541,100,,,100564,7,,,100614,100,,,100836,100,,
2019-06-28 14:19:51.658070521,99900,62,99810,162,99907,162,99809,62,100195,162,,,100271,162,,,100402,162,,,100449,100,,,100541,100,,,100564,7,,,100614,100,,,100836,100,,
2019-06-28 14:19:55.329364632,99907,162,99900,38,100195,162,99810,162,100271,162,99809,62,100402,162,,,100449,100,,,100541,100,,,100564,7,,,100614,100,,,100836,100,,,100869,100,,
2019-06-28 14:20:00.000000000,99907,255,99900,59,100195,255,99810,255,100271,100,,,100402,100,,,100449,100,,,100541,100,,,100564,7,,,100614,100,,,100836,100,,,100869,100,,
2019-06-28 14:20:10.000000000,99907,205,99810,205,100195,202,99809,102,100271,202,,,100402,100,,,100449,100,,,100541,100,,,100564,7,,,100614,100,,,100836,100,,,100869,100,,
2019-06-28 14:20:20.000000000,99907,178,99810,178,100195,178,99809,78,100271,178,,,100402,178,,,100449,100,,,100541,100,,,100564,7,,,100614,100,,,100836,100,,,100869,100,,
2019-06-28 14:20:30.000000000,99907,410,99810,410,100195,100,,,100271,100,,,100402,100,,,100449,100,,,100541,100,,,100564,7,,,100614,100,,,100836,100,,,100869,100,,
2019-06-28 14:20:32.866223134,99907,410,99810,410,100195,100,,,100271,100,,,100402,100,,,100449,100,,,100541,100,,,100564,7,,,100614,100,,,100836,100,,,100869,100,,
2019-06-28 14:20:40.000000000,99907,162,99810,162,100195,162,99809,62,100271,162,,,100402,162,,,100449,162,,,100541,100,,,100564,7,,,100614,100,,,100836,100,,,100869,100,,
2019-06-28 14:20:48.194336596,99907,62,99810,162,100195,162,99809,62,100271,162,,,100402,162,,,100449,162,,,100541,100,,,100564,7,,,100614,100,,,100836,100,,,100869,100,,
2019-06-28 14:20:50.000000000,100195,410,99810,410,100271,100,,,100402,100,,,100449,100,,,100541,100,,,100564,7,,,100614,100,,,100836,100,,,100869,100,,,101029,100,,
2019-06-28 14:20:50.015830683,100195,410,99810,410,100271,100,,,100402,100,,,100449,100,,,100541,100,,,100564,7,,,100836,100,,,100869,100,,,101029,100,,,101110,100,,
2019-06-28 14:21:00.000000000,100195,162,99810,28,100271,162,99809,62,100402,162,,,100449,162,,,100541,162,,,100564,7,,,100836,100,,,100869,100,,,101029,100,,,101110,100,,
2019-06-28 14:21:10.000000000,100195,100,,,100271,100,,,100402,100,,,100449,100,,,100541,100,,,100564,7,,,100836,100,,,100869,100,,,101029,100,,,101110,100,,
2019-06-28 14:21:16.130657177,100271,100,,,100402,100,,,100449,100,,,100541,100,,,100564,7,,,100836,100,,,100869,100,,,101029,100,,,101110,100,,,101127,100,,
2019-06-28 14:21:18.482055636,100402,100,,,100449,100,,,100541,100,,,100564,7,,,100836,100,,,100869,100,,,101029,100,,,101110,100,,,101127,100,,,101251,100,,
2019-06-28 14:21:25.347249163,100449,100,,,100541,100,,,100564,7,,,100836,100,,,100869,100,,,101029,100,,,101110,100,,,101127,100,,,101251,100,,,101310,100,,
2019-06-28 14:21:26.870068521,100541,100,,,100564,7,,,100836,100,,,100869,100,,,101029,100,,,101110,100,,,101127,100,,,101251,100,,,101310,100,,,101314,100,,
2019-06-28 14:21:37.298506733,100541,100,,,100564,7,,,100836,100,,,100869,100,,,101029,100,,,101110,100,,,101127,100,,,101234,100,,,101251,100,,,101310,100,,
2019-06-28 14:21:41.645853100,100541,100,,,100564,7,,,100836,100,,,100869,100,,,100928,100,,,101029,100,,,101110,100,,,101127,100,,,101234,100,,,101310,100,,
2019-06-28 14:22:18.136723814,100541,100,,,100564,7,,,100836,100,,,100869,100,,,100928,100,,,101029,100,,,101110,100,,,101127,100,,,101234,100,,,101310,100,,
2019-06-28 14:22:58.050593684,100541,100,,,100564,7,,,100836,100,,,100869,100,,,100928,100,,,101029,100,,,101110,100,,,101127,100,,,101163,100,,,101234,100,,
2019-06-28 14:23:09.301953165,100541,100,,,100564,7,,,100836,100,,,100869,100,,,100928,100,,,101029,100,,,101110,100,,,101127,100,,,101163,100,,,101225,100,,
2019-06-28 14:23:20.988578772,100541,100,,,100564,7,,,100785,100,,,100836,100,,,100869,100,,,100928,100,,,101029,100,,,101110,100,,,101127,100,,,101163,100,,
2019-06-28 14:23:26.563400976,100564,7,,,100785,100,,,100836,100,,,100869,100,,,100928,100,,,101029,100,,,101110,100,,,101127,100,,,101163,100,,,101225,100,,
2019-06-28 14:24:16.286312850,100785,100,100564,93,100836,100,,,100869,100,,,100928,100,,,101029,100,,,101110,100,,,101163,100,,,101225,100,,,101234,100,,,101310,100,,
2019-06-28 14:24:20.000000000,100785,205,100564,198,100836,202,100563,102,100869,202,,,100928,100,,,101029,100,,,101110,100,,,101163,100,,,101225,100,,,101234,100,,,101310,100,,
2019-06-28 14:24:21.740782515,100785,105,100564,198,100836,202,100563,102,100869,202,,,100928,100,,,101029,100,,,101110,100,,,101163,100,,,101225,100,,,101234,100,,,101310,100,,
2019-06-28 14:24:30.000000000,100836,162,100564,155,100869,162,100563,62,100928,162,,,101029,162,,,101110,162,,,101163,100,,,101225,100,,,101234,100,,,101310,100,,,101314,100,,
2019-06-28 14:24:38.594076229,100836,62,100564,155,100869,162,100563,62,100928,162,,,101029,162,,,101110,162,,,101163,100,,,101225,100,,,101234,100,,,101310,100,,,101314,100,,
2019-06-28 14:24:40.000000000,100869,255,100564,248,100928,255,100563,155,101029,100,,,101110,100,,,101163,100,,,101225,100,,,101234,100,,,101310,100,,,101314,100,,,101351,100,,
2019-06-28 14:24:50.000000000,100869,178,100564,171,100928,178,100563,78,101029,178,,,101110,178,,,101163,100,,,101225,100,,,101234,100,,,101310,100,,,101314,100,,,101351,100,,
2019-06-28 14:25:00.000000000,100869,51,100564,171,100928,178,100563,78,101029,178,,,101110,178,,,101163,100,,,101225,100,,,101234,100,,,101310,100,,,101314,100,,,101351,100,,
2019-06-28 14:25:09.689982645,100869,51,100564,171,100928,178,100563,78,101029,178,,,101110,178,,,101163,100,,,101225,100,,,101234,100,,,101310,100,,,101314,100,,,101351,100,,
2019-06-28 14:25:10.000000000,100869,162,100564,248,100928,255,100563,155,101029,100,,,101110,100,,,101163,100,,,101225,100,,,101234,100,,,101310,100,,,101314,100,,,101351,100,,
2019-06-28 14:25:20.000000000,100869,112,100564,198,100928,202,100563,102,101029,202,,,101110,100,,,101163,100,,,101225,100,,,101234,100,,,101310,100,,,101314,100,,,101351,100,,
2019-06-28 14:25:30.000000000,100869,69,100564,155,100928,162,100563,62,101029,162,,,101110,162,,,101163,162,,,101225,100,,,101234,100,,,101310,100,,,101314,100,,,101351,100,,
2019-06-28 14:25:40.000000000,100869,317,100564,403,100928,100,,,101029,100,,,101110,100,,,101163,100,,,101225,100,,,101234,100,,,101310,100,,,101314,100,,,101351,100,,
2019-06-28 14:25:50.000000000,100869,317,100564,403,100928,100,,,101029,100,,,101110,100,,,101163,100,,,101225,100,,,101234,100,,,101310,100,,,101314,100,,,101351,100,,
2019-06-28 14:25:54.314685752,100869,317,100564,403,100928,100,,,101029,100,,,101110,100,,,101163,100,,,101225,100,,,101234,100,,,101310,100,,,101314,100,,,101351,100,,
2019-06-28 14:26:00.000000000,100869,35,100564,248,100928,255,100563,155,101029,100,,,101110,100,,,101163,100,,,101225,100,,,101234,100,,,101310,100,,,101314,100,,,101351,100,,
2019-06-28 14:26:10.000000000,100869,162,100564,248,100928,255,100563,155,101029,100,,,101110,100,,,101163,100,,,101225,100,,,101234,100,,,101310,100,,,101314,100,,,101351,100,,
2019-06-28 14:26:16.194555069,100869,62,100564,248,100928,255,100563,155,101029,100,,,101110,100,,,101163,100,,,101225,100,,,101234,100,,,101310,100,,,101314,100,,,101351,100,,
2019-06-28 14:26:20.000000000,100928,410,100564,403,101029,100,,,101110,100,,,101163,100,,,101225,100,,,101234,100,,,101310,100,,,101314,100,,,101351,100,,,101488,100,,
2019-06-28 14:26:30.000000000,100928,162,100564,155,101029,162,100563,62,101110,162,,,101163,162,,,101225,162,,,101234,100,,,101310,100,,,101314,100,,,101351,100,,,101488,100,,
2019-06-28 14:26:39.741922967,100928,62,100564,155,101029,162,100563,62,101110,162,,,101163,162,,,101225,162,,,101234,100,,,101310,100,,,101314,100,,,101351,100,,,101488,100,,
2019-06-28 14:26:40.000000000,101029,255,100564,248,101110,255,100563,155,101163,100,,,101225,100,,,101234,100,,,101310,100,,,101314,100,,,101351,100,,,101488,100,,,101502,100,,
2019-06-28 14:26:43.488157211,101029,255,100869,100,101110,255,100564,248,101163,100,100563,155,101225,100,,,101234,100,,,101310,100,,,101314,100,,,101351,100,,,101488,100,,,101502,100,,
2019-06-28 14:26:44.536279946,101029,255,100869,200,101110,255,100564,248,101163,100,100563,155,101225,100,,,101234,100,,,101310,100,,,101314,100,,,101351,100,,,101488,100,,,101502,100,,
2019-06-28 14:26:50.000000000,101029,162,100869,262,101110,162,100564,155,101163,162,100563,62,101225,162,,,101234,162,,,101310,100,,,101314,100,,,101351,100,,,101488,100,,,101502,100,,
2019-06-28 14:26:52.747169699,101029,162,100869,262,101110,162,100564,155,101163,162,100563,62,101225,162,,,101234,162,,,101310,100,,,101314,100,,,101351,100,,,101352,100,,,101488,100,,
2019-06-28 14:27:00.000000000,101029,128,100869,355,101110,255,100564,248,101163,100,,,101225,100,,,101234,100,,,101310,100,,,101314,100,,,101351,100,,,101352,100,,,101488,100,,
2019-06-28 14:27:10.000000000,101029,69,100869,262,101110,162,100564,155,101163,162,100563,62,101225,162,,,101234,162,,,101310,100,,,101314,100,,,101351,100,,,101352,100,,,101488,100,,
2019-06-28 14:27:17.837238030,101029,69,100869,262,101110,162,100564,155,101163,162,100563,62,101225,162,,,101234,162,,,101246,100,,,101314,100,,,101351,100,,,101352,100,,,101488,100,,
2019-06-28 14:27:20.000000000,101029,162,100869,355,101110,255,100564,248,101163,100,,,101225,100,,,101234,100,,,101246,100,,,101314,100,,,101351,100,,,101352,100,,,101488,100,,
2019-06-28 14:27:30.000000000,101029,69,100869,262,101110,162,100564,155,101163,162,100563,62,101225,162,,,101234,162,,,101246,100,,,101314,100,,,101351,100,,,101352,100,,,101488,100,,
2019-06-28 14:27:31.344517149,101110,162,101029,31,101163,162,100869,262,101225,162,100564,155,101234,162,100563,62,101246,100,,,101314,100,,,101351,100,,,101352,100,,,101488,100,,,101502,100,,
2019-06-28 14:27:40.000000000,101110,162,101029,93,101163,162,100869,262,101225,162,100564,155,101234,162,100563,62,101246,162,,,101314,100,,,101351,100,,,101352,100,,,101488,100,,,101502,100,,
2019-06-28 14:27:50.000000000,101110,410,101029,341,101163,100,100869,200,101225,100,100564,93,101234,100,,,101246,100,,,101314,100,,,101351,100,,,101352,100,,,101488,100,,,101502,100,,
2019-06-28 14:28:00.000000000,101110,35,101029,93,101163,162,100869,262,101225,162,100564,155,101234,162,100563,62,101246,162,,,101314,100,,,101351,100,,,101352,100,,,101488,100,,,101502,100,,
2019-06-28 14:28:06.549568334,101110,135,101029,93,101163,162,100869,262,101225,162,100564,155,101234,162,100563,62,101246,162,,,101314,100,,,101351,100,,,101352,100,,,101488,100,,,101502,100,,
2019-06-28 14:28:10.000000000,101110,417,101029,341,101163,100,100869,200,101225,100,100564,93,101234,100,,,101246,100,,,101314,100,,,101351,100,,,101352,100,,,101488,100,,,101502,100,,
2019-06-28 14:28:20.000000000,101110,169,101029,93,101163,162,100869,262,101225,162,100564,155,101234,162,100563,62,101246,162,,,101314,100,,,101351,100,,,101352,100,,,101488,100,,,101502,100,,
2019-06-28 14:28:25.336098985,101029,7,100869,262,101110,169,100564,155,101163,162,100563,62,101225,62,,,101234,162,,,101246,162,,,101314,100,,,101351,100,,,101352,100,,,101488,100,,
2019-06-28 14:28:30.000000000,101029,69,100869,262,101110,169,100564,155,101163,162,100563,62,101234,162,,,101246,162,,,101314,100,,,101351,100,,,101352,100,,,101488,100,,,101502,100,,
2019-06-28 14:28:40.000000000,101029,69,100869,262,101110,169,100564,155,101163,162,100563,62,101234,162,,,101246,162,,,101314,100,,,101351,100,,,101352,100,,,101488,100,,,101502,100,,
2019-06-28 14:28:50.000000000,101029,162,100869,355,101110,262,100564,248,101163,100,,,101234,100,,,101246,100,,,101314,100,,,101351,100,,,101352,100,,,101488,100,,,101502,100,,
2019-06-28 14:29:00.000000000,101110,112,101029,1,101163,162,100869,262,101234,162,100564,155,101246,162,100563,62,101314,100,,,101351,100,,,101352,100,,,101488,100,,,101502,100,,,101653,100,,
2019-06-28 14:29:02.708597228,101110,69,101029,1,101163,162,100869,262,101234,162,100564,155,101246,162,100563,62,101314,100,,,101351,100,,,101352,100,,,101488,100,,,101502,100,,,101653,100,,
2019-06-28 14:29:10.000000000,101110,162,101029,156,101163,255,100869,355,101234,100,100564,93,101246,100,,,101314,100,,,101351,100,,,101352,100,,,101488,100,,,101502,100,,,101653,100,,
2019-06-28 14:29:16.491445517,101110,162,101029,156,101163,255,100869,355,101234,100,100623,100,101246,100,100564,93,101314,100,,,101351,100,,,101352,100,,,101488,100,,,101502,100,,,101653,100,,
2019-06-28 14:29:20.000000000,101110,112,101029,106,101163,202,100869,302,101234,202,100623,202,101246,100,100564,93,101314,100,,,101351,100,,,101352,100,,,101488,100,,,101502,100,,,101653,100,,
2019-06-28 14:29:22.045578470,101110,112,101029,106,101163,202,100869,302,101234,202,100623,202,101246,100,100564,93,101314,100,100269,100,101351,100,,,101352,100,,,101488,100,,,101502,100,,,101653,100,,
2019-06-28 14:29:24.584226196,101110,112,101029,106,101163,202,100869,302,101234,202,100623,202,101314,100,100564,93,101351,100,100383,100,101352,100,100269,100,101488,100,,,101502,100,,,101653,100,,,101674,7,,
2019-06-28 14:29:26.735472642,101110,112,101029,106,101163,202,100869,302,101234,202,100623,202,101314,100,100564,93,101352,100,100383,100,101488,100,100269,100,101502,100,100112,100,101653,100,,,101674,7,,,102090,100,,
2019-06-28 14:29:30.000000000,101110,317,101029,311,101163,100,100869,200,101234,100,100623,100,101314,100,100564,93,101352,100,100383,100,101488,100,100269,100,101502,100,100112,100,101653,100,,,101674,7,,,102090,100,,
2019-06-28 14:29:36.935000761,101110,317,101029,211,101163,100,100869,200,101234,100,100623,100,101314,100,100564,93,101352,100,100383,100,101488,100,100269,100,101502,100,100112,100,101653,100,,,101674,7,,,102090,100,,
2019-06-28 14:29:40.000000000,101110,112,100869,305,101163,202,100623,202,101234,202,100564,195,101314,100,100383,100,101352,100,100269,100,101488,100,100112,100,101502,100,,,101653,100,,,101674,7,,,102090,100,,
2019-06-28 14:29:40.923235367,101110,112,100869,205,101163,202,100623,202,101234,202,100564,195,101314,100,100383,100,101352,100,100269,100,101488,100,,,101502,100,,,101653,100,,,101674,7,,,102090,100,,
2019-06-28 14:29:50.000000000,101110,85,100869,178,101163,178,100623,178,101234,178,100564,171,101314,178,100383,178,101352,100,100269,100,101488,100,,,101502,100,,,101653,100,,,101674,7,,,102090,100,,
2019-06-28 14:29:54.361386599,101029,100,100869,178,101110,85,100623,178,101163,178,100564,171,101234,178,100383,178,101314,178,100269,100,101352,100,,,101488,100,,,101502,100,,,101653,100,,,101674,7,,
2019-06-28 14:30:00.000000000,101029,283,100869,410,101110,7,100623,100,101163,100,100564,93,101234,100,100383,100,101314,100,100269,100,101352,100,,,101488,100,,,101502,100,,,101653,100,,,101674,7,,
2019-06-28 14:30:10.000000000,101029,112,100869,205,101110,109,100623,202,101163,202,100564,195,101234,100,100383,100,101314,100,100269,100,101352,100,,,101488,100,,,101502,100,,,101653,100,,,101674,7,,
2019-06-28 14:30:20.000000000,101029,162,100869,255,101110,162,100623,255,101163,100,100564,93,101234,100,100383,100,101314,100,100269,100,101352,100,,,101488,100,,,101502,100,,,101653,100,,,101674,7,,
2019-06-28 14:30:28.241759081,101029,162,100869,255,101110,162,100749,100,101163,100,100623,255,101234,100,100564,93,101314,100,100383,100,101352,100,100269,100,101488,100,,,101502,100,,,101653,100,,,101674,7,,
2019-06-28 14:30:30.000000000,101029,69,100869,162,101110,69,100749,162,101163,162,100623,162,101234,162,100564,155,101314,162,100383,162,101352,100,100269,100,101488,100,,,101502,100,,,101653,100,,,101674,7,,
2019-06-28 14:30:38.809754954,101029,69,100869,162,101110,69,100749,162,101163,162,100623,162,101234,162,100564,155,101314,162,100383,162,101352,100,100269,100,101488,100,99289,100,101502,100,,,101674,7,,,102090,100,,
2019-06-28 14:30:40.000000000,101029,69,100869,162,101110,69,100749,162,101163,162,100623,162,101234,162,100564,155,101314,162,100383,162,101352,100,100269,100,101488,100,99289,100,101502,100,,,101674,7,,,102090,100,,
2019-06-28 14:30:50.000000000,101029,69,100869,162,101110,69,100749,162,101163,162,100623,162,101234,162,100564,155,101314,162,100383,162,101352,100,100269,100,101488,100,99289,100,101502,100,,,101674,7,,,102090,100,,
2019-06-28 14:30:52.246694262,101029,69,100869,62,101110,69,100749,162,101163,62,100623,162,101234,162,100564,155,101314,162,100383,162,101352,100,100269,100,101488,100,99289,100,101502,100,,,101674,7,,,102090,100,,
2019-06-28 14:30:57.728512768,101028,100,100869,62,101029,69,100749,162,101110,69,100623,162,101163,62,100564,155,101234,162,100383,162,101314,162,100269,100,101352,100,99289,100,101488,100,,,101502,100,,,101674,7,,
2019-06-28 14:31:00.000000000,101028,283,100749,410,101029,7,100623,100,101110,7,100564,93,101234,100,100383,100,101314,100,100269,100,101352,100,99289,100,101488,100,,,101502,100,,,101674,7,,,102090,100,,
2019-06-28 14:31:01.633071306,101028,283,100749,310,101029,7,100623,100,101110,7,100564,93,101234,100,100383,100,101314,100,100269,100,101352,100,99289,100,101502,100,,,101674,7,,,102090,100,,,,,,
2019-06-28 14:31:09.673865752,101027,100,100749,310,101028,283,100623,100,101029,7,100564,93,101110,7,100383,100,101234,100,100269,100,101314,100,99289,100,101352,100,,,101502,100,,,101674,7,,,102090,100,,
2019-06-28 14:31:10.000000000,101027,410,100623,410,101028,7,100564,93,101029,7,100383,100,101110,7,100269,100,101234,100,99289,100,101314,100,,,101352,100,,,101502,100,,,101674,7,,,102090,100,,
2019-06-28 14:31:12.265114374,101027,410,100623,410,101028,7,100564,93,101029,7,100383,100,101110,7,100269,100,101234,100,99430,100,101314,100,99289,100,101352,100,,,101502,100,,,101674,7,,,102090,100,,
2019-06-28 14:31:20.000000000,101027,410,100623,410,101028,7,100564,93,101029,7,100383,100,101110,7,100269,100,101234,100,99430,100,101314,100,99289,100,101352,100,,,101502,100,,,101674,7,,,102090,100,,
2019-06-28 14:31:22.648903100,101027,410,100623,410,101028,7,100564,93,101029,7,100383,100,101110,7,100269,100,101234,100,99439,100,101314,100,99430,100,101352,100,99289,100,101502,100,,,101674,7,,,102090,100,,
2019-06-28 14:31:23.600268346,101027,410,100623,410,101028,7,100564,93,101029,7,100383,100,101110,7,100269,100,101234,100,99439,100,101314,100,99430,100,101352,100,99289,100,101502,100,99091,100,101674,7,,,102090,100,,
2019-06-28 14:31:30.000000000,101027,205,100623,205,101028,109,100564,195,101029,109,100383,202,101110,7,100269,100,101234,100,99439,100,101314,100,99430,100,101352,100,99289,100,101502,100,99091,100,101674,7,,,102090,100,,
2019-06-28 14:31:36.070275855,101027,305,100623,205,101028,109,100564,195,101029,109,100383,202,101110,7,100269,100,101234,100,99439,100,101314,100,99430,100,101352,100,99289,100,101502,100,99091,100,101674,7,,,102090,100,,
2019-06-28 14:31:40.000000000,101027,355,100623,255,101028,162,100564,248,101029,7,100383,100,101110,7,100269,100,101234,100,99439,100,101314,100,99430,100,101352,100,99289,100,101502,100,99091,100,101674,7,,,102090,100,,
2019-06-28 14:31:40.311450145,101027,455,100623,255,101028,162,100564,248,101029,7,100383,100,101110,7,100269,100,101234,100,99439,100,101314,100,99430,100,101352,100,99289,100,101502,100,99091,100,101674,7,,,102090,100,,
2019-06-28 14:31:41.457209600,101027,555,100623,255,101028,162,100564,248,101029,7,100383,100,101110,7,100269,100,101234,100,99439,100,101314,100,99430,100,101352,100,99289,100,101502,100,99091,100,101674,7,,,102090,100,,
2019-06-28 14:31:50.000000000,101027,555,100623,255,101028,162,100564,248,101029,7,100383,100,101110,7,100269,100,101234,100,99439,100,101314,100,99430,100,101352,100,99289,100,101502,100,99091,100,101674,7,,,102090,100,,
2019-06-28 14:31:51.792428915,101027,555,100623,255,101028,162,100564,248,101029,7,100383,100,101110,7,100269,100,101234,100,99722,100,101314,100,99439,100,101352,100,99430,100,101502,100,99289,100,101674,7,99091,100,102090,100,,
2019-06-28 14:31:57.777766421,101027,655,100623,255,101028,162,100564,248,101029,7,100383,100,101110,7,100269,100,101234,100,99722,100,101314,100,99439,100,101352,100,99430,100,101502,100,99289,100,101674,7,99091,100,102090,100,,
2019-06-28 14:32:00.000000000,101027,528,100623,255,101028,162,100564,248,101029,7,100383,100,101110,7,100269,100,101234,100,99722,100,101314,100,99439,100,101352,100,99430,100,101502,100,99289,100,101674,7,99091,100,102090,100,,
2019-06-28 14:32:08.816826067,101027,528,100623,155,101028,162,100564,248,101029,7,100383,100,101110,7,100269,100,101234,100,99722,100,101314,100,99439,100,101352,100,99430,100,101502,100,99289,100,101674,7,99091,100,102090,100,,
2019-06-28 14:32:10.000000000,101027,683,100564,403,101028,7,100383,100,101029,7,100269,100,101110,7,99722,100,101234,100,99439,100,101314,100,99430,100,101352,100,99289,100,101502,100,99091,100,101674,7,,,102090,100,,
2019-06-28 14:32:20.000000000,101027,435,100564,155,101028,69,100383,162,101029,69,100269,162,101110,69,99722,162,101234,162,99439,162,101314,100,99430,100,101352,100,99289,100,101502,100,99091,100,101674,7,,,102090,100,,
2019-06-28 14:32:26.676616867,101027,435,100564,155,101028,69,100383,162,101029,69,100269,162,101110,69,99722,162,101234,162,99705,100,101314,100,99439,162,101352,100,99430,100,101502,100,99289,100,101674,7,99091,100,102090,100,,
2019-06-28 14:32:30.000000000,101027,451,100564,171,101028,85,100383,178,101029,85,100269,178,101110,85,99722,178,101234,100,99705,100,101314,100,99439,100,101352,100,99430,100,101502,100,99289,100,101674,7,99091,100,102090,100,,
2019-06-28 14:32:40.000000000,101027,451,100564,171,101028,85,100383,178,101029,85,100269,178,101110,85,99722,178,101234,100,99705,100,101314,100,99439,100,101352,100,99430,100,101502,100,99289,100,101674,7,99091,100,102090,100,,
2019-06-28 14:32:50.000000000,101027,683,100564,403,101028,7,100383,100,101029,7,100269,100,101110,7,99722,100,101234,100,99705,100,101314,100,99439,100,101352,100,99430,100,101502,100,99289,100,101674,7,99091,100,102090,100,,
2019-06-28 14:32:53.154189604,101027,683,100564,303,101028,7,100383,100,101029,7,100269,100,101110,7,99722,100,101234,100,99705,100,101314,100,99439,100,101352,100,99430,100,101502,100,99289,100,101674,7,99091,100,102090,100,,
2019-06-28 14:33:00.000000000,101027,317,100383,178,101028,85,100269,178,101029,85,99722,178,101110,85,99705,178,101234,100,99439,100,101314,100,99430,100,101352,100,99289,100,101502,100,99091,100,101674,7,,,102090,100,,
2019-06-28 14:33:10.000000000,101027,344,100383,205,101028,109,100269,202,101029,109,99722,202,101110,7,99705,100,101234,100,99439,100,101314,100,99430,100,101352,100,99289,100,101502,100,99091,100,101674,7,,,102090,100,,
2019-06-28 14:33:16.388487698,101027,344,100383,105,101028,109,100269,202,101029,109,99722,202,101110,7,99705,100,101234,100,99439,100,101314,100,99430,100,101352,100,99289,100,101502,100,99091,100,101674,7,,,102090,100,,
2019-06-28 14:33:19.165827931,101027,344,100383,105,101028,109,100269,202,101029,109,99833,100,101110,7,99722,202,101234,100,99705,100,101314,100,99439,100,101352,100,99430,100,101502,100,99289,100,101674,7,99091,100,102090,100,,
2019-06-28 14:33:20.000000000,101027,344,100269,205,101028,109,99833,202,101029,109,99722,202,101110,7,99705,100,101234,100,99439,100,101314,100,99430,100,101352,100,99289,100,101502,100,99091,100,101674,7,,,102090,100,,
2019-06-28 14:33:26.439832209,101027,344,100269,105,101028,109,99833,202,101029,109,99722,202,101110,7,99705,100,101234,100,99439,100,101314,100,99430,100,101352,100,99289,100,101502,100,99091,100,101674,7,,,102090,100,,
2019-06-28 14:33:30.000000000,101027,344,99833,205,101028,109,99722,202,101029,109,99705,202,101110,7,99439,100,101234,100,99430,100,101314,100,99289,100,101352,100,99091,100,101502,100,,,101674,7,,,102090,100,,
2019-06-28 14:33:40.000000000,101027,301,99833,162,101028,69,99722,162,101029,69,99705,162,101110,69,99439,162,101234,162,99430,162,101314,100,99289,100,101352,100,99091,100,101502,100,,,101674,7,,,102090,100,,
2019-06-28 14:33:50.000000000,101027,344,99833,205,101028,109,99722,202,101029,109,99705,202,101110,7,99439,100,101234,100,99430,100,101314,100,99289,100,101352,100,99091,100,101502,100,,,101674,7,,,102090,100,,
2019-06-28 14:34:00.000000000,101027,167,99833,162,101028,69,99722,162,101029,69,99705,162,101110,69,99439,162,101234,162,99430,162,101314,100,99289,100,101352,100,99091,100,101502,100,,,101674,7,,,102090,100,,
2019-06-28 14:34:02.082817631,101027,167,99833,162,101028,69,99722,162,101029,69,99705,162,101110,69,99556,100,101234,162,99439,162,101314,100,99430,162,101352,100,99289,100,101502,100,99091,100,101674,7,,,102090,100,,
2019-06-28 14:34:10.000000000,101027,210,99833,205,101028,109,99722,202,101029,109,99705,202,101110,7,99556,100,101234,100,99439,100,101314,100,99430,100,101352,100,99289,100,101502,100,99091,100,101674,7,,,102090,100,,
2019-06-28 14:34:20.000000000,101027,260,99833,255,101028,162,99722,255,101029,7,99705,100,101110,7,99556,100,101234,100,99439,100,101314,100,99430,100,101352,100,99289,100,101502,100,99091,100,101674,7,,,102090,100,,
2019-06-28 14:34:30.000000000,101027,415,99833,410,101028,7,99722,100,101029,7,99705,100,101110,7,99556,100,101234,100,99439,100,101314,100,99430,100,101352,100,99289,100,101502,100,99091,100,101674,7,,,102090,100,,
2019-06-28 14:34:31.346065793,101027,415,99960,100,101028,7,99833,410,101029,7,99722,100,101110,7,99705,100,101234,100,99556,100,101314,100,99439,100,101352,100,99430,100,101502,100,99289,100,101674,7,99091,100,102090,100,,
2019-06-28 14:34:31.681711197,101027,515,99960,100,101028,7,99833,410,101029,7,99722,100,101110,7,99705,100,101234,100,99556,100,101314,100,99439,100,101352,100,99430,100,101502,100,99289,100,101674,7,99091,100,102090,100,,
2019-06-28 14:34:39.427817454,101027,515,100500,100,101028,7,99960,100,101029,7,99833,410,101110,7,99722,100,101234,100,99705,100,101314,100,99556,100,101352,100,99439,100,101502,100,99430,100,101674,7,99091,100,102090,100,,
2019-06-28 14:34:40.000000000,101027,515,100500,410,101028,7,99960,100,101029,7,99833,100,101110,7,99722,100,101234,100,99705,100,101314,100,99556,100,101352,100,99439,100,101502,100,99430,100,101674,7,99091,100,102090,100,,
2019-06-28 14:34:50.000000000,101027,283,100500,178,101028,85,99960,178,101029,85,99833,178,101110,85,99722,178,101234,100,99705,100,101314,100,99556,100,101352,100,99439,100,101502,100,99430,100,101674,7,99091,100,102090,100,,
2019-06-28 14:35:00.000000000,101027,226,100500,255,101028,162,99960,255,101029,7,99833,100,101110,7,99722,100,101234,100,99705,100,101314,100,99556,100,101352,100,99439,100,101502,100,99430,100,101674,7,99091,100,102090,100,,
2019-06-28 14:35:10.000000000,101027,133,100500,162,101028,69,99960,162,101029,69,99833,162,101110,69,99722,162,101234,162,99705,162,101314,100,99556,100,101352,100,99439,100,101502,100,99430,100,101674,7,99091,100,102090,100,,
2019-06-28 14:35:10.943519332,101027,233,100500,162,101028,69,99960,162,101029,69,99833,162,101110,69,99722,162,101234,162,99705,162,101314,100,99556,100,101352,100,99439,100,101502,100,99430,100,101674,7,99091,100,102090,100,,
2019-06-28 14:35:15.524846422,101027,162,100500,162,101028,69,99960,162,101029,69,99833,162,101110,69,99722,162,101234,162,99705,162,101314,100,99556,100,101352,100,99439,100,101502,100,99430,100,101674,7,99091,100,102090,100,,
2019-06-28 14:35:20.000000000,101027,255,100500,255,101028,162,99960,255,101029,7,99833,100,101110,7,99722,100,101234,100,99705,100,101314,100,99556,100,101352,100,99439,100,101502,100,99430,100,101674,7,99091,100,102090,100,,
2019-06-28 14:35:30.000000000,101027,410,100500,410,101028,7,99960,100,101029,7,99833,100,101110,7,99722,100,101234,100,99705,100,101314,100,99556,100,101352,100,99439,100,101502,100,99430,100,101674,7,99091,100,102090,100,,
2019-06-28 14:35:38.776862111,101027,510,100500,410,101028,7,99960,100,101029,7,99833,100,101110,7,99722,100,101234,100,99705,100,101314,100,99556,100,101352,100,99439,100,101502,100,99430,100,101674,7,99091,100,102090,100,,
2019-06-28 14:35:40.000000000,101027,510,100500,410,101028,7,99960,100,101029,7,99833,100,101110,7,99722,100,101234,100,99705,100,101314,100,99556,100,101352,100,99439,100,101502,100,99430,100,101674,7,99091,100,102090,100,,
2019-06-28 14:35:50.000000000,101027,510,100500,410,101028,7,99960,100,101029,7,99833,100,101110,7,99722,100,101234,100,99705,100,101314,100,99556,100,101352,100,99439,100,101502,100,99430,100,101674,7,99091,100,102090,100,,
2019-06-28 14:36:00.000000000,101027,128,100500,162,101028,69,99960,162,101029,69,99833,162,101110,69,99722,162,101234,162,99705,162,101314,100,99556,100,101352,100,99439,100,101502,100,99430,100,101674,7,99091,100,102090,100,,
2019-06-28 14:36:10.000000000,101027,221,100500,255,101028,162,99960,255,101029,7,99833,100,101110,7,99722,100,101234,100,99705,100,101314,100,99556,100,101352,100,99439,100,101502,100,99430,100,101674,7,99091,100,102090,100,,
2019-06-28 14:36:20.000000000,101027,171,100500,205,101028,109,99960,202,101029,109,99833,202,101110,7,99722,100,101234,100,99705,100,101314,100,99556,100,101352,100,99439,100,101502,100,99430,100,101674,7,99091,100,102090,100,,
2019-06-28 14:36:24.159702910,101027,171,100500,205,101028,109,99960,202,101029,109,99833,202,101110,7,99722,100,101234,100,99705,100,101314,100,99556,100,101352,100,99439,100,101502,100,99430,100,101674,7,99303,100,102090,100,99091,100
2019-06-28 14:36:30.000000000,101027,376,100500,410,101028,7,99960,100,101029,7,99833,100,101110,7,99722,100,101234,100,99705,100,101314,100,99556,100,101352,100,99439,100,101502,100,99430,100,101674,7,99303,100,102090,100,99091,100
2019-06-28 14:36:40.000000000,101027,144,100500,178,101028,85,99960,178,101029,85,99833,178,101110,85,99722,178,101234,100,99705,100,101314,100,99556,100,101352,100,99439,100,101502,100,99430,100,101674,7,99303,100,102090,100,99091,100
2019-06-28 14:36:50.000000000,101027,376,100500,410,101028,7,99960,100,101029,7,99833,100,101110,7,99722,100,101234,100,99705,100,101314,100,99556,100,101352,100,99439,100,101502,100,99430,100,101674,7,99303,100,102090,100,99091,100
2019-06-28 14:37:00.000000000,101027,37,100500,205,101028,109,99960,202,101029,109,99833,202,101110,7,99722,100,101234,100,99705,100,101314,100,99556,100,101352,100,99439,100,101502,100,99430,100,101674,7,99303,100,102090,100,99091,100
2019-06-28 14:37:08.410197920,101027,137,100500,205,101028,109,99960,202,101029,109,99833,202,101110,7,99722,100,101234,100,99705,100,101314,100,99556,100,101352,100,99439,100,101502,100,99430,100,101674,7,99303,100,102090,100,99091,100
2019-06-28 14:37:10.000000000,101027,255,100500,255,101028,162,99960,255,101029,7,99833,100,101110,7,99722,100,101234,100,99705,100,101314,100,99556,100,101352,100,99439,100,101502,100,99430,100,101674,7,99303,100,102090,100,99091,100
2019-06-28 14:37:20.000000000,101027,410,100500,410,101028,7,99960,100,101029,7,99833,100,101110,7,99722,100,101234,100,99705,100,101314,100,99556,100,101352,100,99439,100,101502,100,99430,100,101674,7,99303,100,102090,100,99091,100
2019-06-28 14:37:30.000000000,101027,205,100500,205,101028,109,99960,202,101029,109,99833,202,101110,7,99722,100,101234,100,99705,100,101314,100,99556,100,101352,100,99439,100,101502,100,99430,100,101674,7,99303,100,102090,100,99091,100
2019-06-28 14:37:31.264754705,101027,205,100500,205,101028,109,99960,202,101029,109,99886,100,101110,7,99833,202,101234,100,99722,100,101314,100,99705,100,101352,100,99556,100,101502,100,99439,100,101674,7,99430,100,102090,100,99303,100
2019-06-28 14:37:40.000000000,101027,410,100500,410,101028,7,99960,100,101029,7,99886,100,101110,7,99833,100,101234,100,99722,100,101314,100,99705,100,101352,100,99556,100,101502,100,99439,100,101674,7,99430,100,102090,100,99303,100
2019-06-28 14:37:50.000000000,101027,178,100500,178,101028,85,99960,178,101029,85,99886,178,101110,85,99833,178,101234,100,99722,100,101314,100,99705,100,101352,100,99556,100,101502,100,99439,100,101674,7,99430,100,102090,100,99303,100
2019-06-28 14:37:54.246964957,100562,100,100500,178,101027,178,99960,178,101028,85,99886,178,101029,85,99833,178,101110,85,99722,100,101234,100,99705,100,101314,100,99556,100,101352,100,99439,100,101502,100,99430,100,101674,7,99303,100
2019-06-28 14:38:00.000000000,100562,28,100500,162,101027,162,99960,162,101028,69,99886,162,101029,69,99833,162,101110,69,99722,162,101234,100,99705,100,101314,100,99556,100,101352,100,99439,100,101502,100,99430,100,101674,7,99303,100
2019-06-28 14:38:10.000000000,101027,410,100500,410,101028,7,99960,100,101029,7,99886,100,101110,7,99833,100,101234,100,99722,100,101314,100,99705,100,101352,100,99556,100,101502,100,99439,100,101674,7,99430,100,102090,100,99303,100
2019-06-28 14:38:20.000000000,101027,162,100500,162,101028,69,99960,162,101029,69,99886,162,101110,69,99833,162,101234,162,99722,162,101314,100,99705,100,101352,100,99556,100,101502,100,99439,100,101674,7,99430,100,102090,100,99303,100
2019-06-28 14:38:30.000000000,101027,255,100500,255,101028,162,99960,255,101029,7,99886,100,101110,7,99833,100,101234,100,99722,100,101314,100,99705,100,101352,100,99556,100,101502,100,99439,100,101674,7,99430,100,102090,100,99303,100
2019-06-28 14:38:36.690782719,100871,100,100500,255,101027,255,99960,255,101028,162,99886,100,101029,7,99833,100,101110,7,99722,100,101234,100,99705,100,101314,100,99556,100,101352,100,99439,100,101502,100,99430,100,101674,7,99303,100
2019-06-28 14:38:40.000000000,100871,205,100500,205,101027,202,99960,202,101028,109,99886,202,101029,7,99833,100,101110,7,99722,100,101234,100,99705,100,101314,100,99556,100,101352,100,99439,100,101502,100,99430,100,101674,7,99303,100
2019-06-28 14:38:50.000000000,100871,205,100500,205,101027,202,99960,202,101028,109,99886,202,101029,7,99833,100,101110,7,99722,100,101234,100,99705,100,101314,100,99556,100,101352,100,99439,100,101502,100,99430,100,101674,7,99303,100
2019-06-28 14:39:00.000000000,100871,28,100500,162,101027,162,99960,162,101028,69,99886,162,101029,69,99833,162,101110,69,99722,162,101234,100,99705,100,101314,100,99556,100,101352,100,99439,100,101502,100,99430,100,101674,7,99303,100
2019-06-28 14:39:10.000000000,101027,178,100500,178,101028,85,99960,178,101029,85,99886,178,101110,85,99833,178,101234,100,99722,100,101314,100,99705,100,101352,100,99556,100,101502,100,99439,100,101674,7,99430,100,102090,100,99303,100
2019-06-28 14:39:20.000000000,101027,178,100500,178,101028,85,99960,178,101029,85,99886,178,101110,85,99833,178,101234,100,99722,100,101314,100,99705,100,101352,100,99556,100,101502,100,99439,100,101674,7,99430,100,102090,100,99303,100
2019-06-28 14:39:30.000000000,101027,178,100500,178,101028,85,99960,178,101029,85,99886,178,101110,85,99833,178,101234,100,99722,100,101314,100,99705,100,101352,100,99556,100,101502,100,99439,100,101674,7,99430,100,102090,100,99303,100
2019-06-28 14:39:40.000000000,101027,162,100500,162,101028,69,99960,162,101029,69,99886,162,101110,69,99833,162,101234,162,99722,162,101314,100,99705,100,101352,100,99556,100,101502,100,99439,100,101674,7,99430,100,102090,100,99303,100
2019-06-28 14:39:50.000000000,101027,410,100500,410,101028,7,99960,100,101029,7,99886,100,101110,7,99833,100,101234,100,99722,100,101314,100,99705,100,101352,100,99556,100,101502,100,99439,100,101674,7,99430,100,102090,100,99303,100
2019-06-28 14:39:53.396900576,100871,100,100500,410,101027,410,99960,100,101028,7,99886,100,101029,7,99833,100,101110,7,99722,100,101234,100,99705,100,101314,100,99556,100,101352,100,99439,100,101502,100,99430,100,101674,7,99303,100
2019-06-28 14:40:00.000000000,100871,276,100500,410,101027,100,99960,100,101028,7,99886,100,101029,7,99833,100,101110,7,99722,100,101234,100,99705,100,101314,100,99556,100,101352,100,99439,100,101502,100,99430,100,101674,7,99303,100
2019-06-28 14:40:07.974168099,100871,276,100776,100,101027,100,100500,410,101028,7,99960,100,101029,7,99886,100,101110,7,99833,100,101234,100,99722,100,101314,100,99705,100,101352,100,99556,100,101502,100,99439,100,101674,7,99430,100
2019-06-28 14:40:08.353565007,100871,276,100776,100,101027,100,100533,100,101028,7,100500,410,101029,7,99960,100,101110,7,99886,100,101234,100,99833,100,101314,100,99722,100,101352,100,99705,100,101502,100,99556,100,101674,7,99439,100
2019-06-28 14:40:10.000000000,101027,410,100776,410,101028,7,100533,100,101029,7,100500,100,101110,7,99960,100,101234,100,99886,100,101314,100,99833,100,101352,100,99722,100,101502,100,99705,100,101674,7,99556,100,102090,100,99439,100
2019-06-28 14:40:20.000000000,101027,410,100776,410,101028,7,100533,100,101029,7,100500,100,101110,7,99960,100,101234,100,99886,100,101314,100,99833,100,101352,100,99722,100,101502,100,99705,100,101674,7,99556,100,102090,100,99439,100
2019-06-28 14:40:30.000000000,101027,205,100776,205,101028,109,100533,202,101029,109,100500,202,101110,7,99960,100,101234,100,99886,100,101314,100,99833,100,101352,100,99722,100,101502,100,99705,100,101674,7,99556,100,102090,100,99439,100
2019-06-28 14:40:40.000000000,101027,178,100776,178,101028,85,100533,178,101029,85,100500,178,101110,85,99960,178,101234,100,99886,100,101314,100,99833,100,101352,100,99722,100,101502,100,99705,100,101674,7,99556,100,102090,100,99439,100
2019-06-28 14:40:50.000000000,101027,410,100776,410,101028,7,100533,100,101029,7,100500,100,101110,7,99960,100,101234,100,99886,100,101314,100,99833,100,101352,100,99722,100,101502,100,99705,100,101674,7,99556,100,102090,100,99439,100
2019-06-28 14:41:00.000000000,101027,71,100776,205,101028,109,100533,202,101029,109,100500,202,101110,7,99960,100,101234,100,99886,100,101314,100,99833,100,101352,100,99722,100,101502,100,99705,100,101674,7,99556,100,102090,100,99439,100
2019-06-28 14:41:05.603979706,101027,171,100776,205,101028,109,100533,202,101029,109,100500,202,101110,7,99960,100,101234,100,99886,100,101314,100,99833,100,101352,100,99722,100,101502,100,99705,100,101674,7,99556,100,102090,100,99439,100
2019-06-28 14:41:10.000000000,101027,162,100776,162,101028,69,100533,162,101029,69,100500,162,101110,69,99960,162,101234,162,99886,162,101314,100,99833,100,101352,100,99722,100,101502,100,99705,100,101674,7,99556,100,102090,100,99439,100
2019-06-28 14:41:19.686019951,101027,162,100776,162,101028,69,100547,100,101029,69,100533,162,101110,69,100500,162,101234,162,99960,162,101314,100,99886,162,101352,100,99833,100,101502,100,99722,100,101674,7,99705,100,102090,100,99556,100
2019-06-28 14:41:20.000000000,101027,178,100776,178,101028,85,100547,178,101029,85,100533,178,101110,85,100500,178,101234,100,99960,100,101314,100,99886,100,101352,100,99833,100,101502,100,99722,100,101674,7,99705,100,102090,100,99556,100
2019-06-28 14:41:30.000000000,101027,205,100776,205,101028,109,100547,202,101029,109,100533,202,101110,7,100500,100,101234,100,99960,100,101314,100,99886,100,101352,100,99833,100,101502,100,99722,100,101674,7,99705,100,102090,100,99556,100
2019-06-28 14:41:40.000000000,101027,410,100776,410,101028,7,100547,100,101029,7,100533,100,101110,7,100500,100,101234,100,99960,100,101314,100,99886,100,101352,100,99833,100,101502,100,99722,100,101674,7,99705,100,102090,100,99556,100
2019-06-28 14:41:40.083356927,101027,410,100776,410,101028,7,100605,100,101029,7,100547,100,101110,7,100533,100,101234,100,100500,100,101314,100,99960,100,101352,100,99886,100,101502,100,99833,100,101674,7,99722,100,102090,100,99705,100
2019-06-28 14:41:43.525120991,101027,410,100812,100,101028,7,100776,410,101029,7,100605,100,101110,7,100547,100,101234,100,100533,100,101314,100,99960,100,101352,100,99886,100,101502,100,99833,100,101674,7,99722,100,102090,100,99705,100
2019-06-28 14:41:44.221594553,101027,410,100776,410,101028,7,100605,100,101029,7,100547,100,101110,7,100533,100,101234,100,99960,100,101314,100,99886,100,101352,100,99833,100,101502,100,99722,100,101674,7,99705,100,102090,100,99439,100
2019-06-28 14:41:50.000000000,101027,178,100776,178,101028,85,100605,178,101029,85,100547,178,101110,85,100533,178,101234,100,99960,100,101314,100,99886,100,101352,100,99833,100,101502,100,99722,100,101674,7,99705,100,102090,100,99439,100
2019-06-28 14:41:52.049251270,101027,178,100776,178,101028,85,100605,178,101029,85,100547,178,101110,85,100533,178,101234,100,100430,100,101314,100,99960,100,101352,100,99886,100,101502,100,99833,100,101674,7,99722,100,102090,100,99705,100
2019-06-28 14:42:00.000000000,101027,28,100776,162,101028,69,100605,162,101029,69,100547,162,101110,69,100533,162,101234,162,100430,162,101314,100,99960,100,101352,100,99886,100,101502,100,99833,100,101674,7,99722,100,102090,100,99705,100
2019-06-28 14:42:10.000000000,101028,162,100776,255,101029,162,100605,255,101110,7,100547,100,101234,100,100533,100,101314,100,100430,100,101352,100,99960,100,101502,100,99886,100,101674,7,99833,100,102090,100,99722,100,,,99705,100
2019-06-28 14:42:10.240313851,101028,162,100776,255,101029,162,100605,255,101110,7,100547,100,101234,100,100533,100,101314,100,100430,100,101352,100,100140,100,101502,100,99960,100,101674,7,99886,100,102090,100,99833,100,,,99722,100
2019-06-28 14:42:20.000000000,101028,69,100776,162,101029,69,100605,162,101110,69,100547,162,101234,162,100533,162,101314,162,100430,162,101352,100,100140,100,101502,100,99960,100,101674,7,99886,100,102090,100,99833,100,,,99722,100
2019-06-28 14:42:26.573423505,101028,69,100776,162,101029,69,100605,162,101110,69,100547,162,101234,162,100533,162,101314,162,100430,162,101352,100,100161,100,101502,100,100140,100,101674,7,99960,100,102090,100,99886,100,,,99833,100
2019-06-28 14:42:27.545404511,101028,69,100776,162,101029,69,100605,162,101110,69,100547,162,101234,162,100533,162,101314,162,100430,162,101352,100,100161,100,101502,100,100140,100,101674,7,99960,100,102090,100,99886,100,,,99833,100
2019-06-28 14:42:30.000000000,101028,85,100776,178,101029,85,100605,178,101110,85,100547,178,101234,178,100533,178,101314,100,100430,100,101352,100,100161,100,101502,100,100140,100,101674,7,99960,100,102090,100,99886,100,,,99833,100
2019-06-28 14:42:40.000000000,101028,85,100776,178,101029,85,100605,178,101110,85,100547,178,101234,178,100533,178,101314,100,100430,100,101352,100,100161,100,101502,100,100140,100,101674,7,99960,100,102090,100,99886,100,,,99833,100
2019-06-28 14:42:40.379069356,101028,85,100776,78,101029,85,100605,178,101110,85,100547,178,101234,178,100533,178,101314,100,100430,100,101352,100,100140,100,101502,100,99960,100,101674,7,99886,100,102090,100,99833,100,,,99722,100
2019-06-28 14:42:50.000000000,101028,317,100605,410,101029,7,100547,100,101110,7,100533,100,101234,100,100430,100,101314,100,100140,100,101352,100,99960,100,101502,100,99886,100,101674,7,99833,100,102090,100,99722,100,,,99687,100
2019-06-28 14:43:00.000000000,101029,37,101028,1,101110,85,100605,178,101234,178,100547,178,101314,100,100533,178,101352,100,100430,178,101502,100,100140,100,101674,7,99960,100,102090,100,99886,100,,,99833,100,,,99722,100
2019-06-28 14:43:00.692640753,101029,37,101028,1,101110,85,100605,178,101234,178,100547,178,101314,100,100533,178,101352,100,100430,178,101502,100,100140,100,101674,7,99960,100,102090,100,99886,100,,,99833,100,,,99742,100
2019-06-28 14:43:10.000000000,101110,162,101028,156,101234,255,100605,255,101314,100,100547,100,101352,100,100533,100,101502,100,100430,100,101674,7,100140,100,102090,100,99960,100,,,99886,100,,,99833,100,,,99742,100
2019-06-28 14:43:10.475048920,101029,100,101028,156,101110,162,100605,255,101234,255,100547,100,101314,100,100533,100,101352,100,100430,100,101502,100,100140,100,101674,7,99960,100,102090,100,99886,100,,,99833,100,,,99742,100
2019-06-28 14:43:17.767856430,101029,100,101028,56,101110,162,100605,255,101234,255,100547,100,101314,100,100533,100,101352,100,100430,100,101502,100,100140,100,101674,7,99960,100,102090,100,99886,100,,,99833,100,,,99742,100
2019-06-28 14:43:20.000000000,101029,205,100605,205,101110,109,100547,202,101234,202,100533,202,101314,100,100430,100,101352,100,100140,100,101502,100,99960,100,101674,7,99886,100,102090,100,99833,100,,,99742,100,,,99722,100
2019-06-28 14:43:30.000000000,101029,162,100605,162,101110,69,100547,162,101234,162,100533,162,101314,162,100430,162,101352,162,100140,162,101502,100,99960,100,101674,7,99886,100,102090,100,99833,100,,,99742,100,,,99722,100
2019-06-28 14:43:40.000000000,101029,162,100605,162,101110,69,100547,162,101234,162,100533,162,101314,162,100430,162,101352,162,100140,162,101502,100,99960,100,101674,7,99886,100,102090,100,99833,100,,,99742,100,,,99722,100
2019-06-28 14:43:45.991087595,101029,162,100605,62,101110,69,100547,162,101234,162,100533,162,101314,162,100430,162,101352,162,100140,162,101502,100,99960,100,101674,7,99886,100,102090,100,99833,100,,,99742,100,,,99722,100
2019-06-28 14:43:50.000000000,101029,178,100547,178,101110,85,100533,178,101234,178,100430,178,101314,178,100140,178,101352,100,99960,100,101502,100,99886,100,101674,7,99833,100,102090,100,99742,100,,,99722,100,,,99687,100
2019-06-28 14:43:58.030646700,101029,178,100547,178,101110,85,100533,178,101234,178,100430,178,101314,178,100140,178,101352,100,99960,100,101502,100,99886,100,101674,7,99833,100,102090,100,99769,100,,,99742,100,,,99722,100
2019-06-28 14:44:00.000000000,101029,44,100547,178,101110,85,100533,178,101234,178,100430,178,101314,178,100140,178,101352,100,99960,100,101502,100,99886,100,101674,7,99833,100,102090,100,99769,100,,,99742,100,,,99722,100
2019-06-28 14:44:05.117447796,101029,44,100547,78,101110,85,100533,178,101234,178,100430,178,101314,178,100140,78,101352,100,99960,100,101502,100,99886,100,101674,7,99833,100,102090,100,99769,100,,,99742,100,,,99722,100
2019-06-28 14:44:09.771884950,101029,44,100547,78,101110,85,100533,178,101234,178,100430,178,101314,178,100140,78,101352,100,99960,100,101502,100,99886,100,101674,7,99833,100,102090,100,99769,100,,,99742,100,,,99722,100
2019-06-28 14:44:10.000000000,101110,317,100533,410,101234,100,100430,100,101314,100,99960,100,101352,100,99886,100,101502,100,99833,100,101674,7,99769,100,102090,100,99742,100,,,99722,100,,,99687,100,,,99540,100
2019-06-28 14:44:20.000000000,101110,85,100533,178,101234,178,100430,178,101314,178,99960,178,101352,178,99886,178,101502,100,99833,100,101674,7,99769,100,102090,100,99742,100,,,99722,100,,,99687,100,,,99540,100
2019-06-28 14:44:29.770007862,101110,85,100533,178,101234,178,100430,178,101314,178,99960,178,101352,178,99886,178,101502,100,99833,100,101674,7,99769,100,102090,100,99742,100,,,99741,100,,,99722,100,,,99687,100
2019-06-28 14:44:30.000000000,101110,85,100533,178,101234,178,100430,178,101314,178,99960,178,101352,178,99886,178,101502,100,99833,100,101674,7,99769,100,102090,100,99742,100,,,99741,100,,,99722,100,,,99687,100
2019-06-28 14:44:32.296521616,101110,85,100533,178,101234,178,100430,178,101314,178,99960,178,101352,178,99886,178,101502,100,99833,100,101674,7,99769,100,102090,100,99742,100,,,99741,100,,,99722,100,,,99687,100
2019-06-28 14:44:40.000000000,101110,112,100533,205,101234,202,100430,202,101314,202,99960,202,101352,100,99886,100,101502,100,99833,100,101674,7,99769,100,102090,100,99742,100,,,99741,100,,,99722,100,,,99687,100
2019-06-28 14:44:45.562950603,101110,112,100533,105,101234,202,100430,202,101314,202,99960,202,101352,100,99886,100,101502,100,99833,100,101674,7,99742,100,102090,100,99741,100,,,99722,100,,,99687,100,,,99601,100
2019-06-28 14:44:50.000000000,101110,112,100430,205,101234,202,99960,202,101314,202,99886,202,101352,100,99833,100,101502,100,99742,100,101674,7,99741,100,102090,100,99722,100,,,99687,100,,,99601,100,,,99540,100
2019-06-28 14:45:00.000000000,101110,183,100430,410,101234,100,99960,100,101314,100,99886,100,101352,100,99833,100,101502,100,99742,100,101674,7,99741,100,102090,100,99722,100,,,99687,100,,,99601,100,,,99540,100
2019-06-28 14:45:10.000000000,101234,255,100430,255,101314,255,99960,255,101352,100,99886,100,101502,100,99833,100,101674,7,99742,100,102090,100,99741,100,,,99722,100,,,99687,100,,,99601,100,,,99540,100
2019-06-28 14:45:16.264067609,101234,155,100430,255,101314,255,100248,100,101352,100,99960,255,101502,100,99886,100,101674,7,99833,100,102090,100,99742,100,,,99741,100,,,99722,100,,,99687,100,,,99601,100
2019-06-28 14:45:20.000000000,101314,205,100430,205,101352,202,100248,202,101502,202,99960,202,101674,7,99886,100,102090,100,99833,100,,,99742,100,,,99741,100,,,99722,100,,,99687,100,,,99601,100
2019-06-28 14:45:22.647755939,101314,205,100477,100,101352,202,100430,205,101502,202,100248,202,101674,7,99960,202,102090,100,99886,100,,,99833,100,,,99742,100,,,99741,100,,,99722,100,,,99687,100
2019-06-28 14:45:30.000000000,101314,255,100477,255,101352,255,100430,255,101502,100,100248,100,101674,7,99960,100,102090,100,99886,100,,,99833,100,,,99742,100,,,99741,100,,,99722,100,,,99687,100
2019-06-28 14:45:31.039444186,101110,100,100477,255,101314,255,100430,255,101352,255,100248,100,101502,100,99960,100,101674,7,99886,100,102090,100,99833,100,,,99742,100,,,99741,100,,,99722,100,,,99687,100
2019-06-28 14:45:40.000000000,101110,410,100477,410,101314,100,100430,100,101352,100,100248,100,101502,100,99960,100,101674,7,99886,100,102090,100,99833,100,,,99742,100,,,99741,100,,,99722,100,,,99687,100
2019-06-28 14:45:50.000000000,101110,410,100477,410,101314,100,100430,100,101352,100,100248,100,101502,100,99960,100,101674,7,99886,100,102090,100,99833,100,,,99742,100,,,99741,100,,,99722,100,,,99687,100
2019-06-28 14:46:00.000000000,101110,121,100477,255,101314,255,100430,255,101352,100,100248,100,101502,100,99960,100,101674,7,99886,100,102090,100,99833,100,,,99742,100,,,99741,100,,,99722,100,,,99687,100
2019-06-28 14:46:10.000000000,101314,410,100477,410,101352,100,100430,100,101502,100,100248,100,101674,7,99960,100,102090,100,99886,100,,,99833,100,,,99742,100,,,99741,100,,,99722,100,,,99687,100
2019-06-28 14:46:16.893892218,101110,100,100477,410,101314,410,100430,100,101352,100,100248,100,101502,100,99960,100,101674,7,99886,100,102090,100,99833,100,,,99742,100,,,99741,100,,,99722,100,,,99687,100
2019-06-28 14:46:20.000000000,101110,178,100477,178,101314,178,100430,178,101352,178,100248,178,101502,178,99960,178,101674,7,99886,100,102090,100,99833,100,,,99742,100,,,99741,100,,,99722,100,,,99687,100
2019-06-28 14:46:30.000000000,101110,178,100477,178,101314,178,100430,178,101352,178,100248,178,101502,178,99960,178,101674,7,99886,100,102090,100,99833,100,,,99742,100,,,99741,100,,,99722,100,,,99687,100
2019-06-28 14:46:34.629710064,101110,178,100477,178,101314,178,100430,178,101352,78,100248,178,101502,178,100067,100,101674,7,99960,178,102090,100,99886,100,,,99833,100,,,99742,100,,,99741,100,,,99722,100
2019-06-28 14:46:40.000000000,101110,255,100477,255,101314,255,100430,255,101502,100,100248,100,101674,7,100067,100,102090,100,99960,100,,,99886,100,,,99833,100,,,99742,100,,,99741,100,,,99722,100
2019-06-28 14:46:42.096944264,101110,355,100477,255,101314,255,100430,255,101502,100,100248,100,101674,7,100067,100,102090,100,99960,100,,,99886,100,,,99833,100,,,99742,100,,,99741,100,,,99722,100
2019-06-28 14:46:50.000000000,101110,262,100477,162,101314,162,100430,162,101502,162,100248,162,101674,69,100067,162,102090,162,99960,162,,,99886,100,,,99833,100,,,99742,100,,,99741,100,,,99722,100
2019-06-28 14:46:56.525520650,101110,262,100477,162,101314,162,100430,162,101502,162,100248,262,101674,69,100067,162,102090,162,99960,162,,,99886,100,,,99833,100,,,99742,100,,,99741,100,,,99722,100
2019-06-28 14:47:00.000000000,101110,376,100477,410,101314,100,100430,100,101502,100,100248,200,101674,7,100067,100,102090,100,99960,100,,,99886,100,,,99833,100,,,99742,100,,,99741,100,,,99722,100
2019-06-28 14:47:00.681722792,101110,376,100477,310,101314,100,100430,100,101502,100,100248,200,101674,7,99960,100,102090,100,99886,100,,,99833,100,,,99742,100,,,99741,100,,,99722,100,,,99687,100
2019-06-28 14:47:09.026821630,101110,376,100477,210,101314,100,100430,100,101502,100,100248,200,101674,7,99960,100,102090,100,99886,100,,,99833,100,,,99742,100,,,99741,100,,,99722,100,,,99687,100
2019-06-28 14:47:10.000000000,101110,144,100430,178,101314,178,100248,278,101502,178,99960,178,101674,85,99886,178,102090,100,99833,100,,,99742,100,,,99741,100,,,99722,100,,,99687,100,,,99601,100
2019-06-28 14:47:20.000000000,101110,128,100430,162,101314,162,100248,262,101502,162,99960,162,101674,69,99886,162,102090,162,99833,162,,,99742,100,,,99741,100,,,99722,100,,,99687,100,,,99601,100
2019-06-28 14:47:30.000000000,101110,376,100430,410,101314,100,100248,200,101502,100,99960,100,101674,7,99886,100,102090,100,99833,100,,,99742,100,,,99741,100,,,99722,100,,,99687,100,,,99601,100
2019-06-28 14:47:31.594000894,101110,376,100430,310,101314,100,100248,100,101502,100,99960,100,101674,7,99886,100,102090,100,99833,100,,,99742,100,,,99741,100,,,99722,100,,,99687,100,,,99601,100
2019-06-28 14:47:40.000000000,101110,221,100248,255,101314,255,99960,255,101502,100,99886,100,101674,7,99833,100,102090,100,99742,100,,,99741,100,,,99722,100,,,99687,100,,,99601,100,,,99540,100
2019-06-28 14:47:41.523202703,101110,221,100248,255,101314,255,100245,100,101502,100,99960,255,101674,7,99833,100,102090,100,99742,100,,,99741,100,,,99722,100,,,99687,100,,,99601,100,,,99540,100
2019-06-28 14:47:50.000000000,101110,221,100248,255,101314,255,100245,255,101502,100,99960,100,101674,7,99833,100,102090,100,99742,100,,,99741,100,,,99722,100,,,99687,100,,,99601,100,,,99540,100
2019-06-28 14:47:56.788569731,101110,221,100431,100,101314,255,100248,255,101502,100,100245,255,101674,7,99960,100,102090,100,99833,100,,,99742,100,,,99741,100,,,99722,100,,,99687,100,,,99601,100
2019-06-28 14:48:00.000000000,101110,242,100431,410,101314,100,100248,100,101502,100,100245,100,101674,7,99960,100,102090,100,99833,100,,,99742,100,,,99741,100,,,99722,100,,,99687,100,,,99601,100
2019-06-28 14:48:10.000000000,101314,255,100431,255,101502,255,100248,255,101674,7,100245,100,102090,100,99960,100,,,99833,100,,,99742,100,,,99741,100,,,99722,100,,,99687,100,,,99601,100
2019-06-28 14:48:20.000000000,101314,205,100431,205,101502,202,100248,202,101674,109,100245,202,102090,100,99960,100,,,99833,100,,,99742,100,,,99741,100,,,99722,100,,,99687,100,,,99601,100
2019-06-28 14:48:30.000000000,101314,410,100431,410,101502,100,100248,100,101674,7,100245,100,102090,100,99960,100,,,99833,100,,,99742,100,,,99741,100,,,99722,100,,,99687,100,,,99601,100
2019-06-28 14:48:40.000000000,101314,205,100431,205,101502,202,100248,202,101674,109,100245,202,102090,100,99960,100,,,99833,100,,,99742,100,,,99741,100,,,99722,100,,,99687,100,,,99601,100
2019-06-28 14:48:50.000000000,101314,205,100431,205,101502,202,100248,202,101674,109,100245,202,102090,100,99960,100,,,99833,100,,,99742,100,,,99741,100,,,99722,100,,,99687,100,,,99601,100
2019-06-28 14:49:00.000000000,101314,28,100431,162,101502,162,100248,162,101674,69,100245,162,102090,162,99960,162,102091,62,99833,162,,,99742,100,,,99741,100,,,99722,100,,,99687,100,,,99601,100
2019-06-28 14:49:10.000000000,101502,410,100431,410,101674,7,100248,100,102090,100,100245,100,,,99960,100,,,99833,100,,,99742,100,,,99741,100,,,99722,100,,,99687,100,,,99601,100
2019-06-28 14:49:19.723893567,101502,410,100431,310,101674,7,100248,100,102090,100,100245,100,,,99960,100,,,99833,100,,,99742,100,,,99741,100,,,99722,100,,,99687,100,,,99601,100
2019-06-28 14:49:20.000000000,101502,410,100248,410,101674,7,100245,100,102090,100,99960,100,,,99833,100,,,99742,100,,,99741,100,,,99722,100,,,99687,100,,,99601,100,,,99540,100
2019-06-28 14:49:25.297757062,101502,410,100248,310,101674,7,100245,100,102090,100,99960,100,,,99833,100,,,99742,100,,,99741,100,,,99722,100,,,99687,100,,,99601,100,,,99540,100
2019-06-28 14:49:30.000000000,101502,205,100245,205,101674,109,99960,202,102090,202,99833,202,,,99742,100,,,99741,100,,,99722,100,,,99687,100,,,99601,100,,,99540,100,,,,
2019-06-28 14:49:40.000000000,101502,205,100245,205,101674,109,99960,202,102090,202,99833,202,,,99742,100,,,99741,100,,,99722,100,,,99687,100,,,99601,100,,,99540,100,,,,
2019-06-28 14:49:50.000000000,101502,162,100245,162,101674,69,99960,162,102090,162,99833,162,102091,62,99742,162,,,99741,162,,,99722,100,,,99687,100,,,99601,100,,,99540,100,,,,
2019-06-28 14:50:00.000000000,101502,121,100245,255,101674,162,99960,255,102090,100,99833,100,,,99742,100,,,99741,100,,,99722,100,,,99687,100,,,99601,100,,,99540,100,,,,
2019-06-28 14:50:04.667792625,101502,121,100668,100,101674,162,100245,255,102090,100,99960,255,,,99833,100,,,99742,100,,,99741,100,,,99722,100,,,99687,100,,,99601,100,,,99540,100
2019-06-28 14:50:10.000000000,101674,69,100668,162,102090,162,100245,162,102091,62,99960,162,,,99833,162,,,99742,162,,,99741,100,,,99722,100,,,99687,100,,,99601,100,,,99540,100
2019-06-28 14:50:20.000000000,101674,317,100668,410,102090,100,100245,100,,,99960,100,,,99833,100,,,99742,100,,,99741,100,,,99722,100,,,99687,100,,,99601,100,,,99540,100
2019-06-28 14:50:30.000000000,101674,112,100668,205,102090,202,100245,202,102091,102,99960,202,,,99833,100,,,99742,100,,,99741,100,,,99722,100,,,99687,100,,,99601,100,,,99540,100
2019-06-28 14:50:40.000000000,101674,162,100668,255,102090,255,100245,255,,,99960,100,,,99833,100,,,99742,100,,,99741,100,,,99722,100,,,99687,100,,,99601,100,,,99540,100
2019-06-28 14:50:46.264851729,101674,162,100668,255,102090,255,100569,100,,,100245,255,,,99960,100,,,99833,100,,,99742,100,,,99741,100,,,99722,100,,,99687,100,,,99601,100
2019-06-28 14:50:50.000000000,101674,317,100668,410,102090,100,100569,100,,,100245,100,,,99960,100,,,99833,100,,,99742,100,,,99741,100,,,99722,100,,,99687,100,,,99601,100
2019-06-28 14:50:55.126656970,101674,317,100668,310,102090,100,100569,100,,,100245,100,,,99960,100,,,99833,100,,,99742,100,,,99741,100,,,99722,100,,,99687,100,,,99601,100
2019-06-28 14:51:00.000000000,102090,137,101674,1,102091,78,100569,178,,,100245,178,,,99960,178,,,99833,178,,,99742,100,,,99741,100,,,99722,100,,,99687,100,,,99601,100
2019-06-28 14:51:07.406219225,102090,237,101674,1,102091,78,100569,178,,,100245,178,,,99960,178,,,99833,178,,,99742,100,,,99741,100,,,99722,100,,,99687,100,,,99601,100
2019-06-28 14:51:10.000000000,102090,237,101674,79,102091,78,100569,178,,,100245,178,,,99960,178,,,99833,100,,,99742,100,,,99741,100,,,99722,100,,,99687,100,,,99601,100
2019-06-28 14:51:17.243563992,102090,237,101674,79,102091,78,100569,178,,,100245,178,,,99960,178,,,99833,100,,,99742,100,,,99741,100,,,99722,100,,,99687,100,,,99626,100
2019-06-28 14:51:19.148668611,101674,21,100569,178,102090,237,100245,178,102091,78,99960,178,,,99833,100,,,99742,100,,,99741,100,,,99722,100,,,99687,100,,,99626,100,,,99601,100
2019-06-28 14:51:20.000000000,101674,331,100569,410,102090,159,100245,100,,,99960,100,,,99833,100,,,99742,100,,,99741,100,,,99722,100,,,99687,100,,,99626,100,,,99601,100
2019-06-28 14:51:21.097320094,101674,331,100569,410,102090,159,100245,100,,,99960,100,,,99833,100,,,99776,100,,,99742,100,,,99741,100,,,99722,100,,,99687,100,,,99626,100
2019-06-28 14:51:25.058248080,101674,331,100569,310,102090,159,100245,100,,,99960,100,,,99833,100,,,99776,100,,,99742,100,,,99741,100,,,99722,100,,,99687,100,,,99626,100
2019-06-28 14:51:30.000000000,101674,99,100245,178,102090,237,99960,178,102091,78,99833,178,,,99776,178,,,99742,100,,,99741,100,,,99722,100,,,99687,100,,,99626,100,,,99601,100
2019-06-28 14:51:40.000000000,101674,176,100245,255,102090,314,99960,255,,,99833,100,,,99776,100,,,99742,100,,,99741,100,,,99722,100,,,99687,100,,,99626,100,,,99601,100
2019-06-28 14:51:49.054945025,101674,176,100245,255,102090,314,100075,100,,,99960,255,,,99833,100,,,99776,100,,,99742,100,,,99741,100,,,99722,100,,,99687,100,,,99626,100
2019-06-28 14:51:50.000000000,101674,176,100245,255,102090,314,100075,255,,,99960,100,,,99833,100,,,99776,100,,,99742,100,,,99741,100,,,99722,100,,,99687,100,,,99626,100
2019-06-28 14:51:50.675744243,101674,176,100245,155,102090,314,100075,255,,,99960,100,,,99833,100,,,99776,100,,,99742,100,,,99741,100,,,99722,100,,,99687,100,,,99626,100
2019-06-28 14:52:00.000000000,102090,214,101674,5,102091,78,100075,178,,,99960,178,,,99833,178,,,99776,178,,,99742,100,,,99741,100,,,99722,100,,,99687,100,,,99626,100
2019-06-28 14:52:00.960840222,101674,95,100075,178,102090,214,99960,178,102091,78,99833,178,,,99776,178,,,99742,100,,,99741,100,,,99722,100,,,99687,100,,,99626,100,,,99601,100
2019-06-28 14:52:10.000000000,101674,173,100075,178,102090,214,99960,178,102091,78,99833,178,,,99776,178,,,99742,100,,,99741,100,,,99722,100,,,99687,100,,,99626,100,,,99601,100
2019-06-28 14:52:15.119305306,101674,173,100075,178,102090,214,99960,178,102091,78,99856,100,,,99833,178,,,99776,178,,,99742,100,,,99741,100,,,99722,100,,,99687,100,,,99626,100
2019-06-28 14:52:19.837683383,101674,173,100075,78,102090,214,99960,178,102091,78,99856,100,,,99833,178,,,99776,178,,,99742,100,,,99741,100,,,99722,100,,,99687,100,,,99626,100
2019-06-28 14:52:20.000000000,101674,157,99960,162,102090,198,99856,162,102091,62,99833,162,,,99776,162,,,99742,162,,,99741,100,,,99722,100,,,99687,100,,,99626,100,,,99601,100
2019-06-28 14:52:30.000000000,101674,200,99960,205,102090,238,99856,202,102091,102,99833,202,,,99776,100,,,99742,100,,,99741,100,,,99722,100,,,99687,100,,,99626,100,,,99601,100
2019-06-28 14:52:40.000000000,101674,250,99960,255,102090,291,99856,255,,,99833,100,,,99776,100,,,99742,100,,,99741,100,,,99722,100,,,99687,100,,,99626,100,,,99601,100
2019-06-28 14:52:40.947636543,101674,250,99960,255,102090,291,99856,255,,,99833,100,,,99776,100,,,99742,100,,,99741,100,,,99722,100,,,99687,100,,,99626,100,,,99601,100
2019-06-28 14:52:45.208496655,101673,100,99960,255,101674,250,99856,255,102090,291,99833,100,,,99776,100,,,99742,100,,,99741,100,,,99722,100,,,99687,100,,,99626,100,,,99601,100
2019-06-28 14:52:50.000000000,101673,410,99960,410,101674,95,99856,100,102090,136,99833,100,,,99776,100,,,99742,100,,,99741,100,,,99722,100,,,99687,100,,,99626,100,,,99601,100
2019-06-28 14:53:00.000000000,101673,28,99960,162,101674,157,99856,162,102090,198,99833,162,102091,62,99776,162,,,99742,162,,,99741,100,,,99722,100,,,99687,100,,,99626,100,,,99601,100
2019-06-28 14:53:00.190324970,101673,28,99960,162,101674,157,99856,162,102090,198,99839,100,102091,62,99833,162,,,99776,162,,,99742,162,,,99741,100,,,99722,100,,,99687,100,,,99626,100
2019-06-28 14:53:10.000000000,101674,405,99960,410,102090,136,99856,100,,,99839,100,,,99833,100,,,99776,100,,,99742,100,,,99741,100,,,99722,100,,,99687,100,,,99626,100
2019-06-28 14:53:16.914914087,101674,405,99960,310,102090,136,99856,100,,,99839,100,,,99833,100,,,99776,100,,,99742,100,,,99741,100,,,99722,100,,,99626,100,,,99601,100
2019-06-28 14:53:18.448366656,101674,405,99960,210,102090,136,99856,100,,,99839,100,,,99833,100,,,99776,100,,,99742,100,,,99741,100,,,99722,100,,,99626,100,,,99601,100
2019-06-28 14:53:20.000000000,101674,250,99856,255,102090,291,99839,255,,,99833,100,,,99776,100,,,99742,100,,,99741,100,,,99722,100,,,99626,100,,,99601,100,,,99490,100
2019-06-28 14:53:30.000000000,101674,173,99856,178,102090,214,99839,178,102091,78,99833,178,,,99776,178,,,99742,100,,,99741,100,,,99722,100,,,99626,100,,,99601,100,,,99490,100
2019-06-28 14:53:40.000000000,101674,250,99856,255,102090,291,99839,255,,,99833,100,,,99776,100,,,99742,100,,,99741,100,,,99722,100,,,99626,100,,,99601,100,,,99490,100
2019-06-28 14:53:43.898045720,101674,250,99856,155,102090,291,99839,255,,,99833,100,,,99776,100,,,99742,100,,,99741,100,,,99722,100,,,99626,100,,,99601,100,,,99490,100
2019-06-28 14:53:50.000000000,101674,250,99839,255,102090,291,99833,255,,,99776,100,,,99742,100,,,99741,100,,,99722,100,,,99626,100,,,99601,100,,,99490,100,,,,
2019-06-28 14:53:53.503371895,100334,100,99839,255,101674,250,99833,255,102090,291,99776,100,,,99742,100,,,99741,100,,,99722,100,,,99626,100,,,99601,100,,,99490,100,,,,
2019-06-28 14:53:53.847980438,100095,100,99839,255,100334,100,99833,255,101674,250,99776,100,102090,291,99742,100,,,99741,100,,,99722,100,,,99626,100,,,99601,100,,,99490,100,,,,
2019-06-28 14:53:55.889322966,100095,100,99857,100,100334,100,99839,255,101674,250,99833,255,102090,291,99776,100,,,99742,100,,,99741,100,,,99722,100,,,99626,100,,,99601,100,,,99490,100
2019-06-28 14:54:00.000000000,100095,71,99857,205,100334,202,99839,202,101674,197,99833,202,102090,136,99776,100,,,99742,100,,,99741,100,,,99722,100,,,99626,100,,,99601,100,,,99490,100
2019-06-28 14:54:10.000000000,100334,205,99857,205,101674,197,99839,202,102090,238,99833,202,,,99776,100,,,99742,100,,,99741,100,,,99722,100,,,99626,100,,,99601,100,,,99490,100
2019-06-28 14:54:18.158517223,100334,205,99857,205,100428,100,99839,202,101674,197,99833,202,102090,238,99776,100,,,99742,100,,,99741,100,,,99722,100,,,99626,100,,,99601,100,,,99490,100
2019-06-28 14:54:20.000000000,100334,255,99857,255,100428,255,99839,255,101674,95,99833,100,102090,136,99776,100,,,99742,100,,,99741,100,,,99722,100,,,99626,100,,,99601,100,,,99490,100
2019-06-28 14:54:23.502429972,100095,100,99857,255,100334,255,99839,255,100428,255,99833,100,101674,95,99776,100,102090,136,99742,100,,,99741,100,,,99722,100,,,99626,100,,,99601,100,,,99490,100
2019-06-28 14:54:30.000000000,100095,178,99857,178,100334,178,99839,178,100428,178,99833,178,101674,173,99776,178,102090,136,99742,100,,,99741,100,,,99722,100,,,99626,100,,,99601,100,,,99490,100
2019-06-28 14:54:40.000000000,100095,255,99857,255,100334,255,99839,255,100428,100,99833,100,101674,95,99776,100,102090,136,99742,100,,,99741,100,,,99722,100,,,99626,100,,,99601,100,,,99490,100
2019-06-28 14:54:50.000000000,100095,178,99857,178,100334,178,99839,178,100428,178,99833,178,101674,173,99776,178,102090,136,99742,100,,,99741,100,,,99722,100,,,99626,100,,,99601,100,,,99490,100
2019-06-28 14:55:00.000000000,100095,44,99857,178,100334,178,99839,178,100428,178,99833,178,101674,173,99776,178,102090,136,99742,100,,,99741,100,,,99722,100,,,99626,100,,,99601,100,,,99490,100
2019-06-28 14:55:00.941041086,100095,44,99857,178,100334,178,99839,178,100428,178,99833,178,100432,100,99776,178,101674,173,99742,100,102090,136,99741,100,,,99722,100,,,99626,100,,,99601,100,,,99490,100
2019-06-28 14:55:07.615099552,100334,78,100095,56,100428,178,99857,178,100432,100,99839,178,101674,173,99833,178,102090,136,99776,178,,,99742,100,,,99741,100,,,99722,100,,,99626,100,,,99601,100
2019-06-28 14:55:10.000000000,100428,410,100095,366,100432,100,99857,100,101674,95,99839,100,102090,136,99833,100,,,99776,100,,,99742,100,,,99741,100,,,99722,100,,,99626,100,,,99601,100
2019-06-28 14:55:20.000000000,100428,255,100095,211,100432,255,99857,255,101674,95,99839,100,102090,136,99833,100,,,99776,100,,,99742,100,,,99741,100,,,99722,100,,,99626,100,,,99601,100
2019-06-28 14:55:30.000000000,100428,410,100095,366,100432,100,99857,100,101674,95,99839,100,102090,136,99833,100,,,99776,100,,,99742,100,,,99741,100,,,99722,100,,,99626,100,,,99601,100
2019-06-28 14:55:40.000000000,100428,410,100095,366,100432,100,99857,100,101674,95,99839,100,102090,136,99833,100,,,99776,100,,,99742,100,,,99741,100,,,99722,100,,,99626,100,,,99601,100
2019-06-28 14:55:50.000000000,100428,162,100095,118,100432,162,99857,162,101674,157,99839,162,102090,198,99833,162,102091,62,99776,162,,,99742,100,,,99741,100,,,99722,100,,,99626,100,,,99601,100
2019-06-28 14:56:00.000000000,100428,44,100095,134,100432,178,99857,178,101674,173,99839,178,102090,214,99833,178,,,99776,100,,,99742,100,,,99741,100,,,99722,100,,,99626,100,,,99601,100
2019-06-28 14:56:10.000000000,100432,162,100095,118,101674,157,99857,162,102090,198,99839,162,102091,62,99833,162,,,99776,162,,,99742,100,,,99741,100,,,99722,100,,,99626,100,,,99601,100
2019-06-28 14:56:20.000000000,100432,255,100095,211,101674,250,99857,255,102090,136,99839,100,,,99833,100,,,99776,100,,,99742,100,,,99741,100,,,99722,100,,,99626,100,,,99601,100
2019-06-28 14:56:21.378895921,100432,255,100095,211,101674,250,99981,100,102090,136,99857,255,,,99839,100,,,99833,100,,,99776,100,,,99742,100,,,99741,100,,,99722,100,,,99626,100
2019-06-28 14:56:25.438824809,100432,255,100095,211,101674,250,99981,100,102090,114,99857,255,,,99839,100,,,99833,100,,,99776,100,,,99742,100,,,99741,100,,,99722,100,,,99713,100
2019-06-28 14:56:27.072337116,100432,255,100095,111,101674,250,99981,100,102090,114,99857,255,,,99839,100,,,99833,100,,,99776,100,,,99742,100,,,99741,100,,,99722,100,,,99713,100
2019-06-28 14:56:30.000000000,100432,410,99981,410,101674,95,99857,100,102090,114,99839,100,,,99833,100,,,99776,100,,,99742,100,,,99741,100,,,99722,100,,,99713,100,,,99626,100
2019-06-28 14:56:38.965950469,100432,410,100096,100,101674,95,99981,410,102090,114,99857,100,,,99839,100,,,99833,100,,,99776,100,,,99742,100,,,99741,100,,,99722,100,,,99713,100
2019-06-28 14:56:40.000000000,100432,255,100096,255,101674,250,99981,255,102090,114,99857,100,,,99839,100,,,99833,100,,,99776,100,,,99742,100,,,99741,100,,,99722,100,,,99713,100
2019-06-28 14:56:46.394246872,100432,255,100096,255,101674,250,100057,100,102090,114,99981,255,,,99857,100,,,99839,100,,,99833,100,,,99776,100,,,99742,100,,,99741,100,,,99722,100
2019-06-28 14:56:48.060026559,100428,100,100096,255,100432,255,100057,100,101674,250,99981,255,102090,114,99857,100,,,99839,100,,,99833,100,,,99776,100,,,99742,100,,,99741,100,,,99722,100
2019-06-28 14:56:50.000000000,100428,162,100096,162,100432,162,100057,162,101674,157,99981,162,102090,176,99857,162,102091,62,99839,162,,,99833,100,,,99776,100,,,99742,100,,,99741,100,,,99722,100
2019-06-28 14:57:00.000000000,100428,71,100096,205,100432,202,100057,202,101674,197,99981,202,102090,114,99857,100,,,99839,100,,,99833,100,,,99776,100,,,99742,100,,,99741,100,,,99722,100
2019-06-28 14:57:10.000000000,100432,255,100096,255,101674,250,100057,255,102090,114,99981,100,,,99857,100,,,99839,100,,,99833,100,,,99776,100,,,99742,100,,,99741,100,,,99722,100
2019-06-28 14:57:12.821722799,100432,255,100428,100,101674,250,100096,255,102090,114,100057,255,,,99981,100,,,99857,100,,,99839,100,,,99833,100,,,99776,100,,,99742,100,,,99741,100
2019-06-28 14:57:13.457502516,100432,255,100096,255,101674,250,100057,255,102090,114,99981,100,,,99857,100,,,99839,100,,,99833,100,,,99776,100,,,99742,100,,,99741,100,,,99722,100
2019-06-28 14:57:20.000000000,100432,255,100096,255,101674,250,100057,255,102090,114,99981,100,,,99857,100,,,99839,100,,,99833,100,,,99776,100,,,99742,100,,,99741,100,,,99722,100
2019-06-28 14:57:27.872331625,100432,255,100255,100,101674,250,100096,255,102090,114,100057,255,,,99981,100,,,99857,100,,,99839,100,,,99833,100,,,99776,100,,,99742,100,,,99722,100
2019-06-28 14:57:30.000000000,100432,255,100255,255,101674,250,100096,255,102090,114,100057,100,,,99981,100,,,99857,100,,,99839,100,,,99833,100,,,99776,100,,,99742,100,,,99722,100
2019-06-28 14:57:36.271574763,100432,255,100255,255,100436,100,100096,255,101674,250,100057,100,102090,114,99981,100,,,99857,100,,,99839,100,,,99833,100,,,99776,100,,,99742,100,,,99722,100
2019-06-28 14:57:40.000000000,100432,178,100255,178,100436,178,100096,178,101674,173,100057,178,102090,192,99981,178,,,99857,100,,,99839,100,,,99833,100,,,99776,100,,,99742,100,,,99722,100
2019-06-28 14:57:50.000000000,100432,178,100255,178,100436,178,100096,178,101674,173,100057,178,102090,192,99981,178,,,99857,100,,,99839,100,,,99833,100,,,99776,100,,,99742,100,,,99722,100
2019-06-28 14:58:00.000000000,100432,121,100255,255,100436,255,100096,255,101674,95,100057,100,102090,114,99981,100,,,99857,100,,,99839,100,,,99833,100,,,99776,100,,,99742,100,,,99722,100
2019-06-28 14:58:03.933320252,100432,121,100255,155,100436,255,100096,255,101674,95,100057,100,102090,114,99981,100,,,99857,100,,,99839,100,,,99833,100,,,99776,100,,,99742,100,,,99722,100
2019-06-28 14:58:10.000000000,100436,255,100096,255,101674,250,100057,255,102090,114,99981,100,,,99857,100,,,99839,100,,,99833,100,,,99776,100,,,99742,100,,,99722,100,,,99626,100
2019-06-28 14:58:20.000000000,100436,410,100096,410,101674,95,100057,100,102090,114,99981,100,,,99857,100,,,99839,100,,,99833,100,,,99776,100,,,99742,100,,,99722,100,,,99626,100
2019-06-28 14:58:30.000000000,100436,178,100096,178,101674,173,100057,178,102090,192,99981,178,102091,78,99857,178,,,99839,100,,,99833,100,,,99776,100,,,99742,100,,,99722,100,,,99626,100
2019-06-28 14:58:33.881902503,100436,178,100096,178,101674,173,100057,178,102090,192,99981,178,102091,78,99857,78,,,99839,100,,,99833,100,,,99776,100,,,99742,100,,,99722,100,,,99626,100
2019-06-28 14:58:40.000000000,100436,178,100096,178,101674,173,100057,178,102090,192,99981,178,102091,78,99839,178,,,99833,100,,,99776,100,,,99742,100,,,99722,100,,,99626,100,,,99601,100
2019-06-28 14:58:50.000000000,100436,178,100096,178,101674,173,100057,178,102090,192,99981,178,102091,78,99839,178,,,99833,100,,,99776,100,,,99742,100,,,99722,100,,,99626,100,,,99601,100
2019-06-28 14:59:00.000000000,100436,276,100096,410,101674,95,100057,100,102090,114,99981,100,,,99839,100,,,99833,100,,,99776,100,,,99742,100,,,99722,100,,,99626,100,,,99601,100
2019-06-28 14:59:10.000000000,101674,405,100096,410,102090,114,100057,100,,,99981,100,,,99839,100,,,99833,100,,,99776,100,,,99742,100,,,99722,100,,,99626,100,,,99601,100
2019-06-28 14:59:14.033344446,101674,405,100096,310,102090,114,100057,100,,,99981,100,,,99839,100,,,99833,100,,,99776,100,,,99742,100,,,99722,100,,,99626,100,,,99601,100
2019-06-28 14:59:20.000000000,101674,173,100057,178,102090,192,99981,178,102091,78,99839,178,,,99833,178,,,99776,100,,,99742,100,,,99722,100,,,99626,100,,,99601,100,,,99490,100
2019-06-28 14:59:29.209500294,101674,173,100057,178,102090,192,99981,178,102091,78,99850,100,,,99839,178,,,99833,178,,,99776,100,,,99742,100,,,99722,100,,,99626,100,,,99601,100
2019-06-28 14:59:30.000000000,101674,157,100057,162,102090,176,99981,162,102091,62,99850,162,,,99839,162,,,99833,162,,,99776,100,,,99742,100,,,99722,100,,,99626,100,,,99601,100
2019-06-28 14:59:40.000000000,101674,200,100057,205,102090,216,99981,202,102091,102,99850,202,,,99839,100,,,99833,100,,,99776,100,,,99742,100,,,99722,100,,,99626,100,,,99601,100
2019-06-28 14:59:43.185277365,101674,200,100057,205,102090,216,99981,202,102091,102,99850,202,,,99839,100,,,99833,100,,,99776,100,,,99742,100,,,99722,100,,,99682,100,,,99626,100
2019-06-28 14:59:43.457481776,101674,200,100057,105,102090,216,99981,202,102091,102,99850,202,,,99839,100,,,99833,100,,,99776,100,,,99742,100,,,99722,100,,,99682,100,,,99626,100
2019-06-28 14:59:50.000000000,101674,405,99981,410,102090,114,99850,100,,,99839,100,,,99833,100,,,99776,100,,,99742,100,,,99722,100,,,99682,100,,,99626,100,,,99601,100
2019-06-28 15:00:00.000000000,101674,23,99981,162,102090,176,99850,162,102091,62,99839,162,,,99833,162,,,99776,162,,,99742,100,,,99722,100,,,99682,100,,,99626,100,,,99601,100
2019-06-28 15:00:01.834504350,100114,100,99981,162,101674,23,99850,162,102090,176,99839,162,102091,62,99833,162,,,99776,162,,,99742,100,,,99722,100,,,99682,100,,,99626,100,,,99601,100
2019-06-28 15:00:10.000000000,100114,178,99981,178,102090,192,99850,178,102091,78,99839,178,,,99833,178,,,99776,100,,,99742,100,,,99722,100,,,99682,100,,,99626,100,,,99601,100
2019-06-28 15:00:20.000000000,100114,255,99981,255,102090,269,99850,255,,,99839,100,,,99833,100,,,99776,100,,,99742,100,,,99722,100,,,99682,100,,,99626,100,,,99601,100
2019-06-28 15:00:23.702785521,100114,255,99981,255,101674,100,99850,255,102090,269,99839,100,,,99833,100,,,99776,100,,,99742,100,,,99722,100,,,99682,100,,,99626,100,,,99601,100
2019-06-28 15:00:30.000000000,100114,205,99981,205,101674,202,99850,202,102090,216,99839,202,,,99833,100,,,99776,100,,,99742,100,,,99722,100,,,99682,100,,,99626,100,,,99601,100
2019-06-28 15:00:36.373452491,100114,205,99981,105,101674,202,99850,202,102090,216,99839,202,,,99833,100,,,99776,100,,,99742,100,,,99722,100,,,99682,100,,,99626,100,,,99601,100
2019-06-28 15:00:40.000000000,100114,410,99850,410,101674,100,99839,100,102090,114,99833,100,,,99776,100,,,99742,100,,,99722,100,,,99682,100,,,99626,100,,,99601,100,,,99490,100
2019-06-28 15:00:41.205329694,100114,310,99850,310,101674,100,99839,100,102090,114,99833,100,,,99776,100,,,99742,100,,,99722,100,,,99682,100,,,99626,100,,,99601,100,,,99490,100
2019-06-28 15:00:50.000000000,101674,162,99839,162,102090,176,99833,162,102091,62,99776,162,,,99742,162,,,99722,162,,,99682,100,,,99626,100,,,99601,100,,,99490,100,,,,
2019-06-28 15:01:00.000000000,101674,121,99839,255,102090,269,99833,255,,,99776,100,,,99742,100,,,99722,100,,,99682,100,,,99626,100,,,99601,100,,,99490,100,,,,
2019-06-28 15:01:05.798048889,101674,121,99839,155,102090,269,99833,255,,,99776,100,,,99742,100,,,99722,100,,,99682,100,,,99626,100,,,99601,100,,,99490,100,,,,
2019-06-28 15:01:08.520112428,101674,121,99839,155,102090,269,99833,255,,,99776,100,,,99742,100,,,99722,100,,,99697,100,,,99682,100,,,99626,100,,,99601,100,,,99490,100
2019-06-28 15:01:10.000000000,102090,269,99833,255,102091,155,99776,255,,,99742,100,,,99722,100,,,99697,100,,,99682,100,,,99626,100,,,99601,100,,,99490,100,,,,
2019-06-28 15:01:20.000000000,102090,176,99833,162,102091,62,99776,162,,,99742,162,,,99722,162,,,99697,162,,,99682,100,,,99626,100,,,99601,100,,,99490,100,,,,
2019-06-28 15:01:30.000000000,102090,424,99833,410,,,99776,100,,,99742,100,,,99722,100,,,99697,100,,,99682,100,,,99626,100,,,99601,100,,,99490,100,,,,
2019-06-28 15:01:40.000000000,102090,424,99833,410,,,99776,100,,,99742,100,,,99722,100,,,99697,100,,,99682,100,,,99626,100,,,99601,100,,,99490,100,,,,
2019-06-28 15:01:41.837469215,102090,424,99833,310,,,99776,100,,,99742,100,,,99722,100,,,99697,100,,,99682,100,,,99601,100,,,99490,100,,,,,,,,
2019-06-28 15:01:50.000000000,102090,192,99776,178,102091,78,99742,178,,,99722,178,,,99697,178,,,99682,100,,,99601,100,,,99490,100,,,,,,,,,,,,
2019-06-28 15:01:50.073747310,102090,192,99776,178,102091,78,99751,100,,,99742,78,,,99722,178,,,99697,178,,,99682,100,,,99601,100,,,99490,100,,,,,,,,
2019-06-28 15:02:00.000000000,102090,290,99776,410,,,99751,100,,,99722,100,,,99697,100,,,99682,100,,,99601,100,,,99490,100,,,,,,,,,,,,
2019-06-28 15:02:10.000000000,,,99776,100,,,99751,100,,,99722,100,,,99697,100,,,99682,100,,,99601,100,,,99490,100,,,,,,,,,,,,
2019-06-28 15:02:10.932849712,100128,100,99776,100,,,99751,100,,,99722,100,,,99697,100,,,99682,100,,,99601,100,,,99490,100,,,,,,,,,,,,
2019-06-28 15:02:17.586815542,100128,100,99776,100,100136,100,99751,100,,,99722,100,,,99697,100,,,99682,100,,,99601,100,,,99490,100,,,,,,,,,,,,
2019-06-28 15:02:20.000000000,100128,255,99776,255,100136,255,99751,255,,,99722,100,,,99697,100,,,99682,100,,,99601,100,,,99490,100,,,,,,,,,,,,
2019-06-28 15:02:21.853453751,100128,255,99776,255,100136,255,99751,255,100191,100,99722,100,,,99697,100,,,99682,100,,,99601,100,,,99490,100,,,,,,,,,,,,
2019-06-28 15:02:22.803873806,100128,255,99776,255,100136,255,99751,255,100191,100,99722,100,102090,100,99697,100,,,99682,100,,,99601,100,,,99490,100,,,,,,,,,,,,
2019-06-28 15:02:25.422435761,100128,255,99776,255,100136,255,99751,255,100155,100,99722,100,100191,100,99697,100,102090,100,99682,100,,,99601,100,,,99490,100,,,,,,,,,,,,
2019-06-28 15:02:30.000000000,100128,162,99776,162,100136,162,99751,162,100155,162,99722,162,100191,162,99697,162,102090,162,99682,162,,,99601,100,,,99490,100,,,,,,,,,,,,
2019-06-28 15:02:37.766911879,100128,162,99776,162,100136,162,99769,100,100155,162,99751,162,100191,162,99722,162,102090,162,99697,162,,,99682,162,,,99601,100,,,99490,100,,,,,,,,
2019-06-28 15:02:40.000000000,100128,410,99776,410,100136,100,99769,100,100155,100,99751,100,100191,100,99722,100,102090,100,99697,100,,,99682,100,,,99601,100,,,99490,100,,,,,,,,
2019-06-28 15:02:50.000000000,100128,410,99776,410,100136,100,99769,100,100155,100,99751,100,100191,100,99722,100,102090,100,99697,100,,,99682,100,,,99601,100,,,99490,100,,,,,,,,
2019-06-28 15:03:00.000000000,100128,44,99776,178,100136,178,99769,178,100155,178,99751,178,100191,178,99722,178,102090,100,99697,100,,,99682,100,,,99601,100,,,99490,100,,,,,,,,
2019-06-28 15:03:10.000000000,100136,255,99776,255,100155,255,99769,255,100191,100,99751,100,102090,100,99722,100,,,99697,100,,,99682,100,,,99601,100,,,99490,100,,,,,,,,
2019-06-28 15:03:10.145768745,100128,100,99776,255,100136,255,99769,255,100155,255,99751,100,100191,100,99722,100,102090,100,99697,100,,,99682,100,,,99601,100,,,99490,100,,,,,,,,
2019-06-28 15:03:20.000000000,100128,162,99776,162,100136,162,99769,162,100155,162,99751,162,100191,162,99722,162,102090,162,99697,162,,,99682,100,,,99601,100,,,99490,100,,,,,,,,
2019-06-28 15:03:30.000000000,100128,162,99776,162,100136,162,99769,162,100155,162,99751,162,100191,162,99722,162,102090,162,99697,162,,,99682,100,,,99601,100,,,99490,100,,,,,,,,
2019-06-28 15:03:32.596955933,100128,162,99997,100,100136,162,99776,162,100155,162,99769,162,100191,162,99751,162,102090,162,99722,162,,,99697,162,,,99682,100,,,99601,100,,,99490,100,,,,
2019-06-28 15:03:38.693845002,100128,162,99997,100,100134,100,99776,162,100136,162,99769,162,100155,162,99751,162,100191,162,99722,162,102090,162,99697,162,,,99682,100,,,99601,100,,,99490,100,,,,
2019-06-28 15:03:40.000000000,100128,178,99997,178,100134,178,99776,178,100136,178,99769,178,100155,178,99751,178,100191,100,99722,100,102090,100,99697,100,,,99682,100,,,99601,100,,,99490,100,,,,
2019-06-28 15:03:50.000000000,100128,205,99997,205,100134,202,99776,202,100136,202,99769,202,100155,100,99751,100,100191,100,99722,100,102090,100,99697,100,,,99682,100,,,99601,100,,,99490,100,,,,
2019-06-28 15:04:00.000000000,100128,121,99997,255,100134,255,99776,255,100136,100,99769,100,100155,100,99751,100,100191,100,99722,100,102090,100,99697,100,,,99682,100,,,99601,100,,,99490,100,,,,
2019-06-28 15:04:02.684361018,100128,121,99997,255,100134,255,99776,255,100136,100,99769,100,100155,100,99751,100,100191,100,99722,100,100544,100,99697,100,102090,100,99682,100,,,99601,100,,,99490,100,,,,
2019-06-28 15:04:10.000000000,100134,162,99997,162,100136,162,99776,162,100155,162,99769,162,100191,162,99751,162,100544,162,99722,162,102090,100,99697,100,,,99682,100,,,99601,100,,,99490,100,,,,
2019-06-28 15:04:20.000000000,100134,162,99997,162,100136,162,99776,162,100155,162,99769,162,100191,162,99751,162,100544,162,99722,162,102090,100,99697,100,,,99682,100,,,99601,100,,,99490,100,,,,
2019-06-28 15:04:30.000000000,100134,255,99997,255,100136,255,99776,255,100155,100,99769,100,100191,100,99751,100,100544,100,99722,100,102090,100,99697,100,,,99682,100,,,99601,100,,,99490,100,,,,
2019-06-28 15:04:40.000000000,100134,205,99997,205,100136,202,99776,202,100155,202,99769,202,100191,100,99751,100,100544,100,99722,100,102090,100,99697,100,,,99682,100,,,99601,100,,,99490,100,,,,
2019-06-28 15:04:42.988308321,100134,205,99997,205,100136,202,99776,202,100155,202,99769,202,100191,100,99751,100,100369,100,99722,100,100544,100,99697,100,102090,100,99682,100,,,99601,100,,,99490,100,,,,
2019-06-28 15:04:50.000000000,100134,162,99997,162,100136,162,99776,162,100155,162,99769,162,100191,162,99751,162,100369,162,99722,162,100544,100,99697,100,102090,100,99682,100,,,99601,100,,,99490,100,,,,
2019-06-28 15:04:50.841239216,100134,162,99997,162,100136,162,99776,162,100155,162,99769,162,100191,162,99751,162,100369,162,99722,162,100524,100,99682,100,100544,100,99601,100,102090,100,99490,100,,,,,,,,
2019-06-28 15:05:00.000000000,100134,44,99997,178,100136,178,99776,178,100155,178,99769,178,100191,178,99751,178,100369,100,99722,100,100524,100,99682,100,100544,100,99601,100,102090,100,99490,100,,,,,,,,
2019-06-28 15:05:10.000000000,100136,255,99997,255,100155,255,99776,255,100191,100,99769,100,100369,100,99751,100,100524,100,99722,100,100544,100,99682,100,102090,100,99601,100,,,99490,100,,,,,,,,
2019-06-28 15:05:19.616302022,100136,155,99997,255,100155,255,99776,255,100191,100,99769,100,100369,100,99751,100,100544,100,99722,100,102090,100,99682,100,,,99601,100,,,99490,100,,,,,,,,
2019-06-28 15:05:20.000000000,100155,178,99997,178,100191,178,99776,178,100369,178,99769,178,100544,178,99751,178,102090,100,99722,100,,,99682,100,,,99601,100,,,99490,100,,,,,,,,
2019-06-28 15:05:23.742740262,100155,78,99997,78,100191,178,99776,178,100369,178,99769,178,100544,178,99751,178,102090,100,99722,100,,,99682,100,,,99601,100,,,99490,100,,,,,,,,
2019-06-28 15:05:30.000000000,100191,162,99776,162,100369,162,99769,162,100544,162,99751,162,102090,162,99722,162,102091,62,99682,162,,,99601,100,,,99490,100,,,,,,,,,,,,
2019-06-28 15:05:40.000000000,100191,255,99776,255,100369,255,99769,255,100544,100,99751,100,102090,100,99722,100,,,99682,100,,,99601,100,,,99490,100,,,,,,,,,,,,
2019-06-28 15:05:50.000000000,100191,178,99776,178,100369,178,99769,178,100544,178,99751,178,102090,178,99722,178,,,99682,100,,,99601,100,,,99490,100,,,,,,,,,,,,
2019-06-28 15:06:00.000000000,100191,121,99776,255,100369,255,99769,255,100544,100,99751,100,102090,100,99722,100,,,99682,100,,,99601,100,,,99490,100,,,,,,,,,,,,
2019-06-28 15:06:10.000000000,100369,205,99776,205,100544,202,99769,202,102090,202,99751,202,,,99722,100,,,99682,100,,,99601,100,,,99490,100,,,,,,,,,,,,
2019-06-28 15:06:17.458318912,100369,205,100191,100,100544,202,99776,205,102090,202,99769,202,,,99751,202,,,99722,100,,,99682,100,,,99601,100,,,99490,100,,,,,,,,
2019-06-28 15:06:20.000000000,100369,205,100191,205,100544,202,99776,202,102090,202,99769,202,,,99751,100,,,99722,100,,,99682,100,,,99601,100,,,99490,100,,,,,,,,
2019-06-28 15:06:21.533917355,100369,205,100191,205,100544,202,99776,202,101558,100,99769,202,102090,202,99751,100,,,99722,100,,,99682,100,,,99601,100,,,99490,100,,,,,,,,
2019-06-28 15:06:30.000000000,100369,162,100191,162,100544,162,99776,162,101558,162,99769,162,102090,162,99751,162,102091,62,99722,162,,,99682,100,,,99601,100,,,99490,100,,,,,,,,
2019-06-28 15:06:40.000000000,100369,178,100191,178,100544,178,99776,178,101558,178,99769,178,102090,178,99751,178,,,99722,100,,,99682,100,,,99601,100,,,99490,100,,,,,,,,
2019-06-28 15:06:41.350894634,100369,178,100191,278,100544,178,99776,178,101558,178,99769,178,102090,178,99751,178,,,99722,100,,,99682,100,,,99601,100,,,99490,100,,,,,,,,
2019-06-28 15:06:50.000000000,100369,205,100191,305,100544,202,99776,202,101558,202,99769,202,102090,100,99751,100,,,99722,100,,,99682,100,,,99601,100,,,99490,100,,,,,,,,
2019-06-28 15:06:53.663655603,100369,205,100191,405,100544,202,99776,202,101558,202,99769,202,102090,100,99751,100,,,99722,100,,,99682,100,,,99601,100,,,99490,100,,,,,,,,
2019-06-28 15:07:00.000000000,100369,44,100191,378,100544,178,99776,178,101558,178,99769,178,102090,178,99751,178,,,99722,100,,,99682,100,,,99601,100,,,99490,100,,,,,,,,
2019-06-28 15:07:10.000000000,100544,255,100191,455,101558,255,99776,255,102090,100,99769,100,,,99751,100,,,99722,100,,,99682,100,,,99601,100,,,99490,100,,,,,,,,
2019-06-28 15:07:10.776565718,100544,255,100369,100,101558,255,100191,455,102090,100,99776,255,,,99769,100,,,99751,100,,,99722,100,,,99682,100,,,99601,100,,,99490,100,,,,
2019-06-28 15:07:19.052984499,100544,255,100369,100,101558,255,100191,455,101564,100,99776,255,102090,100,99769,100,,,99722,100,,,99682,100,,,99601,100,,,99490,100,,,,,,,,
2019-06-28 15:07:20.000000000,100544,410,100369,410,101558,100,100191,300,101564,100,99776,100,102090,100,99769,100,,,99722,100,,,99682,100,,,99601,100,,,99490,100,,,,,,,,
2019-06-28 15:07:30.000000000,100544,255,100369,255,101558,255,100191,455,101564,100,99776,100,102090,100,99769,100,,,99722,100,,,99682,100,,,99601,100,,,99490,100,,,,,,,,
2019-06-28 15:07:40.000000000,100544,255,100369,255,101558,255,100191,455,101564,100,99776,100,102090,100,99769,100,,,99722,100,,,99682,100,,,99601,100,,,99490,100,,,,,,,,
2019-06-28 15:07:40.258639161,100544,255,100369,355,101558,255,100191,455,101564,100,99776,100,102090,100,99769,100,,,99722,100,,,99682,100,,,99601,100,,,99490,100,,,,,,,,
2019-06-28 15:07:50.000000000,100544,205,100369,305,101558,202,100191,402,101564,202,99776,202,102090,100,99769,100,,,99722,100,,,99682,100,,,99601,100,,,99490,100,,,,,,,,
2019-06-28 15:07:50.063629157,100544,105,100369,305,101558,202,100191,402,101564,202,99776,202,102090,100,99769,100,,,99722,100,,,99682,100,,,99601,100,,,99490,100,,,,,,,,
2019-06-28 15:07:50.820688281,100544,105,100369,305,101558,202,100191,402,101564,202,99776,202,101998,100,99769,100,102090,100,99722,100,,,99682,100,,,99601,100,,,99490,100,,,,,,,,
2019-06-28 15:07:54.452538660,100544,5,100369,305,101558,202,100191,402,101564,202,99776,202,101998,100,99769,100,102090,100,99722,100,,,99682,100,,,99601,100,,,99490,100,,,,,,,,
2019-06-28 15:08:00.000000000,101558,44,100369,278,101564,178,100191,378,101998,178,99776,178,102090,178,99769,178,,,99722,100,,,99682,100,,,99601,100,,,99490,100,,,,,,,,
2019-06-28 15:08:01.809950969,101558,44,101509,100,101564,178,100369,278,101998,178,100191,378,102090,178,99776,178,,,99769,178,,,99722,100,,,99682,100,,,99601,100,,,99490,100,,,,
2019-06-28 15:08:03.722730676,101564,178,101558,56,101998,178,101509,100,102090,178,100369,278,,,100191,378,,,99776,178,,,99769,178,,,99722,100,,,99682,100,,,99601,100,,,99490,100
2019-06-28 15:08:06.010204392,101564,178,101558,56,101585,100,101509,100,101998,178,100369,278,102090,178,100191,378,,,99776,178,,,99769,178,,,99722,100,,,99682,100,,,99601,100,,,99490,100
2019-06-28 15:08:10.000000000,101564,410,101558,366,101585,100,101509,100,101998,100,100369,200,102090,100,100191,300,,,99776,100,,,99769,100,,,99722,100,,,99682,100,,,99601,100,,,99490,100
2019-06-28 15:08:10.613301857,101564,410,101558,366,101585,100,101539,100,101998,100,101509,100,102090,100,100369,200,,,100191,300,,,99776,100,,,99769,100,,,99722,100,,,99682,100,,,99601,100
2019-06-28 15:08:20.000000000,101564,178,101558,134,101585,178,101539,178,101998,178,101509,178,102090,178,100369,278,,,100191,300,,,99776,100,,,99769,100,,,99722,100,,,99682,100,,,99601,100
2019-06-28 15:08:24.207917654,101564,78,101558,134,101585,178,101539,178,101998,178,101509,178,102090,178,100369,278,,,100191,300,,,99776,100,,,99722,100,,,99682,100,,,99601,100,,,99490,100
2019-06-28 15:08:27.568077263,101564,78,101558,134,101585,178,101539,178,101654,100,101509,178,101998,178,100369,278,102090,178,100191,300,,,99776,100,,,99722,100,,,99682,100,,,99601,100,,,99490,100
2019-06-28 15:08:30.000000000,101585,162,101558,118,101654,162,101539,162,101998,162,101509,162,102090,162,100369,262,102091,62,100191,362,,,99776,100,,,99722,100,,,99682,100,,,99601,100,,,99490,100
2019-06-28 15:08:40.000000000,101585,205,101558,161,101654,202,101539,202,101998,202,101509,202,102090,100,100369,200,,,100191,300,,,99776,100,,,99722,100,,,99682,100,,,99601,100,,,99490,100
2019-06-28 15:08:50.000000000,101585,255,101558,211,101654,255,101539,255,101998,100,101509,100,102090,100,100369,200,,,100191,300,,,99776,100,,,99722,100,,,99682,100,,,99601,100,,,99490,100
2019-06-28 15:09:00.000000000,101585,114,101558,32,101654,162,101539,162,101998,162,101509,162,102090,162,100369,262,102091,62,100191,362,,,99776,100,,,99722,100,,,99682,100,,,99601,100,,,99490,100
2019-06-28 15:09:10.000000000,101585,114,101539,162,101654,162,101509,162,101998,162,100369,262,102090,162,100191,362,102091,62,99776,162,,,99722,100,,,99682,100,,,99601,100,,,99490,100,,,,
2019-06-28 15:09:15.661746250,101585,114,101539,162,101654,162,101509,162,101998,162,101236,100,102090,162,100369,262,102091,62,100191,362,,,99776,162,,,99722,100,,,99682,100,,,99601,100,,,99490,100
2019-06-28 15:09:19.142229037,101585,214,101539,162,101654,162,101509,162,101998,162,101236,100,102090,162,100369,262,102091,62,100191,362,,,99776,162,,,99722,100,,,99682,100,,,99601,100,,,99490,100
2019-06-28 15:09:20.000000000,101585,462,101539,410,101654,100,101509,100,101998,100,101236,100,102090,100,100369,200,,,100191,300,,,99776,100,,,99722,100,,,99682,100,,,99601,100,,,99490,100
2019-06-28 15:09:30.000000000,101585,214,101539,162,101654,162,101509,162,101998,162,101236,162,102090,162,100369,262,102091,62,100191,362,,,99776,100,,,99722,100,,,99682,100,,,99601,100,,,99490,100
2019-06-28 15:09:40.000000000,101585,307,101539,255,101654,255,101509,255,101998,100,101236,100,102090,100,100369,200,,,100191,300,,,99776,100,,,99722,100,,,99682,100,,,99601,100,,,99490,100
2019-06-28 15:09:42.711016398,101585,207,101539,255,101654,255,101509,255,101998,100,101236,100,102090,100,100369,200,,,100191,300,,,99776,100,,,99722,100,,,99682,100,,,99601,100,,,99490,100
2019-06-28 15:09:42.915060005,101585,207,101539,255,101654,255,101509,255,101998,100,101236,100,102011,100,100369,200,102090,100,100191,300,,,99776,100,,,99722,100,,,99682,100,,,99601,100,,,99490,100
2019-06-28 15:09:49.458294942,101585,207,101539,255,101654,255,101509,255,101927,100,101236,100,101998,100,100369,200,102011,100,100191,300,102090,100,99776,100,,,99722,100,,,99682,100,,,99601,100,,,99490,100
2019-06-28 15:09:50.000000000,101585,157,101539,205,101654,202,101509,202,101927,202,101236,202,101998,100,100369,200,102011,100,100191,300,102090,100,99776,100,,,99722,100,,,99682,100,,,99601,100,,,99490,100
2019-06-28 15:09:55.582696897,101585,157,101539,205,101654,202,101509,202,101921,100,101236,202,101927,202,100369,200,101998,100,100191,300,102011,100,99776,100,102090,100,99722,100,,,99682,100,,,99601,100,,,99490,100
2019-06-28 15:10:00.000000000,101585,84,101539,58,101654,162,101509,162,101921,162,101236,162,101927,162,100369,262,101998,162,100191,362,102011,100,99776,100,102090,100,99722,100,,,99682,100,,,99601,100,,,99490,100
2019-06-28 15:10:06.598283938,101654,162,101585,16,101921,162,101539,58,101927,162,101509,162,101998,162,101236,162,102011,100,100369,262,102090,100,100191,362,,,99776,100,,,99722,100,,,99682,100,,,99601,100
2019-06-28 15:10:10.000000000,101654,162,101585,78,101921,162,101509,162,101927,162,101236,162,101998,162,100369,262,102011,162,100191,362,102090,100,99776,100,,,99722,100,,,99682,100,,,99601,100,,,99490,100
2019-06-28 15:10:20.000000000,101654,255,101585,171,101921,255,101509,255,101927,100,101236,100,101998,100,100369,200,102011,100,100191,300,102090,100,99776,100,,,99722,100,,,99682,100,,,99601,100,,,99490,100
2019-06-28 15:10:30.000000000,101654,255,101585,171,101921,255,101509,255,101927,100,101236,100,101998,100,100369,200,102011,100,100191,300,102090,100,99776,100,,,99722,100,,,99682,100,,,99601,100,,,99490,100
2019-06-28 15:10:40.000000000,101654,410,101585,326,101921,100,101509,100,101927,100,101236,100,101998,100,100369,200,102011,100,100191,300,102090,100,99776,100,,,99722,100,,,99682,100,,,99601,100,,,99490,100
2019-06-28 15:10:40.562347032,101654,410,101585,326,101921,100,101509,100,101927,100,101471,100,101998,100,101236,100,102011,100,100369,200,102090,100,100191,300,,,99776,100,,,99722,100,,,99682,100,,,99601,100
2019-06-28 15:10:50.000000000,101654,255,101585,171,101921,255,101509,255,101927,100,101471,100,101998,100,101236,100,102011,100,100369,200,102090,100,100191,300,,,99776,100,,,99722,100,,,99682,100,,,99601,100
2019-06-28 15:11:00.000000000,101654,255,101585,30,101921,255,101509,255,101927,100,101471,100,101998,100,101236,100,102011,100,100369,200,102090,100,100191,300,,,99776,100,,,99722,100,,,99682,100,,,99601,100
2019-06-28 15:11:10.000000000,101654,162,101509,162,101921,162,101471,162,101927,162,101236,162,101998,162,100369,262,102011,162,100191,362,102090,100,99776,100,,,99722,100,,,99682,100,,,99601,100,,,99490,100
2019-06-28 15:11:16.466080383,101654,162,101509,162,101921,162,101471,162,101927,162,101319,100,101998,162,101236,162,102011,162,100369,262,102090,100,100191,362,,,99776,100,,,99722,100,,,99682,100,,,99601,100
2019-06-28 15:11:20.000000000,101654,255,101509,255,101921,255,101471,255,101927,100,101319,100,101998,100,101236,100,102011,100,100369,200,102090,100,100191,300,,,99776,100,,,99722,100,,,99682,100,,,99601,100
2019-06-28 15:11:30.000000000,101654,162,101509,162,101921,162,101471,162,101927,162,101319,162,101998,162,101236,162,102011,162,100369,262,102090,100,100191,300,,,99776,100,,,99722,100,,,99682,100,,,99601,100
2019-06-28 15:11:40.000000000,101654,205,101509,205,101921,202,101471,202,101927,202,101319,202,101998,100,101236,100,102011,100,100369,200,102090,100,100191,300,,,99776,100,,,99722,100,,,99682,100,,,99601,100
2019-06-28 15:11:50.000000000,101654,255,101509,255,101921,255,101471,255,101927,100,101319,100,101998,100,101236,100,102011,100,100369,200,102090,100,100191,300,,,99776,100,,,99722,100,,,99682,100,,,99601,100
2019-06-28 15:12:00.000000000,101654,255,101509,114,101921,255,101471,255,101927,100,101319,100,101998,100,101236,100,102011,100,100369,200,102090,100,100191,300,,,99776,100,,,99722,100,,,99682,100,,,99601,100
2019-06-28 15:12:08.916538028,101654,255,101509,14,101921,255,101471,255,101927,100,101319,100,101998,100,101236,100,102011,100,100369,200,102090,100,100191,300,,,99776,100,,,99722,100,,,99682,100,,,99601,100
2019-06-28 15:12:10.000000000,101654,410,101471,410,101921,100,101319,100,101927,100,101236,100,101998,100,100369,200,102011,100,100191,300,102090,100,99776,100,,,99722,100,,,99682,100,,,99601,100,,,99490,100
2019-06-28 15:12:20.000000000,101654,205,101471,205,101921,202,101319,202,101927,202,101236,202,101998,100,100369,200,102011,100,100191,300,102090,100,99776,100,,,99722,100,,,99682,100,,,99601,100,,,99490,100
2019-06-28 15:12:21.966841695,101509,100,101471,205,101654,205,101319,202,101921,202,101236,202,101927,202,100369,200,101998,100,100191,300,102011,100,99776,100,102090,100,99722,100,,,99682,100,,,99601,100,,,99490,100
2019-06-28 15:12:22.342918815,101654,205,101471,205,101921,202,101319,202,101927,202,101236,202,101998,100,100369,200,102011,100,100191,300,102090,100,99776,100,,,99722,100,,,99682,100,,,99601,100,,,99490,100
2019-06-28 15:12:26.403898027,101654,205,101523,100,101921,202,101471,205,101927,202,101319,202,101998,100,101236,202,102011,100,100369,200,102090,100,100191,300,,,99776,100,,,99722,100,,,99682,100,,,99601,100
2019-06-28 15:12:30.000000000,101654,162,101523,162,101921,162,101471,162,101927,162,101319,162,101998,162,101236,162,102011,162,100369,262,102090,100,100191,300,,,99776,100,,,99722,100,,,99682,100,,,99601,100
2019-06-28 15:12:40.000000000,101654,178,101523,178,101921,178,101471,178,101927,178,101319,178,101998,178,101236,178,102011,100,100369,200,102090,100,100191,300,,,99776,100,,,99722,100,,,99682,100,,,99601,100
2019-06-28 15:12:50.000000000,101654,162,101523,162,101921,162,101471,162,101927,162,101319,162,101998,162,101236,162,102011,162,100369,262,102090,100,100191,300,,,99776,100,,,99722,100,,,99682,100,,,99601,100
2019-06-28 15:13:00.000000000,101654,205,101523,64,101921,202,101471,202,101927,202,101319,202,101998,100,101236,100,102011,100,100369,200,102090,100,100191,300,,,99776,100,,,99722,100,,,99682,100,,,99601,100
2019-06-28 15:13:07.561505766,101654,205,101523,64,101921,202,101471,202,101927,202,101319,202,101998,100,101236,100,102011,100,100369,200,102090,100,100191,300,102437,100,99776,100,,,99722,100,,,99682,100,,,99601,100
2019-06-28 15:13:08.178379453,101654,205,101523,64,101921,202,101471,202,101927,202,101319,202,101998,100,101236,100,102011,100,100369,100,102090,100,100191,300,102437,100,99776,100,,,99722,100,,,99682,100,,,99601,100
2019-06-28 15:13:10.000000000,101654,162,101471,162,101921,162,101319,162,101927,162,101236,162,101998,162,100369,162,102011,162,100191,362,102090,100,99776,100,102437,100,99722,100,,,99682,100,,,99601,100,,,99490,100
2019-06-28 15:13:20.000000000,101654,410,101471,410,101921,100,101319,100,101927,100,101236,100,101998,100,100369,100,102011,100,100191,300,102090,100,99776,100,102437,100,99722,100,,,99682,100,,,99601,100,,,99490,100
2019-06-28 15:13:24.738169442,101654,410,101471,410,101921,100,101319,100,101927,100,101236,100,101998,100,100369,100,102011,100,100191,300,102022,100,99776,100,102090,100,99722,100,102437,100,99682,100,,,99601,100,,,99490,100
2019-06-28 15:13:30.000000000,101654,178,101471,178,101921,178,101319,178,101927,178,101236,178,101998,178,100369,178,102011,100,100191,300,102022,100,99776,100,102090,100,99722,100,102437,100,99682,100,,,99601,100,,,99490,100
2019-06-28 15:13:40.000000000,101654,162,101471,162,101921,162,101319,162,101927,162,101236,162,101998,162,100369,162,102011,162,100191,362,102022,100,99776,100,102090,100,99722,100,102437,100,99682,100,,,99601,100,,,99490,100
2019-06-28 15:13:50.000000000,101654,410,101471,410,101921,100,101319,100,101927,100,101236,100,101998,100,100369,100,102011,100,100191,300,102022,100,99776,100,102090,100,99722,100,102437,100,99682,100,,,99601,100,,,99490,100
2019-06-28 15:13:52.728693631,101654,410,101523,100,101921,100,101471,410,101927,100,101319,100,101998,100,101236,100,102011,100,100369,100,102022,100,100191,300,102090,100,99776,100,102437,100,99722,100,,,99682,100,,,99601,100
2019-06-28 15:14:00.000000000,101654,410,101523,269,101921,100,101471,100,101927,100,101319,100,101998,100,101236,100,102011,100,100369,100,102022,100,100191,300,102090,100,99776,100,102437,100,99722,100,,,99682,100,,,99601,100
2019-06-28 15:14:10.000000000,101654,162,101471,162,101921,162,101319,162,101927,162,101236,162,101998,162,100369,162,102011,162,100191,362,102022,100,99776,100,102090,100,99722,100,102437,100,99682,100,,,99601,100,,,99490,100
2019-06-28 15:14:20.000000000,101654,205,101471,205,101921,202,101319,202,101927,202,101236,202,101998,100,100369,100,102011,100,100191,300,102022,100,99776,100,102090,100,99722,100,102437,100,99682,100,,,99601,100,,,99490,100
2019-06-28 15:14:21.905173162,101654,205,101471,205,101921,202,101356,100,101927,202,101319,202,101998,100,101236,202,102011,100,100369,100,102022,100,100191,300,102090,100,99776,100,102437,100,99722,100,,,99682,100,,,99601,100
2019-06-28 15:14:22.268276270,101654,205,101471,205,101655,100,101356,100,101921,202,101319,202,101927,202,101236,202,101998,100,100369,100,102011,100,100191,300,102022,100,99776,100,102090,100,99722,100,102437,100,99682,100,,,99601,100
2019-06-28 15:14:30.000000000,101654,255,101471,255,101655,255,101356,255,101921,100,101319,100,101927,100,101236,100,101998,100,100369,100,102011,100,100191,300,102022,100,99776,100,102090,100,99722,100,102437,100,99682,100,,,99601,100
2019-06-28 15:14:40.000000000,101654,162,101471,162,101655,162,101356,162,101921,162,101319,162,101927,162,101236,162,101998,162,100369,162,102011,100,100191,300,102022,100,99776,100,102090,100,99722,100,102437,100,99682,100,,,99601,100
2019-06-28 15:14:45.767597712,101654,162,101512,100,101655,162,101471,62,101921,162,101356,162,101927,162,101319,162,101998,162,101236,162,102011,100,100369,162,102022,100,100191,300,102090,100,99776,100,102437,100,99722,100,,,99682,100
2019-06-28 15:14:50.000000000,101654,162,101512,162,101655,162,101356,162,101921,162,101319,162,101927,162,101236,162,101998,162,100369,162,102011,100,100191,300,102022,100,99776,100,102090,100,99722,100,102437,100,99682,100,,,99601,100
2019-06-28 15:14:56.042430756,101654,162,101512,162,101655,162,101356,162,101661,100,101319,162,101921,162,101236,162,101927,162,100369,162,101998,162,100191,300,102011,100,99776,100,102022,100,99722,100,102090,100,99682,100,102437,100,99601,100
2019-06-28 15:15:00.000000000,101654,58,101512,125,101655,162,101356,162,101661,162,101319,162,101921,162,101236,162,101927,162,100369,162,101998,100,100191,300,102011,100,99776,100,102022,100,99722,100,102090,100,99682,100,102437,100,99601,100
2019-06-28 15:15:10.000000000,101655,178,101512,141,101661,178,101356,178,101921,178,101319,178,101927,178,101236,178,101998,100,100369,100,102011,100,100191,300,102022,100,99776,100,102090,100,99722,100,102437,100,99682,100,,,99601,100
2019-06-28 15:15:20.000000000,101655,178,101512,141,101661,178,101356,178,101921,178,101319,178,101927,178,101236,178,101998,100,100369,100,102011,100,100191,300,102022,100,99776,100,102090,100,99722,100,102437,100,99682,100,,,99601,100
2019-06-28 15:15:22.500596041,101583,100,101512,141,101655,178,101356,178,101661,178,101319,178,101921,178,101236,178,101927,178,100369,100,101998,100,100191,300,102011,100,99776,100,102022,100,99722,100,102090,100,99682,100,102437,100,99601,100
2019-06-28 15:15:29.070469774,101583,100,101512,41,101655,178,101356,178,101661,178,101319,178,101921,178,101236,178,101927,178,100369,100,101998,100,100191,300,102011,100,99776,100,102022,100,99722,100,102090,100,99682,100,102437,100,99601,100
2019-06-28 15:15:30.000000000,101583,178,101356,178,101655,178,101319,178,101661,178,101236,178,101921,178,100369,178,101927,100,100191,300,101998,100,99776,100,102011,100,99722,100,102022,100,99682,100,102090,100,99601,100,102437,100,99490,100
2019-06-28 15:15:36.062076862,101583,178,101449,100,101655,178,101356,178,101661,178,101319,178,101921,178,101236,178,101927,100,100369,178,101998,100,100191,300,102011,100,99776,100,102022,100,99722,100,102090,100,99682,100,102437,100,99601,100
2019-06-28 15:15:40.000000000,101583,162,101449,162,101655,162,101356,162,101661,162,101319,162,101921,162,101236,162,101927,162,100369,162,101998,100,100191,300,102011,100,99776,100,102022,100,99722,100,102090,100,99682,100,102437,100,99601,100
2019-06-28 15:15:40.758789043,101583,162,101513,100,101655,162,101449,162,101661,162,101356,162,101921,162,101319,162,101927,162,101236,162,101998,100,100369,162,102011,100,100191,300,102022,100,99776,100,102090,100,99722,100,102437,100,99682,100
2019-06-28 15:15:48.767335385,101583,162,101449,162,101655,162,101356,162,101661,162,101319,162,101921,162,101236,162,101927,162,100369,162,101998,100,100191,300,102011,100,99776,100,102022,100,99722,100,102090,100,99682,100,102437,100,99601,100
2019-06-28 15:15:50.000000000,101583,410,101449,410,101655,100,101356,100,101661,100,101319,100,101921,100,101236,100,101927,100,100369,100,101998,100,100191,300,102011,100,99776,100,102022,100,99722,100,102090,100,99682,100,102437,100,99601,100
2019-06-28 15:15:55.369457962,101583,410,101497,100,101655,100,101449,310,101661,100,101356,100,101921,100,101319,100,101927,100,101236,100,101998,100,100369,100,102011,100,100191,300,102022,100,99776,100,102090,100,99722,100,102437,100,99682,100
2019-06-28 15:16:00.000000000,101583,44,101497,178,101655,178,101356,178,101661,178,101319,178,101921,178,101236,178,101927,100,100369,100,101998,100,100191,300,102011,100,99776,100,102022,100,99722,100,102090,100,99682,100,102437,100,99601,100
2019-06-28 15:16:08.227068156,101583,44,101497,78,101655,178,101356,178,101661,178,101319,178,101921,178,101236,178,101927,100,100369,100,101998,100,100191,300,102011,100,99776,100,102022,100,99722,100,102090,100,99682,100,102437,100,99601,100
2019-06-28 15:16:10.000000000,101655,178,101356,178,101661,178,101319,178,101921,178,101236,178,101927,178,100369,178,101998,100,100191,300,102011,100,99776,100,102022,100,99722,100,102090,100,99682,100,102437,100,99601,100,,,99490,100
2019-06-28 15:16:20.000000000,101655,205,101356,205,101661,202,101319,202,101921,202,101236,202,101927,100,100369,100,101998,100,100191,300,102011,100,99776,100,102022,100,99722,100,102090,100,99682,100,102437,100,99601,100,,,99490,100
2019-06-28 15:16:27.224631565,101655,205,101468,100,101661,202,101356,205,101921,202,101319,202,101927,100,101236,202,101998,100,100369,100,102011,100,100191,300,102022,100,99776,100,102090,100,99722,100,102437,100,99682,100,,,99601,100
2019-06-28 15:16:30.000000000,101655,410,101468,410,101661,100,101356,100,101921,100,101319,100,101927,100,101236,100,101998,100,100369,100,102011,100,100191,300,102022,100,99776,100,102090,100,99722,100,102437,100,99682,100,,,99601,100
2019-06-28 15:16:40.000000000,101655,255,101468,255,101661,255,101356,255,101921,100,101319,100,101927,100,101236,100,101998,100,100369,100,102011,100,100191,300,102022,100,99776,100,102090,100,99722,100,102437,100,99682,100,,,99601,100
2019-06-28 15:16:43.525598346,101655,255,101468,255,101661,255,101356,255,101883,100,101236,100,101921,100,100369,100,101927,100,100191,300,101998,100,99776,100,102011,100,99722,100,102022,100,99682,100,102090,100,99601,100,102437,100,99490,100
2019-06-28 15:16:50.000000000,101655,410,101468,410,101661,100,101356,100,101883,100,101236,100,101921,100,100369,100,101927,100,100191,300,101998,100,99776,100,102011,100,99722,100,102022,100,99682,100,102090,100,99601,100,102437,100,99490,100
2019-06-28 15:16:55.915684772,101655,310,101468,310,101661,100,101356,100,101883,100,101236,100,101921,100,100369,100,101927,100,100191,300,101998,100,99776,100,102011,100,99722,100,102022,100,99682,100,102090,100,99601,100,102437,100,99490,100
2019-06-28 15:17:00.000000000,101661,44,101356,178,101883,178,101236,178,101921,178,100369,178,101927,178,100191,378,101998,100,99776,100,102011,100,99722,100,102022,100,99682,100,102090,100,99601,100,102437,100,99490,100,,,,
2019-06-28 15:17:10.000000000,101883,410,101356,410,101921,100,101236,100,101927,100,100369,100,101998,100,100191,300,102011,100,99776,100,102022,100,99722,100,102090,100,99682,100,102437,100,99601,100,,,99490,100,,,,
2019-06-28 15:17:20.000000000,101883,410,101356,410,101921,100,101236,100,101927,100,100369,100,101998,100,100191,300,102011,100,99776,100,102022,100,99722,100,102090,100,99682,100,102437,100,99601,100,,,99490,100,,,,
2019-06-28 15:17:26.716293026,101883,410,101661,100,101921,100,101356,410,101927,100,101236,100,101998,100,100369,100,102011,100,100191,300,102022,100,99776,100,102090,100,99722,100,102437,100,99682,100,,,99601,100,,,99490,100
2019-06-28 15:17:30.000000000,101883,255,101661,255,101921,255,101356,255,101927,100,101236,100,101998,100,100369,100,102011,100,100191,300,102022,100,99776,100,102090,100,99722,100,102437,100,99682,100,,,99601,100,,,99490,100
2019-06-28 15:17:40.000000000,101883,162,101661,162,101921,162,101356,162,101927,162,101236,162,101998,162,100369,162,102011,162,100191,362,102022,100,99776,100,102090,100,99722,100,102437,100,99682,100,,,99601,100,,,99490,100
2019-06-28 15:17:50.000000000,101883,410,101661,410,101921,100,101356,100,101927,100,101236,100,101998,100,100369,100,102011,100,100191,300,102022,100,99776,100,102090,100,99722,100,102437,100,99682,100,,,99601,100,,,99490,100
2019-06-28 15:17:59.253821369,101767,100,101661,410,101883,410,101356,100,101921,100,101236,100,101927,100,100369,100,101998,100,100191,300,102011,100,99776,100,102022,100,99722,100,102090,100,99682,100,102437,100,99601,100,,,99490,100
2019-06-28 15:18:00.000000000,101767,283,101661,410,101883,100,101356,100,101921,100,101236,100,101927,100,100369,100,101998,100,100191,300,102011,100,99776,100,102022,100,99722,100,102090,100,99682,100,102437,100,99601,100,,,99490,100
2019-06-28 15:18:04.508729901,101767,383,101661,410,101883,100,101356,100,101921,100,101236,100,101927,100,100369,100,101998,100,100191,300,102011,100,99776,100,102022,100,99722,100,102090,100,99682,100,102437,100,99601,100,,,99490,100
2019-06-28 15:18:10.000000000,101767,262,101661,255,101883,255,101356,255,101921,100,101236,100,101927,100,100369,100,101998,100,100191,300,102011,100,99776,100,102022,100,99722,100,102090,100,99682,100,102437,100,99601,100,,,99490,100
2019-06-28 15:18:20.000000000,101767,185,101661,178,101883,178,101356,178,101921,178,101236,178,101927,178,100369,178,101998,100,100191,300,102011,100,99776,100,102022,100,99722,100,102090,100,99682,100,102437,100,99601,100,,,99490,100
2019-06-28 15:18:26.641252818,101767,185,101700,100,101883,178,101661,178,101921,178,101356,178,101927,178,101236,178,102011,100,100369,178,102022,100,100191,300,102090,100,99776,100,102437,100,99722,100,,,99682,100,,,99601,100
2019-06-28 15:18:30.000000000,101767,212,101700,205,101883,202,101661,202,101921,202,101356,202,101927,100,101236,100,102011,100,100369,100,102022,100,100191,300,102090,100,99776,100,102437,100,99722,100,,,99682,100,,,99601,100
2019-06-28 15:18:40.000000000,101767,169,101700,162,101883,162,101661,162,101921,162,101356,162,101927,162,101236,162,102011,162,100369,162,102022,100,100191,300,102090,100,99776,100,102437,100,99722,100,,,99682,100,,,99601,100
2019-06-28 15:18:42.297280809,101767,169,101700,62,101883,162,101661,162,101921,162,101356,162,101927,162,101236,162,102011,162,100369,162,102022,100,100191,300,102090,100,99776,100,102437,100,99722,100,,,99682,100,,,99601,100
2019-06-28 15:18:50.000000000,101767,417,101661,410,101883,100,101356,100,101921,100,101236,100,101927,100,100369,100,102011,100,100191,300,102022,100,99776,100,102090,100,99722,100,102437,100,99682,100,,,99601,100,,,99490,100
2019-06-28 15:19:00.000000000,101767,42,101661,162,101883,162,101356,162,101921,162,101236,162,101927,162,100369,162,102011,162,100191,362,102022,100,99776,100,102090,100,99722,100,102437,100,99682,100,,,99601,100,,,99490,100
2019-06-28 15:19:10.000000000,101767,85,101661,178,101883,178,101356,178,101921,178,101236,178,101927,178,100369,178,102011,100,100191,300,102022,100,99776,100,102090,100,99722,100,102437,100,99682,100,,,99601,100,,,99490,100
2019-06-28 15:19:20.000000000,101767,317,101661,410,101883,100,101356,100,101921,100,101236,100,101927,100,100369,100,102011,100,100191,300,102022,100,99776,100,102090,100,99722,100,102437,100,99682,100,,,99601,100,,,99490,100
2019-06-28 15:19:30.000000000,101767,317,101661,410,101883,100,101356,100,101921,100,101236,100,101927,100,100369,100,102011,100,100191,300,102022,100,99776,100,102090,100,99722,100,102437,100,99682,100,,,99601,100,,,99490,100
2019-06-28 15:19:40.000000000,101767,69,101661,162,101883,162,101356,162,101921,162,101236,162,101927,162,100369,162,102011,162,100191,362,102022,100,99776,100,102090,100,99722,100,102437,100,99682,100,,,99601,100,,,99490,100
2019-06-28 15:19:50.000000000,101767,85,101661,178,101883,178,101356,178,101921,178,101236,178,101927,178,100369,178,102011,100,100191,300,102022,100,99776,100,102090,100,99722,100,102437,100,99682,100,,,99601,100,,,99490,100
2019-06-28 15:19:51.215929930,101767,85,101661,78,101883,178,101356,178,101921,178,101236,178,101927,178,100369,178,102011,100,100191,300,102022,100,99776,100,102090,100,99722,100,102437,100,99682,100,,,99601,100,,,99490,100
2019-06-28 15:19:58.927802282,101661,22,101356,178,101767,85,101236,178,101883,178,100369,178,101921,178,100191,300,101927,178,99776,100,102011,100,99722,100,102022,100,99682,100,102090,100,99601,100,102437,100,99490,100,,,,
2019-06-28 15:20:00.000000000,101661,43,101356,255,101767,162,101236,255,101883,100,100369,100,101921,100,100191,300,101927,100,99776,100,102011,100,99722,100,102022,100,99682,100,102090,100,99601,100,102437,100,99490,100,,,,
2019-06-28 15:20:10.000000000,101767,112,101356,205,101883,202,101236,202,101921,202,100369,202,101927,100,100191,300,102011,100,99776,100,102022,100,99722,100,102090,100,99682,100,102437,100,99601,100,,,99490,100,,,,
2019-06-28 15:20:20.000000000,101767,69,101356,162,101883,162,101236,162,101921,162,100369,162,101927,162,100191,362,102011,162,99776,162,102022,100,99722,100,102090,100,99682,100,102437,100,99601,100,,,99490,100,,,,
2019-06-28 15:20:25.135286511,101767,69,101356,162,101797,100,101236,162,101883,162,100369,162,101921,162,100191,362,101927,162,99776,162,102011,162,99722,100,102022,100,99682,100,102090,100,99601,100,102437,100,99490,100,,,,
2019-06-28 15:20:30.000000000,101767,112,101356,205,101797,202,101236,202,101883,202,100369,202,101921,100,100191,300,101927,100,99776,100,102011,100,99722,100,102022,100,99682,100,102090,100,99601,100,102437,100,99490,100,,,,
2019-06-28 15:20:40.000000000,101767,69,101356,162,101797,162,101236,162,101883,162,100369,162,101921,162,100191,362,101927,162,99776,162,102011,100,99722,100,102022,100,99682,100,102090,100,99601,100,102437,100,99490,100,,,,
2019-06-28 15:20:43.066377093,101767,69,101356,162,101797,162,101294,100,101883,162,101236,162,101921,162,100369,162,101927,162,100191,362,102011,100,99776,162,102022,100,99722,100,102090,100,99682,100,102437,100,99601,100,,,99490,100
2019-06-28 15:20:49.048316279,101767,69,101356,62,101797,162,101294,100,101883,162,101236,162,101921,162,100369,162,101927,162,100191,362,102011,100,99776,162,102022,100,99722,100,102090,100,99682,100,102437,100,99601,100,,,,
2019-06-28 15:20:50.000000000,101767,317,101294,410,101797,100,101236,100,101883,100,100369,100,101921,100,100191,300,101927,100,99776,100,102011,100,99722,100,102022,100,99682,100,102090,100,99601,100,102437,100,,,,,,
2019-06-28 15:20:55.135480453,101767,317,101308,100,101797,100,101294,410,101883,100,101236,100,101921,100,100369,100,101927,100,100191,300,102011,100,99776,100,102022,100,99722,100,102090,100,99682,100,102437,100,99601,100,,,,
2019-06-28 15:21:00.000000000,101767,28,101308,255,101797,255,101294,255,101883,100,101236,100,101921,100,100369,100,101927,100,100191,300,102011,100,99776,100,102022,100,99722,100,102090,100,99682,100,102437,100,99601,100,,,,
2019-06-28 15:21:10.000000000,101797,255,101308,255,101883,255,101294,255,101921,100,101236,100,101927,100,100369,100,102011,100,100191,300,102022,100,99776,100,102090,100,99722,100,102437,100,99682,100,,,99601,100,,,,
2019-06-28 15:21:20.000000000,101797,178,101308,178,101883,178,101294,178,101921,178,101236,178,101927,178,100369,178,102011,100,100191,300,102022,100,99776,100,102090,100,99722,100,102437,100,99682,100,,,99601,100,,,,
2019-06-28 15:21:24.663728712,101797,178,101308,78,101883,178,101294,178,101921,178,101236,178,101927,178,100369,178,102011,100,100191,300,102022,100,99776,100,102090,100,99722,100,102437,100,99682,100,,,99601,100,,,,
2019-06-28 15:21:30.000000000,101797,255,101294,255,101883,255,101236,255,101921,100,100369,100,101927,100,100191,300,102011,100,99776,100,102022,100,99722,100,102090,100,99682,100,102437,100,99601,100,,,,,,,,
2019-06-28 15:21:40.000000000,101797,410,101294,410,101883,100,101236,100,101921,100,100369,100,101927,100,100191,300,102011,100,99776,100,102022,100,99722,100,102090,100,99682,100,102437,100,99601,100,,,,,,,,
2019-06-28 15:21:50.000000000,101797,162,101294,162,101883,162,101236,162,101921,162,100369,162,101927,162,100191,362,102011,162,99776,162,102022,100,99722,100,102090,100,99682,100,102437,100,99601,100,,,,,,,,
2019-06-28 15:21:51.606660376,101444,100,101294,162,101797,162,101236,162,101883,162,100369,162,101921,162,100191,362,101927,162,99776,162,102011,162,99722,100,102022,100,99682,100,102090,100,99601,100,102437,100,,,,,,
2019-06-28 15:22:00.000000000,101444,44,101294,178,101797,178,101236,178,101883,178,100369,178,101921,178,100191,378,101927,100,99776,100,102011,100,99722,100,102022,100,99682,100,102090,100,99601,100,102437,100,,,,,,
2019-06-28 15:22:10.000000000,101797,410,101294,410,101883,100,101236,100,101921,100,100369,100,101927,100,100191,300,102011,100,99776,100,102022,100,99722,100,102090,100,99682,100,102437,100,99601,100,,,,,,,,
2019-06-28 15:22:11.682906743,101797,410,101294,410,101883,100,101236,100,101921,100,100369,100,101927,100,100191,300,102011,100,99776,100,102022,100,99682,100,102090,100,99601,100,102357,100,,,102437,100,,,,,,
2019-06-28 15:22:12.651816573,101797,410,101294,410,101883,100,101236,100,101921,100,100369,100,101927,100,100191,300,102011,100,99776,100,102022,100,99682,100,102090,100,99601,100,102249,100,,,102357,100,,,102437,100,,
2019-06-28 15:22:19.978493013,101797,410,101294,410,101883,100,101236,100,101921,100,100369,100,101927,100,100191,300,102011,100,99776,100,102022,100,99682,100,102090,100,99601,100,102204,100,,,102249,100,,,102357,100,,
2019-06-28 15:22:20.000000000,101797,205,101294,205,101883,202,101236,202,101921,202,100369,202,101927,100,100191,300,102011,100,99776,100,102022,100,99682,100,102090,100,99601,100,102204,100,,,102249,100,,,102357,100,,
2019-06-28 15:22:30.000000000,101797,162,101294,162,101883,162,101236,162,101921,162,100369,162,101927,162,100191,362,102011,162,99776,162,102022,100,99682,100,102090,100,99601,100,102204,100,,,102249,100,,,102357,100,,
2019-06-28 15:22:40.000000000,101797,178,101294,178,101883,178,101236,178,101921,178,100369,178,101927,178,100191,378,102011,100,99776,100,102022,100,99682,100,102090,100,99601,100,102204,100,,,102249,100,,,102357,100,,
2019-06-28 15:22:45.537725800,101797,178,101294,178,101883,178,101236,178,101921,178,100369,178,101927,178,100191,378,102011,100,99776,100,102022,100,99682,100,102090,100,99601,100,102204,100,,,102249,100,,,102333,100,,
2019-06-28 15:22:50.000000000,101797,205,101294,205,101883,202,101236,202,101921,202,100369,202,101927,100,100191,300,102011,100,99776,100,102022,100,99682,100,102090,100,99601,100,102204,100,,,102249,100,,,102333,100,,
2019-06-28 15:23:00.000000000,101797,276,101294,410,101883,100,101236,100,101921,100,100369,100,101927,100,100191,300,102011,100,99776,100,102022,100,99682,100,102090,100,99601,100,102204,100,,,102249,100,,,102333,100,,
2019-06-28 15:23:10.000000000,101883,162,101294,162,101921,162,101236,162,101927,162,100369,162,102011,162,100191,362,102022,162,99776,162,102090,100,99682,100,102204,100,99601,100,102249,100,,,102333,100,,,102357,100,,
2019-06-28 15:23:20.000000000,101883,162,101294,162,101921,162,101236,162,101927,162,100369,162,102011,162,100191,362,102022,162,99776,162,102090,100,99682,100,102204,100,99601,100,102249,100,,,102333,100,,,102357,100,,
2019-06-28 15:23:22.398290584,101847,100,101294,162,101883,162,101236,162,101921,162,100369,162,101927,162,100191,362,102011,162,99776,162,102022,162,99682,100,102090,100,99601,100,102204,100,,,102249,100,,,102333,100,,
2019-06-28 15:23:24.058779381,101847,100,101711,100,101883,162,101294,162,101921,162,101236,162,101927,62,100369,162,102011,162,100191,362,102022,162,99776,162,102090,100,99682,100,102204,100,99601,100,102249,100,,,102333,100,,
2019-06-28 15:23:30.000000000,101847,205,101711,205,101883,202,101294,202,101921,202,101236,202,102011,100,100369,100,102022,100,100191,300,102090,100,99776,100,102204,100,99682,100,102249,100,99601,100,102333,100,,,102357,100,,
2019-06-28 15:23:35.881093005,101847,205,101797,100,101883,202,101711,205,101921,202,101294,202,102011,100,101236,202,102022,100,100369,100,102090,100,100191,200,102204,100,99776,100,102249,100,99682,100,102333,100,99601,100,102357,100,,
2019-06-28 15:23:38.553986551,101847,205,101797,100,101883,202,101711,205,101893,100,101294,202,101921,202,101236,202,102011,100,100369,100,102022,100,100191,200,102090,100,99776,100,102204,100,99682,100,102249,100,99601,100,102333,100,,
2019-06-28 15:23:40.000000000,101847,255,101797,255,101883,255,101711,255,101893,100,101294,100,101921,100,101236,100,102011,100,100369,100,102022,100,100191,200,102090,100,99776,100,102204,100,99682,100,102249,100,99601,100,102333,100,,
2019-06-28 15:23:41.995127954,101847,255,101797,355,101883,255,101711,255,101893,100,101294,100,101921,100,101236,100,102011,100,100369,100,102022,100,100191,200,102090,100,99776,100,102204,100,99682,100,102249,100,99601,100,102333,100,,
2019-06-28 15:23:46.645756977,101847,155,101797,355,101883,255,101711,255,101893,100,101294,100,101921,100,101236,100,102011,100,100369,100,102022,100,100191,200,102090,100,99776,100,102204,100,99682,100,102249,100,99601,100,102333,100,,
2019-06-28 15:23:50.000000000,101883,162,101797,262,101893,162,101711,162,101921,162,101294,162,102011,162,101236,162,102022,162,100369,162,102090,100,100191,200,102204,100,99776,100,102249,100,99682,100,102333,100,99601,100,102357,100,,
2019-06-28 15:23:52.241571800,101883,162,101798,100,101893,162,101797,262,101921,162,101711,162,102011,162,101294,162,102022,162,101236,162,102090,100,100369,162,102204,100,100191,200,102249,100,99776,100,102333,100,99682,100,102357,100,99601,100
2019-06-28 15:24:00.000000000,101883,51,101798,178,101893,178,101797,278,101921,178,101711,178,102011,178,101294,178,102022,100,101236,100,102090,100,100369,100,102204,100,100191,200,102249,100,99776,100,102333,100,99682,100,102357,100,99601,100
2019-06-28 15:24:05.333118761,101812,100,101798,178,101883,51,101797,278,101893,178,101711,178,101921,178,101294,178,102011,178,101236,100,102022,100,100369,100,102090,100,100191,200,102204,100,99776,100,102249,100,99682,100,102333,100,99601,100
2019-06-28 15:24:05.579993652,101812,100,101798,78,101883,51,101797,278,101893,178,101711,178,101921,178,101294,178,102011,178,101236,100,102022,100,100369,100,102090,100,100191,200,102204,100,99776,100,102249,100,99682,100,102333,100,99601,100
2019-06-28 15:24:10.000000000,101812,178,101797,278,101883,85,101711,178,101893,178,101294,178,101921,178,101236,178,102011,100,100369,100,102022,100,100191,200,102090,100,99776,100,102204,100,99682,100,102249,100,99601,100,102333,100,,
2019-06-28 15:24:10.247726054,101812,178,101797,278,101882,100,101711,178,101883,85,101294,178,101893,178,101236,178,101921,178,100369,100,102011,100,100191,200,102022,100,99776,100,102090,100,99682,100,102204,100,99601,100,102249,100,,
2019-06-28 15:24:13.381094463,101812,178,101797,278,101882,200,101711,178,101883,85,101294,178,101893,178,101236,178,101921,178,100369,100,102011,100,100191,200,102022,100,99776,100,102090,100,99682,100,102204,100,99601,100,102249,100,,
2019-06-28 15:24:20.000000000,101812,255,101797,355,101882,355,101711,255,101883,7,101294,100,101893,100,101236,100,101921,100,100369,100,102011,100,100191,200,102022,100,99776,100,102090,100,99682,100,102204,100,99601,100,102249,100,,
2019-06-28 15:24:25.975860765,101812,255,101798,100,101882,355,101797,355,101883,7,101711,255,101893,100,101294,100,101921,100,101236,100,102011,100,100369,100,102022,100,100191,200,102090,100,99776,100,102204,100,99682,100,102249,100,99601,100
2019-06-28 15:24:30.000000000,101812,410,101798,410,101882,200,101797,200,101883,7,101711,100,101893,100,101294,100,101921,100,101236,100,102011,100,100369,100,102022,100,100191,200,102090,100,99776,100,102204,100,99682,100,102249,100,99601,100
2019-06-28 15:24:40.000000000,101812,205,101798,205,101882,302,101797,302,101883,109,101711,202,101893,100,101294,100,101921,100,101236,100,102011,100,100369,100,102022,100,100191,200,102090,100,99776,100,102204,100,99682,100,102249,100,99601,100
2019-06-28 15:24:45.326075900,101811,100,101798,205,101812,205,101797,302,101882,302,101711,202,101883,109,101294,100,101893,100,101236,100,101921,100,100369,100,102011,100,100191,200,102022,100,99776,100,102204,100,99682,100,102249,100,99601,100
2019-06-28 15:24:50.000000000,101811,255,101798,255,101812,255,101797,355,101882,200,101711,100,101883,7,101294,100,101893,100,101236,100,101921,100,100369,100,102011,100,100191,200,102022,100,99776,100,102204,100,99682,100,102249,100,99601,100
2019-06-28 15:25:00.000000000,101811,71,101798,205,101812,202,101797,302,101882,302,101711,202,101883,7,101294,100,101893,100,101236,100,101921,100,100369,100,102011,100,100191,200,102022,100,99776,100,102204,100,99682,100,102249,100,99601,100
2019-06-28 15:25:10.000000000,101812,255,101798,255,101882,355,101797,355,101883,7,101711,100,101893,100,101294,100,101921,100,101236,100,102011,100,100369,100,102022,100,100191,200,102204,100,99776,100,102249,100,99682,100,102333,100,99601,100
2019-06-28 15:25:14.492709604,101812,255,101798,255,101882,355,101797,355,101883,7,101711,100,101893,100,101522,100,101921,100,101294,100,102011,100,101236,100,102022,100,100369,100,102204,100,100191,200,102249,100,99776,100,102333,100,99682,100
2019-06-28 15:25:20.000000000,101812,410,101798,410,101882,200,101797,200,101883,7,101711,100,101893,100,101522,100,101921,100,101294,100,102011,100,101236,100,102022,100,100369,100,102204,100,100191,200,102249,100,99776,100,102333,100,99682,100
2019-06-28 15:25:30.000000000,101812,162,101798,162,101882,262,101797,262,101883,69,101711,162,101893,162,101522,162,101921,162,101294,162,102011,100,101236,100,102022,100,100369,100,102204,100,100191,200,102249,100,99776,100,102333,100,99682,100
2019-06-28 15:25:33.437165811,101812,162,101798,62,101882,262,101797,262,101883,69,101711,162,101893,162,101522,162,101921,162,101294,162,102022,100,101236,100,102204,100,100369,100,102249,100,100191,200,102333,100,99776,100,102357,100,99682,100
2019-06-28 15:25:40.000000000,101812,205,101797,305,101882,302,101711,202,101883,109,101522,202,101893,100,101294,100,101921,100,101236,100,102022,100,100369,100,102204,100,100191,200,102249,100,99776,100,102333,100,99682,100,102357,100,99601,100
2019-06-28 15:25:50.000000000,101812,255,101797,355,101882,355,101711,255,101883,7,101522,100,101893,100,101294,100,101921,100,101236,100,102022,100,100369,100,102204,100,100191,200,102249,100,99776,100,102333,100,99682,100,102357,100,99601,100
2019-06-28 15:26:00.000000000,101812,276,101797,510,101882,200,101711,100,101883,7,101522,100,101893,100,101294,100,101921,100,101236,100,102022,100,100369,100,102204,100,100191,200,102249,100,99776,100,102333,100,99682,100,102357,100,99601,100
2019-06-28 15:26:10.000000000,101882,510,101797,510,101883,7,101711,100,101893,100,101522,100,101921,100,101294,100,102022,100,101236,100,102204,100,100369,100,102249,100,100191,200,102333,100,99776,100,102357,100,99682,100,102437,100,99601,100
2019-06-28 15:26:20.000000000,101882,510,101797,510,101883,7,101711,100,101893,100,101522,100,101921,100,101294,100,102022,100,101236,100,102204,100,100369,100,102249,100,100191,200,102333,100,99776,100,102357,100,99682,100,102437,100,99601,100
2019-06-28 15:26:30.000000000,101882,305,101797,305,101883,109,101711,202,101893,202,101522,202,101921,100,101294,100,102022,100,101236,100,102204,100,100369,100,102249,100,100191,200,102333,100,99776,100,102357,100,99682,100,102437,100,99601,100
2019-06-28 15:26:33.241353031,101882,305,101797,305,101883,109,101711,202,101893,202,101522,202,101921,100,101294,100,102022,100,101236,100,102204,100,100557,100,102249,100,100369,100,102333,100,100191,200,102357,100,99776,100,102437,100,99682,100
2019-06-28 15:26:40.000000000,101882,510,101797,510,101883,7,101711,100,101893,100,101522,100,101921,100,101294,100,102022,100,101236,100,102204,100,100557,100,102249,100,100369,100,102333,100,100191,200,102357,100,99776,100,102437,100,99682,100
2019-06-28 15:26:45.451251625,101882,510,101797,410,101883,7,101711,100,101893,100,101522,100,101921,100,101294,100,102022,100,101236,100,102204,100,100557,100,102249,100,100369,100,102333,100,100191,200,102357,100,99776,100,102437,100,99682,100
2019-06-28 15:26:50.000000000,101882,262,101797,162,101883,69,101711,162,101893,162,101522,162,101921,162,101294,162,102022,162,101236,162,102204,100,100557,100,102249,100,100369,100,102333,100,100191,200,102357,100,99776,100,102437,100,99682,100
2019-06-28 15:26:56.041616863,101882,262,101797,62,101883,69,101711,162,101893,162,101522,162,101921,162,101294,162,102022,162,101236,162,102204,100,100557,100,102249,100,100369,100,102333,100,100191,200,102357,100,99776,100,102437,100,99682,100
2019-06-28 15:27:00.000000000,101882,128,101711,162,101883,69,101522,162,101893,162,101294,162,101921,162,101236,162,102022,162,100557,162,102204,100,100369,100,102249,100,100191,200,102333,100,99776,100,102357,100,99682,100,102437,100,99601,100
2019-06-28 15:27:01.655997543,101882,228,101711,162,101883,69,101522,162,101893,162,101294,162,101921,162,101236,162,102022,162,100557,162,102204,100,100369,100,102249,100,100191,200,102333,100,99776,100,102357,100,99682,100,102437,100,99601,100
2019-06-28 15:27:07.068516014,101882,228,101711,62,101883,69,101522,162,101893,162,101294,62,101921,162,101236,162,102022,162,100557,162,102204,100,100369,100,102249,100,100191,200,102333,100,99776,100,102357,100,99682,100,102437,100,99601,100
2019-06-28 15:27:10.000000000,101882,244,101522,178,101883,85,101236,178,101893,178,100557,178,101921,178,100369,178,102022,100,100191,200,102204,100,99776,100,102249,100,99682,100,102333,100,99601,100,102357,100,,,102437,100,,
2019-06-28 15:27:20.000000000,101882,271,101522,205,101883,109,101236,202,101893,202,100557,202,101921,100,100369,100,102022,100,100191,200,102204,100,99776,100,102249,100,99682,100,102333,100,99601,100,102357,100,,,102437,100,,
2019-06-28 15:27:25.051216737,101882,271,101522,205,101883,109,101236,202,101893,202,100557,202,101921,100,100369,100,102022,100,100267,100,102204,100,100191,200,102249,100,99776,100,102333,100,99682,100,102357,100,99601,100,102437,100,,
2019-06-28 15:27:30.000000000,101882,271,101522,205,101883,109,101236,202,101893,202,100557,202,101921,100,100369,100,102022,100,100267,100,102204,100,100191,200,102249,100,99776,100,102333,100,99682,100,102357,100,99601,100,102437,100,,
2019-06-28 15:27:40.000000000,101882,228,101522,162,101883,69,101236,162,101893,162,100557,162,101921,162,100369,162,102022,162,100267,162,102204,100,100191,200,102249,100,99776,100,102333,100,99682,100,102357,100,99601,100,102437,100,,
2019-06-28 15:27:41.460317935,101882,228,101522,62,101883,69,101236,162,101893,162,100557,162,101921,162,100369,162,102022,162,100267,162,102204,100,100191,200,102249,100,99776,100,102333,100,99682,100,102357,100,99601,100,102437,100,,
2019-06-28 15:27:50.000000000,101882,244,101236,178,101883,85,100557,178,101893,178,100369,178,101921,178,100267,178,102022,100,100191,200,102204,100,99776,100,102249,100,99682,100,102333,100,99601,100,102357,100,,,102437,100,,
2019-06-28 15:28:00.000000000,101882,94,101236,162,101883,69,100557,162,101893,162,100369,162,101921,162,100267,162,102022,162,100191,262,102204,100,99776,100,102249,100,99682,100,102333,100,99601,100,102357,100,,,102437,100,,
2019-06-28 15:28:10.000000000,101882,187,101236,255,101883,162,100557,255,101893,100,100369,100,101921,100,100267,100,102022,100,100191,200,102204,100,99776,100,102249,100,99682,100,102333,100,99601,100,102357,100,,,102437,100,,
2019-06-28 15:28:11.951647642,101882,187,101236,255,101883,162,100736,100,101893,100,100557,255,101921,100,100369,100,102022,100,100267,100,102204,100,100191,200,102249,100,99776,100,102333,100,99682,100,102357,100,99601,100,102437,100,,
2019-06-28 15:28:20.000000000,101882,110,101236,178,101883,85,100736,178,101893,178,100557,178,101921,178,100369,178,102022,100,100267,100,102204,100,100191,200,102249,100,99776,100,102333,100,99682,100,102357,100,99601,100,102437,100,,
2019-06-28 15:28:30.000000000,101882,187,101236,255,101883,162,100736,255,101893,100,100557,100,101921,100,100369,100,102022,100,100267,100,102204,100,100191,200,102249,100,99776,100,102333,100,99682,100,102357,100,99601,100,102437,100,,
2019-06-28 15:28:40.000000000,101882,342,101236,410,101883,7,100736,100,101893,100,100557,100,101921,100,100369,100,102022,100,100267,100,102204,100,100191,200,102249,100,99776,100,102333,100,99682,100,102357,100,99601,100,102437,100,,
2019-06-28 15:28:50.000000000,101882,187,101236,255,101883,162,100736,255,101893,100,100557,100,101921,100,100369,100,102022,100,100267,100,102204,100,100191,200,102249,100,99776,100,102333,100,99682,100,102357,100,99601,100,102437,100,,
2019-06-28 15:29:00.000000000,101882,208,101236,410,101883,7,100736,100,101893,100,100557,100,101921,100,100369,100,102022,100,100267,100,102204,100,100191,200,102249,100,99776,100,102333,100,99682,100,102357,100,99601,100,102437,100,,
2019-06-28 15:29:10.000000000,101883,69,101236,162,101893,162,100736,162,101921,162,100557,162,102022,162,100369,162,102204,162,100267,162,102249,100,100191,200,102333,100,99776,100,102357,100,99682,100,102437,100,99601,100,,,,
2019-06-28 15:29:20.000000000,101883,112,101236,205,101893,202,100736,202,101921,202,100557,202,102022,100,100369,100,102204,100,100267,100,102249,100,100191,200,102333,100,99776,100,102357,100,99682,100,102437,100,99601,100,,,,
2019-06-28 15:29:30.000000000,101883,162,101236,255,101893,255,100736,255,101921,100,100557,100,102022,100,100369,100,102204,100,100267,100,102249,100,100191,200,102333,100,99776,100,102357,100,99682,100,102437,100,99601,100,,,,
2019-06-28 15:29:30.111727131,101883,62,101236,255,101893,255,100736,255,101921,100,100557,100,102022,100,100369,100,102204,100,100267,100,102249,100,100191,200,102333,100,99776,100,102357,100,99682,100,102437,100,99601,100,,,,
2019-06-28 15:29:40.000000000,101893,205,101236,205,101921,202,100736,202,102022,202,100557,202,102204,100,100369,100,102249,100,100267,100,102333,100,100191,200,102357,100,99776,100,102437,100,99682,100,,,99601,100,,,,
2019-06-28 15:29:50.000000000,101893,255,101236,255,101921,255,100736,255,102022,100,100557,100,102204,100,100369,100,102249,100,100267,100,102333,100,100191,200,102357,100,99776,100,102437,100,99682,100,,,99601,100,,,,
2019-06-28 15:29:50.266068490,101738,100,101236,255,101893,255,100736,255,101921,255,100557,100,102022,100,100369,100,102204,100,100267,100,102249,100,100191,200,102333,100,99776,100,102357,100,99682,100,102437,100,99601,100,,,,
2019-06-28 15:30:00.000000000,101738,121,101236,255,101893,255,100736,255,101921,100,100557,100,102022,100,100369,100,102204,100,100267,100,102249,100,100191,200,102333,100,99776,100,102357,100,99682,100,102437,100,99601,100,,,,
2019-06-28 15:30:10.000000000,101893,205,101236,205,101921,202,100736,202,102022,202,100557,202,102204,100,100369,100,102249,100,100267,100,102333,100,100191,200,102357,100,99776,100,102437,100,99682,100,,,99601,100,,,,
2019-06-28 15:30:20.000000000,101893,178,101236,178,101921,178,100736,178,102022,178,100557,178,102204,178,100369,178,102249,100,100267,100,102333,100,100191,200,102357,100,99776,100,102437,100,99682,100,,,99601,100,,,,
2019-06-28 15:30:30.000000000,101893,178,101236,178,101921,178,100736,178,102022,178,100557,178,102204,178,100369,178,102249,100,100267,100,102333,100,100191,200,102357,100,99776,100,102437,100,99682,100,,,99601,100,,,,
2019-06-28 15:30:40.000000000,101893,205,101236,205,101921,202,100736,202,102022,202,100557,202,102204,100,100369,100,102249,100,100267,100,102333,100,100191,200,102357,100,99776,100,102437,100,99682,100,,,99601,100,,,,
2019-06-28 15:30:48.291565233,101893,205,101236,205,101921,202,100736,202,102022,202,100557,202,102042,100,100369,100,102204,100,100267,100,102249,100,100191,200,102333,100,99776,100,102357,100,99682,100,102437,100,99601,100,,,,
2019-06-28 15:30:50.000000000,101893,162,101236,162,101921,162,100736,162,102022,162,100557,162,102042,162,100369,162,102204,162,100267,162,102249,100,100191,200,102333,100,99776,100,102357,100,99682,100,102437,100,99601,100,,,,
2019-06-28 15:31:00.000000000,101893,28,101236,162,101921,162,100736,162,102022,162,100557,162,102042,162,100369,162,102204,162,100267,162,102249,100,100191,200,102333,100,99776,100,102357,100,99682,100,102437,100,99601,100,,,,
2019-06-28 15:31:01.683544330,101921,162,101893,72,102022,162,101236,162,102042,162,100736,162,102204,162,100557,162,102249,100,100369,162,102333,100,100267,162,102357,100,100191,100,102437,100,99776,100,,,99682,100,,,99601,100
2019-06-28 15:31:06.517466208,101893,28,101236,162,101921,162,100736,162,102022,162,100557,162,102042,162,100369,162,102204,162,100267,162,102249,100,100191,100,102333,100,99776,100,102357,100,99682,100,102437,100,99601,100,,,,
2019-06-28 15:31:10.000000000,101893,338,101236,410,101921,100,100736,100,102022,100,100557,100,102042,100,100369,100,102204,100,100267,100,102249,100,100191,100,102333,100,99776,100,102357,100,99682,100,102437,100,99601,100,,,,
2019-06-28 15:31:11.643797250,101893,338,101720,100,101921,100,101236,410,102022,100,100736,100,102042,100,100557,100,102204,100,100369,100,102249,100,100267,100,102333,100,100191,100,102357,100,99776,100,102437,100,99682,100,,,99601,100
2019-06-28 15:31:15.921421244,101893,338,101661,100,101921,100,101236,410,102022,100,100736,100,102042,100,100557,100,102204,100,100369,100,102249,100,100267,100,102333,100,100191,100,102357,100,99776,100,102437,100,99682,100,,,99601,100
2019-06-28 15:31:20.000000000,101893,338,101661,410,101921,100,101236,100,102022,100,100736,100,102042,100,100557,100,102204,100,100369,100,102249,100,100267,100,102333,100,100191,100,102357,100,99776,100,102437,100,99682,100,,,99601,100
2019-06-28 15:31:30.000000000,101893,133,101661,205,101921,202,101236,202,102022,202,100736,202,102042,100,100557,100,102204,100,100369,100,102249,100,100267,100,102333,100,100191,100,102357,100,99776,100,102437,100,99682,100,,,99601,100
2019-06-28 15:31:40.000000000,101893,133,101661,205,101921,202,101236,202,102022,202,100736,202,102042,100,100557,100,102204,100,100369,100,102249,100,100267,100,102333,100,100191,100,102357,100,99776,100,102437,100,99682,100,,,99601,100
2019-06-28 15:31:50.000000000,101893,106,101661,178,101921,178,101236,178,102022,178,100736,178,102042,178,100557,178,102204,100,100369,100,102249,100,100267,100,102333,100,100191,100,102357,100,99776,100,102437,100,99682,100,,,99601,100
2019-06-28 15:32:00.000000000,101921,202,101893,1,102022,202,101661,205,102042,100,101236,202,102204,100,100736,202,102249,100,100557,100,102333,100,100369,100,102357,100,100267,100,102437,100,100191,100,,,99776,100,,,99682,100
2019-06-28 15:32:10.000000000,101921,162,101893,63,102022,162,101661,162,102042,162,101236,162,102204,162,100736,162,102249,162,100557,162,102333,100,100369,100,102357,100,100267,100,102437,100,100191,100,,,99776,100,,,99682,100
2019-06-28 15:32:20.000000000,101921,162,101893,63,102022,162,101661,162,102042,162,101236,162,102204,162,100736,162,102249,162,100557,162,102333,100,100369,100,102357,100,100267,100,102437,100,100191,100,,,99776,100,,,99682,100
2019-06-28 15:32:30.000000000,101921,178,101893,79,102022,178,101661,178,102042,178,101236,178,102204,178,100736,178,102249,100,100557,100,102333,100,100369,100,102357,100,100267,100,102437,100,100191,100,,,99776,100,,,99682,100
2019-06-28 15:32:31.931975196,101893,21,101661,178,101921,178,101236,178,102022,178,100736,178,102042,178,100557,100,102204,178,100369,100,102249,100,100267,100,102333,100,100191,100,102357,100,99776,100,102437,100,99682,100,,,99601,100
2019-06-28 15:32:40.000000000,101893,331,101661,410,101921,100,101236,100,102022,100,100736,100,102042,100,100557,100,102204,100,100369,100,102249,100,100267,100,102333,100,100191,100,102357,100,99776,100,102437,100,99682,100,,,99601,100
2019-06-28 15:32:50.000000000,101893,126,101661,205,101921,202,101236,202,102022,202,100736,202,102042,100,100557,100,102204,100,100369,100,102249,100,100267,100,102333,100,100191,100,102357,100,99776,100,102437,100,99682,100,,,99601,100
2019-06-28 15:32:53.528824845,101893,226,101661,205,101921,202,101236,202,102022,202,100736,202,102042,100,100557,100,102204,100,100369,100,102249,100,100267,100,102333,100,100191,100,102357,100,99776,100,102437,100,99682,100,,,99601,100
2019-06-28 15:33:00.000000000,101893,49,101661,162,101921,162,101236,162,102022,162,100736,162,102042,162,100557,162,102204,162,100369,162,102249,100,100267,100,102333,100,100191,100,102357,100,99776,100,102437,100,99682,100,,,99601,100
2019-06-28 15:33:10.000000000,101921,178,101661,178,102022,178,101236,178,102042,178,100736,178,102204,178,100557,178,102249,100,100369,100,102333,100,100267,100,102357,100,100191,100,102437,100,99776,100,,,99682,100,,,99601,100
2019-06-28 15:33:20.000000000,101921,162,101661,162,102022,162,101236,162,102042,162,100736,162,102204,162,100557,162,102249,162,100369,162,102333,100,100267,100,102357,100,100191,100,102437,100,99776,100,,,99682,100,,,99601,100
2019-06-28 15:33:25.277153899,101921,162,101661,162,102022,162,101236,162,102042,162,100736,162,102204,162,100557,162,102249,162,100369,162,102333,100,100267,100,102357,100,100191,100,102437,100,99965,100,,,99776,100,,,99682,100
2019-06-28 15:33:30.000000000,101921,255,101661,255,102022,255,101236,255,102042,100,100736,100,102204,100,100557,100,102249,100,100369,100,102333,100,100267,100,102357,100,100191,100,102437,100,99965,100,,,99776,100,,,99682,100
2019-06-28 15:33:40.000000000,101921,255,101661,255,102022,255,101236,255,102042,100,100736,100,102204,100,100557,100,102249,100,100369,100,102333,100,100267,100,102357,100,100191,100,102437,100,99965,100,,,99776,100,,,99682,100
2019-06-28 15:33:42.076306785,101893,100,101661,255,101921,255,101236,255,102022,255,100736,100,102042,100,100557,100,102204,100,100369,100,102249,100,100267,100,102333,100,100191,100,102357,100,99965,100,102437,100,99776,100,,,99682,100
2019-06-28 15:33:45.797924622,101893,100,101661,255,101921,255,101236,255,102022,255,100736,100,102042,100,100557,100,102204,100,100369,100,102249,100,100267,100,102333,100,100191,100,102357,100,100058,100,102437,100,99965,100,,,99682,100
2019-06-28 15:33:50.000000000,101893,410,101661,410,101921,100,101236,100,102022,100,100736,100,102042,100,100557,100,102204,100,100369,100,102249,100,100267,100,102333,100,100191,100,102357,100,100058,100,102437,100,99965,100,,,99682,100
2019-06-28 15:34:00.000000000,101893,276,101661,410,101921,100,101236,100,102022,100,100736,100,102042,100,100557,100,102204,100,100369,100,102249,100,100267,100,102333,100,100191,100,102357,100,100058,100,102437,100,99965,100,,,99682,100
2019-06-28 15:34:10.000000000,101921,162,101661,162,102022,162,101236,162,102042,162,100736,162,102204,162,100557,162,102249,162,100369,162,102333,100,100267,100,102357,100,100191,100,102437,100,100058,100,,,99965,100,,,99682,100
2019-06-28 15:34:10.677900498,101921,162,101661,162,102022,162,101236,162,102042,162,100736,162,102204,162,100557,162,102249,162,100381,100,102333,100,100369,162,102357,100,100267,100,102437,100,100191,100,,,100058,100,,,99965,100
2019-06-28 15:34:20.000000000,101921,162,101661,162,102022,162,101236,162,102042,162,100736,162,102204,162,100557,162,102249,162,100381,162,102333,100,100369,100,102357,100,100267,100,102437,100,100191,100,,,100058,100,,,99965,100
2019-06-28 15:34:30.000000000,101921,410,101661,410,102022,100,101236,100,102042,100,100736,100,102204,100,100557,100,102249,100,100381,100,102333,100,100369,100,102357,100,100267,100,102437,100,100191,100,,,100058,100,,,99965,100
2019-06-28 15:34:30.487915389,101921,410,101661,410,102022,100,101236,100,102042,100,100736,100,102204,100,100557,100,102249,100,100381,100,102333,100,100369,100,102357,100,100267,100,102437,100,100191,100,,,100058,100,,,99965,100
2019-06-28 15:34:40.000000000,101921,205,101661,205,102022,202,101236,202,102042,202,100736,202,102204,100,100557,100,102249,100,100381,100,102333,100,100369,100,102357,100,100267,100,102437,100,100191,100,,,100058,100,,,99965,100
2019-06-28 15:34:40.487671862,101921,205,101661,205,102022,202,101236,202,102042,202,100736,202,102204,100,100557,100,102249,100,100381,100,102333,100,100369,100,102357,100,100267,100,102437,100,100191,100,,,100058,100,,,99965,100
2019-06-28 15:34:47.675783934,101921,205,101661,205,102022,202,101236,202,102042,202,100736,202,102204,100,100557,100,102249,100,100381,100,102333,100,100369,100,102357,100,100267,100,102437,100,100191,100,,,100058,100,,,99965,100
2019-06-28 15:34:50.000000000,101921,178,101661,178,102022,178,101236,178,102042,178,100736,178,102204,178,100557,178,102249,100,100381,100,102333,100,100369,100,102357,100,100267,100,102437,100,100191,100,,,100058,100,,,99965,100
2019-06-28 15:35:00.000000000,101921,44,101661,178,102022,178,101236,178,102042,178,100736,178,102204,178,100557,178,102249,100,100381,100,102333,100,100369,100,102357,100,100267,100,102437,100,100191,100,,,100058,100,,,99965,100
2019-06-28 15:35:00.570973675,101921,44,101661,178,102022,178,101236,178,102042,178,100736,178,102204,178,100557,178,102249,100,100381,100,102333,100,100369,100,102357,100,100275,100,102437,100,100267,100,,,100191,100,,,100058,100
2019-06-28 15:35:06.156084946,101921,44,101661,178,102022,178,101236,178,102042,178,100736,178,102204,178,100557,178,102249,100,100381,100,102333,100,100369,100,102357,100,100275,100,102437,100,100267,100,,,100201,100,,,100191,100
2019-06-28 15:35:10.000000000,102022,255,101661,255,102042,255,101236,255,102204,100,100736,100,102249,100,100557,100,102333,100,100381,100,102357,100,100369,100,102437,100,100275,100,,,100267,100,,,100201,100,,,100191,100
2019-06-28 15:35:20.000000000,102022,178,101661,178,102042,178,101236,178,102204,178,100736,178,102249,178,100557,178,102333,100,100381,100,102357,100,100369,100,102437,100,100275,100,,,100267,100,,,100201,100,,,100191,100
2019-06-28 15:35:30.000000000,102022,205,101661,205,102042,202,101236,202,102204,202,100736,202,102249,100,100557,100,102333,100,100381,100,102357,100,100369,100,102437,100,100275,100,,,100267,100,,,100201,100,,,100191,100
2019-06-28 15:35:40.000000000,102022,178,101661,178,102042,178,101236,178,102204,178,100736,178,102249,178,100557,178,102333,100,100381,100,102357,100,100369,100,102437,100,100275,100,,,100267,100,,,100201,100,,,100191,100
2019-06-28 15:35:44.342044797,102022,178,101661,178,102042,178,101236,178,102204,178,100736,178,102249,178,100557,178,102333,100,100381,100,102357,100,100369,100,102437,100,100275,100,,,100267,100,,,100201,100,,,100191,100
2019-06-28 15:35:49.859461653,102022,178,101661,78,102042,178,101236,178,102204,178,100736,178,102249,178,100557,178,102333,100,100381,100,102357,100,100369,100,102437,100,100275,100,,,100267,100,,,100201,100,,,100191,100
2019-06-28 15:35:50.000000000,102022,255,101236,255,102042,255,100736,255,102204,100,100557,100,102249,100,100381,100,102333,100,100369,100,102357,100,100275,100,102437,100,100267,100,,,100201,100,,,100191,100,,,100058,100
2019-06-28 15:36:00.000000000,102022,71,101236,205,102042,202,100736,202,102204,202,100557,202,102249,100,100381,100,102333,100,100369,100,102357,100,100275,100,102437,100,100267,100,,,100201,100,,,100191,100,,,100058,100
2019-06-28 15:36:10.000000000,102042,255,101236,255,102204,255,100736,255,102249,100,100557,100,102333,100,100381,100,102357,100,100369,100,102437,100,100275,100,,,100267,100,,,100201,100,,,100191,100,,,100058,100
2019-06-28 15:36:11.286067982,102042,255,101236,255,102204,255,100736,255,102249,100,100557,100,102333,100,100381,100,102357,100,100369,100,102437,100,100275,100,,,100267,100,,,100201,100,,,100191,100,,,100058,100
2019-06-28 15:36:20.000000000,102042,205,101236,205,102204,202,100736,202,102249,202,100557,202,102333,100,100381,100,102357,100,100369,100,102437,100,100275,100,,,100267,100,,,100201,100,,,100191,100,,,100058,100
2019-06-28 15:36:30.000000000,102042,410,101236,410,102204,100,100736,100,102249,100,100557,100,102333,100,100381,100,102357,100,100369,100,102437,100,100275,100,,,100267,100,,,100201,100,,,100191,100,,,100058,100
2019-06-28 15:36:33.368475459,102022,100,101236,410,102042,410,100736,100,102204,100,100557,100,102249,100,100381,100,102333,100,100369,100,102357,100,100275,100,102437,100,100267,100,,,100201,100,,,100191,100,,,100058,100
2019-06-28 15:36:35.579862665,102022,200,101236,410,102042,410,100736,100,102204,100,100557,100,102249,100,100381,100,102333,100,100275,100,102357,100,100267,100,102437,100,100201,100,,,100191,100,,,100058,100,,,99965,100
2019-06-28 15:36:40.000000000,102022,278,101236,178,102042,178,100736,178,102204,178,100557,178,102249,178,100381,178,102333,100,100275,100,102357,100,100267,100,102437,100,100201,100,,,100191,100,,,100058,100,,,99965,100
2019-06-28 15:36:44.464970500,102022,278,101236,78,102042,178,100736,178,102204,178,100557,178,102249,178,100381,178,102333,100,100275,100,102357,100,100267,100,102437,100,100201,100,,,100191,100,,,100058,100,,,99965,100
2019-06-28 15:36:49.782052863,101236,22,100736,178,102022,278,100557,178,102042,178,100381,178,102204,178,100275,100,102249,178,100267,100,102333,100,100201,100,102357,100,100191,100,102437,100,99965,100,,,99895,100,,,99755,100
2019-06-28 15:36:50.000000000,101236,84,100736,162,102022,262,100557,162,102042,162,100381,162,102204,162,100275,162,102249,162,100267,162,102333,100,100201,100,102357,100,100191,100,102437,100,99965,100,,,99895,100,,,99755,100
2019-06-28 15:37:00.000000000,102022,298,101236,3,102042,202,100736,205,102204,100,100557,202,102249,100,100381,202,102333,100,100275,100,102357,100,100267,100,102437,100,100201,100,,,100191,100,,,99965,100,,,99895,100
2019-06-28 15:37:00.931622738,102022,398,101236,3,102042,202,100736,205,102204,100,100557,202,102249,100,100381,202,102333,100,100275,100,102357,100,100267,100,102437,100,100201,100,,,100191,100,,,99965,100,,,99895,100
2019-06-28 15:37:10.000000000,102022,401,101236,108,102042,202,100736,202,102204,202,100557,202,102249,100,100381,100,102333,100,100275,100,102357,100,100267,100,102437,100,100201,100,,,100191,100,,,99965,100,,,99895,100
2019-06-28 15:37:20.000000000,102022,401,101236,108,102042,202,100736,202,102204,202,100557,202,102249,100,100381,100,102333,100,100275,100,102357,100,100267,100,102437,100,100201,100,,,100191,100,,,99965,100,,,99895,100
2019-06-28 15:37:30.000000000,102022,374,101236,81,102042,178,100736,178,102204,178,100557,178,102249,178,100381,178,102333,100,100275,100,102357,100,100267,100,102437,100,100201,100,,,100191,100,,,99965,100,,,99895,100
2019-06-28 15:37:36.369312474,101236,19,100736,178,102022,374,100557,178,102042,178,100381,178,102204,178,100275,100,102249,178,100267,100,102333,100,100201,100,102357,100,100191,100,102437,100,99965,100,,,99895,100,,,99755,100
2019-06-28 15:37:38.910318308,101236,19,100736,178,102022,374,100557,178,102042,178,100381,178,102204,178,100275,100,102249,178,100267,100,102333,100,100201,100,102357,100,100191,100,102437,100,99965,100,,,99895,100,,,99844,100
2019-06-28 15:37:39.860793504,101236,19,100736,178,102021,100,100557,178,102022,374,100381,178,102042,178,100275,100,102204,178,100267,100,102249,178,100201,100,102333,100,100191,100,102357,100,99965,100,102437,100,99895,100,,,99844,100
2019-06-28 15:37:40.000000000,101236,174,100736,255,102021,255,100557,255,102022,296,100381,100,102042,100,100275,100,102204,100,100267,100,102249,100,100201,100,102333,100,100191,100,102357,100,99965,100,102437,100,99895,100,,,99844,100
2019-06-28 15:37:50.000000000,101236,174,100736,255,102021,255,100557,255,102022,296,100381,100,102042,100,100275,100,102204,100,100267,100,102249,100,100201,100,102333,100,100191,100,102357,100,99965,100,102437,100,99895,100,,,99844,100
2019-06-28 15:37:59.954205315,101236,174,100736,255,102021,255,100557,255,102022,296,100381,100,102042,100,100275,100,102204,100,100267,100,102249,100,100201,100,102333,100,99965,100,102357,100,99895,100,102437,100,99844,100,,,99755,100
2019-06-28 15:38:00.000000000,102021,198,101236,6,102022,398,100736,205,102042,100,100557,202,102204,100,100381,202,102249,100,100275,100,102333,100,100267,100,102357,100,100201,100,102437,100,99965,100,,,99895,100,,,99844,100
2019-06-28 15:38:00.551999293,101236,94,100736,205,102021,198,100557,202,102022,398,100381,202,102042,100,100275,100,102204,100,100267,100,102249,100,100201,100,102333,100,99965,100,102357,100,99895,100,102437,100,99844,100,,,99755,100
2019-06-28 15:38:09.017745484,101236,94,100736,105,102021,198,100557,202,102022,398,100381,202,102042,100,100275,100,102204,100,100267,100,102249,100,100201,100,102333,100,99965,100,102357,100,99895,100,102437,100,99844,100,,,99755,100
2019-06-28 15:38:10.000000000,101236,172,100557,178,102021,174,100381,178,102022,374,100275,178,102042,178,100267,178,102204,100,100201,100,102249,100,99965,100,102333,100,99895,100,102357,100,99844,100,102437,100,99755,100,,,99682,100
2019-06-28 15:38:10.460500639,101236,172,100557,178,102021,174,100381,178,102022,374,100275,178,102042,178,100267,178,102204,100,100201,100,102249,100,99965,100,102333,100,99895,100,102357,100,99844,100,102437,100,99755,100,,,99682,100
2019-06-28 15:38:12.892026731,101236,172,100557,178,102021,174,100381,178,102022,374,100275,178,102042,178,100267,178,102204,100,100201,100,102249,100,99965,100,102333,100,99895,100,102357,100,99844,100,102437,100,99755,100,,,99682,100
2019-06-28 15:38:15.085008343,101236,172,100557,178,102021,174,100381,178,102022,274,100275,178,102042,178,100267,178,102204,100,100201,100,102249,100,99965,100,102333,100,99895,100,102357,100,99844,100,102437,100,99755,100,,,99682,100
2019-06-28 15:38:18.863839085,101236,172,100557,178,102021,174,100381,178,102022,274,100275,178,102042,178,100267,178,102204,100,100201,100,102249,100,99965,100,102333,100,99844,100,102357,100,99755,100,102437,100,99682,100,,,99607,100
2019-06-28 15:38:20.000000000,101236,199,100557,205,102021,198,100381,202,102022,298,100275,202,102042,100,100267,100,102204,100,100201,100,102249,100,99965,100,102333,100,99844,100,102357,100,99755,100,102437,100,99682,100,,,99607,100
2019-06-28 15:38:24.968059844,101236,299,100557,205,102021,198,100381,202,102022,298,100275,202,102042,100,100267,100,102204,100,100201,100,102249,100,99965,100,102333,100,99844,100,102357,100,99755,100,102437,100,99682,100,,,99607,100
2019-06-28 15:38:30.000000000,101236,349,100557,255,102021,251,100381,255,102022,196,100275,100,102042,100,100267,100,102204,100,100201,100,102249,100,99965,100,102333,100,99844,100,102357,100,99755,100,102437,100,99682,100,,,99607,100
2019-06-28 15:38:33.119333299,101236,449,100557,255,102021,155,100381,255,102022,196,100275,100,102042,100,100267,100,102204,100,100201,100,102249,100,99965,100,102333,100,99844,100,102357,100,99755,100,102437,100,99682,100,,,99607,100
2019-06-28 15:38:40.000000000,101236,399,100557,205,102022,298,100381,202,102042,202,100275,202,102204,100,100267,100,102249,100,100201,100,102333,100,99965,100,102357,100,99844,100,102437,100,99755,100,,,99682,100,,,99607,100
2019-06-28 15:38:50.000000000,101236,399,100557,205,102022,298,100381,202,102042,202,100275,202,102204,100,100267,100,102249,100,100201,100,102333,100,99965,100,102357,100,99844,100,102437,100,99755,100,,,99682,100,,,99607,100
2019-06-28 15:38:50.878582530,101236,399,100557,105,102022,298,100381,202,102042,202,100275,202,102204,100,100267,100,102249,100,100201,100,102333,100,99965,100,102357,100,99844,100,102437,100,99755,100,,,99682,100,,,99607,100
2019-06-28 15:38:51.624056735,101236,399,100557,5,102022,298,100381,202,102042,202,100275,202,102204,100,100267,100,102249,100,100201,100,102333,100,99965,100,102357,100,99844,100,102437,100,99755,100,,,99682,100,,,99607,100
2019-06-28 15:39:00.000000000,101236,265,100381,205,102022,298,100275,202,102042,202,100267,202,102204,100,100201,100,102249,100,99965,100,102333,100,99844,100,102357,100,99755,100,102437,100,99682,100,,,99607,100,,,99249,100
2019-06-28 15:39:03.212952059,101236,265,100381,205,102022,298,100275,202,102042,202,100267,202,102204,100,100201,100,102249,100,99965,100,102333,100,99844,100,102357,100,99755,100,102437,100,99682,100,,,99607,100,,,99249,100
2019-06-28 15:39:10.000000000,101236,265,100381,205,102022,298,100275,202,102042,202,100267,202,102204,100,100201,100,102249,100,99965,100,102333,100,99844,100,102357,100,99755,100,102437,100,99682,100,,,99607,100,,,99249,100
2019-06-28 15:39:20.000000000,101236,470,100381,410,102022,196,100275,100,102042,100,100267,100,102204,100,100201,100,102249,100,99965,100,102333,100,99844,100,102357,100,99755,100,102437,100,99682,100,,,99607,100,,,99249,100
2019-06-28 15:39:30.000000000,101236,315,100381,255,102022,351,100275,255,102042,100,100267,100,102204,100,100201,100,102249,100,99965,100,102333,100,99844,100,102357,100,99755,100,102437,100,99682,100,,,99607,100,,,99249,100
2019-06-28 15:39:35.757075508,101236,315,100381,255,102022,351,100275,255,102042,100,100267,100,102204,100,100201,100,102249,100,99965,100,102333,100,99844,100,102357,100,99755,100,102437,100,99682,100,,,99607,100,,,99249,100
2019-06-28 15:39:40.000000000,101236,238,100381,178,102022,274,100275,178,102042,178,100267,178,102204,178,100201,178,102249,100,99965,100,102333,100,99844,100,102357,100,99755,100,102437,100,99682,100,,,99607,100,,,99249,100
2019-06-28 15:39:48.213255066,101236,338,100381,178,102022,274,100275,178,102042,178,100267,178,102204,178,100201,178,102249,100,99965,100,102333,100,99844,100,102357,100,99755,100,102437,100,99682,100,,,99607,100,,,99249,100
2019-06-28 15:39:50.000000000,101236,322,100381,162,102022,258,100275,162,102042,162,100267,162,102204,162,100201,162,102249,162,99965,162,102333,100,99844,100,102357,100,99755,100,102437,100,99682,100,,,99607,100,,,99249,100
2019-06-28 15:39:51.699629332,101236,322,100381,162,102022,258,100275,162,102042,162,100267,162,102204,162,100201,162,102249,162,99965,62,102333,100,99844,100,102357,100,99755,100,102437,100,99682,100,,,99607,100,,,99249,100
2019-06-28 15:40:00.000000000,101236,281,100381,255,102022,351,100275,255,102042,100,100267,100,102204,100,100201,100,102249,100,99844,100,102333,100,99755,100,102357,100,99682,100,102437,100,99607,100,,,99249,100,,,99086,100
2019-06-28 15:40:10.000000000,101236,188,100381,162,102022,258,100275,162,102042,162,100267,162,102204,162,100201,162,102249,162,99844,162,102333,100,99755,100,102357,100,99682,100,102437,100,99607,100,,,99249,100,,,99086,100
2019-06-28 15:40:20.000000000,101236,231,100381,205,102022,298,100275,202,102042,202,100267,202,102204,100,100201,100,102249,100,99844,100,102333,100,99755,100,102357,100,99682,100,102437,100,99607,100,,,99249,100,,,99086,100
2019-06-28 15:40:23.863333217,101236,231,100381,205,102022,298,100275,202,102042,202,100267,102,102204,100,100201,100,102249,100,99844,100,102333,100,99755,100,102357,100,99682,100,102437,100,99607,100,,,99249,100,,,99086,100
2019-06-28 15:40:30.000000000,101236,204,100381,178,102022,274,100275,178,102042,178,100201,178,102204,178,99844,178,102249,100,99755,100,102333,100,99682,100,102357,100,99607,100,102437,100,99249,100,,,99086,100,,,99080,100
2019-06-28 15:40:40.000000000,101236,281,100381,255,102022,351,100275,255,102042,100,100201,100,102204,100,99844,100,102249,100,99755,100,102333,100,99682,100,102357,100,99607,100,102437,100,99249,100,,,99086,100,,,99080,100
2019-06-28 15:40:50.000000000,101236,188,100381,162,102022,258,100275,162,102042,162,100201,162,102204,162,99844,162,102249,162,99755,162,102333,100,99682,100,102357,100,99607,100,102437,100,99249,100,,,99086,100,,,99080,100
2019-06-28 15:40:56.050978782,101236,188,100381,62,102022,258,100275,162,102042,162,100201,162,102204,62,99844,162,102249,162,99755,162,102333,100,99682,100,102357,100,99607,100,102437,100,99249,100,,,99086,100,,,99080,100
2019-06-28 15:41:00.000000000,101236,302,100275,410,102022,196,100201,100,102042,100,99844,100,102249,100,99755,100,102333,100,99682,100,102357,100,99607,100,102437,100,99249,100,,,99086,100,,,99080,100,,,98980,100
2019-06-28 15:41:10.000000000,102022,301,100275,205,102042,202,100201,202,102249,202,99844,202,102333,100,99755,100,102357,100,99682,100,102437,100,99607,100,,,99249,100,,,99086,100,,,99080,100,,,98980,100
2019-06-28 15:41:20.000000000,102022,301,100275,205,102042,202,100201,202,102249,202,99844,202,102333,100,99755,100,102357,100,99682,100,102437,100,99607,100,,,99249,100,,,99086,100,,,99080,100,,,98980,100
2019-06-28 15:41:30.000000000,102022,301,100275,205,102042,202,100201,202,102249,202,99844,202,102333,100,99755,100,102357,100,99682,100,102437,100,99607,100,,,99249,100,,,99086,100,,,99080,100,,,98980,100
2019-06-28 15:41:38.194415094,101236,100,100275,205,102022,205,100201,202,102042,202,99844,202,102249,202,99755,100,102333,100,99682,100,102357,100,99607,100,102437,100,99249,100,,,99086,100,,,99080,100,,,98980,100
2019-06-28 15:41:40.000000000,101236,178,100275,178,102022,178,100201,178,102042,178,99844,178,102249,178,99755,178,102333,100,99682,100,102357,100,99607,100,102437,100,99249,100,,,99086,100,,,99080,100,,,98980,100
2019-06-28 15:41:50.000000000,101236,162,100275,162,102022,162,100201,162,102042,162,99844,162,102249,162,99755,162,102333,162,99682,162,102357,100,99607,100,102437,100,99249,100,,,99086,100,,,99080,100,,,98980,100
2019-06-28 15:42:00.000000000,101236,28,100275,162,102022,162,100201,162,102042,162,99844,162,102249,162,99755,162,102333,162,99682,162,102357,100,99607,100,102437,100,99249,100,,,99086,100,,,99080,100,,,98980,100
2019-06-28 15:42:04.131339936,101236,28,100275,62,102022,162,100201,62,102042,162,99844,162,102249,162,99755,162,102333,162,99682,162,102357,100,99607,100,102437,100,99249,100,,,99086,100,,,99080,100,,,98980,100
2019-06-28 15:42:10.000000000,102022,255,99844,255,102042,255,99755,255,102249,100,99682,100,102333,100,99607,100,102357,100,99249,100,102437,100,99086,100,,,99080,100,,,98980,100,,,98978,100,,,98907,100
2019-06-28 15:42:10.841512190,102022,255,99844,255,102042,255,99755,255,102249,100,99682,100,102333,100,99607,100,102357,100,99249,100,102437,100,99086,100,,,99080,100,,,98980,100,,,98978,100,,,98907,100
2019-06-28 15:42:20.000000000,102022,410,99844,410,102042,100,99755,100,102249,100,99682,100,102333,100,99607,100,102357,100,99249,100,102437,100,99086,100,,,99080,100,,,98980,100,,,98978,100,,,98907,100
2019-06-28 15:42:20.489759812,102022,410,99844,410,102042,100,99755,100,102249,100,99682,100,102333,100,99607,100,102357,100,99249,100,102437,100,99086,100,,,99080,100,,,98980,100,,,98978,100,,,98970,100
2019-06-28 15:42:30.000000000,102022,410,99844,410,102042,100,99755,100,102249,100,99682,100,102333,100,99607,100,102357,100,99249,100,102437,100,99086,100,,,99080,100,,,98980,100,,,98978,100,,,98970,100
2019-06-28 15:42:40.000000000,102022,178,99844,178,102042,178,99755,178,102249,178,99682,178,102333,178,99607,178,102357,100,99249,100,102437,100,99086,100,,,99080,100,,,98980,100,,,98978,100,,,98970,100
2019-06-28 15:42:50.000000000,102022,162,99844,162,102042,162,99755,162,102249,162,99682,162,102333,162,99607,162,102357,162,99249,162,102437,100,99086,100,,,99080,100,,,98980,100,,,98978,100,,,98970,100
2019-06-28 15:43:00.000000000,102022,44,99844,178,102042,178,99755,178,102249,178,99682,178,102333,178,99607,178,102357,100,99249,100,102437,100,99086,100,,,99080,100,,,98980,100,,,98978,100,,,98970,100
2019-06-28 15:43:10.000000000,102042,178,99844,178,102249,178,99755,178,102333,178,99682,178,102357,178,99607,178,102437,100,99249,100,,,99086,100,,,99080,100,,,98980,100,,,98978,100,,,98970,100
2019-06-28 15:43:20.000000000,102042,162,99844,162,102249,162,99755,162,102333,162,99682,162,102357,162,99607,162,102437,162,99249,162,,,99086,100,,,99080,100,,,98980,100,,,98978,100,,,98970,100
2019-06-28 15:43:30.000000000,102042,178,99844,178,102249,178,99755,178,102333,178,99682,178,102357,178,99607,178,102437,100,99249,100,,,99086,100,,,99080,100,,,98980,100,,,98978,100,,,98970,100
2019-06-28 15:43:40.000000000,102042,255,99844,255,102249,255,99755,255,102333,100,99682,100,102357,100,99607,100,102437,100,99249,100,,,99086,100,,,99080,100,,,98980,100,,,98978,100,,,98970,100
2019-06-28 15:43:40.543333948,102042,255,100169,100,102249,255,99844,255,102333,100,99755,255,102357,100,99682,100,102437,100,99607,100,,,99249,100,,,99086,100,,,99080,100,,,98980,100,,,98978,100
2019-06-28 15:43:41.465694232,102042,255,100169,100,102249,255,100036,100,102333,100,99844,255,102357,100,99755,255,102437,100,99682,100,,,99607,100,,,99249,100,,,99086,100,,,99080,100,,,98980,100
2019-06-28 15:43:50.000000000,102042,410,100169,410,102249,100,100036,100,102333,100,99844,100,102357,100,99755,100,102437,100,99682,100,,,99607,100,,,99249,100,,,99086,100,,,99080,100,,,98980,100
2019-06-28 15:44:00.000000000,102042,71,100169,205,102249,202,100036,202,102333,202,99844,202,102357,100,99755,100,102437,100,99682,100,,,99607,100,,,99249,100,,,99086,100,,,99080,100,,,98980,100
2019-06-28 15:44:00.802037660,102042,71,100169,205,102249,202,100110,100,102333,202,100036,202,102357,100,99844,202,102437,100,99755,100,,,99682,100,,,99607,100,,,99249,100,,,99086,100,,,99080,100
2019-06-28 15:44:01.073544205,102042,71,100169,105,102249,202,100110,100,102333,202,100036,202,102357,100,99844,202,102437,100,99755,100,,,99682,100,,,99607,100,,,99249,100,,,99086,100,,,99080,100
2019-06-28 15:44:10.000000000,102249,255,100110,255,102333,255,100036,255,102357,100,99844,100,102437,100,99755,100,,,99682,100,,,99607,100,,,99249,100,,,99086,100,,,99080,100,,,98980,100
2019-06-28 15:44:20.000000000,102249,162,100110,162,102333,162,100036,162,102357,162,99844,162,102437,162,99755,162,102438,62,99682,162,,,99607,100,,,99249,100,,,99086,100,,,99080,100,,,98980,100
2019-06-28 15:44:30.000000000,102249,178,100110,178,102333,178,100036,178,102357,178,99844,178,102437,178,99755,178,,,99682,100,,,99607,100,,,99249,100,,,99086,100,,,99080,100,,,98980,100
2019-06-28 15:44:40.000000000,102249,162,100110,162,102333,162,100036,162,102357,162,99844,162,102437,162,99755,162,102438,62,99682,162,,,99607,100,,,99249,100,,,99086,100,,,99080,100,,,98980,100
2019-06-28 15:44:50.000000000,102249,162,100110,162,102333,162,100036,162,102357,162,99844,162,102437,162,99755,162,102438,62,99682,162,,,99607,100,,,99249,100,,,99086,100,,,99080,100,,,98980,100
2019-06-28 15:44:52.270891784,102249,162,100110,162,102333,162,100088,100,102357,162,100036,162,102437,162,99844,162,102438,62,99755,162,,,99682,162,,,99607,100,,,99249,100,,,99086,100,,,99080,100
2019-06-28 15:45:00.000000000,102249,28,100110,162,102333,162,100088,162,102357,162,100036,162,102437,162,99844,162,102438,62,99755,162,,,99682,100,,,99607,100,,,99249,100,,,99086,100,,,99080,100
2019-06-28 15:45:07.353543100,100290,100,100110,162,102249,28,100088,162,102333,162,100036,162,102357,162,99844,162,102437,162,99755,162,102438,62,99682,100,,,99607,100,,,99249,100,,,99086,100,,,99080,100
2019-06-28 15:45:10.000000000,100290,178,100110,178,102333,178,100088,178,102357,178,100036,178,102437,178,99844,178,,,99755,100,,,99682,100,,,99607,100,,,99249,100,,,99086,100,,,99080,100
2019-06-28 15:45:20.000000000,100290,205,100110,205,102333,202,100088,202,102357,202,100036,202,102437,100,99844,100,,,99755,100,,,99682,100,,,99607,100,,,99249,100,,,99086,100,,,99080,100
2019-06-28 15:45:30.000000000,100290,178,100110,178,102333,178,100088,178,102357,178,100036,178,102437,178,99844,178,,,99755,100,,,99682,100,,,99607,100,,,99249,100,,,99086,100,,,99080,100
2019-06-28 15:45:40.000000000,100290,162,100110,162,102333,162,100088,162,102357,162,100036,162,102437,162,99844,162,102438,62,99755,162,,,99682,100,,,99607,100,,,99249,100,,,99086,100,,,99080,100
2019-06-28 15:45:44.287319713,100281,100,100110,162,100290,162,100088,162,102333,162,100036,162,102357,162,99844,162,102437,162,99755,162,102438,62,99682,100,,,99607,100,,,99249,100,,,99086,100,,,99080,100
2019-06-28 15:45:50.000000000,100281,162,100110,162,100290,162,100088,162,102333,162,100036,162,102357,162,99844,162,102437,162,99755,162,,,99682,100,,,99607,100,,,99249,100,,,99086,100,,,99080,100
2019-06-28 15:45:50.022253057,100281,162,100110,162,100290,162,100088,162,102333,62,100077,100,102357,162,100036,162,102437,162,99844,162,,,99755,162,,,99682,100,,,99607,100,,,99249,100,,,99086,100
2019-06-28 15:45:50.077622070,100281,162,100118,100,100290,162,100110,162,102333,62,100088,162,102357,162,100077,100,102437,162,100036,162,,,99844,162,,,99755,162,,,99682,100,,,99607,100,,,99249,100
2019-06-28 15:45:54.228004138,100281,162,100278,100,100290,162,100118,100,102333,62,100110,162,102357,162,100088,162,102437,162,100077,100,,,100036,162,,,99844,162,,,99755,162,,,99682,100,,,99607,100
2019-06-28 15:45:59.027276126,100281,162,100278,100,100290,162,100118,100,102249,100,100110,162,102333,62,100088,162,102357,162,100077,100,102437,162,100036,162,,,99844,162,,,99755,162,,,99682,100,,,99607,100
2019-06-28 15:46:00.000000000,100281,21,100278,162,100290,162,100118,162,102249,162,100110,162,102357,162,100088,162,102437,162,100077,162,,,100036,100,,,99844,100,,,99755,100,,,99682,100,,,99607,100
2019-06-28 15:46:10.000000000,100290,178,100278,178,102249,178,100118,178,102357,178,100110,178,102437,178,100088,178,,,100077,100,,,100036,100,,,99844,100,,,99755,100,,,99682,100,,,99607,100
2019-06-28 15:46:20.000000000,100290,205,100278,205,102249,202,100118,202,102357,202,100110,202,102437,100,100088,100,,,100077,100,,,100036,100,,,99844,100,,,99755,100,,,99682,100,,,99607,100
2019-06-28 15:46:30.000000000,100290,205,100278,205,102249,202,100118,202,102357,202,100110,202,102437,100,100088,100,,,100077,100,,,100036,100,,,99844,100,,,99755,100,,,99682,100,,,99607,100
2019-06-28 15:46:35.654763596,100290,205,100278,105,102249,202,100118,202,102357,202,100110,202,102437,100,100088,100,,,100077,100,,,100036,100,,,99844,100,,,99755,100,,,99682,100,,,99607,100
2019-06-28 15:46:40.000000000,100290,205,100118,205,102249,202,100110,202,102357,202,100088,202,102437,100,100077,100,,,100036,100,,,99844,100,,,99755,100,,,99682,100,,,99607,100,,,99249,100
2019-06-28 15:46:42.656135043,100281,100,100118,205,100290,205,100110,202,102249,202,100088,202,102357,202,100077,100,102437,100,100036,100,,,99844,100,,,99755,100,,,99682,100,,,99607,100,,,99249,100
2019-06-28 15:46:50.000000000,100281,255,100118,255,100290,255,100110,255,102249,100,100088,100,102357,100,100077,100,102437,100,100036,100,,,99844,100,,,99755,100,,,99682,100,,,99607,100,,,99249,100
2019-06-28 15:47:00.000000000,100281,269,100118,410,100290,100,100110,100,102249,100,100088,100,102357,100,100077,100,102437,100,100036,100,,,99844,100,,,99755,100,,,99682,100,,,99607,100,,,99249,100
2019-06-28 15:47:10.000000000,100290,178,100118,178,102249,178,100110,178,102357,178,100088,178,102437,178,100077,178,,,100036,100,,,99844,100,,,99755,100,,,99682,100,,,99607,100,,,99249,100
2019-06-28 15:47:12.731964743,100290,178,100118,78,102249,178,100110,78,102357,178,100088,178,102437,178,100077,178,,,100036,100,,,99844,100,,,99755,100,,,99682,100,,,99607,100,,,99249,100
2019-06-28 15:47:20.000000000,100290,178,100088,178,102249,178,100077,178,102357,178,100036,178,102437,178,99844,178,,,99755,100,,,99682,100,,,99607,100,,,99249,100,,,99086,100,,,99080,100
2019-06-28 15:47:25.995067615,100290,178,100088,78,102249,178,100077,178,102357,178,100036,178,102437,178,99844,178,,,99755,100,,,99682,100,,,99607,100,,,99249,100,,,99086,100,,,99080,100
2019-06-28 15:47:30.000000000,100290,205,100077,205,102249,202,100036,202,102357,202,99844,202,102437,100,99755,100,,,99682,100,,,99607,100,,,99249,100,,,99086,100,,,99080,100,,,98980,100
2019-06-28 15:47:31.712933570,100290,205,100181,100,102249,202,100077,205,102357,202,100036,202,102437,100,99844,102,,,99755,100,,,99682,100,,,99607,100,,,99249,100,,,99086,100,,,99080,100
2019-06-28 15:47:40.000000000,100290,162,100181,162,102249,162,100077,162,102357,162,100036,162,102437,162,99755,162,102438,62,99682,162,,,99607,100,,,99249,100,,,99086,100,,,99080,100,,,98980,100
2019-06-28 15:47:50.000000000,100290,178,100181,178,102249,178,100077,178,102357,178,100036,178,102437,178,99755,178,,,99682,100,,,99607,100,,,99249,100,,,99086,100,,,99080,100,,,98980,100
2019-06-28 15:47:57.126878360,100290,178,100181,178,102249,178,100077,178,102357,178,100036,178,102437,178,99902,100,,,99755,178,,,99682,100,,,99607,100,,,99249,100,,,99086,100,,,99080,100
2019-06-28 15:48:00.000000000,100290,205,100181,78,102249,202,100077,202,102357,202,100036,202,102437,100,99902,100,,,99755,100,,,99682,100,,,99607,100,,,99249,100,,,99086,100,,,99080,100
2019-06-28 15:48:03.456449713,100181,22,100077,202,100290,205,100036,202,102249,202,99902,100,102357,202,99755,100,,,99682,100,,,99607,100,,,99249,100,,,99086,100,,,99080,100,,,98980,100
2019-06-28 15:48:10.000000000,100181,100,100077,178,100290,178,100036,178,102249,178,99902,178,102357,178,99755,178,,,99682,100,,,99607,100,,,99249,100,,,99086,100,,,99080,100,,,98980,100
2019-06-28 15:48:20.000000000,100181,177,100077,255,100290,255,100036,255,102249,100,99902,100,102357,100,99755,100,,,99682,100,,,99607,100,,,99249,100,,,99086,100,,,99080,100,,,98980,100
2019-06-28 15:48:22.211768624,100181,177,100077,155,100290,255,100036,255,102249,100,99902,100,,,99755,100,,,99682,100,,,99607,100,,,99249,100,,,99086,100,,,99080,100,,,98980,100
2019-06-28 15:48:30.000000000,100181,100,100036,178,100290,178,99902,178,102249,178,99755,178,102250,78,99682,178,,,99607,100,,,99249,100,,,99086,100,,,99080,100,,,98980,100,,,98970,100
2019-06-28 15:48:39.050725003,100181,100,100036,178,100290,178,99902,178,102249,178,99755,178,102250,78,99682,178,,,99607,100,,,99512,100,,,99249,100,,,99086,100,,,99080,100,,,98980,100
2019-06-28 15:48:40.000000000,100181,332,100036,410,100290,100,99902,100,102249,100,99755,100,,,99682,100,,,99607,100,,,99512,100,,,99249,100,,,99086,100,,,99080,100,,,98980,100
2019-06-28 15:48:50.000000000,100181,84,100036,162,100290,162,99902,162,102249,162,99755,162,102250,62,99682,162,,,99607,162,,,99512,100,,,99249,100,,,99086,100,,,99080,100,,,98980,100
2019-06-28 15:48:54.633268073,100087,100,100036,162,100181,84,99902,162,100290,162,99755,162,102249,162,99682,162,102250,62,99607,162,,,99512,100,,,99249,100,,,99086,100,,,99080,100,,,98980,100
2019-06-28 15:49:00.000000000,100087,162,100036,35,100181,84,99902,162,100290,162,99755,162,102249,162,99682,162,102250,62,99607,162,,,99512,100,,,99249,100,,,99086,100,,,99080,100,,,98980,100
2019-06-28 15:49:10.000000000,100087,162,100036,69,100181,84,99902,162,100290,162,99755,162,102249,162,99682,162,102250,62,99607,162,,,99512,100,,,99249,100,,,99086,100,,,99080,100,,,98980,100
2019-06-28 15:49:20.000000000,100087,255,100036,162,100181,177,99902,255,100290,100,99755,100,102249,100,99682,100,,,99607,100,,,99512,100,,,99249,100,,,99086,100,,,99080,100,,,98980,100
2019-06-28 15:49:26.084316820,100087,155,100036,162,100181,177,100019,100,100290,100,99902,255,102249,100,99755,100,,,99682,100,,,99607,100,,,99512,100,,,99249,100,,,99086,100,,,99080,100
2019-06-28 15:49:28.285099088,100087,155,100036,162,100181,177,100019,100,100290,100,99902,255,,,99755,100,,,99682,100,,,99607,100,,,99512,100,,,99249,100,,,99086,100,,,99080,100
2019-06-28 15:49:30.000000000,100181,127,100036,112,100290,202,100019,202,100291,102,99902,202,,,99755,100,,,99682,100,,,99607,100,,,99512,100,,,99249,100,,,99086,100,,,99080,100
2019-06-28 15:49:40.000000000,100181,332,100036,317,100290,100,100019,100,,,99902,100,,,99755,100,,,99682,100,,,99607,100,,,99512,100,,,99249,100,,,99086,100,,,99080,100
2019-06-28 15:49:44.933924521,100045,100,100036,317,100181,332,100019,100,100290,100,99902,100,,,99755,100,,,99682,100,,,99607,100,,,99512,100,,,99249,100,,,99080,100,,,98980,100
2019-06-28 15:49:46.983026056,100045,100,100036,317,100181,332,100019,100,100290,100,99902,100,,,99872,100,,,99755,100,,,99682,100,,,99607,100,,,99512,100,,,99249,100,,,99080,100
2019-06-28 15:49:50.000000000,100045,178,100036,85,100181,100,100019,178,100290,178,99902,178,100291,78,99872,178,,,99755,100,,,99682,100,,,99607,100,,,99512,100,,,99249,100,,,99080,100
2019-06-28 15:49:55.027931355,100036,15,100019,178,100045,178,99902,178,100181,100,99872,178,100290,178,99755,100,100291,78,99682,100,,,99607,100,,,99512,100,,,99249,100,,,99080,100,,,98980,100
2019-06-28 15:50:00.000000000,100036,77,100019,35,100045,162,99902,162,100181,84,99872,162,100290,162,99755,162,100291,62,99682,162,,,99607,100,,,99512,100,,,99249,100,,,99080,100,,,98980,100
2019-06-28 15:50:10.000000000,100036,77,100019,69,100045,162,99902,162,100181,84,99872,162,100290,162,99755,162,100291,62,99682,162,,,99607,100,,,99512,100,,,99249,100,,,99080,100,,,98980,100
2019-06-28 15:50:20.000000000,100036,77,100019,69,100045,162,99902,162,100181,84,99872,162,100290,162,99755,162,100291,62,99682,162,,,99607,100,,,99512,100,,,99249,100,,,99080,100,,,98980,100
2019-06-28 15:50:20.644756936,100036,77,100019,69,100045,162,99902,162,100181,84,99872,162,100207,100,99755,162,100290,162,99682,162,100291,62,99607,100,,,99512,100,,,99249,100,,,99080,100,,,98980,100
2019-06-28 15:50:22.382576722,100036,77,100019,69,100045,162,99902,162,100163,100,99872,162,100181,84,99755,162,100207,100,99682,162,100290,162,99607,100,100291,62,99512,100,,,99249,100,,,99080,100,,,98980,100
2019-06-28 15:50:30.000000000,100036,93,100019,85,100045,178,99902,178,100163,178,99872,178,100181,100,99755,178,100207,100,99682,100,100290,100,99607,100,,,99512,100,,,99249,100,,,99080,100,,,98980,100
2019-06-28 15:50:36.659527681,100036,93,100019,185,100045,178,99902,178,100163,178,99872,178,100181,100,99755,178,100207,100,99682,100,100290,100,99607,100,,,99512,100,,,99249,100,,,99080,100,,,98980,100
2019-06-28 15:50:40.000000000,100036,325,100019,417,100045,100,99902,100,100163,100,99872,100,100181,22,99755,100,100207,100,99682,100,100290,100,99607,100,,,99512,100,,,99249,100,,,99080,100,,,98980,100
2019-06-28 15:50:50.000000000,100036,93,100019,185,100045,178,99902,178,100163,178,99872,178,100181,100,99755,178,100207,100,99682,100,100290,100,99607,100,,,99512,100,,,99249,100,,,99080,100,,,98980,100
2019-06-28 15:51:00.000000000,100036,120,100019,85,100045,202,99902,202,100163,202,99872,202,100181,22,99755,100,100207,100,99682,100,100290,100,99607,100,,,99512,100,,,99249,100,,,99080,100,,,98980,100
2019-06-28 15:51:10.000000000,100036,77,100019,69,100045,162,99902,162,100163,162,99872,162,100181,84,99755,162,100207,162,99682,162,100290,100,99607,100,,,99512,100,,,99249,100,,,99080,100,,,98980,100
2019-06-28 15:51:12.090751584,100036,77,100019,69,100045,162,99902,162,100163,162,99872,162,100181,84,99755,162,100207,162,99682,162,100290,100,99664,100,,,99607,100,,,99512,100,,,99249,100,,,99080,100
2019-06-28 15:51:20.000000000,100036,93,100019,85,100045,178,99902,178,100163,178,99872,178,100181,100,99755,178,100207,100,99682,100,100290,100,99664,100,,,99607,100,,,99512,100,,,99249,100,,,99080,100
2019-06-28 15:51:20.878502632,100045,178,100036,7,100163,178,100019,85,100181,100,99902,178,100207,100,99872,178,100290,100,99755,178,,,99682,100,,,99664,100,,,99607,100,,,99512,100,,,99249,100
2019-06-28 15:51:30.000000000,100045,205,100036,112,100163,202,100019,109,100181,124,99902,202,100207,100,99872,100,100290,100,99755,100,,,99682,100,,,99664,100,,,99607,100,,,99512,100,,,99249,100
2019-06-28 15:51:40.000000000,100045,410,100036,317,100163,100,100019,7,100181,22,99902,100,100207,100,99872,100,100290,100,99755,100,,,99682,100,,,99664,100,,,99607,100,,,99512,100,,,99249,100
2019-06-28 15:51:50.000000000,100045,178,100036,85,100163,178,100019,85,100181,100,99902,178,100207,178,99872,178,100290,100,99755,100,,,99682,100,,,99664,100,,,99607,100,,,99512,100,,,99249,100
2019-06-28 15:51:58.368739741,100045,178,100036,85,100163,178,100019,85,100181,100,99959,100,100207,178,99902,178,100290,100,99872,178,,,99755,100,,,99682,100,,,99664,100,,,99607,100,,,99512,100
2019-06-28 15:52:00.000000000,100036,1,100019,44,100045,178,99959,178,100163,178,99902,178,100181,100,99872,100,100207,178,99755,100,100290,100,99682,100,,,99664,100,,,99607,100,,,99512,100,,,99249,100
2019-06-28 15:52:08.433292864,100019,56,99959,178,100036,1,99902,178,100045,178,99872,100,100163,178,99755,100,100181,100,99682,100,100207,178,99664,100,100290,100,99607,100,,,99512,100,,,99249,100,,,99080,100
2019-06-28 15:52:10.000000000,100019,118,99959,162,100036,63,99902,162,100045,162,99872,162,100163,162,99755,162,100181,84,99682,162,100207,100,99664,100,100290,100,99607,100,,,99512,100,,,99249,100,,,99080,100
2019-06-28 15:52:14.163919582,100019,218,99959,162,100036,63,99902,162,100045,162,99872,162,100163,162,99755,162,100181,84,99682,162,100207,100,99664,100,100290,100,99607,100,,,99512,100,,,99249,100,,,99080,100
2019-06-28 15:52:18.798911712,100019,218,99959,62,100036,63,99902,162,100045,162,99872,162,100163,162,99755,162,100181,84,99682,162,100207,100,99664,100,100290,100,99607,100,,,99512,100,,,99249,100,,,99080,100
2019-06-28 15:52:20.000000000,100019,261,99902,205,100036,103,99872,202,100045,202,99755,202,100163,100,99682,100,100181,22,99664,100,100207,100,99607,100,100290,100,99512,100,,,99249,100,,,99080,100,,,98970,100
2019-06-28 15:52:29.919458191,100019,261,99902,5,100036,103,99872,202,100045,202,99755,202,100163,100,99682,100,100181,22,99664,100,100207,100,99607,100,100290,100,99512,100,,,99249,100,,,99080,100,,,98970,100
2019-06-28 15:52:30.000000000,100019,311,99872,255,100036,156,99755,255,100045,100,99682,100,100163,100,99664,100,100181,22,99607,100,100207,100,99512,100,100290,100,99249,100,,,99080,100,,,98970,100,,,98907,100
2019-06-28 15:52:30.421613965,100019,311,99872,255,100036,156,99755,255,100045,100,99695,100,100163,100,99682,100,100181,22,99664,100,100207,100,99607,100,100290,100,99512,100,,,99249,100,,,99080,100,,,98970,100
2019-06-28 15:52:34.521937125,100019,311,99872,255,100036,156,99755,255,100045,100,99695,100,100181,22,99682,100,100207,100,99664,100,100290,100,99622,100,,,99607,100,,,99512,100,,,99249,100,,,99080,100
2019-06-28 15:52:40.000000000,100019,261,99872,205,100036,103,99755,202,100045,202,99695,202,100181,22,99682,100,100207,100,99664,100,100290,100,99622,100,,,99607,100,,,99512,100,,,99249,100,,,99080,100
2019-06-28 15:52:50.000000000,100019,311,99872,255,100036,156,99755,255,100045,100,99695,100,100181,22,99682,100,100207,100,99664,100,100290,100,99622,100,,,99607,100,,,99512,100,,,99249,100,,,99080,100
2019-06-28 15:52:57.386366708,99879,100,99872,255,100019,311,99755,255,100036,156,99695,100,100045,100,99682,100,100181,22,99664,100,100207,100,99622,100,100290,100,99607,100,,,99512,100,,,99249,100,,,99080,100
2019-06-28 15:53:00.000000000,99879,255,99872,128,100019,311,99755,255,100036,1,99695,100,100045,100,99682,100,100181,22,99664,100,100207,100,99622,100,100290,100,99607,100,,,99512,100,,,99249,100,,,99080,100
2019-06-28 15:53:02.708917863,99879,255,99872,28,100019,311,99755,255,100036,1,99695,100,100045,100,99682,100,100181,22,99664,100,100207,100,99622,100,100290,100,99607,100,,,99512,100,,,99249,100,,,99080,100
2019-06-28 15:53:03.537477488,99879,255,99872,128,100019,311,99755,255,100036,1,99695,100,100045,100,99682,100,100181,22,99664,100,100207,100,99622,100,100290,100,99607,100,,,99512,100,,,99249,100,,,99080,100
2019-06-28 15:53:10.000000000,99879,205,99872,212,100019,258,99755,202,100036,103,99695,202,100045,100,99682,100,100181,22,99664,100,100207,100,99622,100,100290,100,99607,100,,,99512,100,,,99249,100,,,99080,100
2019-06-28 15:53:10.633140489,99879,205,99872,112,100019,258,99755,202,100036,103,99695,202,100045,100,99682,100,100181,22,99664,100,100207,100,99622,100,100290,100,99607,100,,,99512,100,,,99249,100,,,99080,100
2019-06-28 15:53:16.162329646,99879,205,99872,112,100019,258,99755,202,100036,103,99695,202,100045,100,99682,100,100181,22,99664,100,100207,100,99622,100,100290,100,99607,100,,,99512,100,,,99460,100,,,99249,100
2019-06-28 15:53:20.000000000,99879,205,99872,112,100019,258,99755,202,100036,103,99695,202,100045,100,99682,100,100181,22,99664,100,100207,100,99622,100,100290,100,99607,100,,,99512,100,,,99460,100,,,99249,100
2019-06-28 15:53:23.365820882,99879,205,99872,12,100019,258,99755,202,100036,103,99695,202,100045,100,99682,100,100181,22,99664,100,100207,100,99622,100,100290,100,99607,100,,,99512,100,,,99460,100,,,99249,100
2019-06-28 15:53:23.788588384,99872,88,99755,202,99879,205,99695,202,100019,258,99682,100,100036,103,99622,100,100045,100,99607,100,100181,22,99512,100,100207,100,99460,100,100290,100,99249,100,,,98970,100,,,98907,100
2019-06-28 15:53:30.000000000,99872,166,99755,178,99879,178,99695,178,100019,234,99682,178,100036,79,99622,178,100045,100,99607,100,100181,22,99512,100,100207,100,99460,100,100290,100,99249,100,,,98970,100,,,98907,100
2019-06-28 15:53:31.007837312,99872,166,99816,100,99879,178,99755,178,100019,234,99695,178,100036,79,99682,178,100045,100,99622,178,100181,22,99607,100,100207,100,99512,100,100290,100,99460,100,,,99249,100,,,98970,100
2019-06-28 15:53:40.000000000,99872,243,99816,255,99879,255,99755,255,100019,156,99695,100,100036,1,99682,100,100045,100,99622,100,100181,22,99607,100,100207,100,99512,100,100290,100,99460,100,,,99249,100,,,98970,100
2019-06-28 15:53:50.000000000,99872,398,99816,410,99879,100,99755,100,100019,156,99695,100,100036,1,99682,100,100045,100,99622,100,100181,22,99607,100,100207,100,99512,100,100290,100,99460,100,,,99249,100,,,98970,100
2019-06-28 15:54:00.000000000,99872,193,99816,78,99879,202,99755,202,100019,258,99695,202,100036,1,99682,100,100045,100,99622,100,100181,22,99607,100,100207,100,99512,100,100290,100,99460,100,,,99249,100,,,98970,100
2019-06-28 15:54:04.861969555,99872,193,99816,78,99879,202,99755,202,100019,258,99745,100,100036,1,99695,202,100045,100,99682,100,100181,22,99622,100,100207,100,99512,100,100290,100,99460,100,,,99249,100,,,98970,100
2019-06-28 15:54:07.463696570,99816,22,99755,202,99872,193,99745,100,99879,202,99695,202,100019,258,99682,100,100036,1,99622,100,100045,100,99512,100,100181,22,99460,100,100207,100,99249,100,100290,100,98970,100,,,98907,100
2019-06-28 15:54:10.000000000,99816,332,99755,410,99872,88,99745,100,99879,100,99695,100,100019,156,99682,100,100036,1,99622,100,100045,100,99512,100,100181,22,99460,100,100207,100,99249,100,100290,100,98970,100,,,98907,100
2019-06-28 15:54:20.000000000,99816,332,99755,410,99872,88,99745,100,99879,100,99695,100,100019,156,99682,100,100036,1,99622,100,100045,100,99512,100,100181,22,99460,100,100207,100,99249,100,100290,100,98970,100,,,98907,100
2019-06-28 15:54:30.000000000,99816,332,99755,410,99872,88,99745,100,99879,100,99695,100,100019,156,99682,100,100036,1,99622,100,100045,100,99512,100,100181,22,99460,100,100207,100,99249,100,100290,100,98970,100,,,98907,100
2019-06-28 15:54:34.970141376,99816,332,99755,410,99872,88,99745,100,99879,100,99695,100,100019,156,99682,100,100036,1,99671,100,100181,22,99622,100,100207,100,99512,100,100290,100,99460,100,,,99249,100,,,98970,100
2019-06-28 15:54:40.000000000,99816,100,99755,178,99872,166,99745,178,99879,178,99695,178,100019,234,99682,178,100036,1,99671,100,100181,22,99622,100,100207,100,99512,100,100290,100,99460,100,,,99249,100,,,98970,100
2019-06-28 15:54:50.000000000,99816,100,99755,178,99872,166,99745,178,99879,178,99695,178,100019,234,99682,178,100036,1,99671,100,100181,22,99622,100,100207,100,99512,100,100290,100,99460,100,,,99249,100,,,98970,100
2019-06-28 15:55:00.000000000,99816,127,99755,71,99872,190,99745,202,99879,202,99695,202,100019,156,99682,100,100036,1,99671,100,100181,22,99622,100,100207,100,99512,100,100290,100,99460,100,,,99249,100,,,98970,100
2019-06-28 15:55:00.907254461,99816,127,99755,71,99872,190,99745,202,99879,202,99695,202,100019,156,99682,100,100036,1,99671,100,100062,100,99622,100,100181,22,99512,100,100207,100,99460,100,100290,100,99249,100,,,98970,100
2019-06-28 15:55:10.000000000,99816,332,99745,410,99872,88,99695,100,99879,100,99682,100,100019,156,99671,100,100036,1,99622,100,100062,100,99512,100,100181,22,99460,100,100207,100,99249,100,100290,100,98970,100,,,98907,100
2019-06-28 15:55:13.212029864,99816,332,99789,100,99872,88,99745,410,99879,100,99695,100,100019,156,99682,100,100036,1,99671,100,100062,100,99622,100,100181,22,99512,100,100207,100,99460,100,100290,100,99249,100,,,98970,100
2019-06-28 15:55:20.000000000,99816,177,99789,255,99872,243,99745,255,99879,100,99695,100,100019,156,99682,100,100036,1,99671,100,100062,100,99622,100,100181,22,99512,100,100207,100,99460,100,100290,100,99249,100,,,98970,100
2019-06-28 15:55:27.322856723,99816,177,99789,255,99872,243,99772,100,99879,100,99745,255,100019,156,99695,100,100036,1,99682,100,100062,100,99671,100,100181,22,99622,100,100207,100,99512,100,100290,100,99460,100,,,99249,100
2019-06-28 15:55:30.000000000,99816,84,99789,162,99872,150,99772,162,99879,162,99745,162,100019,218,99695,162,100036,63,99682,162,100062,100,99671,100,100181,22,99622,100,100207,100,99512,100,100290,100,99460,100,,,99249,100
2019-06-28 15:55:38.001042386,99816,84,99789,162,99872,150,99772,162,99879,162,99745,162,100019,218,99695,162,100036,63,99682,162,100062,100,99671,100,100181,22,99622,100,100207,100,99512,100,100290,100,99460,100,100378,100,99249,100
2019-06-28 15:55:40.000000000,99816,177,99789,255,99872,243,99772,255,99879,100,99745,100,100019,156,99695,100,100036,1,99682,100,100062,100,99671,100,100181,22,99622,100,100207,100,99512,100,100290,100,99460,100,100378,100,99249,100
2019-06-28 15:55:44.619693520,99816,177,99789,255,99872,243,99772,255,99879,100,99760,100,100019,156,99745,100,100036,1,99695,100,100062,100,99682,100,100181,22,99671,100,100207,100,99622,100,100290,100,99512,100,100378,100,99460,100
2019-06-28 15:55:50.000000000,99816,84,99789,162,99872,150,99772,162,99879,162,99760,162,100019,218,99745,162,100036,63,99695,162,100062,100,99682,100,100181,22,99671,100,100207,100,99622,100,100290,100,99512,100,100378,100,99460,100
2019-06-28 15:56:00.000000000,99816,332,99789,276,99872,88,99772,100,99879,100,99760,100,100019,156,99745,100,100036,1,99695,100,100062,100,99682,100,100181,22,99671,100,100207,100,99622,100,100290,100,99512,100,100378,100,99460,100
2019-06-28 15:56:03.935794620,99816,332,99789,276,99872,88,99772,100,99879,100,99760,100,100019,156,99745,100,100036,1,99695,100,100062,100,99682,100,100181,22,99671,100,100207,100,99622,100,100243,100,99512,100,100290,100,99460,100
2019-06-28 15:56:10.000000000,99816,332,99772,410,99872,88,99760,100,99879,100,99745,100,100019,156,99695,100,100036,1,99682,100,100062,100,99671,100,100181,22,99622,100,100207,100,99512,100,100243,100,99460,100,100290,100,99249,100
2019-06-28 15:56:13.249200253,99816,332,99772,410,99872,88,99745,100,99879,100,99695,100,99934,100,99682,100,100019,156,99671,100,100036,1,99622,100,100062,100,99512,100,100181,22,99460,100,100207,100,99249,100,100243,100,98970,100
2019-06-28 15:56:19.980854075,99816,332,99772,410,99872,88,99746,100,99879,100,99745,100,99934,100,99695,100,100019,156,99682,100,100036,1,99671,100,100062,100,99622,100,100181,22,99512,100,100207,100,99460,100,100243,100,99249,100
2019-06-28 15:56:20.000000000,99816,100,99772,178,99872,166,99746,178,99879,178,99745,178,99934,178,99695,178,100019,156,99682,100,100036,1,99671,100,100062,100,99622,100,100181,22,99512,100,100207,100,99460,100,100243,100,99249,100
2019-06-28 15:56:24.225030741,99872,166,99772,178,99879,178,99746,178,99934,178,99745,178,100019,156,99695,78,100036,1,99682,100,100062,100,99671,100,100181,22,99622,100,100207,100,99512,100,100243,100,99460,100,100290,100,99249,100
2019-06-28 15:56:30.000000000,99872,150,99772,162,99879,162,99746,162,99934,162,99745,162,100019,218,99682,162,100036,63,99671,162,100062,100,99622,100,100181,22,99512,100,100207,100,99460,100,100243,100,99249,100,100290,100,98970,100
2019-06-28 15:56:40.000000000,99872,166,99772,178,99879,178,99746,178,99934,178,99745,178,100019,234,99682,178,100036,1,99671,100,100062,100,99622,100,100181,22,99512,100,100207,100,99460,100,100243,100,99249,100,100290,100,98970,100
2019-06-28 15:56:42.652411014,99872,166,99789,100,99879,178,99772,178,99934,178,99746,178,100019,134,99745,178,100036,1,99682,178,100062,100,99671,100,100181,22,99622,100,100207,100,99512,100,100243,100,99460,100,100290,100,99249,100
2019-06-28 15:56:43.759366089,99872,66,99789,100,99879,178,99772,178,99934,178,99746,178,100019,134,99745,178,100036,1,99682,178,100062,100,99671,100,100181,22,99622,100,100207,100,99512,100,100243,100,99460,100,100290,100,99249,100
2019-06-28 15:56:46.704789326,99872,66,99789,100,99879,178,99772,178,99934,178,99746,178,100019,134,99745,178,100036,1,99682,178,100062,100,99671,100,100181,22,99622,100,100207,100,99512,100,100243,100,99460,100,100290,100,99249,100
2019-06-28 15:56:50.000000000,99879,255,99789,255,99934,255,99772,255,100019,56,99746,100,100036,1,99745,100,100062,100,99682,100,100181,22,99671,100,100207,100,99622,100,100243,100,99512,100,100290,100,99460,100,100358,100,99249,100
2019-06-28 15:57:00.000000000,99879,255,99789,121,99934,255,99772,255,100019,56,99746,100,100036,1,99745,100,100062,100,99682,100,100181,22,99671,100,100207,100,99622,100,100243,100,99512,100,100290,100,99460,100,100358,100,99249,100
2019-06-28 15:57:00.193852649,99879,255,99789,221,99934,255,99772,255,100019,56,99746,100,100036,1,99745,100,100062,100,99682,100,100181,22,99671,100,100207,100,99622,100,100243,100,99512,100,100290,100,99460,100,100358,100,99249,100
2019-06-28 15:57:10.000000000,99879,410,99789,410,99934,100,99772,100,100019,56,99746,100,100036,1,99745,100,100062,100,99682,100,100181,22,99671,100,100207,100,99622,100,100243,100,99512,100,100290,100,99460,100,100358,100,99249,100
2019-06-28 15:57:15.787306967,99879,410,99789,410,99934,100,99772,100,100019,56,99746,100,100036,1,99745,100,100062,100,99682,100,100181,22,99671,100,100207,100,99658,100,100243,100,99622,100,100290,100,99512,100,100358,100,99460,100
2019-06-28 15:57:20.000000000,99879,255,99789,255,99934,255,99772,255,100019,56,99746,100,100036,1,99745,100,100062,100,99682,100,100181,22,99671,100,100207,100,99658,100,100243,100,99622,100,100290,100,99512,100,100358,100,99460,100
2019-06-28 15:57:28.864667860,99879,155,99789,255,99934,255,99772,255,100019,56,99746,100,100036,1,99745,100,100062,100,99682,100,100181,22,99671,100,100207,100,99658,100,100243,100,99622,100,100290,100,99512,100,100358,100,99460,100
2019-06-28 15:57:30.000000000,99934,178,99789,178,100019,134,99772,178,100036,79,99746,178,100062,178,99745,178,100181,22,99682,100,100207,100,99671,100,100243,100,99658,100,100290,100,99622,100,100358,100,99512,100,,,99460,100
2019-06-28 15:57:40.000000000,99934,410,99789,410,100019,56,99772,100,100036,1,99746,100,100062,100,99745,100,100181,22,99682,100,100207,100,99671,100,100243,100,99658,100,100290,100,99622,100,100358,100,99512,100,,,99460,100
2019-06-28 15:57:42.816336860,99934,310,99789,410,100019,56,99772,100,100036,1,99746,100,100062,100,99745,100,100181,22,99682,100,100207,100,99671,100,100243,100,99658,100,100290,100,99622,100,100358,100,99512,100,,,99460,100
2019-06-28 15:57:50.000000000,100019,118,99789,162,100036,63,99772,162,100062,162,99746,162,100181,84,99745,162,100207,162,99682,162,100243,100,99671,100,100290,100,99658,100,100358,100,99622,100,,,99512,100,,,99460,100
2019-06-28 15:57:55.869512176,99904,100,99789,162,100019,118,99772,162,100036,63,99746,162,100062,162,99745,162,100181,84,99682,162,100207,162,99671,100,100243,100,99658,100,100290,100,99622,100,100358,100,99512,100,,,99460,100
2019-06-28 15:57:57.448391016,99904,100,99789,162,100019,118,99772,162,100036,63,99746,162,100062,162,99745,162,100181,84,99682,162,100207,162,99671,100,100243,100,99658,100,100290,100,99622,100,100358,100,99512,100,,,99460,100
2019-06-28 15:58:00.000000000,99904,255,99789,121,100019,211,99772,255,100036,1,99746,100,100062,100,99745,100,100181,22,99682,100,100207,100,99671,100,100243,100,99658,100,100290,100,99622,100,100358,100,99512,100,,,99460,100
2019-06-28 15:58:10.000000000,99904,178,99772,178,100019,134,99746,178,100036,79,99745,178,100062,178,99682,178,100181,22,99671,100,100207,100,99658,100,100243,100,99622,100,100290,100,99512,100,100358,100,99460,100,,,99424,100
2019-06-28 15:58:12.607322844,99904,178,99772,78,100019,134,99746,178,100036,79,99745,178,100062,178,99682,178,100181,22,99671,100,100207,100,99658,100,100243,100,99622,100,100290,100,99512,100,100358,100,99460,100,,,99424,100
2019-06-28 15:58:20.000000000,99904,410,99746,410,100019,56,99745,100,100036,1,99682,100,100062,100,99671,100,100181,22,99658,100,100207,100,99622,100,100243,100,99512,100,100290,100,99460,100,100358,100,99424,100,,,99249,100
2019-06-28 15:58:30.000000000,99904,255,99746,255,100019,211,99745,255,100036,1,99682,100,100062,100,99671,100,100181,22,99658,100,100207,100,99622,100,100243,100,99512,100,100290,100,99460,100,100358,100,99424,100,,,99249,100
2019-06-28 15:58:34.166649082,99856,100,99746,255,99904,255,99745,255,100019,211,99682,100,100036,1,99671,100,100062,100,99658,100,100181,22,99622,100,100207,100,99512,100,100243,100,99460,100,100290,100,99424,100,100358,100,99249,100
2019-06-28 15:58:40.000000000,99856,410,99746,410,99904,100,99745,100,100019,56,99682,100,100036,1,99671,100,100062,100,99658,100,100181,22,99622,100,100207,100,99512,100,100243,100,99460,100,100290,100,99424,100,100358,100,99249,100
2019-06-28 15:58:50.000000000,99856,255,99746,255,99904,255,99745,255,100019,56,99682,100,100036,1,99671,100,100062,100,99658,100,100181,22,99622,100,100207,100,99512,100,100243,100,99460,100,100290,100,99424,100,100358,100,99249,100
2019-06-28 15:59:00.000000000,99856,162,99746,28,99904,162,99745,162,100019,118,99682,162,100036,63,99671,162,100062,162,99658,162,100181,22,99622,100,100207,100,99512,100,100243,100,99460,100,100290,100,99424,100,100358,100,99249,100
2019-06-28 15:59:02.740538227,99856,162,99746,128,99904,162,99745,162,100019,118,99682,162,100036,63,99671,162,100062,162,99658,162,100181,22,99622,100,100207,100,99512,100,100243,100,99460,100,100290,100,99424,100,100358,100,99249,100
2019-06-28 15:59:10.000000000,99856,162,99746,162,99904,162,99745,162,100019,118,99682,162,100036,63,99671,162,100062,162,99658,162,100181,22,99622,100,100207,100,99512,100,100243,100,99460,100,100290,100,99424,100,100358,100,99249,100
2019-06-28 15:59:15.778031342,99856,62,99746,162,99904,162,99745,162,100019,118,99682,162,100036,63,99671,162,100062,162,99658,162,100181,22,99622,100,100207,100,99512,100,100243,100,99460,100,100290,100,99424,100,100358,100,99249,100
2019-06-28 15:59:20.000000000,99904,205,99746,205,100019,158,99745,202,100036,103,99682,202,100062,100,99671,100,100181,22,99658,100,100207,100,99622,100,100243,100,99512,100,100290,100,99460,100,100358,100,99424,100,,,99249,100
2019-06-28 15:59:28.210430981,99904,205,99746,205,100019,158,99745,202,100036,103,99682,202,100062,100,99671,100,100181,22,99658,100,100207,100,99622,100,100243,100,99512,100,100358,100,99460,100,100512,100,99424,100,,,99249,100
2019-06-28 15:59:28.701353243,99904,205,99746,205,100019,158,99745,202,100036,103,99682,202,100062,100,99671,100,100181,22,99658,100,100207,100,99622,100,100243,100,99512,100,100346,100,99460,100,100358,100,99424,100,100512,100,99249,100
2019-06-28 15:59:30.000000000,99904,410,99746,410,100019,56,99745,100,100036,1,99682,100,100062,100,99671,100,100181,22,99658,100,100207,100,99622,100,100243,100,99512,100,100346,100,99460,100,100358,100,99424,100,100512,100,99249,100
2019-06-28 15:59:40.000000000,99904,162,99746,162,100019,118,99745,162,100036,63,99682,162,100062,162,99671,162,100181,84,99658,162,100207,100,99622,100,100243,100,99512,100,100346,100,99460,100,100358,100,99424,100,100512,100,99249,100
2019-06-28 15:59:50.000000000,99904,178,99746,178,100019,134,99745,178,100036,79,99682,178,100062,178,99671,178,100181,22,99658,100,100207,100,99622,100,100243,100,99512,100,100346,100,99460,100,100358,100,99424,100,100512,100,99249,100
2019-06-28 16:00:00.000000000,99904,162,99746,28,100019,118,99745,162,100036,63,99682,162,100062,162,99671,162,100181,84,99658,162,100207,100,99622,100,100243,100,99512,100,100346,100,99460,100,100358,100,99424,100,100512,100,99249,100
