,ask_price_1,ask_size_1,bid_price_1,bid_size_1,ask_price_2,ask_size_2,bid_price_2,bid_size_2,ask_price_3,ask_size_3,bid_price_3,bid_size_3,ask_price_4,ask_size_4,bid_price_4,bid_size_4,ask_price_5,ask_size_5,bid_price_5,bid_size_5,ask_price_6,ask_size_6,bid_price_6,bid_size_6,ask_price_7,ask_size_7,bid_price_7,bid_size_7,ask_price_8,ask_size_8,bid_price_8,bid_size_8,ask_price_9,ask_size_9,bid_price_9,bid_size_9,ask_price_10,ask_size_10,bid_price_10,bid_size_10
2019-06-28 09:30:00.000000004,,,100059,100,,,99985,100,,,,,,,,,,,,,,,,,,,,,,,,,,,,,,,,
2019-06-28 09:30:00.000000006,,,100059,100,,,99985,100,,,99959,100,,,99841,100,,,,,,,,,,,,,,,,,,,,,,,,
2019-06-28 09:30:00.000000007,,,100059,100,,,99985,100,,,99959,100,,,99923,100,,,99841,100,,,,,,,,,,,,,,,,,,,,
2019-06-28 09:30:00.000000008,100184,100,100059,100,,,99985,100,,,99959,100,,,99947,100,,,99923,100,,,99841,100,,,99836,100,,,,,,,,,,,,
2019-06-28 09:30:00.000000009,100184,100,100059,100,,,99985,100,,,99959,100,,,99947,100,,,99939,100,,,99923,100,,,99841,100,,,99836,100,,,,,,,,
2019-06-28 09:30:00.000000011,100068,100,100059,100,100184,100,99985,100,,,99959,100,,,99947,100,,,99939,100,,,99923,100,,,99898,100,,,99841,100,,,99836,100,,,99819,100
2019-06-28 09:30:00.000000014,100068,100,100059,100,100100,100,99985,100,100184,100,99959,100,,,99947,100,,,99939,100,,,99923,100,,,99898,100,,,99841,100,,,99836,100,,,99819,100
2019-06-28 09:30:00.000000016,100068,100,100059,100,100081,100,99985,100,100100,100,99959,100,100184,100,99947,100,,,99939,100,,,99923,100,,,99898,100,,,99841,100,,,99836,100,,,99819,100
2019-06-28 09:30:00.000000017,100068,100,100059,100,100081,100,99999,100,100100,100,99985,100,100184,100,99959,100,,,99947,100,,,99939,100,,,99923,100,,,99898,100,,,99841,100,,,99836,100
2019-06-28 09:30:00.000000019,100068,100,100059,100,100081,100,99999,100,100100,100,99985,100,100184,100,99959,100,,,99947,100,,,99939,100,,,99936,100,,,99923,100,,,99898,100,,,99841,100
2019-06-28 09:30:00.000000020,100068,100,99999,100,100081,100,99985,100,100100,100,99959,100,100121,100,99947,100,100184,100,99939,100,,,99936,100,,,99923,100,,,99898,100,,,99841,100,,,99836,100
2019-06-28 09:30:00.000000022,100068,100,99999,100,100080,100,99985,100,100081,100,99959,100,100100,100,99947,100,100121,100,99939,100,100184,100,99936,100,,,99923,100,,,99898,100,,,99841,100,,,99836,100
2019-06-28 09:30:00.000000024,100033,100,99985,100,100068,100,99959,100,100080,100,99947,100,100081,100,99939,100,100100,100,99936,100,100121,100,99923,100,100184,100,99898,100,,,99841,100,,,99836,100,,,99819,100
2019-06-28 09:30:00.000000027,100033,100,99985,100,100068,100,99973,100,100080,100,99959,100,100081,100,99947,100,100100,100,99939,100,100121,100,99936,100,100184,100,99923,100,,,99898,100,,,99841,100,,,99836,100
2019-06-28 09:30:00.000000028,100033,100,99985,100,100068,100,99973,100,100080,100,99959,100,100081,100,99947,100,100100,100,99939,100,100121,100,99936,100,100184,100,99932,100,,,99923,100,,,99898,100,,,99841,100
2019-06-28 09:30:00.000000030,100033,100,99985,100,100059,100,99973,100,100068,100,99959,100,100080,100,99947,100,100081,100,99939,100,100100,100,99936,100,100121,100,99932,100,100184,100,99923,100,,,99898,100,,,99841,100
2019-06-28 09:30:00.000000032,100033,100,99999,100,100059,100,99985,100,100068,100,99973,100,100080,100,99959,100,100081,100,99947,100,100100,100,99939,100,100121,100,99936,100,100184,100,99932,100,,,99923,100,,,99898,100
2019-06-28 09:30:00.000000034,100019,100,99999,100,100033,100,99985,100,100059,100,99973,100,100068,100,99959,100,100080,100,99947,100,100081,100,99939,100,100100,100,99936,100,100121,100,99932,100,100184,100,99923,100,,,99898,100
2019-06-28 09:30:00.000000035,100019,100,99999,100,100033,100,99985,100,100040,100,99973,100,100059,200,99959,100,100068,100,99947,100,100080,100,99939,100,100081,100,99936,100,100100,100,99932,100,100121,100,99923,100,100184,100,99898,100
2019-06-28 09:30:00.000000036,100019,100,99999,100,100033,100,99985,100,100040,100,99973,100,100059,200,99959,100,100066,100,99947,100,100068,100,99939,100,100080,100,99936,100,100081,100,99932,100,100100,100,99923,100,100121,100,99898,100
2019-06-28 09:30:00.000000039,100019,100,99999,100,100033,100,99985,100,100040,100,99973,100,100059,200,99959,100,100066,100,99947,100,100068,100,99939,100,100080,100,99936,100,100081,100,99932,100,100100,100,99923,100,100119,100,99898,100
2019-06-28 09:30:00.000000041,100019,100,99999,100,100033,100,99985,100,100040,100,99973,100,100059,200,99959,100,100066,100,99947,100,100068,100,99939,100,100080,100,99936,100,100081,100,99932,100,100100,100,99923,100,100119,100,99898,100
2019-06-28 09:30:00.000000042,100019,100,99999,100,100033,100,99985,100,100040,100,99973,100,100059,200,99959,100,100066,100,99947,100,100068,100,99942,100,100080,100,99939,100,100081,100,99936,100,100100,100,99932,100,100119,100,99923,100
2019-06-28 09:30:00.000000043,100019,100,99999,100,100032,100,99985,100,100033,100,99973,100,100040,100,99959,100,100059,200,99947,100,100066,100,99942,100,100068,100,99939,100,100080,100,99936,100,100081,100,99932,100,100100,100,99923,100
2019-06-28 09:30:00.000000046,100019,100,99999,100,100032,100,99985,100,100033,100,99973,100,100040,100,99959,100,100059,300,99947,100,100066,100,99942,100,100068,100,99939,100,100080,100,99936,100,100081,100,99932,100,100100,100,99923,100
2019-06-28 09:30:00.000000050,100019,100,99999,100,100032,100,99985,100,100033,100,99973,100,100040,100,99959,100,100059,300,99947,100,100066,100,99942,100,100068,200,99939,100,100080,100,99936,100,100081,100,99932,100,100100,100,99923,100
2019-06-28 09:30:00.000000058,100019,100,99999,100,100032,100,99985,100,100033,100,99973,100,100040,100,99959,100,100059,300,99947,100,100066,100,99942,100,100068,200,99939,100,100080,100,99936,100,100081,100,99932,100,100092,100,99923,100
2019-06-28 09:30:00.000000059,100019,100,99999,200,100032,100,99985,100,100033,100,99973,100,100040,100,99959,100,100059,300,99947,100,100066,100,99942,100,100068,200,99939,100,100080,100,99936,100,100081,100,99932,100,100092,100,99923,100
2019-06-28 09:30:00.000000061,100019,100,99999,300,100032,100,99985,100,100033,100,99973,100,100040,100,99959,100,100059,300,99947,100,100066,100,99942,100,100068,200,99939,100,100080,100,99936,100,100081,100,99932,100,100092,100,99923,100
2019-06-28 09:30:00.000000063,100019,100,99999,400,100032,100,99985,100,100033,100,99973,100,100040,100,99959,100,100059,300,99947,100,100066,100,99942,100,100068,200,99939,100,100080,100,99936,100,100081,100,99932,100,100092,100,99923,100
2019-06-28 09:30:00.000000066,100032,100,99999,400,100033,100,99985,100,100040,100,99973,100,100059,300,99959,100,100066,100,99947,100,100068,200,99942,100,100080,100,99939,100,100081,100,99936,100,100092,100,99932,100,100100,100,99923,100
2019-06-28 09:30:00.000000069,100032,100,100000,100,100033,100,99999,400,100040,100,99985,100,100059,300,99973,100,100066,100,99959,100,100068,200,99947,100,100080,100,99942,100,100081,100,99939,100,100092,100,99936,100,100100,100,99932,100
2019-06-28 09:30:00.000000070,100032,100,100000,100,100033,100,99999,400,100040,100,99985,100,100059,300,99973,100,100066,100,99959,100,100068,200,99947,100,100080,100,99942,100,100081,100,99939,100,100092,100,99936,100,100100,100,99932,100
2019-06-28 09:30:00.000000072,100032,100,100000,100,100033,100,99999,400,100040,100,99985,100,100059,300,99973,100,100066,100,99959,100,100068,200,99947,100,100080,100,99942,200,100081,100,99939,100,100092,100,99936,100,100100,100,99932,100
2019-06-28 09:30:00.000000078,100032,100,100026,100,100033,100,100000,100,100040,100,99999,400,100059,300,99985,100,100066,100,99973,100,100068,200,99959,100,100080,100,99947,100,100081,100,99942,200,100092,100,99939,100,100100,100,99936,100
2019-06-28 09:30:00.000000080,100032,100,100019,100,100033,100,100000,100,100040,100,99999,400,100048,100,99985,100,100059,300,99973,100,100066,100,99959,100,100068,200,99947,100,100080,100,99942,200,100081,100,99939,100,100092,100,99936,100
2019-06-28 09:30:00.000000082,100032,100,100027,100,100033,100,100019,100,100040,100,100000,100,100048,100,99999,400,100059,300,99985,100,100066,100,99973,100,100068,200,99959,100,100080,100,99947,100,100081,100,99942,200,100092,100,99941,100
2019-06-28 09:30:00.000000083,100032,100,100027,100,100033,100,100019,100,100040,100,100000,100,100048,100,99999,400,100059,300,99985,100,100066,100,99973,100,100068,200,99959,100,100080,100,99947,100,100081,100,99942,200,100092,100,99941,100
2019-06-28 09:30:00.000000084,100032,100,100019,100,100033,100,100000,100,100040,100,99999,400,100048,100,99985,100,100059,300,99973,100,100066,100,99959,100,100068,200,99947,100,100080,100,99942,200,100081,100,99941,100,100092,100,99939,100
2019-06-28 09:30:00.000000085,100032,100,100019,100,100033,100,100000,100,100040,100,99999,400,100048,100,99985,100,100059,300,99973,100,100066,100,99959,100,100068,200,99947,100,100080,100,99942,200,100081,100,99941,100,100089,100,99939,100
2019-06-28 09:30:00.000000088,100032,100,100019,100,100033,100,100000,100,100040,100,99999,400,100048,100,99985,100,100059,300,99973,100,100066,100,99962,100,100068,200,99959,100,100080,100,99947,100,100081,100,99942,200,100089,100,99941,100
2019-06-28 09:30:00.000000089,100032,100,100019,100,100033,100,100000,100,100040,100,99999,400,100048,100,99985,100,100059,300,99973,100,100066,100,99962,100,100068,200,99959,100,100080,100,99947,200,100081,100,99942,200,100089,100,99941,100
2019-06-28 09:30:00.000000093,100032,100,100019,100,100033,100,100000,100,100040,100,99999,400,100048,100,99985,100,100059,300,99973,100,100066,100,99962,100,100068,200,99959,100,100080,100,99947,200,100081,100,99942,200,100089,100,99941,100
2019-06-28 09:30:00.000000095,100032,100,100000,100,100033,100,99999,400,100040,100,99985,100,100048,100,99973,100,100059,300,99962,100,100066,100,99959,100,100068,200,99947,200,100080,100,99942,200,100081,100,99941,100,100089,100,99939,100
2019-06-28 09:30:00.000000096,100032,100,100000,100,100033,100,99999,400,100040,100,99985,100,100048,200,99973,100,100059,300,99962,100,100066,100,99959,100,100068,200,99947,200,100080,100,99942,200,100081,100,99941,100,100089,100,99939,100
2019-06-28 09:30:00.000000097,100032,100,99999,400,100033,100,99985,100,100040,100,99973,100,100048,200,99962,100,100059,300,99959,100,100066,100,99947,200,100068,200,99942,200,100080,100,99941,100,100081,100,99939,100,100089,100,99936,100
2019-06-28 09:30:00.000000099,100032,100,99999,400,100033,100,99985,100,100040,100,99973,100,100048,200,99962,100,100059,300,99959,100,100066,100,99947,200,100068,200,99942,300,100080,100,99941,100,100081,100,99939,100,100089,100,99936,100
2019-06-28 09:30:10.000000000,100032,241,99999,541,100033,237,99985,237,100040,237,99973,237,100048,200,99962,100,100059,300,99959,100,100066,100,99947,200,100068,200,99942,300,100080,100,99941,100,100081,100,99939,100,100089,100,99936,100
2019-06-28 09:30:20.000000000,100032,307,99999,607,100033,307,99985,307,100040,100,99973,100,100048,200,99962,100,100059,300,99959,100,100066,100,99947,200,100068,200,99942,300,100080,100,99941,100,100081,100,99939,100,100089,100,99936,100
2019-06-28 09:30:30.000000000,100032,183,99999,483,100033,183,99985,183,100040,183,99973,183,100048,283,99962,183,100059,383,99959,183,100066,100,99947,200,100068,200,99942,300,100080,100,99941,100,100081,100,99939,100,100089,100,99936,100
2019-06-28 09:30:40.000000000,100032,307,99999,607,100033,307,99985,307,100040,100,99973,100,100048,200,99962,100,100059,300,99959,100,100066,100,99947,200,100068,200,99942,300,100080,100,99941,100,100081,100,99939,100,100089,100,99936,100
2019-06-28 09:30:40.471517604,100032,307,100004,100,100033,307,99999,607,100040,100,99985,307,100048,200,99973,100,100059,300,99962,100,100066,100,99959,100,100068,200,99947,200,100081,100,99942,300,100089,100,99941,100,100092,100,99939,100
2019-06-28 09:30:48.937611673,100032,207,100004,100,100033,307,99999,607,100040,100,99985,307,100048,200,99973,100,100059,300,99962,100,100066,100,99959,100,100068,100,99947,200,100081,100,99942,300,100089,100,99941,100,100092,100,99939,100
2019-06-28 09:30:50.000000000,100033,241,100004,241,100040,237,99999,537,100048,337,99985,237,100059,300,99973,100,100066,100,99962,100,100068,100,99959,100,100081,100,99947,200,100089,100,99942,300,100092,100,99941,100,100100,100,99939,100
2019-06-28 09:31:00.000000000,100033,514,100004,514,100040,100,99999,400,100048,200,99985,100,100059,300,99973,100,100066,100,99962,100,100068,100,99959,100,100081,100,99947,200,100089,100,99942,300,100092,100,99941,100,100100,100,99939,100
2019-06-28 09:31:10.000000000,100033,241,100004,241,100040,237,99999,537,100048,337,99985,237,100059,300,99973,100,100066,100,99962,100,100068,100,99959,100,100081,100,99947,200,100089,100,99942,300,100092,100,99941,100,100100,100,99939,100
2019-06-28 09:31:17.597283249,100033,241,100004,141,100040,237,99999,537,100048,337,99985,237,100059,300,99973,100,100066,100,99962,100,100068,100,99959,100,100081,100,99947,200,100089,100,99942,300,100092,100,99941,100,100100,100,99939,100
2019-06-28 09:31:20.000000000,100033,307,99999,607,100040,307,99985,307,100048,200,99973,100,100059,300,99962,100,100066,100,99959,100,100068,100,99947,200,100081,100,99942,300,100089,100,99941,100,100092,100,99939,100,100100,100,99936,100
2019-06-28 09:31:21.963862091,100033,307,99999,607,100040,307,99985,307,100048,100,99973,100,100059,300,99962,100,100066,100,99959,100,100068,100,99947,200,100081,100,99942,300,100089,100,99941,100,100092,100,99939,100,100100,100,99936,100
2019-06-28 09:31:30.000000000,100033,307,99999,607,100040,307,99985,307,100048,100,99973,100,100059,300,99962,100,100066,100,99959,100,100068,100,99947,200,100081,100,99942,300,100089,100,99941,100,100092,100,99939,100,100100,100,99936,100
2019-06-28 09:31:40.000000000,100033,514,99999,814,100040,100,99985,100,100048,100,99973,100,100059,300,99962,100,100066,100,99959,100,100068,100,99947,200,100081,100,99942,300,100089,100,99941,100,100092,100,99939,100,100100,100,99936,100
2019-06-28 09:31:50.000000000,100033,307,99999,607,100040,307,99985,307,100048,100,99973,100,100059,300,99962,100,100066,100,99959,100,100068,100,99947,200,100081,100,99942,300,100089,100,99941,100,100092,100,99939,100,100100,100,99936,100
2019-06-28 09:32:00.000000000,100033,204,99999,504,100040,204,99985,204,100048,204,99973,204,100059,404,99962,204,100066,100,99959,100,100068,100,99947,200,100081,100,99942,300,100089,100,99941,100,100092,100,99939,100,100100,100,99936,100
2019-06-28 09:32:10.000000000,100033,183,99999,483,100040,183,99985,183,100048,183,99973,183,100059,383,99962,183,100066,183,99959,183,100068,100,99947,200,100081,100,99942,300,100089,100,99941,100,100092,100,99939,100,100100,100,99936,100
2019-06-28 09:32:18.468467277,100033,183,99999,483,100040,183,99985,183,100048,183,99973,183,100059,383,99962,183,100066,183,99959,183,100068,100,99947,200,100081,100,99942,300,100089,100,99941,100,100092,100,99939,100,100100,100,99936,100
2019-06-28 09:32:20.000000000,100033,241,99999,541,100040,237,99985,237,100048,237,99973,237,100059,300,99962,100,100066,100,99959,100,100068,100,99947,200,100081,100,99942,300,100089,100,99941,100,100092,100,99939,100,100100,100,99936,100
2019-06-28 09:32:28.311616314,100033,241,99999,541,100040,137,99985,237,100048,237,99973,237,100059,300,99963,100,100066,100,99962,100,100068,100,99959,100,100081,100,99947,200,100089,100,99942,300,100092,100,99941,100,100100,100,99939,100
2019-06-28 09:32:30.000000000,100033,204,99999,504,100048,204,99985,204,100059,404,99973,204,100066,204,99963,204,100068,100,99962,100,100081,100,99959,100,100089,100,99947,200,100092,100,99942,300,100100,100,99941,100,100119,100,99939,100
2019-06-28 09:32:40.000000000,100033,307,99999,607,100048,307,99985,307,100059,300,99973,100,100066,100,99963,100,100068,100,99962,100,100081,100,99959,100,100089,100,99947,200,100092,100,99942,300,100100,100,99941,100,100119,100,99939,100
2019-06-28 09:32:44.630292513,100033,307,99999,607,100048,307,99985,307,100059,300,99973,100,100068,100,99963,100,100081,100,99962,100,100089,100,99959,100,100092,100,99947,200,100100,100,99942,300,100119,100,99941,100,100121,100,99939,100
2019-06-28 09:32:50.000000000,100033,307,99999,607,100048,307,99985,307,100059,300,99973,100,100068,100,99963,100,100081,100,99962,100,100089,100,99959,100,100092,100,99947,200,100100,100,99942,300,100119,100,99941,100,100121,100,99939,100
2019-06-28 09:33:00.000000000,100033,241,99999,541,100048,237,99985,237,100059,437,99973,237,100068,100,99963,100,100081,100,99962,100,100089,100,99959,100,100092,100,99947,200,100100,100,99942,300,100119,100,99941,100,100121,100,99939,100
2019-06-28 09:33:02.634243544,100033,241,99999,541,100048,237,99985,237,100059,437,99973,237,100068,100,99963,100,100081,100,99962,100,100089,100,99959,100,100092,100,99947,200,100100,100,99942,300,100119,100,99941,100,100121,100,99939,100
2019-06-28 09:33:10.000000000,100033,241,99999,541,100048,237,99985,237,100059,437,99973,237,100068,100,99963,100,100081,100,99962,100,100089,100,99959,100,100092,100,99947,200,100100,100,99942,300,100119,100,99941,100,100121,100,99939,100
2019-06-28 09:33:12.817188438,100033,241,99999,541,100048,237,99985,237,100059,337,99973,237,100068,100,99963,100,100081,100,99962,100,100089,100,99959,100,100092,100,99947,200,100100,100,99942,300,100119,100,99941,100,100121,100,99939,100
2019-06-28 09:33:20.000000000,100033,241,99999,541,100048,237,99985,237,100059,337,99973,237,100068,100,99963,100,100081,100,99962,100,100089,100,99959,100,100092,100,99947,200,100100,100,99942,300,100119,100,99941,100,100121,100,99939,100
2019-06-28 09:33:30.000000000,100033,183,99999,483,100048,183,99985,183,100059,283,99973,183,100068,183,99963,183,100081,183,99962,183,100089,100,99959,100,100092,100,99947,200,100100,100,99942,300,100119,100,99941,100,100121,100,99939,100
2019-06-28 09:33:40.000000000,100033,307,99999,607,100048,307,99985,307,100059,200,99973,100,100068,100,99963,100,100081,100,99962,100,100089,100,99959,100,100092,100,99947,200,100100,100,99942,300,100119,100,99941,100,100121,100,99939,100
2019-06-28 09:33:41.389914949,100033,307,99999,607,100048,307,99985,307,100059,200,99973,100,100068,100,99963,100,100081,100,99962,100,100089,100,99959,100,100092,100,99947,200,100100,100,99942,300,100119,100,99941,100,100121,100,99939,100
2019-06-28 09:33:50.000000000,100033,514,99999,814,100048,100,99985,100,100059,200,99973,100,100068,100,99963,100,100081,100,99962,100,100089,100,99959,100,100092,100,99947,200,100100,100,99942,300,100119,100,99941,100,100121,100,99939,100
2019-06-28 09:34:00.000000000,100033,307,99999,607,100048,307,99985,307,100059,200,99973,100,100068,100,99963,100,100081,100,99962,100,100089,100,99959,100,100092,100,99947,200,100100,100,99942,300,100119,100,99941,100,100121,100,99939,100
2019-06-28 09:34:10.000000000,100033,241,99999,541,100048,237,99985,237,100059,337,99973,237,100068,100,99963,100,100081,100,99962,100,100089,100,99959,100,100092,100,99947,200,100100,100,99942,300,100119,100,99941,100,100121,100,99939,100
2019-06-28 09:34:11.235787743,100033,241,100005,100,100048,237,99999,441,100059,337,99985,237,100068,100,99973,237,100081,100,99963,100,100089,100,99962,100,100092,100,99959,100,100100,100,99947,200,100119,100,99942,300,100121,100,99941,100
2019-06-28 09:34:20.000000000,100033,307,100005,307,100048,307,99999,507,100059,200,99985,100,100068,100,99973,100,100081,100,99963,100,100089,100,99962,100,100092,100,99959,100,100100,100,99947,200,100119,100,99942,300,100121,100,99941,100
2019-06-28 09:34:30.000000000,100033,183,100005,183,100048,183,99999,383,100059,283,99985,183,100068,183,99973,183,100081,183,99963,183,100089,100,99962,100,100092,100,99959,100,100100,100,99947,200,100119,100,99942,300,100121,100,99941,100
2019-06-28 09:34:38.044742604,100033,183,100005,183,100048,183,99999,383,100059,283,99985,183,100068,183,99973,183,100081,183,99963,183,100092,100,99962,100,100100,100,99959,100,100119,100,99947,200,100121,100,99942,300,100122,100,99941,100
2019-06-28 09:34:40.000000000,100033,241,100005,241,100048,237,99999,437,100059,337,99985,237,100068,100,99973,100,100081,100,99963,100,100092,100,99962,100,100100,100,99959,100,100119,100,99947,200,100121,100,99942,300,100122,100,99941,100
2019-06-28 09:34:50.000000000,100033,241,100005,241,100048,237,99999,437,100059,337,99985,237,100068,100,99973,100,100081,100,99963,100,100092,100,99962,100,100100,100,99959,100,100119,100,99947,200,100121,100,99942,300,100122,100,99941,100
2019-06-28 09:34:51.326064982,100033,141,100005,241,100048,237,99999,437,100059,337,99985,237,100068,100,99973,100,100081,100,99963,100,100092,100,99962,100,100100,100,99959,100,100119,100,99947,200,100121,100,99942,300,100122,100,99941,100
2019-06-28 09:35:00.000000000,100048,307,100005,307,100059,407,99999,507,100068,100,99985,100,100081,100,99973,100,100092,100,99963,100,100100,100,99962,100,100119,100,99959,100,100121,100,99947,200,100122,100,99942,300,100150,100,99941,100
2019-06-28 09:35:10.000000000,100048,307,100005,307,100059,407,99999,507,100068,100,99985,100,100081,100,99973,100,100092,100,99963,100,100100,100,99962,100,100119,100,99959,100,100121,100,99947,200,100122,100,99942,300,100150,100,99941,100
2019-06-28 09:35:19.210647095,100048,307,100005,207,100059,407,99999,507,100068,100,99985,100,100092,100,99973,100,100100,100,99963,100,100119,100,99962,100,100121,100,99959,100,100122,100,99947,200,100150,100,99942,300,100184,100,99941,100
2019-06-28 09:35:20.000000000,100048,307,99999,507,100059,407,99985,307,100068,100,99973,100,100092,100,99963,100,100100,100,99962,100,100119,100,99959,100,100121,100,99947,200,100122,100,99942,300,100150,100,99941,100,100184,100,99939,100
2019-06-28 09:35:30.000000000,100048,514,99999,714,100059,200,99985,100,100068,100,99973,100,100092,100,99963,100,100100,100,99962,100,100119,100,99959,100,100121,100,99947,200,100122,100,99942,300,100150,100,99941,100,100184,100,99939,100
2019-06-28 09:35:38.192926403,100048,514,99999,614,100059,200,99985,100,100068,100,99973,100,100092,100,99963,100,100100,100,99962,100,100119,100,99959,100,100121,100,99947,200,100122,100,99942,300,100150,100,99941,100,100184,100,99939,100
2019-06-28 09:35:40.000000000,100048,307,99999,407,100059,407,99985,307,100068,100,99973,100,100092,100,99963,100,100100,100,99962,100,100119,100,99959,100,100121,100,99947,200,100122,100,99942,300,100150,100,99941,100,100184,100,99939,100
2019-06-28 09:35:44.721120973,100048,307,99999,407,100059,407,99985,307,100068,100,99973,100,100092,100,99963,100,100100,100,99962,100,100119,100,99959,100,100122,100,99947,200,100150,100,99942,300,100184,100,99941,100,100281,100,99939,100
2019-06-28 09:35:50.000000000,100048,514,99999,614,100059,200,99985,100,100068,100,99973,100,100092,100,99963,100,100100,100,99962,100,100119,100,99959,100,100122,100,99947,200,100150,100,99942,300,100184,100,99941,100,100281,100,99939,100
2019-06-28 09:35:53.733365332,100048,514,99999,614,100059,200,99985,100,100068,100,99973,100,100092,100,99963,100,100100,100,99962,100,100119,100,99959,100,100122,100,99947,200,100150,100,99942,300,100184,100,99941,100,100281,100,99939,100
2019-06-28 09:36:00.000000000,100048,241,99999,341,100059,337,99985,237,100068,237,99973,237,100092,100,99963,100,100100,100,99962,100,100119,100,99959,100,100122,100,99947,200,100150,100,99942,300,100184,100,99941,100,100281,100,99939,100
2019-06-28 09:36:10.000000000,100048,307,99999,407,100059,407,99985,307,100068,100,99973,100,100092,100,99963,100,100100,100,99962,100,100119,100,99959,100,100122,100,99947,200,100150,100,99942,300,100184,100,99941,100,100281,100,99939,100
2019-06-28 09:36:20.000000000,100048,183,99999,283,100059,283,99985,183,100068,183,99973,183,100092,183,99963,183,100100,183,99962,183,100119,100,99959,100,100122,100,99947,200,100150,100,99942,300,100184,100,99941,100,100281,100,99939,100
2019-06-28 09:36:30.000000000,100048,514,99999,614,100059,200,99985,100,100068,100,99973,100,100092,100,99963,100,100100,100,99962,100,100119,100,99959,100,100122,100,99947,200,100150,100,99942,300,100184,100,99941,100,100281,100,99939,100
2019-06-28 09:36:35.333624176,100005,100,99999,614,100048,514,99985,100,100059,200,99973,100,100068,100,99963,100,100092,100,99962,100,100100,100,99959,100,100119,100,99947,200,100122,100,99942,300,100150,100,99941,100,100184,100,99939,100
2019-06-28 09:36:40.000000000,100005,514,99999,614,100048,100,99985,100,100059,200,99973,100,100068,100,99963,100,100092,100,99962,100,100100,100,99959,100,100119,100,99947,200,100122,100,99942,300,100150,100,99941,100,100184,100,99939,100
2019-06-28 09:36:50.000000000,100005,183,99999,283,100048,183,99985,183,100059,283,99973,183,100068,183,99963,183,100092,183,99962,183,100100,100,99959,100,100119,100,99947,200,100122,100,99942,300,100150,100,99941,100,100184,100,99939,100
2019-06-28 09:37:00.000000000,100005,241,99999,341,100048,237,99985,237,100059,337,99973,237,100068,100,99963,100,100092,100,99962,100,100100,100,99959,100,100119,100,99947,200,100122,100,99942,300,100150,100,99941,100,100184,100,99939,100
2019-06-28 09:37:10.000000000,100005,183,99999,283,100048,183,99985,183,100059,283,99973,183,100068,183,99963,183,100092,183,99962,183,100100,100,99959,100,100119,100,99947,200,100122,100,99942,300,100150,100,99941,100,100184,100,99939,100
2019-06-28 09:37:17.232219487,100005,183,99999,183,100048,183,99985,183,100059,283,99973,183,100068,183,99963,183,100092,183,99962,183,100100,100,99959,100,100119,100,99947,200,100122,100,99942,300,100150,100,99941,100,100184,100,99939,100
2019-06-28 09:37:19.853711781,100005,183,99999,183,100048,183,99985,183,100059,283,99973,183,100068,183,99963,83,100092,183,99962,183,100100,100,99959,100,100119,100,99947,200,100122,100,99942,300,100150,100,99941,100,100184,100,99939,100
2019-06-28 09:37:20.000000000,100005,514,99999,514,100048,100,99985,100,100059,200,99973,100,100068,100,99962,100,100092,100,99959,100,100100,100,99947,200,100119,100,99942,300,100122,100,99941,100,100150,100,99939,100,100184,100,99936,100
2019-06-28 09:37:26.334344131,100005,514,99999,514,100048,100,99985,100,100059,200,99973,100,100068,100,99962,100,100092,100,99959,100,100100,100,99947,200,100119,100,99942,300,100122,100,99941,100,100150,100,99939,100,100184,100,99936,100
2019-06-28 09:37:30.000000000,100005,307,99999,307,100048,307,99985,307,100059,200,99973,100,100068,100,99962,100,100092,100,99959,100,100100,100,99947,200,100119,100,99942,300,100122,100,99941,100,100150,100,99939,100,100184,100,99936,100
2019-06-28 09:37:40.000000000,100005,183,99999,183,100048,183,99985,183,100059,283,99973,183,100068,183,99962,183,100092,183,99959,183,100100,100,99947,200,100119,100,99942,300,100122,100,99941,100,100150,100,99939,100,100184,100,99936,100
2019-06-28 09:37:42.148209169,100005,183,99999,183,100048,183,99985,183,100059,283,99973,183,100068,183,99962,183,100092,183,99959,183,100100,100,99947,200,100119,100,99942,300,100122,100,99941,100,100150,100,99939,100,100184,100,99936,100
2019-06-28 09:37:45.820063958,100005,183,99999,183,100048,183,99985,183,100059,283,99973,183,100068,183,99962,183,100092,183,99959,183,100100,100,99947,200,100119,100,99942,300,100122,100,99941,100,100150,100,99939,100,100184,100,99936,100
2019-06-28 09:37:50.000000000,100005,307,99999,307,100048,307,99985,307,100059,200,99973,100,100068,100,99962,100,100092,100,99959,100,100100,100,99947,200,100119,100,99942,300,100122,100,99941,100,100150,100,99939,100,100184,100,99936,100
2019-06-28 09:37:59.121317975,100005,307,99999,307,100048,307,99985,307,100059,200,99973,100,100068,100,99962,100,100092,100,99959,100,100100,100,99947,200,100119,100,99942,300,100122,100,99941,100,100150,100,99939,100,100184,100,99936,100
2019-06-28 09:38:00.000000000,100005,241,99999,241,100048,237,99985,237,100059,337,99973,237,100068,100,99962,100,100092,100,99959,100,100100,100,99947,200,100119,100,99942,300,100122,100,99941,100,100150,100,99939,100,100184,100,99936,100
2019-06-28 09:38:00.807708265,100005,241,99999,241,100048,237,99985,237,100059,337,99973,237,100092,100,99962,100,100100,100,99959,100,100119,100,99947,200,100122,100,99942,300,100150,100,99941,100,100184,100,99939,100,100281,100,99936,100
2019-06-28 09:38:10.000000000,100005,204,99999,204,100048,204,99985,204,100059,304,99973,204,100092,204,99962,204,100100,100,99959,100,100119,100,99947,200,100122,100,99942,300,100150,100,99941,100,100184,100,99939,100,100281,100,99936,100
2019-06-28 09:38:10.310923117,100005,204,99999,204,100048,204,99985,204,100059,304,99973,204,100092,204,99962,204,100100,100,99959,100,100119,100,99947,200,100122,100,99942,300,100150,100,99941,100,100184,100,99939,100,100281,100,99936,100
2019-06-28 09:38:20.000000000,100005,514,99999,514,100048,100,99985,100,100059,200,99973,100,100092,100,99962,100,100100,100,99959,100,100119,100,99947,200,100122,100,99942,300,100150,100,99941,100,100184,100,99939,100,100281,100,99936,100
2019-06-28 09:38:20.407603548,100005,514,99999,514,100048,100,99985,100,100059,200,99973,100,100092,100,99962,100,100100,100,99959,100,100119,100,99947,200,100150,100,99942,300,100184,100,99941,100,100281,100,99939,100,100596,100,99936,100
2019-06-28 09:38:30.000000000,100005,241,99999,241,100048,237,99985,237,100059,337,99973,237,100092,100,99962,100,100100,100,99959,100,100119,100,99947,200,100150,100,99942,300,100184,100,99941,100,100281,100,99939,100,100596,100,99936,100
2019-06-28 09:38:40.000000000,100005,183,99999,183,100048,183,99985,183,100059,283,99973,183,100092,183,99962,183,100100,183,99959,183,100119,100,99947,200,100150,100,99942,300,100184,100,99941,100,100281,100,99939,100,100596,100,99936,100
2019-06-28 09:38:47.802293212,100005,183,99999,183,100048,183,99985,183,100059,283,99973,183,100092,183,99962,183,100100,183,99959,183,100119,100,99947,200,100150,100,99942,300,100184,100,99941,100,100281,100,99939,100,100596,100,99936,100
2019-06-28 09:38:50.000000000,100005,204,99999,204,100048,204,99985,204,100059,304,99973,204,100092,204,99962,204,100100,100,99959,100,100119,100,99947,200,100150,100,99942,300,100184,100,99941,100,100281,100,99939,100,100596,100,99936,100
2019-06-28 09:38:50.667453057,100005,204,99999,104,100048,204,99985,204,100059,304,99973,204,100092,204,99962,204,100100,100,99959,100,100119,100,99947,200,100150,100,99942,300,100184,100,99941,100,100281,100,99939,100,100596,100,99936,100
2019-06-28 09:39:00.000000000,100005,514,99985,514,100048,100,99973,100,100059,200,99962,100,100092,100,99959,100,100100,100,99947,200,100119,100,99942,300,100150,100,99941,100,100184,100,99939,100,100281,100,99936,100,100596,100,99932,100
2019-06-28 09:39:10.000000000,100005,514,99985,514,100048,100,99973,100,100059,200,99962,100,100092,100,99959,100,100100,100,99947,200,100119,100,99942,300,100150,100,99941,100,100184,100,99939,100,100281,100,99936,100,100596,100,99932,100
2019-06-28 09:39:13.672694845,100005,514,99985,414,100048,100,99973,100,100059,200,99962,100,100092,100,99959,100,100119,100,99947,200,100150,100,99942,300,100184,100,99941,100,100281,100,99939,100,100596,100,99936,100,,,99932,100
2019-06-28 09:39:20.000000000,100005,183,99973,183,100048,183,99962,183,100059,283,99959,183,100092,183,99947,283,100119,183,99942,383,100150,100,99941,100,100184,100,99939,100,100281,100,99936,100,100596,100,99932,100,,,99923,100
2019-06-28 09:39:25.602347566,100005,183,99973,83,100048,183,99962,183,100059,283,99959,183,100092,183,99947,283,100119,183,99942,383,100150,100,99941,100,100184,100,99939,100,100281,100,99936,100,100596,100,99932,100,,,99923,100
2019-06-28 09:39:30.000000000,100005,307,99962,307,100048,307,99959,307,100059,200,99947,200,100092,100,99942,300,100119,100,99941,100,100150,100,99939,100,100184,100,99936,100,100281,100,99932,100,100596,100,99923,100,,,99916,100
2019-06-28 09:39:40.000000000,100005,204,99962,204,100048,204,99959,204,100059,304,99947,304,100092,204,99942,404,100119,100,99941,100,100150,100,99939,100,100184,100,99936,100,100281,100,99932,100,100596,100,99923,100,,,99916,100
2019-06-28 09:39:50.000000000,100005,204,99962,204,100048,204,99959,204,100059,304,99947,304,100092,204,99942,404,100119,100,99941,100,100150,100,99939,100,100184,100,99936,100,100281,100,99932,100,100596,100,99923,100,,,99916,100
2019-06-28 09:39:53.463314145,99985,100,99962,204,100005,204,99959,204,100048,204,99947,304,100059,304,99942,404,100092,204,99941,100,100119,100,99939,100,100150,100,99936,100,100184,100,99932,100,100281,100,99923,100,100596,100,99916,100
2019-06-28 09:40:00.000000000,99985,204,99962,204,100005,204,99959,204,100048,204,99947,304,100059,304,99942,404,100092,100,99941,100,100119,100,99939,100,100150,100,99936,100,100184,100,99932,100,100281,100,99923,100,100596,100,99916,100
2019-06-28 09:40:08.597045106,99985,304,99962,204,100005,204,99959,204,100048,204,99947,304,100059,304,99942,404,100092,100,99941,100,100119,100,99939,100,100150,100,99936,100,100184,100,99932,100,100281,100,99923,100,100596,100,99916,100
2019-06-28 09:40:10.000000000,99985,304,99962,204,100005,204,99959,204,100048,204,99947,304,100059,304,99942,404,100092,100,99941,100,100119,100,99939,100,100150,100,99936,100,100184,100,99932,100,100281,100,99923,100,100596,100,99916,100
2019-06-28 09:40:15.545727490,99985,404,99962,204,100005,204,99959,204,100048,204,99947,304,100059,304,99942,404,100092,100,99941,100,100119,100,99939,100,100150,100,99936,100,100184,100,99932,100,100281,100,99923,100,100596,100,99916,100
2019-06-28 09:40:20.000000000,99985,714,99962,514,100005,100,99959,100,100048,100,99947,200,100059,200,99942,300,100092,100,99941,100,100119,100,99939,100,100150,100,99936,100,100184,100,99932,100,100281,100,99923,100,100596,100,99916,100
2019-06-28 09:40:24.187173759,99985,714,99962,514,100005,100,99959,100,100048,100,99947,200,100059,200,99942,300,100092,100,99941,100,100119,100,99939,100,100150,100,99932,100,100184,100,99923,100,100281,100,99916,100,100596,100,99899,100
2019-06-28 09:40:30.000000000,99985,404,99962,204,100005,204,99959,204,100048,204,99947,304,100059,304,99942,404,100092,100,99941,100,100119,100,99939,100,100150,100,99932,100,100184,100,99923,100,100281,100,99916,100,100596,100,99899,100
2019-06-28 09:40:36.189820642,99985,504,99962,204,100005,204,99959,204,100048,204,99947,304,100059,304,99942,404,100092,100,99941,100,100119,100,99939,100,100150,100,99932,100,100184,100,99923,100,100281,100,99916,100,100596,100,99899,100
2019-06-28 09:40:40.000000000,99985,541,99962,241,100005,237,99959,237,100048,237,99947,337,100059,200,99942,300,100092,100,99941,100,100119,100,99939,100,100150,100,99932,100,100184,100,99923,100,100281,100,99916,100,100596,100,99899,100
2019-06-28 09:40:44.317450011,99985,541,99962,241,100005,237,99959,237,100048,237,99947,337,100059,200,99942,300,100092,100,99941,100,100119,100,99939,100,100150,100,99932,100,100184,100,99923,100,100281,100,99916,100,100596,100,99899,100
2019-06-28 09:40:50.000000000,99985,483,99962,183,100005,183,99959,183,100048,183,99947,283,100059,283,99942,383,100092,183,99941,183,100119,100,99939,100,100150,100,99932,100,100184,100,99923,100,100281,100,99916,100,100596,100,99899,100
2019-06-28 09:40:52.148129610,99985,483,99962,83,100005,183,99959,183,100048,183,99947,283,100059,283,99942,383,100092,183,99941,183,100119,100,99939,100,100150,100,99932,100,100184,100,99923,100,100281,100,99916,100,100596,100,99899,100
2019-06-28 09:41:00.000000000,99985,504,99959,204,100005,204,99947,304,100048,204,99942,404,100059,304,99941,204,100092,100,99939,100,100119,100,99932,100,100150,100,99923,100,100184,100,99916,100,100281,100,99899,100,100596,100,99898,100
2019-06-28 09:41:05.994920489,99985,504,99959,204,100005,204,99947,304,100048,204,99942,404,100059,204,99941,204,100092,100,99939,100,100119,100,99932,100,100150,100,99923,100,100184,100,99916,100,100281,100,99899,100,100596,100,99898,100
2019-06-28 09:41:10.000000000,99985,541,99959,241,100005,237,99947,337,100048,237,99942,437,100059,100,99941,100,100092,100,99939,100,100119,100,99932,100,100150,100,99923,100,100184,100,99916,100,100281,100,99899,100,100596,100,99898,100
2019-06-28 09:41:20.000000000,99985,504,99959,204,100005,204,99947,304,100048,204,99942,404,100059,204,99941,204,100092,100,99939,100,100119,100,99932,100,100150,100,99923,100,100184,100,99916,100,100281,100,99899,100,100596,100,99898,100
2019-06-28 09:41:20.762970915,99985,504,99959,204,100005,204,99947,304,100048,204,99942,404,100059,204,99941,204,100092,100,99939,100,100119,100,99932,100,100150,100,99923,100,100184,100,99916,100,100281,100,99899,100,100596,100,99898,100
2019-06-28 09:41:30.000000000,99985,607,99959,307,100005,307,99947,407,100048,100,99942,300,100059,100,99941,100,100092,100,99939,100,100119,100,99932,100,100150,100,99923,100,100184,100,99916,100,100281,100,99899,100,100596,100,99898,100
2019-06-28 09:41:39.604000126,99973,100,99959,307,99985,607,99947,407,100005,307,99942,300,100048,100,99941,100,100059,100,99939,100,100092,100,99932,100,100119,100,99923,100,100150,100,99916,100,100184,100,99899,100,100281,100,99898,100
2019-06-28 09:41:40.000000000,99973,307,99959,307,99985,607,99947,407,100005,100,99942,300,100048,100,99941,100,100059,100,99939,100,100092,100,99932,100,100119,100,99923,100,100150,100,99916,100,100184,100,99899,100,100281,100,99898,100
2019-06-28 09:41:43.574382615,99973,307,99959,307,99985,607,99947,407,100005,100,99942,300,100048,100,99941,100,100059,100,99939,100,100092,100,99932,100,100119,100,99916,100,100150,100,99899,100,100184,100,99898,100,100281,100,99877,100
2019-06-28 09:41:50.000000000,99973,241,99959,241,99985,537,99947,337,100005,237,99942,437,100048,100,99941,100,100059,100,99939,100,100092,100,99932,100,100119,100,99916,100,100150,100,99899,100,100184,100,99898,100,100281,100,99877,100
2019-06-28 09:42:00.000000000,99973,183,99959,183,99985,483,99947,283,100005,183,99942,383,100048,183,99941,183,100059,183,99939,183,100092,100,99932,100,100119,100,99916,100,100150,100,99899,100,100184,100,99898,100,100281,100,99877,100
2019-06-28 09:42:07.733643095,99973,183,99959,183,99985,483,99947,283,100005,183,99942,383,100048,183,99941,183,100059,183,99939,183,100092,100,99932,100,100150,100,99916,100,100184,100,99899,100,100281,100,99898,100,100596,100,99877,100
2019-06-28 09:42:08.025766373,99973,183,99959,183,99985,483,99947,283,100005,183,99942,383,100048,183,99941,183,100059,183,99939,183,100092,100,99932,100,100150,100,99916,100,100184,100,99899,100,100281,100,99898,100,100596,100,99877,100
2019-06-28 09:42:09.225317179,99973,183,99959,83,99985,483,99947,283,100005,183,99942,383,100048,183,99941,183,100059,183,99939,183,100092,100,99932,100,100150,100,99916,100,100184,100,99899,100,100281,100,99898,100,100596,100,99877,100
2019-06-28 09:42:10.000000000,99973,307,99947,407,99985,607,99942,507,100005,100,99941,100,100048,100,99939,100,100059,100,99932,100,100092,100,99916,100,100150,100,99899,100,100184,100,99898,100,100281,100,99877,100,100596,100,99859,100
2019-06-28 09:42:20.000000000,99973,514,99947,614,99985,400,99942,300,100005,100,99941,100,100048,100,99939,100,100059,100,99932,100,100092,100,99916,100,100150,100,99899,100,100184,100,99898,100,100281,100,99877,100,100596,100,99859,100
2019-06-28 09:42:30.000000000,99973,204,99947,304,99985,504,99942,404,100005,204,99941,204,100048,204,99939,204,100059,100,99932,100,100092,100,99916,100,100150,100,99899,100,100184,100,99898,100,100281,100,99877,100,100596,100,99859,100
2019-06-28 09:42:35.098668924,99973,204,99947,204,99985,504,99942,404,100005,204,99941,204,100048,204,99939,204,100059,100,99932,100,100092,100,99916,100,100150,100,99899,100,100184,100,99898,100,100281,100,99877,100,100596,100,99859,100
2019-06-28 09:42:39.470795317,99973,204,99947,204,99985,504,99942,404,100005,204,99941,204,100048,204,99939,204,100059,100,99932,100,100092,100,99916,100,100150,100,99899,100,100184,100,99898,100,100281,100,99877,100,100596,100,99859,100
2019-06-28 09:42:40.000000000,99973,241,99947,241,99985,537,99942,437,100005,237,99941,237,100048,100,99939,100,100059,100,99932,100,100092,100,99916,100,100150,100,99899,100,100184,100,99898,100,100281,100,99877,100,100596,100,99859,100
2019-06-28 09:42:41.562237978,99973,241,99947,241,99985,537,99942,437,100005,237,99941,137,100048,100,99939,100,100059,100,99932,100,100092,100,99916,100,100150,100,99899,100,100184,100,99898,100,100281,100,99877,100,100596,100,99859,100
2019-06-28 09:42:50.000000000,99973,183,99947,183,99985,483,99942,383,100005,183,99939,183,100048,183,99932,183,100059,183,99916,183,100092,100,99899,100,100150,100,99898,100,100184,100,99877,100,100281,100,99859,100,100596,100,99836,100
2019-06-28 09:43:00.000000000,99973,514,99947,514,99985,400,99942,300,100005,100,99939,100,100048,100,99932,100,100059,100,99916,100,100092,100,99899,100,100150,100,99898,100,100184,100,99877,100,100281,100,99859,100,100596,100,99836,100
2019-06-28 09:43:06.411198434,99973,414,99947,514,99985,400,99942,200,100005,100,99939,100,100048,100,99932,100,100059,100,99916,100,100092,100,99899,100,100150,100,99898,100,100184,100,99877,100,100281,100,99859,100,100596,100,99836,100
2019-06-28 09:43:10.000000000,99985,504,99947,204,100005,204,99942,304,100048,204,99939,204,100059,204,99932,204,100092,100,99916,100,100150,100,99899,100,100184,100,99898,100,100281,100,99877,100,100596,100,99859,100,,,99836,100
2019-06-28 09:43:18.649746251,99985,404,99947,204,100005,204,99942,304,100048,204,99939,204,100059,204,99932,204,100092,100,99916,100,100150,100,99899,100,100184,100,99898,100,100281,100,99877,100,100596,100,99859,100,,,99836,100
2019-06-28 09:43:20.000000000,99985,383,99947,183,100005,183,99942,283,100048,183,99939,183,100059,183,99932,183,100092,183,99916,183,100150,100,99899,100,100184,100,99898,100,100281,100,99877,100,100596,100,99859,100,,,99836,100
2019-06-28 09:43:30.000000000,99985,441,99947,241,100005,237,99942,337,100048,237,99939,237,100059,100,99932,100,100092,100,99916,100,100150,100,99899,100,100184,100,99898,100,100281,100,99877,100,100596,100,99859,100,,,99836,100
2019-06-28 09:43:40.000000000,99985,404,99947,204,100005,204,99942,304,100048,204,99939,204,100059,204,99932,204,100092,100,99916,100,100150,100,99899,100,100184,100,99898,100,100281,100,99877,100,100596,100,99859,100,,,99836,100
2019-06-28 09:43:50.000000000,99985,714,99947,514,100005,100,99942,200,100048,100,99939,100,100059,100,99932,100,100092,100,99916,100,100150,100,99899,100,100184,100,99898,100,100281,100,99877,100,100596,100,99859,100,,,99836,100
2019-06-28 09:44:00.000000000,99985,714,99947,514,100005,100,99942,200,100048,100,99939,100,100059,100,99932,100,100092,100,99916,100,100150,100,99899,100,100184,100,99898,100,100281,100,99877,100,100596,100,99859,100,,,99836,100
2019-06-28 09:44:03.313545604,99985,614,99947,514,100005,100,99942,200,100048,100,99939,100,100059,100,99932,100,100092,100,99916,100,100184,100,99899,100,100281,100,99898,100,100596,100,99877,100,,,99859,100,,,99836,100
2019-06-28 09:44:10.000000000,99985,304,99947,204,100005,204,99942,304,100048,204,99939,204,100059,204,99932,204,100092,100,99916,100,100184,100,99899,100,100281,100,99898,100,100596,100,99877,100,,,99859,100,,,99836,100
2019-06-28 09:44:17.289068671,99985,304,99947,204,100005,204,99942,304,100048,204,99939,204,100059,204,99932,204,100092,100,99916,100,100184,100,99899,100,100281,100,99898,100,100596,100,99877,100,100604,100,99859,100,,,99836,100
2019-06-28 09:44:20.000000000,99985,407,99947,307,100005,307,99942,407,100048,100,99939,100,100059,100,99932,100,100092,100,99916,100,100184,100,99899,100,100281,100,99898,100,100596,100,99877,100,100604,100,99859,100,,,99836,100
2019-06-28 09:44:25.596271754,99985,307,99973,100,100005,307,99947,307,100048,100,99942,407,100059,100,99939,100,100092,100,99932,100,100184,100,99916,100,100281,100,99899,100,100596,100,99898,100,100604,100,99877,100,,,99859,100
2019-06-28 09:44:30.000000000,99985,241,99973,241,100005,237,99947,237,100048,237,99942,337,100059,100,99939,100,100092,100,99932,100,100184,100,99916,100,100281,100,99899,100,100596,100,99898,100,100604,100,99877,100,,,99859,100
2019-06-28 09:44:40.000000000,99985,514,99973,514,100005,100,99947,100,100048,100,99942,200,100059,100,99939,100,100092,100,99932,100,100184,100,99916,100,100281,100,99899,100,100596,100,99898,100,100604,100,99877,100,,,99859,100
2019-06-28 09:44:44.299145102,99985,514,99973,514,100005,100,99947,100,100048,100,99942,100,100059,100,99939,100,100092,100,99932,100,100184,100,99916,100,100281,100,99899,100,100596,100,99898,100,100604,100,99877,100,100751,100,99859,100
2019-06-28 09:44:46.053545460,99985,514,99973,514,100005,100,99947,100,100048,100,99942,100,100059,100,99939,100,100092,100,99932,100,100184,100,99916,100,100281,100,99899,100,100596,100,99898,100,100604,100,99877,100,100741,100,99859,100
2019-06-28 09:44:50.000000000,99985,514,99973,514,100005,100,99947,100,100048,100,99942,100,100059,100,99939,100,100092,100,99932,100,100184,100,99916,100,100281,100,99899,100,100596,100,99898,100,100604,100,99877,100,100741,100,99859,100
2019-06-28 09:44:54.573339037,99985,514,99973,514,100005,100,99947,100,100048,100,99942,100,100059,100,99939,100,100184,100,99932,100,100281,100,99916,100,100596,100,99899,100,100604,100,99898,100,100741,100,99877,100,100751,100,99859,100
2019-06-28 09:45:00.000000000,99985,307,99973,307,100005,307,99947,307,100048,100,99942,100,100059,100,99939,100,100184,100,99932,100,100281,100,99916,100,100596,100,99899,100,100604,100,99898,100,100741,100,99877,100,100751,100,99859,100
2019-06-28 09:45:09.950946804,99985,307,99973,307,100005,307,99947,307,100048,100,99942,100,100059,100,99939,100,100184,100,99932,100,100281,100,99916,100,100596,100,99899,100,100604,100,99898,100,100741,100,99877,100,100751,100,99859,100
2019-06-28 09:45:10.000000000,99985,307,99973,307,100005,307,99947,307,100048,100,99942,100,100059,100,99939,100,100184,100,99932,100,100281,100,99916,100,100596,100,99899,100,100604,100,99898,100,100741,100,99877,100,100751,100,99859,100
2019-06-28 09:45:20.000000000,99985,241,99973,241,100005,237,99947,237,100048,237,99942,237,100059,100,99939,100,100184,100,99932,100,100281,100,99916,100,100596,100,99899,100,100604,100,99898,100,100741,100,99877,100,100751,100,99859,100
2019-06-28 09:45:30.000000000,99985,307,99973,307,100005,307,99947,307,100048,100,99942,100,100059,100,99939,100,100184,100,99932,100,100281,100,99916,100,100596,100,99899,100,100604,100,99898,100,100741,100,99877,100,100751,100,99859,100
2019-06-28 09:45:40.000000000,99985,204,99973,204,100005,204,99947,204,100048,204,99942,204,100059,204,99939,204,100184,100,99932,100,100281,100,99916,100,100596,100,99899,100,100604,100,99898,100,100741,100,99877,100,100751,100,99859,100
2019-06-28 09:45:47.398664272,99985,104,99973,204,100005,204,99947,104,100048,204,99942,204,100059,204,99939,204,100184,100,99932,100,100281,100,99916,100,100596,100,99899,100,100604,100,99898,100,100741,100,99877,100,100751,100,99859,100
2019-06-28 09:45:50.000000000,100005,204,99973,204,100048,204,99942,204,100059,204,99939,204,100184,204,99932,204,100281,100,99916,100,100596,100,99899,100,100604,100,99898,100,100741,100,99877,100,100751,100,99859,100,100778,100,99836,100
2019-06-28 09:46:00.000000000,100005,307,99973,307,100048,307,99942,307,100059,100,99939,100,100184,100,99932,100,100281,100,99916,100,100596,100,99899,100,100604,100,99898,100,100741,100,99877,100,100751,100,99859,100,100778,100,99836,100
2019-06-28 09:46:10.000000000,100005,307,99973,307,100048,307,99942,307,100059,100,99939,100,100184,100,99932,100,100281,100,99916,100,100596,100,99899,100,100604,100,99898,100,100741,100,99877,100,100751,100,99859,100,100778,100,99836,100
2019-06-28 09:46:20.000000000,100005,183,99973,183,100048,183,99942,183,100059,183,99939,183,100184,183,99932,183,100281,183,99916,183,100596,100,99899,100,100604,100,99898,100,100741,100,99877,100,100751,100,99859,100,100778,100,99836,100
2019-06-28 09:46:29.947157541,100005,83,99973,183,100048,183,99942,183,100059,183,99939,183,100184,183,99932,183,100281,183,99916,183,100596,100,99899,100,100604,100,99898,100,100741,100,99877,100,100751,100,99859,100,100778,100,99836,100
2019-06-28 09:46:30.000000000,100048,241,99973,241,100059,237,99942,237,100184,237,99939,237,100281,100,99932,100,100596,100,99916,100,100604,100,99899,100,100741,100,99898,100,100751,100,99877,100,100778,100,99859,100,100789,100,99836,100
2019-06-28 09:46:40.000000000,100048,241,99973,241,100059,237,99942,237,100184,237,99939,237,100281,100,99932,100,100596,100,99916,100,100604,100,99899,100,100741,100,99898,100,100751,100,99877,100,100778,100,99859,100,100789,100,99836,100
2019-06-28 09:46:46.174360027,100048,241,99973,241,100059,237,99942,237,100184,237,99939,237,100281,100,99932,100,100596,100,99916,100,100604,100,99899,100,100689,100,99898,100,100741,100,99877,100,100751,100,99859,100,100778,100,99836,100
2019-06-28 09:46:50.000000000,100048,241,99973,241,100059,237,99942,237,100184,237,99939,237,100281,100,99932,100,100596,100,99916,100,100604,100,99899,100,100689,100,99898,100,100741,100,99877,100,100751,100,99859,100,100778,100,99836,100
2019-06-28 09:46:53.346762212,100048,141,99973,241,100059,237,99942,237,100184,237,99939,237,100281,100,99932,100,100596,100,99916,100,100604,100,99899,100,100689,100,99898,100,100741,100,99877,100,100751,100,99859,100,100778,100,99836,100
2019-06-28 09:46:58.992734375,100048,141,99973,241,100059,237,99942,237,100184,237,99939,237,100281,100,99932,100,100596,100,99916,100,100604,100,99899,100,100689,100,99898,100,100741,100,99877,100,100751,100,99859,100,100778,100,99836,100
2019-06-28 09:47:00.000000000,100059,514,99973,514,100184,100,99942,100,100281,100,99939,100,100596,100,99932,100,100604,100,99916,100,100689,100,99899,100,100741,100,99898,100,100751,100,99877,100,100778,100,99859,100,100789,100,99836,100
2019-06-28 09:47:10.000000000,100059,183,99973,183,100184,183,99942,183,100281,183,99939,183,100596,183,99932,183,100604,183,99916,183,100689,100,99899,100,100741,100,99898,100,100751,100,99877,100,100778,100,99859,100,100789,100,99836,100
2019-06-28 09:47:18.283194326,100059,183,99973,183,100184,183,99942,183,100281,183,99939,183,100596,183,99932,183,100604,183,99916,183,100689,100,99899,100,100741,100,99898,100,100751,100,99877,100,100778,100,99859,100,100789,100,99836,100
2019-06-28 09:47:20.000000000,100059,514,99973,514,100184,100,99942,100,100281,100,99939,100,100596,100,99932,100,100604,100,99916,100,100689,100,99899,100,100741,100,99898,100,100751,100,99877,100,100778,100,99859,100,100789,100,99836,100
2019-06-28 09:47:21.166206115,100059,514,99973,514,100184,100,99942,100,100281,100,99939,100,100596,100,99932,100,100604,100,99916,100,100689,100,99899,100,100741,100,99898,100,100751,100,99877,100,100778,100,99859,100,100789,100,99836,100
2019-06-28 09:47:26.676863297,100059,514,99973,514,100184,100,99942,100,100281,100,99939,100,100596,100,99932,100,100604,100,99916,100,100689,100,99899,100,100741,100,99898,100,100751,100,99877,100,100778,100,99859,100,100789,100,99836,100
2019-06-28 09:47:30.000000000,100059,204,99973,204,100184,204,99942,204,100281,204,99939,204,100596,204,99932,204,100604,100,99916,100,100689,100,99899,100,100741,100,99898,100,100751,100,99877,100,100778,100,99859,100,100789,100,99836,100
2019-06-28 09:47:40.000000000,100059,204,99973,204,100184,204,99942,204,100281,204,99939,204,100596,204,99932,204,100604,100,99916,100,100689,100,99899,100,100741,100,99898,100,100751,100,99877,100,100778,100,99859,100,100789,100,99836,100
2019-06-28 09:47:50.000000000,100059,183,99973,183,100184,183,99942,183,100281,183,99939,183,100596,183,99932,183,100604,183,99916,183,100689,100,99899,100,100741,100,99898,100,100751,100,99877,100,100778,100,99859,100,100789,100,99836,100
2019-06-28 09:48:00.000000000,100059,204,99973,204,100184,204,99942,204,100281,204,99939,204,100596,204,99932,204,100604,100,99916,100,100689,100,99899,100,100741,100,99898,100,100751,100,99877,100,100778,100,99859,100,100789,100,99836,100
2019-06-28 09:48:00.300028899,100059,104,99973,204,100184,204,99942,204,100281,204,99939,204,100596,204,99932,204,100604,100,99916,100,100689,100,99899,100,100741,100,99898,100,100751,100,99877,100,100778,100,99859,100,100789,100,99836,100
2019-06-28 09:48:10.000000000,100184,183,99973,183,100281,183,99942,183,100596,183,99939,183,100604,183,99932,183,100689,183,99916,183,100741,100,99899,100,100751,100,99898,100,100778,100,99877,100,100789,100,99859,100,100867,100,99836,100
2019-06-28 09:48:13.616175381,100184,183,99973,183,100281,183,99942,183,100596,183,99939,183,100604,183,99932,183,100689,183,99916,183,100741,100,99899,100,100751,100,99898,100,100778,100,99877,100,100789,100,99859,100,100867,100,99836,100
2019-06-28 09:48:18.722015279,100184,83,99973,183,100281,183,99942,183,100596,183,99939,183,100604,183,99932,183,100689,183,99916,183,100741,100,99898,100,100751,100,99877,100,100778,100,99859,100,100789,100,99836,100,100867,100,99739,100
2019-06-28 09:48:20.000000000,100281,307,99973,307,100596,307,99942,307,100604,100,99939,100,100689,100,99932,100,100741,100,99916,100,100751,100,99898,100,100778,100,99877,100,100789,100,99859,100,100867,100,99836,100,100933,100,99739,100
2019-06-28 09:48:28.512792287,100281,307,100059,100,100596,307,99973,307,100604,100,99942,307,100689,100,99939,100,100741,100,99932,100,100751,100,99916,100,100778,100,99898,100,100789,100,99877,100,100867,100,99859,100,100933,100,99836,100
2019-06-28 09:48:30.000000000,100281,183,100059,183,100596,183,99973,183,100604,183,99942,183,100689,183,99939,183,100741,183,99932,183,100751,100,99916,100,100778,100,99898,100,100789,100,99877,100,100867,100,99859,100,100933,100,99836,100
2019-06-28 09:48:40.000000000,100281,204,100059,204,100596,204,99973,204,100604,204,99942,204,100689,204,99939,204,100741,100,99932,100,100751,100,99916,100,100778,100,99898,100,100789,100,99877,100,100867,100,99859,100,100933,100,99836,100
2019-06-28 09:48:50.000000000,100281,307,100059,307,100596,307,99973,307,100604,100,99942,100,100689,100,99939,100,100741,100,99932,100,100751,100,99916,100,100778,100,99898,100,100789,100,99877,100,100867,100,99859,100,100933,100,99836,100
2019-06-28 09:48:52.871785587,100281,207,100059,307,100596,307,99973,307,100604,100,99942,100,100689,100,99939,100,100741,100,99932,100,100751,100,99916,100,100778,100,99898,100,100789,100,99877,100,100867,100,99859,100,100933,100,99836,100
2019-06-28 09:48:58.586186953,100281,107,100059,307,100596,307,99973,307,100604,100,99942,100,100689,100,99939,100,100741,100,99932,100,100751,100,99916,100,100778,100,99898,100,100789,100,99877,100,100867,100,99859,100,100933,100,99836,100
2019-06-28 09:49:00.000000000,100596,183,100059,183,100604,183,99973,183,100689,183,99942,183,100741,183,99939,183,100751,183,99932,183,100778,100,99916,100,100789,100,99898,100,100867,100,99877,100,100933,100,99859,100,101014,100,99836,100
2019-06-28 09:49:10.000000000,100596,204,100059,204,100604,204,99973,204,100689,204,99942,204,100741,204,99939,204,100751,100,99932,100,100778,100,99916,100,100789,100,99898,100,100867,100,99877,100,100933,100,99859,100,101014,100,99836,100
2019-06-28 09:49:20.000000000,100596,514,100059,514,100604,100,99973,100,100689,100,99942,100,100741,100,99939,100,100751,100,99932,100,100778,100,99916,100,100789,100,99898,100,100867,100,99877,100,100933,100,99859,100,101014,100,99836,100
2019-06-28 09:49:30.000000000,100596,307,100059,307,100604,307,99973,307,100689,100,99942,100,100741,100,99939,100,100751,100,99932,100,100778,100,99916,100,100789,100,99898,100,100867,100,99877,100,100933,100,99859,100,101014,100,99836,100
2019-06-28 09:49:37.884559684,100280,100,100059,307,100596,307,99973,307,100604,307,99942,100,100689,100,99939,100,100741,100,99932,100,100751,100,99916,100,100778,100,99898,100,100789,100,99877,100,100867,100,99859,100,100933,100,99836,100
2019-06-28 09:49:40.000000000,100280,204,100059,204,100596,204,99973,204,100604,204,99942,204,100689,204,99939,204,100741,100,99932,100,100751,100,99916,100,100778,100,99898,100,100789,100,99877,100,100867,100,99859,100,100933,100,99836,100
2019-06-28 09:49:50.000000000,100280,307,100059,307,100596,307,99973,307,100604,100,99942,100,100689,100,99939,100,100741,100,99932,100,100751,100,99916,100,100778,100,99898,100,100789,100,99877,100,100867,100,99859,100,100933,100,99836,100
2019-06-28 09:49:51.816971799,100280,307,100059,207,100596,307,99973,307,100604,100,99942,100,100689,100,99939,100,100741,100,99932,100,100751,100,99916,100,100778,100,99898,100,100789,100,99877,100,100867,100,99859,100,100933,100,99836,100
2019-06-28 09:49:56.694244499,100280,307,100059,107,100596,307,99973,307,100604,100,99942,100,100689,100,99939,100,100741,100,99932,100,100751,100,99916,100,100778,100,99898,100,100789,100,99877,100,100867,100,99859,100,101014,100,99836,100
2019-06-28 09:50:00.000000000,100280,514,99973,514,100596,100,99942,100,100604,100,99939,100,100689,100,99932,100,100741,100,99916,100,100751,100,99898,100,100778,100,99877,100,100789,100,99859,100,100867,100,99836,100,101014,100,99739,100
2019-06-28 09:50:07.983925173,100280,514,99973,514,100596,100,99942,100,100604,100,99939,100,100689,100,99932,100,100741,100,99916,100,100751,100,99898,100,100778,100,99877,100,100789,100,99859,100,100867,100,99836,100,101014,100,99752,100
2019-06-28 09:50:10.000000000,100280,241,99973,241,100596,237,99942,237,100604,237,99939,237,100689,100,99932,100,100741,100,99916,100,100751,100,99898,100,100778,100,99877,100,100789,100,99859,100,100867,100,99836,100,101014,100,99752,100
2019-06-28 09:50:20.000000000,100280,183,99973,183,100596,183,99942,183,100604,183,99939,183,100689,183,99932,183,100741,183,99916,183,100751,100,99898,100,100778,100,99877,100,100789,100,99859,100,100867,100,99836,100,101014,100,99752,100
2019-06-28 09:50:30.000000000,100280,241,99973,241,100596,237,99942,237,100604,237,99939,237,100689,100,99932,100,100741,100,99916,100,100751,100,99898,100,100778,100,99877,100,100789,100,99859,100,100867,100,99836,100,101014,100,99752,100
2019-06-28 09:50:30.675739761,100280,241,99973,141,100596,237,99942,237,100604,237,99939,237,100689,100,99932,100,100741,100,99916,100,100751,100,99898,100,100778,100,99877,100,100789,100,99859,100,100867,100,99836,100,101014,100,99752,100
2019-06-28 09:50:40.000000000,100280,307,99942,307,100596,307,99939,307,100604,100,99932,100,100689,100,99916,100,100741,100,99898,100,100751,100,99877,100,100778,100,99859,100,100789,100,99836,100,100867,100,99752,100,101014,100,99739,100
2019-06-28 09:50:50.000000000,100280,183,99942,183,100596,183,99939,183,100604,183,99932,183,100689,183,99916,183,100741,183,99898,183,100751,100,99877,100,100778,100,99859,100,100789,100,99836,100,100867,100,99752,100,101014,100,99739,100
2019-06-28 09:50:59.628472014,100280,183,99942,183,100287,100,99939,183,100596,83,99932,183,100604,183,99916,183,100689,183,99898,183,100741,183,99877,100,100751,100,99859,100,100778,100,99836,100,100789,100,99752,100,100867,100,99739,100
2019-06-28 09:51:00.000000000,100280,241,99942,241,100287,237,99939,237,100604,237,99932,237,100689,100,99916,100,100741,100,99898,100,100751,100,99877,100,100778,100,99859,100,100789,100,99836,100,100867,100,99752,100,101014,100,99739,100
2019-06-28 09:51:07.259176960,100280,241,100013,100,100287,237,99942,241,100604,237,99939,237,100689,100,99932,237,100741,100,99916,100,100751,100,99898,100,100778,100,99877,100,100789,100,99859,100,100867,100,99836,100,101014,100,99752,100
2019-06-28 09:51:08.139246893,100071,100,100013,100,100280,241,99942,241,100287,237,99939,237,100604,237,99932,237,100689,100,99916,100,100741,100,99898,100,100751,100,99877,100,100778,100,99859,100,100789,100,99836,100,100867,100,99752,100
2019-06-28 09:51:09.364780646,100071,100,100013,100,100076,100,99942,241,100280,241,99939,237,100287,237,99932,237,100604,237,99916,100,100689,100,99898,100,100741,100,99877,100,100751,100,99859,100,100778,100,99836,100,100789,100,99752,100
2019-06-28 09:51:10.000000000,100071,514,100013,514,100076,100,99942,100,100280,100,99939,100,100287,100,99932,100,100604,100,99916,100,100689,100,99898,100,100741,100,99877,100,100751,100,99859,100,100778,100,99836,100,100789,100,99752,100
2019-06-28 09:51:19.935720380,100071,414,100013,514,100076,100,99942,100,100280,100,99939,100,100287,100,99932,100,100604,100,99916,100,100689,100,99898,100,100741,100,99877,100,100751,100,99859,100,100778,100,99836,100,100789,100,99752,100
2019-06-28 09:51:20.000000000,100076,204,100013,204,100280,204,99942,204,100287,204,99939,204,100604,204,99932,204,100689,100,99916,100,100741,100,99898,100,100751,100,99877,100,100778,100,99859,100,100789,100,99836,100,100867,100,99752,100
2019-06-28 09:51:23.166670152,100076,204,100013,204,100280,204,99974,100,100287,204,99942,204,100604,204,99939,204,100689,100,99932,204,100741,100,99916,100,100751,100,99898,100,100778,100,99877,100,100789,100,99859,100,100867,100,99836,100
2019-06-28 09:51:30.000000000,100076,307,100013,307,100280,307,99974,307,100287,100,99942,100,100604,100,99939,100,100689,100,99932,100,100741,100,99916,100,100751,100,99898,100,100778,100,99877,100,100789,100,99859,100,100867,100,99836,100
2019-06-28 09:51:40.000000000,100076,307,100013,307,100280,307,99974,307,100287,100,99942,100,100604,100,99939,100,100689,100,99932,100,100741,100,99916,100,100751,100,99898,100,100778,100,99877,100,100789,100,99859,100,100867,100,99836,100
2019-06-28 09:51:40.422363393,100076,207,100013,307,100280,307,99974,307,100287,100,99942,100,100604,100,99939,100,100689,100,99932,100,100741,100,99916,100,100751,100,99898,100,100778,100,99877,100,100789,100,99859,100,100867,100,99836,100
2019-06-28 09:51:50.000000000,100280,204,100013,204,100287,204,99974,204,100604,204,99942,204,100689,204,99939,204,100741,100,99932,100,100751,100,99916,100,100778,100,99898,100,100789,100,99877,100,100867,100,99859,100,101014,100,99836,100
2019-06-28 09:52:00.000000000,100280,514,100013,514,100287,100,99974,100,100604,100,99942,100,100689,100,99939,100,100741,100,99932,100,100751,100,99916,100,100778,100,99898,100,100789,100,99877,100,100867,100,99859,100,101014,100,99836,100
2019-06-28 09:52:10.000000000,100280,307,100013,307,100287,307,99974,307,100604,100,99942,100,100689,100,99939,100,100741,100,99932,100,100751,100,99916,100,100778,100,99898,100,100789,100,99877,100,100867,100,99859,100,101014,100,99836,100
2019-06-28 09:52:20.000000000,100280,307,100013,307,100287,307,99974,307,100604,100,99942,100,100689,100,99939,100,100741,100,99932,100,100751,100,99916,100,100778,100,99898,100,100789,100,99877,100,100867,100,99859,100,101014,100,99836,100
2019-06-28 09:52:26.301504928,100280,307,100013,307,100287,307,99974,307,100604,100,99955,100,100689,100,99942,100,100741,100,99939,100,100751,100,99932,100,100778,100,99916,100,100789,100,99898,100,100867,100,99877,100,101014,100,99859,100
2019-06-28 09:52:30.000000000,100280,307,100013,307,100287,307,99974,307,100604,100,99955,100,100689,100,99942,100,100741,100,99939,100,100751,100,99932,100,100778,100,99916,100,100789,100,99898,100,100867,100,99877,100,101014,100,99859,100
2019-06-28 09:52:33.021532660,100280,307,100013,307,100287,307,99999,100,100604,100,99974,307,100689,100,99955,100,100741,100,99942,100,100751,100,99939,100,100778,100,99932,100,100789,100,99898,100,100867,100,99877,100,101014,100,99859,100
2019-06-28 09:52:40.000000000,100280,241,100013,241,100287,237,99999,237,100604,237,99974,237,100689,100,99955,100,100741,100,99942,100,100751,100,99939,100,100778,100,99932,100,100789,100,99898,100,100867,100,99877,100,101014,100,99859,100
2019-06-28 09:52:43.783602663,100280,241,100013,241,100287,237,99999,237,100425,100,99974,237,100604,237,99955,100,100689,100,99942,100,100741,100,99939,100,100751,100,99932,100,100778,100,99898,100,100789,100,99877,100,100867,100,99859,100
2019-06-28 09:52:48.889132120,100070,100,100013,241,100280,241,99999,237,100287,237,99974,237,100425,100,99955,100,100604,237,99942,100,100689,100,99939,100,100741,100,99932,100,100751,100,99898,100,100778,100,99877,100,100789,100,99859,100
2019-06-28 09:52:50.000000000,100070,514,100013,514,100280,100,99999,100,100287,100,99974,100,100425,100,99955,100,100604,100,99942,100,100689,100,99939,100,100741,100,99932,100,100751,100,99898,100,100778,100,99877,100,100789,100,99859,100
2019-06-28 09:53:00.000000000,100070,307,100013,307,100280,307,99999,307,100287,100,99974,100,100425,100,99955,100,100604,100,99942,100,100689,100,99939,100,100741,100,99932,100,100751,100,99898,100,100778,100,99877,100,100789,100,99859,100
2019-06-28 09:53:04.911230427,100070,207,100013,207,100280,307,99999,307,100287,100,99974,100,100425,100,99955,100,100604,100,99942,100,100689,100,99939,100,100741,100,99932,100,100751,100,99898,100,100778,100,99877,100,100789,100,99859,100
2019-06-28 09:53:10.000000000,100280,183,99999,183,100287,183,99974,183,100425,183,99955,183,100604,183,99942,183,100689,183,99939,183,100741,100,99932,100,100751,100,99898,100,100778,100,99877,100,100789,100,99859,100,100867,100,99752,100
2019-06-28 09:53:20.000000000,100280,514,99999,514,100287,100,99974,100,100425,100,99955,100,100604,100,99942,100,100689,100,99939,100,100741,100,99932,100,100751,100,99898,100,100778,100,99877,100,100789,100,99859,100,100867,100,99752,100
2019-06-28 09:53:30.000000000,100280,204,99999,204,100287,204,99974,204,100425,204,99955,204,100604,204,99942,204,100689,100,99939,100,100741,100,99932,100,100751,100,99898,100,100778,100,99877,100,100789,100,99859,100,100867,100,99752,100
2019-06-28 09:53:40.000000000,100280,307,99999,307,100287,307,99974,307,100425,100,99955,100,100604,100,99942,100,100689,100,99939,100,100741,100,99932,100,100751,100,99898,100,100778,100,99877,100,100789,100,99859,100,100867,100,99752,100
2019-06-28 09:53:50.000000000,100280,241,99999,241,100287,237,99974,237,100425,237,99955,237,100604,100,99942,100,100689,100,99939,100,100741,100,99932,100,100751,100,99898,100,100778,100,99877,100,100789,100,99859,100,100867,100,99752,100
2019-06-28 09:54:00.000000000,100280,183,99999,183,100287,183,99974,183,100425,183,99955,183,100604,183,99942,183,100689,183,99939,183,100741,100,99932,100,100751,100,99898,100,100778,100,99877,100,100789,100,99859,100,100867,100,99752,100
2019-06-28 09:54:10.000000000,100280,204,99999,204,100287,204,99974,204,100425,204,99955,204,100604,204,99942,204,100689,100,99939,100,100741,100,99932,100,100751,100,99898,100,100778,100,99877,100,100789,100,99859,100,100867,100,99752,100
2019-06-28 09:54:18.922223545,100280,104,99999,204,100287,204,99974,204,100425,204,99955,204,100604,204,99942,204,100689,100,99939,100,100741,100,99932,100,100751,100,99898,100,100778,100,99877,100,100789,100,99859,100,100867,100,99752,100
2019-06-28 09:54:20.000000000,100287,183,99999,183,100425,183,99974,183,100604,183,99955,183,100689,183,99942,183,100741,183,99939,183,100751,100,99932,100,100778,100,99898,100,100789,100,99877,100,100867,100,99859,100,101014,100,99752,100
2019-06-28 09:54:20.554297082,100287,83,99999,183,100425,183,99974,183,100604,183,99955,183,100689,183,99942,183,100741,183,99939,183,100751,100,99932,100,100778,100,99898,100,100789,100,99877,100,100867,100,99859,100,101014,100,99752,100
2019-06-28 09:54:30.000000000,100425,204,99999,204,100604,204,99974,204,100689,204,99955,204,100741,204,99942,204,100751,100,99939,100,100778,100,99932,100,100789,100,99898,100,100867,100,99877,100,101014,100,99859,100,,,99752,100
2019-06-28 09:54:31.727199282,100425,104,99999,204,100604,204,99974,204,100689,204,99955,204,100741,204,99942,204,100751,100,99939,100,100778,100,99932,100,100789,100,99898,100,100867,100,99877,100,101014,100,99859,100,,,99752,100
2019-06-28 09:54:40.000000000,100604,514,99999,514,100689,100,99974,100,100741,100,99955,100,100751,100,99942,100,100778,100,99939,100,100789,100,99932,100,100867,100,99898,100,101014,100,99877,100,,,99859,100,,,99752,100
2019-06-28 09:54:49.365461990,100561,100,99999,514,100604,514,99974,100,100689,100,99955,100,100741,100,99942,100,100751,100,99939,100,100778,100,99932,100,100789,100,99898,100,100867,100,99877,100,101014,100,99859,100,,,99752,100
2019-06-28 09:54:50.000000000,100561,241,99999,241,100604,237,99974,237,100689,237,99955,237,100741,100,99942,100,100751,100,99939,100,100778,100,99932,100,100789,100,99898,100,100867,100,99877,100,101014,100,99859,100,,,99752,100
2019-06-28 09:54:58.338927495,100561,241,99999,241,100604,237,99974,237,100689,237,99955,237,100724,100,99939,100,100741,100,99932,100,100751,100,99898,100,100778,100,99877,100,100789,100,99859,100,100867,100,99752,100,101014,100,99739,100
2019-06-28 09:55:00.000000000,100561,307,99999,307,100604,307,99974,307,100689,100,99955,100,100724,100,99939,100,100741,100,99932,100,100751,100,99898,100,100778,100,99877,100,100789,100,99859,100,100867,100,99752,100,101014,100,99739,100
2019-06-28 09:55:10.000000000,100561,241,99999,241,100604,237,99974,237,100689,237,99955,237,100724,100,99939,100,100741,100,99932,100,100751,100,99898,100,100778,100,99877,100,100789,100,99859,100,100867,100,99752,100,101014,100,99739,100
2019-06-28 09:55:13.643449974,100561,241,99999,241,100604,237,99974,237,100689,237,99955,237,100724,100,99939,100,100741,100,99932,100,100751,100,99898,100,100778,100,99877,100,100789,100,99859,100,100830,100,99752,100,100867,100,99739,100
2019-06-28 09:55:20.000000000,100561,204,99999,204,100604,204,99974,204,100689,204,99955,204,100724,204,99939,204,100741,100,99932,100,100751,100,99898,100,100778,100,99877,100,100789,100,99859,100,100830,100,99752,100,100867,100,99739,100
2019-06-28 09:55:29.306895997,100561,204,100287,100,100604,204,99999,204,100689,204,99974,104,100724,204,99955,204,100741,100,99939,204,100751,100,99932,100,100778,100,99898,100,100789,100,99877,100,100830,100,99859,100,100867,100,99752,100
2019-06-28 09:55:30.000000000,100561,514,100287,514,100604,100,99999,100,100689,100,99955,100,100724,100,99939,100,100741,100,99932,100,100751,100,99898,100,100778,100,99877,100,100789,100,99859,100,100830,100,99752,100,100867,100,99739,100
2019-06-28 09:55:40.000000000,100561,183,100287,183,100604,183,99999,183,100689,183,99955,183,100724,183,99939,183,100741,183,99932,183,100751,100,99898,100,100778,100,99877,100,100789,100,99859,100,100830,100,99752,100,100867,100,99739,100
2019-06-28 09:55:50.000000000,100561,204,100287,204,100604,204,99999,204,100689,204,99955,204,100724,204,99939,204,100741,100,99932,100,100751,100,99898,100,100778,100,99877,100,100789,100,99859,100,100830,100,99752,100,100867,100,99739,100
2019-06-28 09:55:51.039734771,100561,104,100287,204,100604,204,99999,204,100689,204,99955,204,100724,204,99939,204,100741,100,99932,100,100751,100,99898,100,100778,100,99877,100,100789,100,99859,100,100830,100,99752,100,100867,100,99341,100
2019-06-28 09:56:00.000000000,100604,241,100287,241,100689,237,99999,237,100724,237,99955,237,100741,100,99939,100,100751,100,99932,100,100778,100,99898,100,100789,100,99877,100,100830,100,99859,100,100867,100,99752,100,101014,100,99341,100
2019-06-28 09:56:09.397179194,100604,241,100287,241,100689,237,99999,237,100724,237,99955,237,100741,100,99939,100,100751,100,99932,100,100778,100,99898,100,100789,100,99877,100,100830,100,99859,100,100833,100,99752,100,100867,100,99341,100
2019-06-28 09:56:10.000000000,100604,307,100287,307,100689,307,99999,307,100724,100,99955,100,100741,100,99939,100,100751,100,99932,100,100778,100,99898,100,100789,100,99877,100,100830,100,99859,100,100833,100,99752,100,100867,100,99341,100
2019-06-28 09:56:19.030467469,100604,307,100287,307,100689,307,99999,307,100724,100,99955,100,100741,100,99939,100,100751,100,99932,100,100778,100,99898,100,100789,100,99877,100,100830,100,99859,100,100833,100,99752,100,100853,100,99341,100
2019-06-28 09:56:20.000000000,100604,183,100287,183,100689,183,99999,183,100724,183,99955,183,100741,183,99939,183,100751,183,99932,183,100778,100,99898,100,100789,100,99877,100,100830,100,99859,100,100833,100,99752,100,100853,100,99341,100
2019-06-28 09:56:22.566062368,100604,183,100425,100,100689,183,100287,183,100724,183,99999,183,100741,183,99955,183,100751,183,99939,183,100778,100,99932,183,100789,100,99898,100,100830,100,99877,100,100833,100,99859,100,100853,100,99752,100
2019-06-28 09:56:30.000000000,100604,183,100425,183,100689,183,100287,183,100724,183,99999,183,100741,183,99955,183,100751,183,99939,183,100778,100,99932,100,100789,100,99898,100,100830,100,99877,100,100833,100,99859,100,100853,100,99752,100
2019-06-28 09:56:34.564082929,100604,183,100425,183,100689,183,100287,183,100724,183,99999,183,100741,183,99955,183,100751,183,99939,183,100778,100,99932,100,100789,100,99898,100,100830,100,99877,100,100833,100,99859,100,100853,100,99752,100
2019-06-28 09:56:38.924195039,100604,183,100425,183,100689,183,100287,183,100724,183,99999,183,100741,183,99955,183,100751,183,99939,183,100778,100,99932,100,100789,100,99898,100,100830,100,99877,100,100833,100,99859,100,100853,100,99752,100
2019-06-28 09:56:40.000000000,100604,183,100425,183,100689,183,100287,183,100724,183,99999,183,100741,183,99955,183,100751,183,99939,183,100778,100,99932,100,100789,100,99898,100,100830,100,99877,100,100833,100,99859,100,100853,100,99752,100
2019-06-28 09:56:47.572437566,100604,83,100425,183,100689,183,100287,183,100724,183,99999,183,100741,183,99955,183,100751,183,99939,183,100778,100,99932,100,100789,100,99898,100,100830,100,99877,100,100833,100,99859,100,100853,100,99752,100
2019-06-28 09:56:50.000000000,100689,307,100425,307,100724,307,100287,307,100741,100,99999,100,100751,100,99955,100,100778,100,99939,100,100789,100,99932,100,100830,100,99898,100,100833,100,99877,100,100853,100,99859,100,101014,100,99752,100
2019-06-28 09:57:00.000000000,100689,183,100425,183,100724,183,100287,183,100741,183,99999,183,100751,183,99955,183,100778,183,99939,183,100789,100,99932,100,100830,100,99898,100,100833,100,99877,100,100853,100,99859,100,101014,100,99752,100
2019-06-28 09:57:09.345403098,100689,183,100425,183,100724,183,100287,183,100741,183,99999,183,100751,183,99955,183,100778,183,99939,183,100789,100,99932,100,100830,100,99898,100,100833,100,99877,100,100853,100,99859,100,101014,100,99752,100
2019-06-28 09:57:10.000000000,100689,241,100425,241,100724,237,100287,237,100741,237,99999,237,100751,100,99955,100,100778,100,99939,100,100789,100,99932,100,100830,100,99898,100,100833,100,99877,100,100853,100,99859,100,101014,100,99752,100
2019-06-28 09:57:11.604849725,100689,241,100561,100,100724,237,100425,241,100741,237,100287,237,100751,100,99999,237,100778,100,99955,100,100789,100,99939,100,100830,100,99932,100,100833,100,99898,100,100853,100,99877,100,101014,100,99859,100
2019-06-28 09:57:20.000000000,100689,183,100561,183,100724,183,100425,183,100741,183,100287,183,100751,183,99999,183,100778,183,99955,183,100789,100,99939,100,100830,100,99932,100,100833,100,99898,100,100853,100,99877,100,101014,100,99859,100
2019-06-28 09:57:22.072610952,100689,183,100561,283,100724,183,100425,183,100741,183,100287,183,100751,183,99999,183,100778,183,99955,183,100789,100,99939,100,100830,100,99932,100,100833,100,99898,100,100853,100,99877,100,101014,100,99859,100
2019-06-28 09:57:30.000000000,100689,183,100561,283,100724,183,100425,183,100741,183,100287,183,100751,183,99999,183,100778,183,99955,183,100789,100,99939,100,100830,100,99932,100,100833,100,99898,100,100853,100,99877,100,101014,100,99859,100
2019-06-28 09:57:31.107457446,100689,183,100561,283,100724,183,100425,183,100741,183,100287,183,100751,183,99999,183,100778,183,99955,183,100789,100,99939,100,100830,100,99932,100,100833,100,99898,100,100853,100,99859,100,101014,100,99752,100
2019-06-28 09:57:36.644973397,100689,83,100561,283,100724,183,100425,183,100741,183,100287,183,100751,183,99999,183,100778,183,99955,183,100789,100,99939,100,100830,100,99898,100,100833,100,99859,100,100853,100,99752,100,101014,100,99341,100
2019-06-28 09:57:40.000000000,100724,307,100561,407,100741,307,100425,307,100751,100,100287,100,100778,100,99999,100,100789,100,99955,100,100830,100,99939,100,100833,100,99898,100,100853,100,99859,100,101014,100,99752,100,101026,100,99341,100
2019-06-28 09:57:40.395896023,100724,207,100561,407,100741,307,100425,307,100751,100,100287,100,100778,100,99999,100,100789,100,99955,100,100830,100,99939,100,100833,100,99898,100,100853,100,99859,100,101014,100,99752,100,101026,100,99341,100
2019-06-28 09:57:45.214213969,100724,207,100561,407,100741,307,100425,307,100751,100,100287,100,100778,100,99999,100,100789,100,99955,100,100830,100,99939,100,100833,100,99898,100,100853,100,99859,100,101014,100,99752,100,101026,100,99341,100
2019-06-28 09:57:50.000000000,100741,307,100561,407,100751,307,100425,307,100778,100,100287,100,100789,100,99999,100,100830,100,99955,100,100833,100,99939,100,100853,100,99898,100,101014,100,99859,100,101026,100,99752,100,101039,100,99341,100
2019-06-28 09:58:00.000000000,100741,307,100561,407,100751,307,100425,307,100778,100,100287,100,100789,100,99999,100,100830,100,99955,100,100833,100,99939,100,100853,100,99898,100,101014,100,99859,100,101026,100,99752,100,101039,100,99341,100
2019-06-28 09:58:10.000000000,100741,514,100561,614,100751,100,100425,100,100778,100,100287,100,100789,100,99999,100,100830,100,99955,100,100833,100,99939,100,100853,100,99898,100,101014,100,99859,100,101026,100,99752,100,101039,100,99341,100
2019-06-28 09:58:20.000000000,100741,183,100561,283,100751,183,100425,183,100778,183,100287,183,100789,183,99999,183,100830,183,99955,183,100833,100,99939,100,100853,100,99898,100,101014,100,99859,100,101026,100,99752,100,101039,100,99341,100
2019-06-28 09:58:22.427158054,100741,183,100561,283,100751,183,100425,283,100778,183,100287,183,100789,83,99999,183,100830,183,99955,183,100833,100,99939,100,100853,100,99898,100,101014,100,99859,100,101026,100,99752,100,101039,100,99341,100
2019-06-28 09:58:30.000000000,100741,241,100561,341,100751,237,100425,337,100778,237,100287,237,100830,100,99999,100,100833,100,99955,100,100853,100,99939,100,101014,100,99898,100,101026,100,99859,100,101039,100,99752,100,101041,100,99341,100
2019-06-28 09:58:40.000000000,100741,241,100561,341,100751,237,100425,337,100778,237,100287,237,100830,100,99999,100,100833,100,99955,100,100853,100,99939,100,101014,100,99898,100,101026,100,99859,100,101039,100,99752,100,101041,100,99341,100
2019-06-28 09:58:50.000000000,100741,307,100561,407,100751,307,100425,407,100778,100,100287,100,100830,100,99999,100,100833,100,99955,100,100853,100,99939,100,101014,100,99898,100,101026,100,99859,100,101039,100,99752,100,101041,100,99341,100
2019-06-28 09:59:00.000000000,100741,204,100561,304,100751,204,100425,304,100778,204,100287,204,100830,204,99999,204,100833,100,99955,100,100853,100,99939,100,101014,100,99898,100,101026,100,99859,100,101039,100,99752,100,101041,100,99341,100
2019-06-28 09:59:04.613697912,100741,204,100561,304,100751,204,100425,304,100769,100,100287,204,100778,204,99999,204,100830,204,99955,100,100833,100,99939,100,100853,100,99898,100,101014,100,99859,100,101026,100,99752,100,101039,100,99341,100
2019-06-28 09:59:10.000000000,100741,241,100561,341,100751,237,100425,337,100769,237,100287,237,100778,100,99999,100,100830,100,99955,100,100833,100,99939,100,100853,100,99898,100,101014,100,99859,100,101026,100,99752,100,101039,100,99341,100
2019-06-28 09:59:20.000000000,100741,183,100561,283,100751,183,100425,283,100769,183,100287,183,100778,183,99999,183,100830,183,99955,183,100833,100,99939,100,100853,100,99898,100,101014,100,99859,100,101026,100,99752,100,101039,100,99341,100
2019-06-28 09:59:30.000000000,100741,183,100561,283,100751,183,100425,283,100769,183,100287,183,100778,183,99999,183,100830,183,99955,183,100833,100,99939,100,100853,100,99898,100,101014,100,99859,100,101026,100,99752,100,101039,100,99341,100
2019-06-28 09:59:40.000000000,100741,514,100561,614,100751,100,100425,200,100769,100,100287,100,100778,100,99999,100,100830,100,99955,100,100833,100,99939,100,100853,100,99898,100,101014,100,99859,100,101026,100,99752,100,101039,100,99341,100
2019-06-28 09:59:44.220795500,100741,414,100561,614,100751,100,100425,200,100769,100,100287,100,100778,100,99999,100,100830,100,99955,100,100833,100,99939,100,100853,100,99898,100,101014,100,99859,100,101026,100,99752,100,101039,100,99341,100
2019-06-28 09:59:44.804412491,100741,314,100561,614,100751,100,100425,200,100769,100,100287,100,100778,100,99999,100,100830,100,99955,100,100833,100,99939,100,100853,100,99898,100,101014,100,99859,100,101026,100,99752,100,101039,100,99341,100
2019-06-28 09:59:50.000000000,100751,514,100561,614,100769,100,100425,200,100778,100,100287,100,100830,100,99999,100,100833,100,99955,100,100853,100,99939,100,101014,100,99898,100,101026,100,99859,100,101039,100,99752,100,101041,100,99341,100
2019-06-28 10:00:00.000000000,100751,307,100561,407,100769,307,100425,407,100778,100,100287,100,100830,100,99999,100,100833,100,99955,100,100853,100,99939,100,101014,100,99898,100,101026,100,99859,100,101039,100,99752,100,101041,100,99341,100
2019-06-28 10:00:10.000000000,100751,241,100561,341,100769,237,100425,337,100778,237,100287,237,100830,100,99999,100,100833,100,99955,100,100853,100,99939,100,101014,100,99898,100,101026,100,99859,100,101039,100,99752,100,101041,100,99341,100
2019-06-28 10:00:20.000000000,100751,307,100561,407,100769,307,100425,407,100778,100,100287,100,100830,100,99999,100,100833,100,99955,100,100853,100,99939,100,101014,100,99898,100,101026,100,99859,100,101039,100,99752,100,101041,100,99341,100
2019-06-28 10:00:30.000000000,100751,307,100561,407,100769,307,100425,407,100778,100,100287,100,100830,100,99999,100,100833,100,99955,100,100853,100,99939,100,101014,100,99898,100,101026,100,99859,100,101039,100,99752,100,101041,100,99341,100
2019-06-28 10:00:33.780667585,100751,307,100561,407,100769,307,100425,407,100778,100,100287,100,100830,100,99999,100,100833,100,99955,100,100853,100,99939,100,101014,100,99898,100,101026,100,99859,100,101039,100,99752,100,101040,100,99341,100
2019-06-28 10:00:40.000000000,100751,183,100561,283,100769,183,100425,283,100778,183,100287,183,100830,183,99999,183,100833,183,99955,183,100853,100,99939,100,101014,100,99898,100,101026,100,99859,100,101039,100,99752,100,101040,100,99341,100
2019-06-28 10:00:50.000000000,100751,183,100561,283,100769,183,100425,283,100778,183,100287,183,100830,183,99999,183,100833,183,99955,183,100853,100,99939,100,101014,100,99898,100,101026,100,99859,100,101039,100,99752,100,101040,100,99341,100
2019-06-28 10:01:00.000000000,100751,307,100561,407,100769,307,100425,407,100778,100,100287,100,100830,100,99999,100,100833,100,99955,100,100853,100,99939,100,101014,100,99898,100,101026,100,99859,100,101039,100,99752,100,101040,100,99341,100
2019-06-28 10:01:10.000000000,100751,307,100561,407,100769,307,100425,407,100778,100,100287,100,100830,100,99999,100,100833,100,99955,100,100853,100,99939,100,101014,100,99898,100,101026,100,99859,100,101039,100,99752,100,101040,100,99341,100
2019-06-28 10:01:13.080971339,100751,307,100561,407,100769,307,100425,407,100778,100,100309,100,100830,100,100287,100,100833,100,99999,100,100853,100,99955,100,101014,100,99939,100,101026,100,99898,100,101039,100,99859,100,101040,100,99341,100
2019-06-28 10:01:17.404372997,100751,307,100561,407,100769,307,100425,407,100778,100,100309,100,100830,100,100287,100,100833,100,100204,100,100853,100,99999,100,101014,100,99955,100,101026,100,99939,100,101039,100,99898,100,101040,100,99859,100
2019-06-28 10:01:20.000000000,100751,241,100561,341,100769,237,100425,337,100778,237,100309,237,100830,100,100287,100,100833,100,100204,100,100853,100,99999,100,101014,100,99955,100,101026,100,99939,100,101039,100,99898,100,101040,100,99859,100
2019-06-28 10:01:30.000000000,100751,183,100561,283,100769,183,100425,283,100778,183,100309,183,100830,183,100287,183,100833,183,100204,183,100853,100,99999,100,101014,100,99955,100,101026,100,99939,100,101039,100,99898,100,101040,100,99859,100
2019-06-28 10:01:33.367409833,100751,183,100561,283,100769,183,100425,283,100778,183,100309,183,100830,183,100287,183,100833,183,100204,83,100853,100,100095,100,101014,100,99999,100,101026,100,99955,100,101039,100,99939,100,101040,100,99898,100
2019-06-28 10:01:40.000000000,100751,307,100561,407,100769,307,100425,407,100778,100,100309,100,100830,100,100287,100,100833,100,100095,100,100853,100,99999,100,101014,100,99955,100,101026,100,99939,100,101039,100,99898,100,101040,100,99859,100
2019-06-28 10:01:42.980711361,100751,307,100561,407,100769,307,100451,100,100778,100,100425,407,100830,100,100309,100,100833,100,100287,100,100853,100,100095,100,101014,100,99999,100,101026,100,99955,100,101039,100,99939,100,101040,100,99898,100
2019-06-28 10:01:50.000000000,100751,183,100561,283,100769,183,100451,183,100778,183,100425,283,100830,183,100309,183,100833,183,100287,183,100853,100,100095,100,101014,100,99999,100,101026,100,99955,100,101039,100,99939,100,101040,100,99898,100
2019-06-28 10:02:00.000000000,100751,241,100561,341,100769,237,100451,237,100778,237,100425,337,100830,100,100309,100,100833,100,100287,100,100853,100,100095,100,101014,100,99999,100,101026,100,99955,100,101039,100,99939,100,101040,100,99898,100
2019-06-28 10:02:10.000000000,100751,514,100561,614,100769,100,100451,100,100778,100,100425,200,100830,100,100309,100,100833,100,100287,100,100853,100,100095,100,101014,100,99999,100,101026,100,99955,100,101039,100,99939,100,101040,100,99898,100
2019-06-28 10:02:10.102543123,100751,514,100561,514,100769,100,100451,100,100778,100,100425,200,100830,100,100309,100,100833,100,100287,100,100853,100,100095,100,101014,100,99999,100,101026,100,99955,100,101039,100,99939,100,101040,100,99898,100
2019-06-28 10:02:14.082460463,100751,514,100561,514,100769,100,100451,100,100778,100,100425,200,100830,100,100309,100,100833,100,100287,100,100853,100,100116,100,101014,100,100095,100,101026,100,99999,100,101039,100,99955,100,101040,100,99939,100
2019-06-28 10:02:20.000000000,100751,204,100561,204,100769,204,100451,204,100778,204,100425,304,100830,204,100309,204,100833,100,100287,100,100853,100,100116,100,101014,100,100095,100,101026,100,99999,100,101039,100,99955,100,101040,100,99939,100
2019-06-28 10:02:25.902820167,100751,204,100561,204,100769,204,100451,204,100778,204,100425,304,100830,204,100309,204,100833,100,100287,100,100853,100,100116,100,101014,100,100095,100,101026,100,100027,100,101039,100,99999,100,101040,100,99955,100
2019-06-28 10:02:30.000000000,100751,514,100561,514,100769,100,100451,100,100778,100,100425,200,100830,100,100309,100,100833,100,100287,100,100853,100,100116,100,101014,100,100095,100,101026,100,100027,100,101039,100,99999,100,101040,100,99955,100
2019-06-28 10:02:33.150780740,100751,514,100561,414,100769,100,100451,100,100778,100,100425,200,100830,100,100309,100,100833,100,100287,100,100853,100,100116,100,101014,100,100095,100,101026,100,100027,100,101039,100,99999,100,101040,100,99955,100
2019-06-28 10:02:40.000000000,100751,241,100451,241,100769,237,100425,337,100778,237,100309,237,100830,100,100287,100,100833,100,100116,100,100853,100,100095,100,101014,100,100027,100,101026,100,99999,100,101039,100,99955,100,101040,100,99939,100
2019-06-28 10:02:41.377243048,100751,241,100451,241,100769,237,100425,337,100778,237,100309,237,100830,100,100287,100,100833,100,100116,100,101014,100,100095,100,101026,100,100027,100,101039,100,99999,100,101040,100,99955,100,101075,100,99939,100
2019-06-28 10:02:50.000000000,100751,241,100451,241,100769,237,100425,337,100778,237,100309,237,100830,100,100287,100,100833,100,100116,100,101014,100,100095,100,101026,100,100027,100,101039,100,99999,100,101040,100,99955,100,101075,100,99939,100
2019-06-28 10:03:00.000000000,100751,307,100451,307,100769,307,100425,407,100778,100,100309,100,100830,100,100287,100,100833,100,100116,100,101014,100,100095,100,101026,100,100027,100,101039,100,99999,100,101040,100,99955,100,101075,100,99939,100
2019-06-28 10:03:10.000000000,100751,183,100451,183,100769,183,100425,283,100778,183,100309,183,100830,183,100287,183,100833,183,100116,183,101014,100,100095,100,101026,100,100027,100,101039,100,99999,100,101040,100,99955,100,101075,100,99939,100
2019-06-28 10:03:15.453082804,100751,183,100451,83,100769,183,100425,283,100778,183,100309,183,100830,183,100287,183,100833,183,100116,183,101014,100,100095,100,101026,100,100027,100,101039,100,99999,100,101040,100,99955,100,101129,100,99939,100
2019-06-28 10:03:20.000000000,100751,204,100425,304,100769,204,100309,204,100778,204,100287,204,100830,204,100116,204,100833,100,100095,100,101014,100,100027,100,101026,100,99999,100,101039,100,99955,100,101040,100,99939,100,101129,100,99898,100
2019-06-28 10:03:26.787999927,100751,104,100425,204,100769,204,100309,204,100778,204,100287,204,100830,204,100116,204,100833,100,100095,100,101014,100,100027,100,101026,100,99999,100,101039,100,99955,100,101040,100,99939,100,101129,100,99898,100
2019-06-28 10:03:30.000000000,100769,241,100425,241,100778,237,100309,237,100830,237,100287,237,100833,100,100116,100,101014,100,100095,100,101026,100,100027,100,101039,100,99999,100,101040,100,99955,100,101129,100,99939,100,,,99898,100
2019-06-28 10:03:32.916905977,100769,241,100425,241,100778,237,100309,237,100830,237,100287,237,100833,100,100184,100,101014,100,100116,100,101026,100,100095,100,101039,100,100027,100,101040,100,99999,100,101129,100,99955,100,,,99939,100
2019-06-28 10:03:40.000000000,100769,204,100425,204,100778,204,100309,204,100830,204,100287,204,100833,204,100184,204,101014,100,100116,100,101026,100,100095,100,101039,100,100027,100,101040,100,99999,100,101129,100,99955,100,,,99939,100
2019-06-28 10:03:50.000000000,100769,204,100425,204,100778,204,100309,204,100830,204,100287,204,100833,204,100184,204,101014,100,100116,100,101026,100,100095,100,101039,100,100027,100,101040,100,99999,100,101129,100,99955,100,,,99939,100
2019-06-28 10:04:00.000000000,100769,204,100425,204,100778,204,100309,204,100830,204,100287,204,100833,204,100184,204,101014,100,100116,100,101026,100,100095,100,101039,100,100027,100,101040,100,99999,100,101129,100,99955,100,,,99939,100
2019-06-28 10:04:00.498406614,100769,204,100425,104,100778,204,100309,204,100830,204,100287,204,100833,204,100184,204,101014,100,100116,100,101026,100,100095,100,101039,100,100027,100,101040,100,99999,100,101129,100,99955,100,,,99939,100
2019-06-28 10:04:10.000000000,100769,204,100309,204,100778,204,100287,204,100830,204,100184,204,100833,204,100116,204,101014,100,100095,100,101026,100,100027,100,101039,100,99999,100,101040,100,99955,100,101129,100,99939,100,,,99898,100
2019-06-28 10:04:16.015910946,100769,204,100309,104,100778,204,100287,204,100830,204,100184,204,100833,204,100116,204,101014,100,100095,100,101026,100,100027,100,101039,100,99999,100,101040,100,99955,100,101129,100,99939,100,,,99898,100
2019-06-28 10:04:20.000000000,100769,307,100287,307,100778,307,100184,307,100830,100,100116,100,100833,100,100095,100,101014,100,100027,100,101026,100,99999,100,101039,100,99955,100,101040,100,99939,100,101129,100,99898,100,,,99859,100
2019-06-28 10:04:21.151108241,100769,307,100287,207,100778,307,100184,307,100830,100,100116,100,100833,100,100095,100,101014,100,100027,100,101026,100,99999,100,101039,100,99955,100,101040,100,99939,100,101129,100,99898,100,,,99859,100
2019-06-28 10:04:21.946460765,100420,100,100287,207,100769,307,100184,307,100778,307,100116,100,100830,100,100095,100,100833,100,100027,100,101014,100,99999,100,101026,100,99955,100,101039,100,99939,100,101040,100,99898,100,101129,100,99859,100
2019-06-28 10:04:30.000000000,100420,183,100184,183,100769,183,100116,183,100778,183,100095,183,100830,183,100027,183,100833,183,99999,183,101014,100,99955,100,101026,100,99939,100,101039,100,99898,100,101040,100,99859,100,101129,100,99858,100
2019-06-28 10:04:40.000000000,100420,514,100184,514,100769,100,100116,100,100778,100,100095,100,100830,100,100027,100,100833,100,99999,100,101014,100,99955,100,101026,100,99939,100,101039,100,99898,100,101040,100,99859,100,101129,100,99858,100
2019-06-28 10:04:50.000000000,100420,307,100184,307,100769,307,100116,307,100778,100,100095,100,100830,100,100027,100,100833,100,99999,100,101014,100,99955,100,101026,100,99939,100,101039,100,99898,100,101040,100,99859,100,101129,100,99858,100
2019-06-28 10:05:00.000000000,100420,204,100184,204,100769,204,100116,204,100778,204,100095,204,100830,204,100027,204,100833,100,99999,100,101014,100,99955,100,101026,100,99939,100,101039,100,99898,100,101040,100,99859,100,101129,100,99858,100
2019-06-28 10:05:00.612152730,100420,204,100184,104,100769,204,100116,204,100778,204,100095,204,100830,204,100027,204,100833,100,99999,100,101014,100,99955,100,101026,100,99939,100,101039,100,99898,100,101040,100,99859,100,101129,100,99858,100
2019-06-28 10:05:10.000000000,100420,307,100116,307,100769,307,100095,307,100778,100,100027,100,100830,100,99999,100,100833,100,99955,100,101014,100,99939,100,101026,100,99898,100,101039,100,99859,100,101040,100,99858,100,101129,100,98601,100
2019-06-28 10:05:13.817505599,100287,100,100116,307,100420,307,100095,307,100769,307,100027,100,100778,100,99999,100,100830,100,99955,100,100833,100,99939,100,101014,100,99898,100,101026,100,99859,100,101039,100,99858,100,101040,100,98601,100
2019-06-28 10:05:20.000000000,100287,514,100116,514,100420,100,100095,100,100769,100,100027,100,100778,100,99999,100,100830,100,99955,100,100833,100,99939,100,101014,100,99898,100,101026,100,99859,100,101039,100,99858,100,101040,100,98601,100
2019-06-28 10:05:24.156410648,100287,514,100179,100,100420,100,100116,514,100769,100,100095,100,100778,100,100027,100,100830,100,99999,100,100833,100,99955,100,101014,100,99939,100,101026,100,99898,100,101039,100,99859,100,101040,100,99858,100
2019-06-28 10:05:30.000000000,100287,241,100179,241,100420,237,100116,237,100769,237,100095,237,100778,100,100027,100,100830,100,99999,100,100833,100,99955,100,101014,100,99939,100,101026,100,99898,100,101039,100,99859,100,101040,100,99858,100
2019-06-28 10:05:40.000000000,100287,514,100179,514,100420,100,100116,100,100769,100,100095,100,100778,100,100027,100,100830,100,99999,100,100833,100,99955,100,101014,100,99939,100,101026,100,99898,100,101039,100,99859,100,101040,100,99858,100
2019-06-28 10:05:50.000000000,100287,514,100179,514,100420,100,100116,100,100769,100,100095,100,100778,100,100027,100,100830,100,99999,100,100833,100,99955,100,101014,100,99939,100,101026,100,99898,100,101039,100,99859,100,101040,100,99858,100
2019-06-28 10:06:00.000000000,100287,204,100179,204,100420,204,100116,204,100769,204,100095,204,100778,204,100027,204,100830,100,99999,100,100833,100,99955,100,101014,100,99939,100,101026,100,99898,100,101039,100,99859,100,101040,100,99858,100
2019-06-28 10:06:10.000000000,100287,514,100179,514,100420,100,100116,100,100769,100,100095,100,100778,100,100027,100,100830,100,99999,100,100833,100,99955,100,101014,100,99939,100,101026,100,99898,100,101039,100,99859,100,101040,100,99858,100
2019-06-28 10:06:20.000000000,100287,307,100179,307,100420,307,100116,307,100769,100,100095,100,100778,100,100027,100,100830,100,99999,100,100833,100,99955,100,101014,100,99939,100,101026,100,99898,100,101039,100,99859,100,101040,100,99858,100
2019-06-28 10:06:30.000000000,100287,514,100179,514,100420,100,100116,100,100769,100,100095,100,100778,100,100027,100,100830,100,99999,100,100833,100,99955,100,101014,100,99939,100,101026,100,99898,100,101039,100,99859,100,101040,100,99858,100
2019-06-28 10:06:40.000000000,100287,241,100179,241,100420,237,100116,237,100769,237,100095,237,100778,100,100027,100,100830,100,99999,100,100833,100,99955,100,101014,100,99939,100,101026,100,99898,100,101039,100,99859,100,101040,100,99858,100
2019-06-28 10:06:45.687611089,100287,241,100179,241,100406,100,100116,237,100420,237,100095,237,100769,237,100027,100,100778,100,99999,100,100830,100,99955,100,100833,100,99939,100,101014,100,99898,100,101026,100,99859,100,101039,100,99858,100
2019-06-28 10:06:50.000000000,100287,514,100179,514,100406,100,100116,100,100420,100,100095,100,100769,100,100027,100,100778,100,99999,100,100830,100,99955,100,100833,100,99939,100,101014,100,99898,100,101026,100,99859,100,101039,100,99858,100
2019-06-28 10:06:52.137475977,100287,514,100179,514,100406,100,100116,100,100420,100,100102,100,100769,100,100095,100,100778,100,100027,100,100830,100,99999,100,100833,100,99955,100,101014,100,99939,100,101026,100,99898,100,101039,100,99859,100
2019-06-28 10:07:00.000000000,100287,204,100179,204,100406,204,100116,204,100420,204,100102,204,100769,204,100095,204,100778,100,100027,100,100830,100,99999,100,100833,100,99955,100,101014,100,99939,100,101026,100,99898,100,101039,100,99859,100
2019-06-28 10:07:01.610946414,100287,104,100179,204,100406,204,100116,204,100420,204,100102,204,100769,204,100095,204,100778,100,100027,100,100830,100,99999,100,100833,100,99955,100,101014,100,99939,100,101026,100,99898,100,101039,100,99859,100
2019-06-28 10:07:10.000000000,100406,241,100179,241,100420,237,100116,237,100769,237,100102,237,100778,100,100095,100,100830,100,100027,100,100833,100,99999,100,101014,100,99955,100,101026,100,99939,100,101039,100,99898,100,101040,100,99859,100
2019-06-28 10:07:20.000000000,100406,183,100179,183,100420,183,100116,183,100769,183,100102,183,100778,183,100095,183,100830,183,100027,183,100833,100,99999,100,101014,100,99955,100,101026,100,99939,100,101039,100,99898,100,101040,100,99859,100
2019-06-28 10:07:30.000000000,100406,514,100179,514,100420,100,100116,100,100769,100,100102,100,100778,100,100095,100,100830,100,100027,100,100833,100,99999,100,101014,100,99955,100,101026,100,99939,100,101039,100,99898,100,101040,100,99859,100
2019-06-28 10:07:40.000000000,100406,204,100179,204,100420,204,100116,204,100769,204,100102,204,100778,204,100095,204,100830,100,100027,100,100833,100,99999,100,101014,100,99955,100,101026,100,99939,100,101039,100,99898,100,101040,100,99859,100
2019-06-28 10:07:50.000000000,100406,183,100179,183,100420,183,100116,183,100769,183,100102,183,100778,183,100095,183,100830,183,100027,183,100833,100,99999,100,101014,100,99955,100,101026,100,99939,100,101039,100,99898,100,101040,100,99859,100
2019-06-28 10:07:57.279001598,100406,183,100179,183,100420,183,100116,83,100769,183,100102,183,100778,183,100095,183,100830,183,100050,100,100833,100,100027,183,101014,100,99999,100,101026,100,99955,100,101039,100,99939,100,101040,100,99898,100
2019-06-28 10:08:00.000000000,100406,204,100179,204,100420,204,100102,204,100769,204,100095,204,100778,204,100050,204,100830,100,100027,100,100833,100,99999,100,101014,100,99955,100,101026,100,99939,100,101039,100,99898,100,101040,100,99859,100
2019-06-28 10:08:10.000000000,100406,307,100179,307,100420,307,100102,307,100769,100,100095,100,100778,100,100050,100,100830,100,100027,100,100833,100,99999,100,101014,100,99955,100,101026,100,99939,100,101039,100,99898,100,101040,100,99859,100
2019-06-28 10:08:15.834773378,100406,307,100185,100,100420,307,100179,307,100769,100,100102,307,100778,100,100095,100,100830,100,100050,100,100833,100,100027,100,101014,100,99999,100,101026,100,99955,100,101039,100,99939,100,101040,100,99898,100
2019-06-28 10:08:20.000000000,100406,514,100185,514,100420,100,100179,100,100769,100,100102,100,100778,100,100095,100,100830,100,100050,100,100833,100,100027,100,101014,100,99999,100,101026,100,99955,100,101039,100,99939,100,101040,100,99898,100
2019-06-28 10:08:30.000000000,100406,307,100185,307,100420,307,100179,307,100769,100,100102,100,100778,100,100095,100,100830,100,100050,100,100833,100,100027,100,101014,100,99999,100,101026,100,99955,100,101039,100,99939,100,101040,100,99898,100
2019-06-28 10:08:40.000000000,100406,204,100185,204,100420,204,100179,204,100769,204,100102,204,100778,204,100095,204,100830,100,100050,100,100833,100,100027,100,101014,100,99999,100,101026,100,99955,100,101039,100,99939,100,101040,100,99898,100
2019-06-28 10:08:50.000000000,100406,307,100185,307,100420,307,100179,307,100769,100,100102,100,100778,100,100095,100,100830,100,100050,100,100833,100,100027,100,101014,100,99999,100,101026,100,99955,100,101039,100,99939,100,101040,100,99898,100
2019-06-28 10:09:00.000000000,100406,307,100185,307,100420,307,100179,307,100769,100,100102,100,100778,100,100095,100,100830,100,100050,100,100833,100,100027,100,101014,100,99999,100,101026,100,99955,100,101039,100,99939,100,101040,100,99898,100
2019-06-28 10:09:10.000000000,100406,183,100185,183,100420,183,100179,183,100769,183,100102,183,100778,183,100095,183,100830,183,100050,183,100833,100,100027,100,101014,100,99999,100,101026,100,99955,100,101039,100,99939,100,101040,100,99898,100
2019-06-28 10:09:20.000000000,100406,307,100185,307,100420,307,100179,307,100769,100,100102,100,100778,100,100095,100,100830,100,100050,100,100833,100,100027,100,101014,100,99999,100,101026,100,99955,100,101039,100,99939,100,101040,100,99898,100
2019-06-28 10:09:30.000000000,100406,204,100185,204,100420,204,100179,204,100769,204,100102,204,100778,204,100095,204,100830,100,100050,100,100833,100,100027,100,101014,100,99999,100,101026,100,99955,100,101039,100,99939,100,101040,100,99898,100
2019-06-28 10:09:35.766309440,100406,204,100185,204,100420,204,100179,204,100769,204,100102,204,100778,204,100095,204,100830,100,100050,100,100833,100,100027,100,101014,100,99999,100,101026,100,99955,100,101039,100,99898,100,101040,100,99859,100
2019-06-28 10:09:40.000000000,100406,183,100185,183,100420,183,100179,183,100769,183,100102,183,100778,183,100095,183,100830,183,100050,183,100833,100,100027,100,101014,100,99999,100,101026,100,99955,100,101039,100,99898,100,101040,100,99859,100
2019-06-28 10:09:42.951788249,100406,183,100185,83,100420,183,100179,183,100769,183,100102,183,100778,183,100095,183,100830,183,100050,183,100833,100,100027,100,101014,100,99999,100,101026,100,99955,100,101039,100,99898,100,101040,100,99859,100
2019-06-28 10:09:50.000000000,100406,307,100179,307,100420,307,100102,307,100769,100,100095,100,100778,100,100050,100,100830,100,100027,100,100833,100,99999,100,101014,100,99955,100,101026,100,99898,100,101039,100,99859,100,101040,100,99858,100
2019-06-28 10:10:00.000000000,100406,183,100179,183,100420,183,100102,183,100769,183,100095,183,100778,183,100050,183,100830,183,100027,183,100833,100,99999,100,101014,100,99955,100,101026,100,99898,100,101039,100,99859,100,101040,100,99858,100
2019-06-28 10:10:01.640618234,100406,183,100186,100,100420,183,100179,183,100769,183,100102,183,100778,183,100095,183,100830,183,100050,183,100833,100,100027,183,101014,100,99999,100,101026,100,99955,100,101039,100,99898,100,101040,100,99859,100
2019-06-28 10:10:09.949244216,100406,183,100186,100,100420,183,100179,183,100440,100,100102,183,100769,183,100095,183,100778,183,100050,183,100830,183,100027,183,100833,100,99999,100,101014,100,99955,100,101026,100,99898,100,101039,100,99859,100
2019-06-28 10:10:10.000000000,100406,241,100186,241,100420,237,100179,237,100440,237,100102,237,100769,100,100095,100,100778,100,100050,100,100830,100,100027,100,100833,100,99999,100,101014,100,99955,100,101026,100,99898,100,101039,100,99859,100
2019-06-28 10:10:13.242466307,100406,141,100186,241,100420,237,100179,237,100440,237,100102,237,100769,100,100095,100,100778,100,100050,100,100830,100,100027,100,100833,100,99999,100,101014,100,99955,100,101026,100,99898,100,101039,100,99859,100
2019-06-28 10:10:18.733876962,100406,141,100186,241,100420,237,100179,237,100440,237,100102,237,100457,100,100095,100,100769,100,100050,100,100778,100,100027,100,100830,100,99999,100,100833,100,99955,100,101014,100,99898,100,101026,100,99859,100
2019-06-28 10:10:20.000000000,100420,514,100186,514,100440,100,100179,100,100457,100,100102,100,100769,100,100095,100,100778,100,100050,100,100830,100,100027,100,100833,100,99999,100,101014,100,99955,100,101026,100,99898,100,101039,100,99859,100
2019-06-28 10:10:22.505508572,100420,514,100405,100,100440,100,100186,514,100457,100,100179,100,100769,100,100102,100,100778,100,100095,100,100830,100,100050,100,100833,100,100027,100,101026,100,99999,100,101039,100,99955,100,101040,100,99898,100
2019-06-28 10:10:22.673394272,100420,514,100405,100,100440,100,100403,100,100457,100,100186,514,100769,100,100179,100,100778,100,100102,100,100830,100,100095,100,100833,100,100050,100,101026,100,100027,100,101039,100,99999,100,101040,100,99955,100
2019-06-28 10:10:30.000000000,100420,307,100405,307,100440,307,100403,307,100457,100,100186,100,100769,100,100179,100,100778,100,100102,100,100830,100,100095,100,100833,100,100050,100,101026,100,100027,100,101039,100,99999,100,101040,100,99955,100
2019-06-28 10:10:33.388711879,100420,207,100405,307,100440,307,100403,307,100457,100,100186,100,100769,100,100179,100,100778,100,100102,100,100830,100,100095,100,100833,100,100050,100,101026,100,100027,100,101040,100,99999,100,101129,100,99955,100
2019-06-28 10:10:40.000000000,100440,204,100405,204,100457,204,100403,204,100769,204,100186,204,100778,204,100179,204,100830,100,100102,100,100833,100,100095,100,101026,100,100050,100,101040,100,100027,100,101129,100,99999,100,,,99955,100
2019-06-28 10:10:50.000000000,100440,183,100405,183,100457,183,100403,183,100769,183,100186,183,100778,183,100179,183,100830,183,100102,183,100833,100,100095,100,101026,100,100050,100,101040,100,100027,100,101129,100,99999,100,,,99955,100
2019-06-28 10:10:55.921577255,100440,183,100405,83,100457,183,100403,183,100769,183,100186,183,100778,183,100179,183,100830,183,100102,183,100833,100,100095,100,101026,100,100050,100,101040,100,100027,100,101129,100,99999,100,,,99955,100
2019-06-28 10:11:00.000000000,100440,183,100403,183,100457,183,100186,183,100769,183,100179,183,100778,183,100102,183,100830,183,100095,183,100833,100,100050,100,101026,100,100027,100,101040,100,99999,100,101129,100,99955,100,,,99898,100
2019-06-28 10:11:10.000000000,100440,204,100403,204,100457,204,100186,204,100769,204,100179,204,100778,204,100102,204,100830,100,100095,100,100833,100,100050,100,101026,100,100027,100,101040,100,99999,100,101129,100,99955,100,,,99898,100
2019-06-28 10:11:18.165629662,100440,204,100403,204,100457,204,100191,100,100769,204,100186,204,100778,204,100179,204,100830,100,100102,204,100833,100,100095,100,101026,100,100050,100,101040,100,100027,100,101129,100,99999,100,,,99955,100
2019-06-28 10:11:20.000000000,100440,514,100403,514,100457,100,100191,100,100769,100,100186,100,100778,100,100179,100,100830,100,100102,100,100833,100,100095,100,101026,100,100050,100,101040,100,100027,100,101129,100,99999,100,,,99955,100
2019-06-28 10:11:23.313830763,100440,514,100422,100,100769,100,100403,514,100778,100,100191,100,100830,100,100186,100,100833,100,100179,100,101026,100,100102,100,101040,100,100095,100,101129,100,100050,100,,,100027,100,,,99999,100
2019-06-28 10:11:30.000000000,100440,514,100422,514,100769,100,100403,100,100778,100,100191,100,100830,100,100186,100,100833,100,100179,100,101026,100,100102,100,101040,100,100095,100,101129,100,100050,100,,,100027,100,,,99999,100
2019-06-28 10:11:40.000000000,100440,183,100422,183,100769,183,100403,183,100778,183,100191,183,100830,183,100186,183,100833,183,100179,183,101026,100,100102,100,101040,100,100095,100,101129,100,100050,100,,,100027,100,,,99999,100
2019-06-28 10:11:42.782842661,100440,183,100422,83,100769,183,100403,183,100778,183,100191,183,100830,183,100186,183,100833,183,100179,183,101026,100,100102,100,101040,100,100095,100,101129,100,100050,100,,,100027,100,,,99999,100
2019-06-28 10:11:43.168130097,100440,183,100422,83,100769,183,100403,183,100778,183,100310,100,100830,183,100191,183,100833,183,100186,183,101026,100,100179,183,101040,100,100102,100,101129,100,100095,100,,,100050,100,,,100027,100
2019-06-28 10:11:43.431670316,100440,183,100422,83,100769,183,100403,183,100778,183,100310,100,100830,183,100288,100,100833,183,100191,183,101026,100,100186,183,101040,100,100179,183,101129,100,100102,100,,,100095,100,,,100050,100
2019-06-28 10:11:50.000000000,100440,307,100403,307,100769,307,100310,307,100778,100,100288,100,100830,100,100191,100,100833,100,100186,100,101026,100,100179,100,101040,100,100102,100,101129,100,100095,100,,,100050,100,,,100027,100
2019-06-28 10:12:00.000000000,100440,514,100403,514,100769,100,100310,100,100778,100,100288,100,100830,100,100191,100,100833,100,100186,100,101026,100,100179,100,101040,100,100102,100,101129,100,100095,100,,,100050,100,,,100027,100
2019-06-28 10:12:03.246546657,100440,414,100403,514,100769,100,100310,100,100778,100,100288,100,100830,100,100191,100,100833,100,100186,100,101026,100,100179,100,101040,100,100102,100,101129,100,100095,100,,,100050,100,,,100027,100
2019-06-28 10:12:10.000000000,100769,241,100403,241,100778,237,100310,237,100830,237,100288,237,100833,100,100191,100,101026,100,100186,100,101040,100,100179,100,101129,100,100102,100,,,100095,100,,,100050,100,,,100027,100
2019-06-28 10:12:19.436403433,100769,241,100403,241,100778,237,100310,237,100830,237,100288,237,100833,100,100186,100,101026,100,100179,100,101040,100,100102,100,101129,100,100095,100,101191,100,100050,100,,,100027,100,,,99999,100
2019-06-28 10:12:20.000000000,100769,241,100403,241,100778,237,100310,237,100830,237,100288,237,100833,100,100186,100,101026,100,100179,100,101040,100,100102,100,101129,100,100095,100,101191,100,100050,100,,,100027,100,,,99999,100
2019-06-28 10:12:23.859971289,100769,141,100403,241,100778,237,100310,237,100830,137,100288,237,100833,100,100186,100,101026,100,100179,100,101040,100,100102,100,101129,100,100095,100,101191,100,100050,100,,,100027,100,,,99999,100
2019-06-28 10:12:28.488584826,100769,41,100403,241,100778,237,100310,237,100830,137,100288,237,100833,100,100186,100,101026,100,100179,100,101040,100,100102,100,101191,100,100095,100,,,100050,100,,,100027,100,,,99999,100
2019-06-28 10:12:30.000000000,100778,307,100403,307,100833,307,100310,307,101026,100,100288,100,101040,100,100186,100,101191,100,100179,100,,,100102,100,,,100095,100,,,100050,100,,,100027,100,,,99999,100
2019-06-28 10:12:31.668844406,100778,307,100769,100,100833,307,100403,307,101026,100,100310,307,101040,100,100288,100,101191,100,100186,100,,,100179,100,,,100102,100,,,100095,100,,,100050,100,,,100027,100
2019-06-28 10:12:36.117408038,100778,307,100769,100,100833,307,100403,307,101026,100,100310,307,101040,100,100288,100,101191,100,100186,100,101218,100,100179,100,,,100102,100,,,100095,100,,,100050,100,,,100027,100
2019-06-28 10:12:37.967903717,100778,307,100769,100,100833,307,100403,307,101026,100,100310,307,101040,100,100288,100,101132,100,100186,100,101191,100,100179,100,101218,100,100102,100,,,100095,100,,,100050,100,,,100027,100
2019-06-28 10:12:40.000000000,100778,307,100769,307,100833,307,100403,307,101026,100,100310,100,101040,100,100288,100,101132,100,100186,100,101191,100,100179,100,101218,100,100102,100,,,100095,100,,,100050,100,,,100027,100
2019-06-28 10:12:41.560087144,100778,207,100769,307,100833,307,100403,307,101026,100,100288,100,101040,100,100186,100,101132,100,100179,100,101191,100,100102,100,101218,100,100095,100,,,100050,100,,,100027,100,,,99999,100
2019-06-28 10:12:50.000000000,100833,514,100769,514,101026,100,100403,100,101040,100,100288,100,101132,100,100186,100,101191,100,100179,100,101218,100,100102,100,,,100095,100,,,100050,100,,,100027,100,,,99999,100
2019-06-28 10:13:00.000000000,100833,204,100769,204,101026,204,100403,204,101040,204,100288,204,101132,204,100186,204,101191,100,100179,100,101218,100,100102,100,,,100095,100,,,100050,100,,,100027,100,,,99999,100
2019-06-28 10:13:01.225805571,100833,104,100769,204,101026,204,100403,204,101040,204,100288,204,101132,204,100186,204,101191,100,100179,100,101218,100,100102,100,,,100095,100,,,100050,100,,,100027,100,,,99999,100
2019-06-28 10:13:10.000000000,101026,183,100769,183,101040,183,100403,183,101132,183,100288,183,101191,183,100186,183,101218,183,100179,183,,,100102,100,,,100095,100,,,100050,100,,,100027,100,,,99999,100
2019-06-28 10:13:20.000000000,101026,514,100769,514,101040,100,100403,100,101132,100,100288,100,101191,100,100186,100,101218,100,100179,100,,,100102,100,,,100095,100,,,100050,100,,,100027,100,,,99999,100
2019-06-28 10:13:30.000000000,101026,204,100769,204,101040,204,100403,204,101132,204,100288,204,101191,204,100186,204,101218,100,100179,100,,,100102,100,,,100095,100,,,100050,100,,,100027,100,,,99999,100
2019-06-28 10:13:30.058358028,100864,100,100769,204,101026,204,100403,204,101040,204,100288,204,101132,204,100186,204,101191,204,100179,100,101218,100,100102,100,,,100095,100,,,100050,100,,,100027,100,,,99999,100
2019-06-28 10:13:32.490462239,100864,100,100769,204,101026,204,100647,100,101040,204,100403,204,101132,204,100288,204,101191,204,100186,204,101218,100,100179,100,,,100102,100,,,100095,100,,,100050,100,,,100027,100
2019-06-28 10:13:33.391269480,101026,204,100769,204,101040,204,100647,100,101132,204,100403,204,101191,204,100288,204,101218,100,100186,204,,,100179,100,,,100102,100,,,100095,100,,,100050,100,,,100027,100
2019-06-28 10:13:40.000000000,101026,183,100769,183,101040,183,100647,183,101132,183,100403,183,101191,183,100288,183,101218,183,100186,183,,,100179,100,,,100102,100,,,100095,100,,,100050,100,,,100027,100
2019-06-28 10:13:49.486599029,100970,100,100769,183,101026,183,100647,183,101040,183,100403,183,101132,183,100288,183,101191,183,100186,183,101218,183,100179,100,,,100102,100,,,100095,100,,,100050,100,,,100027,100
2019-06-28 10:13:50.000000000,100970,241,100769,241,101026,237,100647,237,101040,237,100403,237,101132,100,100288,100,101191,100,100186,100,101218,100,100179,100,,,100102,100,,,100095,100,,,100050,100,,,100027,100
2019-06-28 10:14:00.000000000,100970,307,100769,307,101026,307,100647,307,101040,100,100403,100,101132,100,100288,100,101191,100,100186,100,101218,100,100179,100,,,100102,100,,,100095,100,,,100050,100,,,100027,100
2019-06-28 10:14:05.154221279,100970,207,100769,307,101026,307,100647,307,101040,100,100403,100,101132,100,100288,100,101191,100,100186,100,101218,100,100179,100,,,100102,100,,,100095,100,,,100050,100,,,100027,100
2019-06-28 10:14:10.000000000,101026,514,100769,514,101040,100,100647,100,101132,100,100403,100,101191,100,100288,100,101218,100,100186,100,,,100179,100,,,100102,100,,,100095,100,,,100050,100,,,100027,100
2019-06-28 10:14:15.771312554,101026,514,100858,100,101040,100,100769,514,101132,100,100647,100,101191,100,100403,100,101218,100,100288,100,,,100186,100,,,100179,100,,,100102,100,,,100095,100,,,100050,100
2019-06-28 10:14:20.000000000,101026,204,100858,204,101040,204,100769,204,101132,204,100647,204,101191,204,100403,204,101218,100,100288,100,,,100186,100,,,100179,100,,,100102,100,,,100095,100,,,100050,100
2019-06-28 10:14:30.000000000,101026,204,100858,204,101040,204,100769,204,101132,204,100647,204,101191,204,100403,204,101218,100,100288,100,,,100186,100,,,100179,100,,,100102,100,,,100095,100,,,100050,100
2019-06-28 10:14:40.000000000,101026,241,100858,241,101040,237,100769,237,101132,237,100647,237,101191,100,100403,100,101218,100,100288,100,,,100186,100,,,100179,100,,,100102,100,,,100095,100,,,100050,100
2019-06-28 10:14:44.287397105,101026,241,100858,241,101040,137,100829,100,101132,237,100769,237,101191,100,100647,237,101218,100,100403,100,,,100288,100,,,100186,100,,,100179,100,,,100102,100,,,100095,100
2019-06-28 10:14:50.000000000,101026,204,100858,204,101132,204,100829,204,101191,204,100769,204,101218,204,100647,204,,,100403,100,,,100288,100,,,100186,100,,,100179,100,,,100102,100,,,100095,100
2019-06-28 10:15:00.000000000,101026,307,100858,307,101132,307,100829,307,101191,100,100769,100,101218,100,100647,100,,,100403,100,,,100288,100,,,100186,100,,,100179,100,,,100102,100,,,100095,100
2019-06-28 10:15:10.000000000,101026,241,100858,241,101132,237,100829,237,101191,237,100769,237,101218,100,100647,100,,,100403,100,,,100288,100,,,100186,100,,,100179,100,,,100102,100,,,100095,100
2019-06-28 10:15:12.695478269,101026,241,100858,141,101132,237,100829,237,101191,237,100769,237,101218,100,100647,100,,,100403,100,,,100288,100,,,100186,100,,,100179,100,,,100102,100,,,100095,100
2019-06-28 10:15:20.000000000,101026,241,100829,241,101132,237,100769,237,101191,237,100647,237,101218,100,100403,100,,,100288,100,,,100186,100,,,100179,100,,,100102,100,,,100095,100,,,100050,100
2019-06-28 10:15:30.000000000,101026,241,100829,241,101132,237,100769,237,101191,237,100647,237,101218,100,100403,100,,,100288,100,,,100186,100,,,100179,100,,,100102,100,,,100095,100,,,100050,100
2019-06-28 10:15:40.000000000,101026,514,100829,514,101132,100,100769,100,101191,100,100647,100,101218,100,100403,100,,,100288,100,,,100186,100,,,100179,100,,,100102,100,,,100095,100,,,100050,100
2019-06-28 10:15:44.387314013,101026,514,100829,414,101132,100,100769,100,101191,100,100647,100,101218,100,100403,100,,,100288,100,,,100186,100,,,100179,100,,,100102,100,,,100095,100,,,100050,100
2019-06-28 10:15:44.409506286,101026,514,100829,314,101132,100,100769,100,101191,100,100647,100,,,100403,100,,,100288,100,,,100186,100,,,100179,100,,,100102,100,,,100095,100,,,100050,100
2019-06-28 10:15:50.000000000,101026,204,100769,204,101132,204,100647,204,101191,204,100403,204,101192,104,100288,204,,,100186,100,,,100179,100,,,100102,100,,,100095,100,,,100050,100,,,100027,100
2019-06-28 10:15:53.125316871,101026,204,100769,204,101132,204,100647,204,101191,204,100403,204,101192,104,100288,204,,,100186,100,,,100179,100,,,100102,100,,,100095,100,,,100050,100,,,100027,100
2019-06-28 10:15:53.670412891,101026,204,100769,104,101132,204,100647,204,101191,204,100403,104,101192,104,100288,204,,,100186,100,,,100179,100,,,100102,100,,,100095,100,,,100050,100,,,100027,100
2019-06-28 10:16:00.000000000,101026,183,100647,183,101132,183,100288,183,101191,183,100186,183,101192,83,100179,183,,,100102,183,,,100095,100,,,100050,100,,,100027,100,,,99999,100,,,99955,100
2019-06-28 10:16:10.000000000,101026,514,100647,514,101132,100,100288,100,101191,100,100186,100,,,100179,100,,,100102,100,,,100095,100,,,100050,100,,,100027,100,,,99999,100,,,99955,100
2019-06-28 10:16:13.656919969,101026,514,100647,414,101132,100,100288,100,101191,100,100186,100,,,100179,100,,,100102,100,,,100095,100,,,100050,100,,,100027,100,,,99999,100,,,99955,100
2019-06-28 10:16:20.000000000,101026,183,100288,183,101132,183,100186,183,101191,183,100179,183,101192,83,100102,183,,,100095,183,,,100050,100,,,100027,100,,,99999,100,,,99955,100,,,99481,100
2019-06-28 10:16:27.557178778,101026,183,100288,83,101132,183,100186,183,101191,183,100179,183,101192,83,100102,183,,,100095,183,,,100050,100,,,100027,100,,,99999,100,,,99955,100,,,99481,100
2019-06-28 10:16:30.000000000,101026,307,100186,307,101132,307,100179,307,101191,100,100102,100,,,100095,100,,,100050,100,,,100027,100,,,99999,100,,,99955,100,,,99481,100,,,98601,100
2019-06-28 10:16:37.112597573,101026,307,100186,307,101132,307,100179,307,101191,100,100102,100,,,100095,100,,,100050,100,,,100027,100,,,99999,100,,,99955,100,,,99723,100,,,99481,100
2019-06-28 10:16:40.000000000,101026,514,100186,514,101132,100,100179,100,101191,100,100102,100,,,100095,100,,,100050,100,,,100027,100,,,99999,100,,,99955,100,,,99723,100,,,99481,100
2019-06-28 10:16:50.000000000,101026,307,100186,307,101132,307,100179,307,101191,100,100102,100,,,100095,100,,,100050,100,,,100027,100,,,99999,100,,,99955,100,,,99723,100,,,99481,100
2019-06-28 10:16:51.752761207,101026,307,100186,207,101132,307,100179,307,101191,100,100102,100,,,100095,100,,,100050,100,,,100027,100,,,99999,100,,,99955,100,,,99723,100,,,99481,100
2019-06-28 10:16:58.478501690,100288,100,100186,207,101026,307,100179,307,101132,307,100102,100,101191,100,100095,100,,,100050,100,,,100027,100,,,99999,100,,,99955,100,,,99723,100,,,99481,100
2019-06-28 10:17:00.000000000,100288,307,100179,307,101026,307,100102,307,101132,100,100095,100,101191,100,100050,100,,,100027,100,,,99999,100,,,99955,100,,,99723,100,,,99481,100,,,98601,100
2019-06-28 10:17:09.459568572,100288,407,100179,307,101026,307,100102,307,101132,100,100095,100,101191,100,100050,100,,,100027,100,,,99999,100,,,99955,100,,,99723,100,,,99481,100,,,98601,100
2019-06-28 10:17:10.000000000,100288,407,100179,307,101026,307,100102,307,101132,100,100095,100,101191,100,100050,100,,,100027,100,,,99999,100,,,99955,100,,,99723,100,,,99481,100,,,98601,100
2019-06-28 10:17:13.466664660,100288,407,100254,100,101026,307,100179,307,101132,100,100102,307,101191,100,100095,100,,,100050,100,,,100027,100,,,99999,100,,,99955,100,,,99723,100,,,99481,100
2019-06-28 10:17:20.000000000,100288,614,100254,514,101026,100,100179,100,101132,100,100102,100,101191,100,100095,100,,,100050,100,,,100027,100,,,99999,100,,,99955,100,,,99723,100,,,99481,100
2019-06-28 10:17:30.000000000,100288,304,100254,204,101026,204,100179,204,101132,204,100102,204,101191,204,100095,204,,,100050,100,,,100027,100,,,99999,100,,,99955,100,,,99723,100,,,99481,100
2019-06-28 10:17:33.044831509,100288,304,100254,204,101026,204,100179,204,101132,204,100102,104,101191,204,100095,204,,,100050,100,,,100027,100,,,99999,100,,,99955,100,,,99928,100,,,99723,100
2019-06-28 10:17:40.000000000,100288,614,100254,514,101026,100,100179,100,101132,100,100095,100,101191,100,100050,100,,,100027,100,,,99999,100,,,99955,100,,,99928,100,,,99723,100,,,99481,100
2019-06-28 10:17:50.000000000,100288,341,100254,241,101026,237,100179,237,101132,237,100095,237,101191,100,100050,100,,,100027,100,,,99999,100,,,99955,100,,,99928,100,,,99723,100,,,99481,100
2019-06-28 10:18:00.000000000,100288,341,100254,241,101026,237,100179,237,101132,237,100095,237,101191,100,100050,100,,,100027,100,,,99999,100,,,99955,100,,,99928,100,,,99723,100,,,99481,100
2019-06-28 10:18:00.459816016,100288,341,100254,141,101026,237,100179,237,101132,237,100095,237,101191,100,100050,100,,,100027,100,,,99999,100,,,99955,100,,,99928,100,,,99723,100,,,99481,100
2019-06-28 10:18:10.000000000,100288,407,100179,307,101026,307,100095,307,101132,100,100050,100,101191,100,100027,100,,,99999,100,,,99955,100,,,99928,100,,,99723,100,,,99481,100,,,98601,100
2019-06-28 10:18:12.883268602,100254,100,100179,307,100288,407,100095,307,101026,307,100050,100,101132,100,100027,100,101191,100,99999,100,,,99955,100,,,99928,100,,,99723,100,,,99481,100,,,98601,100
2019-06-28 10:18:20.000000000,100254,241,100179,241,100288,337,100095,237,101026,237,100050,237,101132,100,100027,100,101191,100,99999,100,,,99955,100,,,99928,100,,,99723,100,,,99481,100,,,98601,100
2019-06-28 10:18:30.000000000,100254,204,100179,204,100288,304,100095,204,101026,204,100050,204,101132,204,100027,204,101191,100,99999,100,,,99955,100,,,99928,100,,,99723,100,,,99481,100,,,98601,100
2019-06-28 10:18:36.459723672,100254,204,100179,204,100288,304,100095,204,101026,204,100050,204,101132,204,100027,204,101191,100,99999,100,,,99955,100,,,99928,100,,,99835,100,,,99723,100,,,99481,100
2019-06-28 10:18:40.000000000,100254,514,100179,514,100288,200,100095,100,101026,100,100050,100,101132,100,100027,100,101191,100,99999,100,,,99955,100,,,99928,100,,,99835,100,,,99723,100,,,99481,100
2019-06-28 10:18:50.000000000,100254,204,100179,204,100288,304,100095,204,101026,204,100050,204,101132,204,100027,204,101191,100,99999,100,,,99955,100,,,99928,100,,,99835,100,,,99723,100,,,99481,100
2019-06-28 10:19:00.000000000,100254,241,100179,241,100288,337,100095,237,101026,237,100050,237,101132,100,100027,100,101191,100,99999,100,,,99955,100,,,99928,100,,,99835,100,,,99723,100,,,99481,100
2019-06-28 10:19:06.728038859,100254,241,100179,241,100288,237,100095,237,101026,237,100050,237,101132,100,100027,100,101191,100,99999,100,,,99955,100,,,99928,100,,,99835,100,,,99723,100,,,99481,100
2019-06-28 10:19:10.000000000,100254,204,100179,204,100288,204,100095,204,101026,204,100050,204,101132,204,100027,204,101191,100,99999,100,,,99955,100,,,99928,100,,,99835,100,,,99723,100,,,99481,100
2019-06-28 10:19:12.100711686,100254,204,100179,204,100288,204,100095,204,100409,100,100050,204,101026,204,100027,204,101132,204,99999,100,101191,100,99955,100,,,99928,100,,,99835,100,,,99723,100,,,99481,100
2019-06-28 10:19:20.000000000,100254,241,100179,241,100288,237,100095,237,100409,237,100050,237,101026,100,100027,100,101132,100,99999,100,101191,100,99955,100,,,99928,100,,,99835,100,,,99723,100,,,99481,100
2019-06-28 10:19:23.106225384,100254,241,100179,241,100288,237,100102,100,100409,237,100095,237,101026,100,100050,237,101132,100,100027,100,101191,100,99999,100,,,99955,100,,,99928,100,,,99835,100,,,99723,100
2019-06-28 10:19:30.000000000,100254,514,100179,514,100288,100,100102,100,100409,100,100095,100,101026,100,100050,100,101132,100,100027,100,101191,100,99999,100,,,99955,100,,,99928,100,,,99835,100,,,99723,100
2019-06-28 10:19:40.000000000,100254,204,100179,204,100288,204,100102,204,100409,204,100095,204,101026,204,100050,204,101132,100,100027,100,101191,100,99999,100,,,99955,100,,,99928,100,,,99835,100,,,99723,100
2019-06-28 10:19:49.117110824,100254,104,100179,204,100288,204,100102,204,100409,204,100095,204,101026,204,100050,204,101132,100,100027,100,101191,100,99999,100,,,99955,100,,,99928,100,,,99835,100,,,99723,100
2019-06-28 10:19:50.000000000,100288,307,100179,307,100409,307,100102,307,101026,100,100095,100,101132,100,100050,100,101191,100,100027,100,,,99999,100,,,99955,100,,,99928,100,,,99835,100,,,99723,100
2019-06-28 10:20:00.000000000,100288,183,100179,183,100409,183,100102,183,101026,183,100095,183,101132,183,100050,183,101191,183,100027,183,,,99999,100,,,99955,100,,,99928,100,,,99835,100,,,99723,100
2019-06-28 10:20:10.000000000,100288,514,100179,514,100409,100,100102,100,101026,100,100095,100,101132,100,100050,100,101191,100,100027,100,,,99999,100,,,99955,100,,,99928,100,,,99835,100,,,99723,100
2019-06-28 10:20:20.000000000,100288,307,100179,307,100409,307,100102,307,101026,100,100095,100,101132,100,100050,100,101191,100,100027,100,,,99999,100,,,99955,100,,,99928,100,,,99835,100,,,99723,100
2019-06-28 10:20:30.000000000,100288,241,100179,241,100409,237,100102,237,101026,237,100095,237,101132,100,100050,100,101191,100,100027,100,,,99999,100,,,99955,100,,,99928,100,,,99835,100,,,99723,100
2019-06-28 10:20:36.871214196,100288,241,100179,241,100409,237,100102,237,100472,100,100095,237,101026,237,100050,100,101132,100,100027,100,101191,100,99999,100,,,99955,100,,,99928,100,,,99835,100,,,99723,100
2019-06-28 10:20:40.000000000,100288,241,100179,241,100409,237,100102,237,100472,237,100095,237,101026,100,100050,100,101132,100,100027,100,101191,100,99999,100,,,99955,100,,,99928,100,,,99835,100,,,99723,100
2019-06-28 10:20:45.060999533,100288,241,100255,100,100409,237,100179,241,100472,237,100102,237,101026,100,100095,237,101132,100,100050,100,101191,100,100027,100,,,99999,100,,,99955,100,,,99928,100,,,99835,100
2019-06-28 10:20:46.605761391,100288,141,100255,100,100409,237,100179,241,100472,237,100102,237,101026,100,100095,237,101132,100,100050,100,101191,100,99999,100,,,99955,100,,,99928,100,,,99835,100,,,99723,100
2019-06-28 10:20:50.000000000,100409,183,100255,183,100472,183,100179,183,101026,183,100102,183,101132,183,100095,183,101191,183,100050,183,,,99999,100,,,99955,100,,,99928,100,,,99835,100,,,99723,100
2019-06-28 10:20:58.716107547,100409,83,100255,183,100472,183,100179,183,101026,183,100102,183,101132,183,100095,183,101191,183,100050,183,,,99999,100,,,99955,100,,,99928,100,,,99835,100,,,99723,100
2019-06-28 10:21:00.000000000,100472,197,100255,307,101026,307,100179,307,101132,100,100102,100,101191,100,100095,100,,,100050,100,,,99999,100,,,99955,100,,,99928,100,,,99835,100,,,99723,100
2019-06-28 10:21:10.000000000,101026,241,100255,241,101132,237,100179,237,101191,237,100102,237,,,100095,100,,,100050,100,,,99999,100,,,99955,100,,,99928,100,,,99835,100,,,99723,100
2019-06-28 10:21:20.000000000,101026,514,100255,514,101132,100,100179,100,101191,100,100102,100,,,100095,100,,,100050,100,,,99999,100,,,99955,100,,,99928,100,,,99835,100,,,99723,100
2019-06-28 10:21:20.824489899,100799,100,100255,514,101026,414,100179,100,101132,100,100102,100,101191,100,100095,100,,,100050,100,,,99999,100,,,99955,100,,,99928,100,,,99835,100,,,99723,100
2019-06-28 10:21:30.000000000,100799,204,100255,204,101132,204,100179,204,101191,204,100102,204,101192,104,100095,204,,,100050,100,,,99999,100,,,99955,100,,,99928,100,,,99835,100,,,99723,100
2019-06-28 10:21:34.338394893,100799,204,100472,100,101132,204,100255,104,101191,204,100179,204,101192,104,100102,204,,,100095,204,,,100050,100,,,99999,100,,,99955,100,,,99928,100,,,99835,100
2019-06-28 10:21:39.486355175,100799,204,100472,200,101132,204,100255,104,101191,204,100179,204,101192,104,100102,204,,,100095,204,,,100050,100,,,99999,100,,,99955,100,,,99928,100,,,99835,100
2019-06-28 10:21:40.000000000,100799,307,100472,407,101132,307,100179,307,101191,100,100102,100,,,100095,100,,,100050,100,,,99999,100,,,99955,100,,,99928,100,,,99835,100,,,99723,100
2019-06-28 10:21:50.000000000,100799,241,100472,341,101132,237,100179,237,101191,237,100102,237,,,100095,100,,,100050,100,,,99999,100,,,99955,100,,,99928,100,,,99835,100,,,99723,100
2019-06-28 10:22:00.000000000,100799,131,100472,341,101132,237,100179,237,101191,237,100102,237,,,100095,100,,,100050,100,,,99999,100,,,99955,100,,,99928,100,,,99835,100,,,99723,100
2019-06-28 10:22:00.103666554,100799,131,100578,100,101132,237,100472,341,101191,237,100179,237,,,100102,237,,,100095,100,,,100050,100,,,99999,100,,,99928,100,,,99835,100,,,99723,100
2019-06-28 10:22:05.707896513,100799,131,100578,100,101132,237,100551,100,101191,237,100472,341,,,100179,237,,,100102,237,,,100095,100,,,100050,100,,,99999,100,,,99928,100,,,99835,100
2019-06-28 10:22:10.000000000,101132,204,100578,204,101191,204,100551,204,101192,104,100472,304,,,100179,204,,,100102,100,,,100095,100,,,100050,100,,,99999,100,,,99928,100,,,99835,100
2019-06-28 10:22:16.435147670,101132,204,100578,204,101191,204,100551,204,101192,104,100472,304,,,100453,100,,,100179,204,,,100102,100,,,100095,100,,,99999,100,,,99928,100,,,99835,100
2019-06-28 10:22:20.000000000,101132,204,100578,204,101191,204,100551,204,101192,104,100472,304,,,100453,204,,,100179,100,,,100102,100,,,100095,100,,,99999,100,,,99928,100,,,99835,100
2019-06-28 10:22:30.000000000,101132,307,100578,307,101191,307,100551,307,,,100472,200,,,100453,100,,,100179,100,,,100102,100,,,100095,100,,,99999,100,,,99928,100,,,99835,100
2019-06-28 10:22:40.000000000,101132,307,100578,307,101191,307,100551,307,,,100472,200,,,100453,100,,,100179,100,,,100102,100,,,100095,100,,,99999,100,,,99928,100,,,99835,100
2019-06-28 10:22:50.000000000,101132,307,100578,307,101191,307,100551,307,,,100472,200,,,100453,100,,,100179,100,,,100102,100,,,100095,100,,,99999,100,,,99928,100,,,99835,100
2019-06-28 10:22:54.364017428,100882,100,100578,307,101132,307,100551,307,101191,307,100472,200,,,100453,100,,,100179,100,,,100102,100,,,100095,100,,,99999,100,,,99928,100,,,99835,100
2019-06-28 10:23:00.000000000,100882,404,100578,514,101132,100,100551,100,101191,100,100472,200,,,100453,100,,,100179,100,,,100102,100,,,100095,100,,,99999,100,,,99928,100,,,99835,100
2019-06-28 10:23:10.000000000,101132,514,100578,514,101191,100,100551,100,,,100472,200,,,100453,100,,,100179,100,,,100102,100,,,100095,100,,,99999,100,,,99928,100,,,99835,100
2019-06-28 10:23:20.000000000,101132,183,100578,183,101191,183,100551,183,101192,83,100472,283,,,100453,183,,,100179,183,,,100102,100,,,100095,100,,,99999,100,,,99928,100,,,99835,100
2019-06-28 10:23:21.948531766,101132,183,100882,100,101191,183,100578,183,101192,83,100551,183,,,100472,183,,,100453,183,,,100179,183,,,100102,100,,,100095,100,,,99999,100,,,99928,100
2019-06-28 10:23:30.000000000,101132,514,100882,514,101191,100,100578,100,,,100551,100,,,100472,100,,,100453,100,,,100179,100,,,100102,100,,,100095,100,,,99999,100,,,99928,100
2019-06-28 10:23:33.694489555,101132,514,100882,414,101191,100,100578,100,,,100551,100,,,100472,100,,,100453,100,,,100179,100,,,100102,100,,,100095,100,,,99999,100,,,99928,100
2019-06-28 10:23:40.000000000,101132,514,100578,514,101191,100,100551,100,,,100472,100,,,100453,100,,,100179,100,,,100102,100,,,100095,100,,,99999,100,,,99928,100,,,99835,100
2019-06-28 10:23:50.000000000,101132,204,100578,204,101191,204,100551,204,101192,104,100472,204,,,100453,204,,,100179,100,,,100102,100,,,100095,100,,,99999,100,,,99928,100,,,99835,100
2019-06-28 10:23:59.340852181,101132,204,100578,104,101191,204,100551,204,101192,104,100472,204,,,100453,204,,,100179,100,,,100102,100,,,100095,100,,,99999,100,,,99928,100,,,99835,100
2019-06-28 10:24:00.000000000,101132,197,100551,307,101191,307,100472,307,,,100453,100,,,100179,100,,,100102,100,,,100095,100,,,99999,100,,,99928,100,,,99835,100,,,99723,100
2019-06-28 10:24:04.193009555,101132,197,100551,307,101191,307,100472,307,,,100453,100,,,100179,100,,,100109,100,,,100102,100,,,100095,100,,,99999,100,,,99928,100,,,99835,100
2019-06-28 10:24:10.000000000,101191,307,100551,307,101192,207,100472,307,,,100453,100,,,100179,100,,,100109,100,,,100102,100,,,100095,100,,,99999,100,,,99928,100,,,99835,100
2019-06-28 10:24:19.378198055,101132,100,100551,307,101191,307,100472,307,101192,207,100453,100,,,100179,100,,,100109,100,,,100102,100,,,100095,100,,,99999,100,,,99928,100,,,99835,100
2019-06-28 10:24:20.000000000,101132,204,100551,204,101191,204,100472,204,101192,104,100453,204,,,100179,204,,,100109,100,,,100102,100,,,100095,100,,,99999,100,,,99928,100,,,99835,100
2019-06-28 10:24:30.000000000,101132,204,100551,204,101191,204,100472,204,101192,104,100453,204,,,100179,204,,,100109,100,,,100102,100,,,100095,100,,,99999,100,,,99928,100,,,99835,100
2019-06-28 10:24:32.082065204,101132,204,100551,204,101191,204,100472,204,101192,104,100453,204,,,100179,204,,,100116,100,,,100109,100,,,100102,100,,,100095,100,,,99999,100,,,99928,100
2019-06-28 10:24:40.000000000,101132,514,100551,514,101191,100,100472,100,,,100453,100,,,100179,100,,,100116,100,,,100109,100,,,100102,100,,,100095,100,,,99999,100,,,99928,100
2019-06-28 10:24:46.972594310,101132,614,100551,514,101191,100,100472,100,,,100453,100,,,100179,100,,,100116,100,,,100109,100,,,100102,100,,,100095,100,,,99999,100,,,99928,100
2019-06-28 10:24:50.000000000,101132,304,100551,204,101191,204,100472,204,101192,104,100453,204,,,100179,204,,,100116,100,,,100109,100,,,100102,100,,,100095,100,,,99999,100,,,99928,100
2019-06-28 10:24:53.177747876,101132,304,100551,204,101191,204,100472,204,101192,104,100453,204,,,100179,204,,,100116,100,,,100109,100,,,100102,100,,,100095,100,,,99999,100,,,99941,100
2019-06-28 10:25:00.000000000,101132,504,100551,514,101191,100,100472,100,,,100453,100,,,100179,100,,,100116,100,,,100109,100,,,100102,100,,,100095,100,,,99999,100,,,99941,100
2019-06-28 10:25:02.158474959,101132,504,100551,514,101191,100,100472,100,,,100453,100,,,100179,100,,,100116,100,,,100109,100,,,100102,100,,,100095,100,,,99999,100,,,99941,100
2019-06-28 10:25:10.000000000,101132,194,100551,204,101191,204,100472,204,101192,104,100453,204,,,100179,204,,,100116,100,,,100109,100,,,100102,100,,,100095,100,,,99999,100,,,99941,100
2019-06-28 10:25:20.000000000,101132,231,100551,241,101191,237,100472,237,101192,137,100453,237,,,100179,100,,,100116,100,,,100109,100,,,100102,100,,,100095,100,,,99999,100,,,99941,100
2019-06-28 10:25:30.000000000,101132,231,100551,241,101191,237,100472,237,101192,137,100453,237,,,100179,100,,,100116,100,,,100109,100,,,100102,100,,,100095,100,,,99999,100,,,99941,100
2019-06-28 10:25:33.834556280,101132,231,100551,41,101191,237,100472,237,101192,137,100453,237,,,100179,100,,,100116,100,,,100109,100,,,100102,100,,,100095,100,,,99999,100,,,99941,100
2019-06-28 10:25:40.000000000,101132,297,100472,307,101191,307,100453,307,,,100179,100,,,100116,100,,,100109,100,,,100102,100,,,100095,100,,,99999,100,,,99941,100,,,99928,100
2019-06-28 10:25:42.606575678,101132,297,100472,307,101191,307,100453,307,,,100179,100,,,100116,100,,,100102,100,,,100095,100,,,99999,100,,,99941,100,,,99928,100,,,99847,100
2019-06-28 10:25:50.000000000,101132,504,100472,514,101191,100,100453,100,,,100179,100,,,100116,100,,,100102,100,,,100095,100,,,99999,100,,,99941,100,,,99928,100,,,99847,100
2019-06-28 10:26:00.000000000,101132,121,100472,241,101191,237,100453,237,101192,137,100179,237,,,100116,100,,,100102,100,,,100095,100,,,99999,100,,,99941,100,,,99928,100,,,99847,100
2019-06-28 10:26:10.000000000,101191,307,100472,307,101192,207,100453,307,,,100179,100,,,100116,100,,,100102,100,,,100095,100,,,99999,100,,,99941,100,,,99928,100,,,99847,100
2019-06-28 10:26:10.711341743,101191,307,100472,307,101192,207,100453,307,,,100179,100,,,100116,100,,,100102,100,,,100095,100,,,99999,100,,,99941,100,,,99928,100,,,99847,100
2019-06-28 10:26:20.000000000,101191,183,100472,183,101192,83,100453,183,,,100179,183,,,100116,183,,,100102,183,,,100095,100,,,99999,100,,,99941,100,,,99928,100,,,99847,100
2019-06-28 10:26:22.046333512,101191,183,100472,183,101192,83,100453,183,,,100179,183,,,100116,183,,,100102,183,,,100095,100,,,99999,100,,,99941,100,,,99928,100,,,99847,100
2019-06-28 10:26:30.000000000,101191,183,100472,183,101192,83,100453,183,,,100179,183,,,100116,183,,,100102,183,,,100095,100,,,99999,100,,,99941,100,,,99928,100,,,99847,100
2019-06-28 10:26:35.880245142,101132,100,100472,183,101191,183,100453,183,101192,83,100179,183,,,100116,183,,,100102,183,,,100095,100,,,99999,100,,,99941,100,,,99928,100,,,99847,100
2019-06-28 10:26:38.696672647,101132,100,100472,83,101191,183,100453,183,101192,83,100179,183,,,100116,183,,,100102,183,,,100095,100,,,99999,100,,,99941,100,,,99928,100,,,99847,100
2019-06-28 10:26:40.000000000,101132,183,100453,183,101191,183,100179,183,101192,83,100116,183,,,100102,183,,,100095,183,,,99999,100,,,99941,100,,,99928,100,,,99847,100,,,99835,100
2019-06-28 10:26:48.476126746,101132,183,100453,183,101191,183,100179,183,101192,83,100116,183,,,100102,183,,,100095,183,,,99999,100,,,99941,100,,,99928,100,,,99847,100,,,99723,100
2019-06-28 10:26:50.000000000,101132,307,100453,307,101191,307,100179,307,,,100116,100,,,100102,100,,,100095,100,,,99999,100,,,99941,100,,,99928,100,,,99847,100,,,99723,100
2019-06-28 10:26:52.207991662,101132,307,100453,207,101191,307,100179,307,,,100116,100,,,100102,100,,,100095,100,,,99999,100,,,99941,100,,,99928,100,,,99847,100,,,99723,100
2019-06-28 10:27:00.000000000,101132,404,100179,514,101191,100,100116,100,,,100102,100,,,100095,100,,,99999,100,,,99941,100,,,99928,100,,,99847,100,,,99723,100,,,99481,100
2019-06-28 10:27:10.000000000,101191,241,100179,241,101192,137,100116,237,,,100102,237,,,100095,100,,,99999,100,,,99941,100,,,99928,100,,,99847,100,,,99723,100,,,99481,100
2019-06-28 10:27:11.168108955,101191,241,100179,141,101192,137,100116,237,,,100102,237,,,100095,100,,,99999,100,,,99941,100,,,99928,100,,,99847,100,,,99723,100,,,99481,100
2019-06-28 10:27:20.000000000,101191,307,100116,307,101192,207,100102,307,,,100095,100,,,99999,100,,,99941,100,,,99928,100,,,99847,100,,,99723,100,,,99481,100,,,99386,100
2019-06-28 10:27:30.000000000,101191,241,100116,241,101192,137,100102,237,,,100095,237,,,99999,100,,,99941,100,,,99928,100,,,99847,100,,,99723,100,,,99481,100,,,99386,100
2019-06-28 10:27:40.000000000,101191,307,100116,307,101192,207,100102,307,,,100095,100,,,99999,100,,,99941,100,,,99928,100,,,99847,100,,,99723,100,,,99481,100,,,99386,100
2019-06-28 10:27:40.145278647,101191,307,100116,207,101192,207,100102,207,,,100095,100,,,99999,100,,,99941,100,,,99928,100,,,99847,100,,,99723,100,,,99481,100,,,99386,100
2019-06-28 10:27:50.000000000,101191,514,100095,514,,,99999,100,,,99941,100,,,99928,100,,,99847,100,,,99723,100,,,99481,100,,,99386,100,,,99216,100,,,99115,100
2019-06-28 10:27:51.776653963,100179,100,100095,514,101191,514,99999,100,,,99941,100,,,99928,100,,,99847,100,,,99723,100,,,99481,100,,,99386,100,,,99216,100,,,99115,100
2019-06-28 10:27:55.206496802,100179,200,100095,514,101191,514,99999,100,,,99941,100,,,99928,100,,,99847,100,,,99723,100,,,99481,100,,,99386,100,,,99216,100,,,99115,100
2019-06-28 10:28:00.000000000,100179,504,100095,514,101191,100,99999,100,,,99941,100,,,99928,100,,,99847,100,,,99723,100,,,99481,100,,,99386,100,,,99216,100,,,99115,100
2019-06-28 10:28:10.000000000,100179,173,100095,183,101191,183,99999,183,101192,83,99941,183,,,99928,183,,,99847,183,,,99723,100,,,99481,100,,,99386,100,,,99216,100,,,99115,100
2019-06-28 10:28:18.654765222,100179,173,100095,83,101191,183,99999,183,101192,83,99941,183,,,99928,183,,,99847,183,,,99723,100,,,99481,100,,,99386,100,,,99216,100,,,99115,100
2019-06-28 10:28:20.000000000,100179,194,99999,204,101191,204,99941,204,101192,104,99928,204,,,99847,204,,,99723,100,,,99481,100,,,99386,100,,,99216,100,,,99115,100,,,98601,100
2019-06-28 10:28:30.000000000,100179,173,99999,183,101191,183,99941,183,101192,83,99928,183,,,99847,183,,,99723,183,,,99481,100,,,99386,100,,,99216,100,,,99115,100,,,98601,100
2019-06-28 10:28:40.000000000,100179,231,99999,241,101191,237,99941,237,101192,137,99928,237,,,99847,100,,,99723,100,,,99481,100,,,99386,100,,,99216,100,,,99115,100,,,98601,100
2019-06-28 10:28:50.000000000,100179,173,99999,183,101191,183,99941,183,101192,83,99928,183,,,99847,183,,,99723,183,,,99481,100,,,99386,100,,,99216,100,,,99115,100,,,98601,100
2019-06-28 10:28:59.710806545,100179,173,99999,83,101191,183,99941,183,101192,83,99928,183,,,99847,183,,,99723,183,,,99481,100,,,99386,100,,,99216,100,,,99115,100,,,98601,100
2019-06-28 10:29:00.000000000,100179,187,99941,307,101191,307,99928,307,,,99847,100,,,99723,100,,,99481,100,,,99386,100,,,99216,100,,,99115,100,,,98601,100,,,,
2019-06-28 10:29:05.401520218,100179,187,99941,307,101191,307,99928,307,,,99847,100,,,99723,100,,,99599,100,,,99481,100,,,99386,100,,,99216,100,,,99115,100,,,98601,100
2019-06-28 10:29:10.000000000,101191,514,99941,514,,,99928,100,,,99847,100,,,99723,100,,,99599,100,,,99481,100,,,99386,100,,,99216,100,,,99115,100,,,98601,100
2019-06-28 10:29:12.055550082,101191,514,99941,414,,,99928,100,,,99847,100,,,99723,100,,,99599,100,,,99481,100,,,99386,100,,,99216,100,,,99115,100,,,98601,100
2019-06-28 10:29:18.855655293,101191,514,99941,414,,,99847,100,,,99723,100,,,99599,100,,,99564,100,,,99481,100,,,99386,100,,,99216,100,,,99115,100,,,98601,100
2019-06-28 10:29:20.000000000,101191,204,99847,204,101192,104,99723,204,,,99599,204,,,99564,204,,,99481,100,,,99386,100,,,99216,100,,,99115,100,,,98601,100,,,,
2019-06-28 10:29:21.451583360,101191,204,99847,104,101192,104,99723,204,,,99599,204,,,99564,204,,,99481,100,,,99386,100,,,99216,100,,,99115,100,,,98601,100,,,,
2019-06-28 10:29:30.000000000,101191,204,99723,204,101192,104,99599,204,,,99564,204,,,99481,204,,,99386,100,,,99216,100,,,99115,100,,,98601,100,,,,,,,,
2019-06-28 10:29:40.000000000,101191,241,99723,241,101192,137,99599,237,,,99564,237,,,99481,100,,,99386,100,,,99216,100,,,99115,100,,,98601,100,,,,,,,,
2019-06-28 10:29:40.028309113,101191,241,99796,100,101192,137,99723,241,,,99599,237,,,99564,237,,,99481,100,,,99386,100,,,99216,100,,,99115,100,,,98601,100,,,,
2019-06-28 10:29:50.000000000,101191,307,99796,307,101192,207,99723,307,,,99599,100,,,99564,100,,,99481,100,,,99386,100,,,99216,100,,,99115,100,,,98601,100,,,,
2019-06-28 10:29:57.669971695,100018,100,99796,307,101191,307,99723,307,101192,207,99599,100,,,99564,100,,,99481,100,,,99386,100,,,99216,100,,,99115,100,,,98601,100,,,,
2019-06-28 10:30:00.000000000,100018,94,99796,204,101191,204,99723,204,101192,104,99599,204,,,99564,204,,,99481,100,,,99386,100,,,99216,100,,,99115,100,,,98601,100,,,,
2019-06-28 10:30:10.000000000,101191,241,99796,241,101192,137,99723,237,,,99599,237,,,99564,100,,,99481,100,,,99386,100,,,99216,100,,,99115,100,,,98601,100,,,,
2019-06-28 10:30:20.000000000,101191,514,99796,514,,,99723,100,,,99599,100,,,99564,100,,,99481,100,,,99386,100,,,99216,100,,,99115,100,,,98601,100,,,,
2019-06-28 10:30:30.000000000,101191,307,99796,307,101192,207,99723,307,,,99599,100,,,99564,100,,,99481,100,,,99386,100,,,99216,100,,,99115,100,,,98601,100,,,,
2019-06-28 10:30:30.759235152,101191,307,100018,100,101192,207,99796,307,,,99723,307,,,99599,100,,,99564,100,,,99481,100,,,99386,100,,,99216,100,,,99115,100,,,98601,100
2019-06-28 10:30:34.642502418,100533,100,100018,100,101191,307,99796,307,101192,207,99723,307,,,99599,100,,,99564,100,,,99481,100,,,99386,100,,,99216,100,,,99115,100,,,98601,100
2019-06-28 10:30:38.652565231,100533,100,100018,100,100772,100,99796,307,101191,307,99723,307,101192,207,99599,100,,,99564,100,,,99481,100,,,99386,100,,,99216,100,,,99115,100,,,98601,100
2019-06-28 10:30:40.000000000,100533,204,100018,204,100772,204,99796,204,101191,204,99723,204,101192,104,99599,204,,,99564,100,,,99481,100,,,99386,100,,,99216,100,,,99115,100,,,98601,100
2019-06-28 10:30:47.035113133,100533,204,100018,204,100604,100,99796,204,100772,204,99723,204,101191,204,99599,204,101192,104,99564,100,,,99481,100,,,99386,100,,,99216,100,,,99115,100,,,98601,100
2019-06-28 10:30:50.000000000,100533,183,100018,183,100604,183,99796,183,100772,183,99723,183,101191,183,99599,183,101192,83,99564,183,,,99481,100,,,99386,100,,,99216,100,,,99115,100,,,98601,100
2019-06-28 10:31:00.000000000,100533,94,100018,204,100604,204,99796,204,100772,204,99723,204,101191,204,99599,204,,,99564,100,,,99481,100,,,99386,100,,,99216,100,,,99115,100,,,98601,100
2019-06-28 10:31:10.000000000,100604,514,100018,514,100772,100,99796,100,101191,100,99723,100,,,99599,100,,,99564,100,,,99481,100,,,99386,100,,,99216,100,,,99115,100,,,98601,100
2019-06-28 10:31:20.000000000,100604,204,100018,204,100772,204,99796,204,101191,204,99723,204,101192,104,99599,204,,,99564,100,,,99481,100,,,99386,100,,,99216,100,,,99115,100,,,98601,100
2019-06-28 10:31:30.000000000,100604,204,100018,204,100772,204,99796,204,101191,204,99723,204,101192,104,99599,204,,,99564,100,,,99481,100,,,99386,100,,,99216,100,,,99115,100,,,98601,100
2019-06-28 10:31:37.729815613,100604,104,100018,204,100772,204,99796,204,101191,204,99723,204,101192,104,99599,204,,,99564,100,,,99481,100,,,99386,100,,,99216,100,,,99115,100,,,98601,100
2019-06-28 10:31:40.000000000,100772,241,100018,241,101191,237,99796,237,101192,137,99723,237,,,99599,100,,,99564,100,,,99481,100,,,99386,100,,,99216,100,,,99115,100,,,98601,100
2019-06-28 10:31:42.795218221,100772,241,100533,100,101191,237,100018,241,101192,137,99796,237,,,99723,237,,,99599,100,,,99564,100,,,99481,100,,,99386,100,,,99216,100,,,99115,100
2019-06-28 10:31:50.000000000,100772,307,100533,307,101191,307,100018,307,,,99796,100,,,99723,100,,,99599,100,,,99564,100,,,99481,100,,,99386,100,,,99216,100,,,99115,100
2019-06-28 10:32:00.000000000,100772,197,100533,307,101191,307,100018,307,,,99796,100,,,99723,100,,,99599,100,,,99564,100,,,99481,100,,,99386,100,,,99216,100,,,99115,100
2019-06-28 10:32:10.000000000,101191,183,100533,183,101192,83,100018,183,,,99796,183,,,99723,183,,,99599,183,,,99564,100,,,99481,100,,,99386,100,,,99216,100,,,99115,100
2019-06-28 10:32:15.870090024,101043,100,100533,183,101191,83,100018,183,101192,83,99796,183,,,99723,183,,,99599,183,,,99564,100,,,99481,100,,,99386,100,,,99216,100,,,99115,100
2019-06-28 10:32:20.000000000,101043,183,100533,183,101044,83,100018,183,,,99796,183,,,99723,183,,,99599,183,,,99564,100,,,99481,100,,,99386,100,,,99216,100,,,99115,100
2019-06-28 10:32:30.000000000,101043,183,100533,183,101044,83,100018,183,,,99796,183,,,99723,183,,,99599,183,,,99564,100,,,99481,100,,,99386,100,,,99216,100,,,99115,100
2019-06-28 10:32:40.000000000,101043,514,100533,514,,,100018,100,,,99796,100,,,99723,100,,,99599,100,,,99564,100,,,99481,100,,,99386,100,,,99216,100,,,99115,100
2019-06-28 10:32:44.742528415,101043,514,100533,514,101097,100,100018,100,,,99796,100,,,99723,100,,,99599,100,,,99564,100,,,99481,100,,,99386,100,,,99216,100,,,99115,100
2019-06-28 10:32:50.000000000,101043,204,100533,204,101097,204,100018,204,101098,104,99796,204,,,99723,204,,,99599,100,,,99564,100,,,99481,100,,,99386,100,,,99216,100,,,99115,100
2019-06-28 10:33:00.000000000,101043,73,100533,183,101097,183,100018,183,101098,83,99796,183,,,99723,183,,,99599,183,,,99564,100,,,99481,100,,,99386,100,,,99216,100,,,99115,100
2019-06-28 10:33:02.284513234,101015,100,100533,183,101043,73,100018,183,101097,183,99796,183,101098,83,99723,183,,,99599,183,,,99481,100,,,99386,100,,,99216,100,,,99115,100,,,98601,100
2019-06-28 10:33:04.410875206,100803,100,100533,183,101015,100,100018,183,101043,73,99796,183,101097,183,99723,183,101098,83,99599,183,,,99481,100,,,99386,100,,,99216,100,,,99115,100,,,98601,100
2019-06-28 10:33:05.425880213,100803,100,100533,183,100972,100,100018,183,101015,100,99796,183,101043,73,99723,183,101097,183,99599,183,101098,83,99481,100,,,99386,100,,,99216,100,,,99115,100,,,98601,100
2019-06-28 10:33:10.000000000,100803,241,100533,241,100972,237,100018,237,101015,237,99796,237,101097,100,99723,100,,,99599,100,,,99481,100,,,99386,100,,,99216,100,,,99115,100,,,98601,100
2019-06-28 10:33:13.546651216,100803,241,100533,241,100972,237,100018,237,101015,237,99796,237,101043,100,99723,100,101097,100,99599,100,,,99481,100,,,99386,100,,,99216,100,,,99115,100,,,98601,100
2019-06-28 10:33:20.000000000,100803,514,100533,514,100972,100,100018,100,101015,100,99796,100,101043,100,99723,100,101097,100,99599,100,,,99481,100,,,99386,100,,,99216,100,,,99115,100,,,98601,100
2019-06-28 10:33:30.000000000,100803,183,100533,183,100972,183,100018,183,101015,183,99796,183,101043,183,99723,183,101097,183,99599,183,,,99481,100,,,99386,100,,,99216,100,,,99115,100,,,98601,100
2019-06-28 10:33:31.919491901,100665,100,100533,183,100803,183,100018,183,100972,183,99796,183,101015,183,99723,183,101043,183,99599,183,101097,183,99481,100,,,99386,100,,,99216,100,,,99115,100,,,98601,100
2019-06-28 10:33:32.125844910,100635,100,100533,183,100665,100,100018,183,100803,183,99796,183,100972,183,99723,183,101015,183,99599,183,101043,183,99481,100,101097,183,99386,100,,,99216,100,,,99115,100,,,98601,100
2019-06-28 10:33:33.674690308,100635,100,100533,183,100665,100,100452,100,100803,183,100018,183,100972,183,99796,183,101015,183,99723,183,101043,183,99599,183,101097,183,99481,100,,,99386,100,,,99216,100,,,99115,100
2019-06-28 10:33:34.240914987,100635,100,100533,183,100665,100,100452,100,100692,100,100018,183,100803,183,99796,183,100972,183,99723,183,101015,183,99599,183,101043,183,99481,100,101097,183,99216,100,,,99115,100,,,98601,100
2019-06-28 10:33:40.000000000,100635,514,100533,514,100665,100,100452,100,100692,100,100018,100,100803,100,99796,100,100972,100,99723,100,101015,100,99599,100,101043,100,99481,100,101097,100,99216,100,,,99115,100,,,98601,100
2019-06-28 10:33:43.902128295,100635,514,100575,100,100665,100,100533,514,100692,100,100452,100,100803,100,100018,100,100972,100,99796,100,101015,100,99723,100,101043,100,99599,100,,,99481,100,,,99216,100,,,99115,100
2019-06-28 10:33:50.000000000,100635,183,100575,183,100665,183,100533,183,100692,183,100452,183,100803,183,100018,183,100972,183,99796,183,101015,100,99723,100,101043,100,99599,100,,,99481,100,,,99216,100,,,99115,100
2019-06-28 10:34:00.000000000,100635,404,100575,514,100665,100,100533,100,100692,100,100452,100,100803,100,100018,100,100972,100,99796,100,101015,100,99723,100,101043,100,99599,100,,,99481,100,,,99216,100,,,99115,100
2019-06-28 10:34:10.000000000,100665,514,100575,514,100692,100,100533,100,100803,100,100452,100,100972,100,100018,100,101015,100,99796,100,101043,100,99723,100,,,99599,100,,,99481,100,,,99216,100,,,99115,100
2019-06-28 10:34:18.869540472,100629,100,100575,514,100665,514,100533,100,100692,100,100452,100,100803,100,100018,100,100972,100,99796,100,101015,100,99723,100,101043,100,99599,100,,,99481,100,,,99115,100,,,98601,100
2019-06-28 10:34:20.000000000,100629,514,100575,514,100665,100,100533,100,100692,100,100452,100,100803,100,100018,100,100972,100,99796,100,101015,100,99723,100,101043,100,99599,100,,,99481,100,,,99115,100,,,98601,100
2019-06-28 10:34:21.516352388,100629,514,100575,514,100665,100,100533,100,100692,100,100452,100,100803,100,100018,100,100972,100,99796,100,101015,100,99723,100,,,99599,100,,,99481,100,,,99115,100,,,98601,100
2019-06-28 10:34:30.000000000,100629,307,100575,307,100665,307,100533,307,100692,100,100452,100,100803,100,100018,100,100972,100,99796,100,101015,100,99723,100,,,99599,100,,,99481,100,,,99115,100,,,98601,100
2019-06-28 10:34:37.957789310,100629,207,100575,307,100665,307,100533,307,100692,100,100452,100,100803,100,99796,100,100972,100,99723,100,101015,100,99599,100,,,99481,100,,,99115,100,,,98601,100,,,,
2019-06-28 10:34:40.000000000,100665,307,100575,307,100692,307,100533,307,100803,100,100452,100,100972,100,99796,100,101015,100,99723,100,,,99599,100,,,99481,100,,,99115,100,,,98601,100,,,,
2019-06-28 10:34:50.000000000,100665,241,100575,241,100692,237,100533,237,100803,237,100452,237,100972,100,99796,100,101015,100,99723,100,,,99599,100,,,99481,100,,,99115,100,,,98601,100,,,,
2019-06-28 10:35:00.000000000,100665,94,100575,204,100692,204,100533,204,100803,204,100452,204,100972,204,99796,204,101015,100,99723,100,,,99599,100,,,99481,100,,,99115,100,,,98601,100,,,,
2019-06-28 10:35:07.838193043,100692,204,100665,6,100803,204,100575,204,100972,204,100533,204,101015,100,100452,204,,,99796,204,,,99723,100,,,99599,100,,,99481,100,,,99115,100,,,98601,100
2019-06-28 10:35:10.000000000,100692,204,100665,110,100803,204,100575,204,100972,204,100533,204,101015,204,100452,204,,,99796,100,,,99723,100,,,99599,100,,,99481,100,,,99115,100,,,98601,100
2019-06-28 10:35:19.800623740,100692,204,100665,110,100728,100,100575,104,100803,204,100533,204,100972,204,100452,204,101015,204,99796,100,,,99723,100,,,99599,100,,,99481,100,,,99115,100,,,98601,100
2019-06-28 10:35:20.000000000,100692,241,100665,147,100728,237,100533,237,100803,237,100452,237,100972,100,99796,100,101015,100,99723,100,,,99599,100,,,99481,100,,,99115,100,,,98601,100,,,,
2019-06-28 10:35:28.807266932,100692,241,100665,47,100728,237,100533,237,100803,237,100452,237,100972,100,99796,100,101015,100,99723,100,,,99599,100,,,99481,100,,,99115,100,,,98601,100,,,,
2019-06-28 10:35:29.834886968,100692,241,100665,47,100728,237,100609,100,100803,237,100533,237,100972,100,100452,237,101015,100,99796,100,,,99723,100,,,99599,100,,,99481,100,,,99115,100,,,98601,100
2019-06-28 10:35:30.000000000,100692,514,100609,514,100728,100,100533,100,100803,100,100452,100,100972,100,99796,100,101015,100,99723,100,,,99599,100,,,99481,100,,,99115,100,,,98601,100,,,,
2019-06-28 10:35:40.000000000,100692,183,100609,183,100728,183,100533,183,100803,183,100452,183,100972,183,99796,183,101015,183,99723,183,,,99599,100,,,99481,100,,,99115,100,,,98601,100,,,,
2019-06-28 10:35:50.000000000,100692,514,100609,514,100728,100,100533,100,100803,100,100452,100,100972,100,99796,100,101015,100,99723,100,,,99599,100,,,99481,100,,,99115,100,,,98601,100,,,,
2019-06-28 10:36:00.000000000,100692,197,100609,307,100728,307,100533,307,100803,100,100452,100,100972,100,99796,100,101015,100,99723,100,,,99599,100,,,99481,100,,,99115,100,,,98601,100,,,,
2019-06-28 10:36:06.616890758,100692,197,100609,207,100728,307,100533,307,100803,100,100452,100,100972,100,99796,100,101015,100,99723,100,,,99599,100,,,99115,100,,,98601,100,,,,,,,,
2019-06-28 10:36:10.000000000,100728,241,100533,241,100803,237,100452,237,100972,237,99796,237,101015,100,99723,100,,,99599,100,,,99115,100,,,98601,100,,,,,,,,,,,,
2019-06-28 10:36:10.195040690,100728,241,100609,100,100803,237,100533,241,100972,237,100452,237,101015,100,99796,237,,,99723,100,,,99599,100,,,99115,100,,,98601,100,,,,,,,,
2019-06-28 10:36:17.115410097,100728,241,100609,100,100733,100,100533,241,100803,237,100452,237,100972,237,99796,237,101015,100,99723,100,,,99599,100,,,99115,100,,,98601,100,,,,,,,,
2019-06-28 10:36:20.000000000,100728,241,100609,241,100733,237,100533,237,100803,237,100452,237,100972,100,99796,100,101015,100,99723,100,,,99599,100,,,99115,100,,,98601,100,,,,,,,,
2019-06-28 10:36:30.000000000,100728,307,100609,307,100733,307,100533,307,100803,100,100452,100,100972,100,99796,100,101015,100,99723,100,,,99599,100,,,99115,100,,,98601,100,,,,,,,,
2019-06-28 10:36:34.167438840,100728,307,100609,207,100733,307,100533,307,100803,100,100452,100,100972,100,99796,100,,,99723,100,,,99599,100,,,99115,100,,,98601,100,,,,,,,,
2019-06-28 10:36:40.000000000,100728,183,100533,183,100733,183,100452,183,100803,183,99796,183,100972,183,99723,183,100973,83,99599,183,,,99115,100,,,98601,100,,,,,,,,,,,,
2019-06-28 10:36:50.000000000,100728,514,100533,514,100733,100,100452,100,100803,100,99796,100,100972,100,99723,100,,,99599,100,,,99115,100,,,98601,100,,,,,,,,,,,,
2019-06-28 10:37:00.000000000,100728,131,100533,241,100733,237,100452,237,100803,237,99796,237,100972,100,99723,100,,,99599,100,,,99115,100,,,98601,100,,,,,,,,,,,,
2019-06-28 10:37:10.000000000,100733,241,100533,241,100803,237,100452,237,100972,237,99796,237,,,99723,100,,,99599,100,,,99115,100,,,98601,100,,,,,,,,,,,,
2019-06-28 10:37:20.000000000,100733,514,100533,514,100803,100,100452,100,100972,100,99796,100,,,99723,100,,,99599,100,,,99115,100,,,98601,100,,,,,,,,,,,,
2019-06-28 10:37:23.787861805,100733,514,100533,514,100803,100,100452,100,100972,100,100140,100,,,99796,100,,,99723,100,,,99599,100,,,99115,100,,,98601,100,,,,,,,,
2019-06-28 10:37:30.000000000,100733,241,100533,241,100803,237,100452,237,100972,237,100140,237,,,99796,100,,,99723,100,,,99599,100,,,99115,100,,,98601,100,,,,,,,,
2019-06-28 10:37:40.000000000,100733,183,100533,183,100803,183,100452,183,100972,183,100140,183,100973,83,99796,183,,,99723,183,,,99599,100,,,99115,100,,,98601,100,,,,,,,,
2019-06-28 10:37:50.000000000,100733,183,100533,183,100803,183,100452,183,100972,183,100140,183,100973,83,99796,183,,,99723,183,,,99599,100,,,99115,100,,,98601,100,,,,,,,,
2019-06-28 10:38:00.000000000,100733,197,100533,307,100803,307,100452,307,100972,100,100140,100,,,99796,100,,,99723,100,,,99599,100,,,99115,100,,,98601,100,,,,,,,,
2019-06-28 10:38:07.511317737,100733,297,100533,307,100803,307,100452,307,100972,100,100140,100,,,99796,100,,,99723,100,,,99599,100,,,99115,100,,,98601,100,,,,,,,,
2019-06-28 10:38:07.974050081,100733,297,100533,307,100803,307,100452,307,100972,100,100140,100,,,99796,100,,,99618,100,,,99599,100,,,99115,100,,,98601,100,,,,,,,,
2019-06-28 10:38:10.000000000,100733,183,100533,183,100803,183,100452,183,100972,183,100140,183,100973,83,99796,183,,,99618,183,,,99599,100,,,99115,100,,,98601,100,,,,,,,,
2019-06-28 10:38:20.000000000,100733,514,100533,514,100803,100,100452,100,100972,100,100140,100,,,99796,100,,,99618,100,,,99599,100,,,99115,100,,,98601,100,,,,,,,,
2019-06-28 10:38:26.587768034,100733,514,100533,514,100803,100,100452,100,100972,100,100140,100,,,99796,100,,,99663,100,,,99618,100,,,99599,100,,,99115,100,,,98601,100,,,,
2019-06-28 10:38:30.000000000,100733,514,100533,514,100803,100,100452,100,100972,100,100140,100,,,99796,100,,,99663,100,,,99618,100,,,99599,100,,,99115,100,,,98601,100,,,,
2019-06-28 10:38:40.000000000,100733,514,100533,514,100803,100,100452,100,100972,100,100140,100,,,99796,100,,,99663,100,,,99618,100,,,99599,100,,,99115,100,,,98601,100,,,,
2019-06-28 10:38:50.000000000,100733,514,100533,514,100803,100,100452,100,100972,100,100140,100,,,99796,100,,,99663,100,,,99618,100,,,99599,100,,,99115,100,,,98601,100,,,,
2019-06-28 10:38:57.573229209,100733,514,100533,514,100972,100,100452,100,,,100140,100,,,99796,100,,,99663,100,,,99618,100,,,99599,100,,,99598,100,,,99115,100,,,98601,100
2019-06-28 10:38:58.205880053,100733,514,100533,514,100972,100,100452,100,,,100140,100,,,99796,100,,,99663,100,,,99618,100,,,99599,100,,,99598,100,,,99545,100,,,99115,100
2019-06-28 10:39:00.000000000,100733,94,100533,204,100972,204,100452,204,100973,104,100140,204,,,99796,204,,,99663,100,,,99618,100,,,99599,100,,,99598,100,,,99545,100,,,99115,100
2019-06-28 10:39:10.000000000,100972,204,100533,204,100973,104,100452,204,,,100140,204,,,99796,204,,,99663,100,,,99618,100,,,99599,100,,,99598,100,,,99545,100,,,99115,100
2019-06-28 10:39:12.141340307,100972,204,100533,104,100973,104,100452,204,,,100140,204,,,99796,204,,,99663,100,,,99618,100,,,99599,100,,,99598,100,,,99545,100,,,99115,100
2019-06-28 10:39:20.000000000,100972,241,100452,241,100973,137,100140,237,,,99796,237,,,99663,100,,,99618,100,,,99599,100,,,99598,100,,,99545,100,,,99115,100,,,98601,100
2019-06-28 10:39:30.000000000,100972,183,100452,183,100973,83,100140,183,,,99796,183,,,99663,183,,,99618,183,,,99599,100,,,99598,100,,,99545,100,,,99115,100,,,98601,100
2019-06-28 10:39:39.033261912,100972,183,100452,83,100973,83,100140,183,,,99796,183,,,99663,183,,,99618,183,,,99599,100,,,99598,100,,,99545,100,,,99115,100,,,98601,100
2019-06-28 10:39:40.000000000,100972,307,100140,307,100973,207,99796,307,,,99663,100,,,99618,100,,,99599,100,,,99598,100,,,99545,100,,,99115,100,,,98601,100,,,,
2019-06-28 10:39:47.943577144,100533,100,100140,307,100972,307,99796,307,100973,207,99663,100,,,99618,100,,,99599,100,,,99598,100,,,99545,100,,,99115,100,,,98601,100,,,,
2019-06-28 10:39:50.000000000,100533,307,100140,307,100972,307,99796,307,,,99663,100,,,99618,100,,,99599,100,,,99598,100,,,99545,100,,,99115,100,,,98601,100,,,,
2019-06-28 10:39:55.861173830,100533,307,100140,207,100972,307,99796,307,,,99663,100,,,99618,100,,,99599,100,,,99598,100,,,99545,100,,,99115,100,,,98601,100,,,,
2019-06-28 10:40:00.000000000,100533,131,99796,241,100972,237,99663,237,100973,137,99618,237,,,99599,100,,,99598,100,,,99545,100,,,99115,100,,,98601,100,,,,,,,,
2019-06-28 10:40:10.000000000,100972,241,99796,241,100973,137,99663,237,,,99618,237,,,99599,100,,,99598,100,,,99545,100,,,99115,100,,,98601,100,,,,,,,,
2019-06-28 10:40:20.000000000,100972,514,99796,514,,,99663,100,,,99618,100,,,99599,100,,,99598,100,,,99545,100,,,99115,100,,,98601,100,,,,,,,,
2019-06-28 10:40:28.541543819,100972,514,99796,514,,,99663,100,,,99618,100,,,99599,100,,,99598,100,,,99545,100,,,99223,100,,,99115,100,,,98601,100,,,,
2019-06-28 10:40:29.135024662,100972,514,99796,414,,,99663,100,,,99618,100,,,99599,100,,,99598,100,,,99545,100,,,99223,100,,,99115,100,,,98601,100,,,,
2019-06-28 10:40:30.000000000,100972,241,99663,241,100973,137,99618,237,,,99599,237,,,99598,100,,,99545,100,,,99223,100,,,99115,100,,,98601,100,,,,,,,,
2019-06-28 10:40:40.000000000,100972,183,99663,183,100973,83,99618,183,,,99599,183,,,99598,183,,,99545,183,,,99223,100,,,99115,100,,,98601,100,,,,,,,,
2019-06-28 10:40:47.195608587,100972,183,99663,83,100973,83,99618,183,,,99599,183,,,99598,183,,,99545,183,,,99115,100,,,98601,100,,,,,,,,,,,,
2019-06-28 10:40:50.000000000,100972,204,99618,204,100973,104,99599,204,,,99598,204,,,99545,204,,,99115,100,,,98601,100,,,,,,,,,,,,,,,,
2019-06-28 10:41:00.000000000,100972,131,99618,241,100973,137,99599,237,,,99598,237,,,99545,100,,,99115,100,,,98601,100,,,,,,,,,,,,,,,,
2019-06-28 10:41:04.416519637,100972,131,99618,241,100973,137,99599,237,,,99598,237,,,99545,100,,,99441,100,,,99115,100,,,98601,100,,,,,,,,,,,,
2019-06-28 10:41:07.725680695,99650,100,99618,241,100972,131,99599,237,100973,137,99598,237,,,99545,100,,,99441,100,,,99115,100,,,98601,100,,,,,,,,,,,,
2019-06-28 10:41:10.000000000,99650,204,99618,204,99651,104,99599,204,,,99598,204,,,99545,204,,,99441,100,,,99115,100,,,98601,100,,,,,,,,,,,,
2019-06-28 10:41:20.000000000,99650,183,99618,183,99651,83,99599,183,,,99598,183,,,99545,183,,,99441,183,,,99115,100,,,98601,100,,,,,,,,,,,,
2019-06-28 10:41:25.025440292,99650,183,99618,183,99651,83,99599,183,100972,100,99598,183,,,99545,183,,,99441,183,,,99115,100,,,98601,100,,,,,,,,,,,,
2019-06-28 10:41:30.000000000,99650,514,99618,514,100972,100,99599,100,,,99598,100,,,99545,100,,,99441,100,,,99115,100,,,98601,100,,,,,,,,,,,,
2019-06-28 10:41:32.602212866,99650,514,99618,414,100972,100,99599,100,,,99598,100,,,99545,100,,,99441,100,,,99115,100,,,98601,100,,,,,,,,,,,,
2019-06-28 10:41:34.252724517,99650,514,99618,314,100972,100,99599,100,,,99598,100,,,99545,100,,,99441,100,,,99115,100,,,98601,100,,,,,,,,,,,,
2019-06-28 10:41:40.000000000,99650,204,99599,204,100972,204,99598,204,100973,104,99545,204,,,99441,204,,,99115,100,,,98601,100,,,,,,,,,,,,,,,,
2019-06-28 10:41:50.000000000,99650,204,99599,204,100972,204,99598,204,100973,104,99545,204,,,99441,204,,,99115,100,,,98601,100,,,,,,,,,,,,,,,,
2019-06-28 10:42:00.000000000,99650,404,99599,514,100972,100,99598,100,,,99545,100,,,99441,100,,,99115,100,,,98601,100,,,,,,,,,,,,,,,,
2019-06-28 10:42:10.000000000,100972,514,99599,514,,,99598,100,,,99545,100,,,99441,100,,,99115,100,,,98601,100,,,,,,,,,,,,,,,,
2019-06-28 10:42:20.000000000,100972,514,99599,514,,,99598,100,,,99545,100,,,99441,100,,,99115,100,,,98601,100,,,,,,,,,,,,,,,,
2019-06-28 10:42:30.000000000,100972,307,99599,307,100973,207,99598,307,,,99545,100,,,99441,100,,,99115,100,,,98601,100,,,,,,,,,,,,,,,,
2019-06-28 10:42:33.136808225,100972,307,99599,207,100973,207,99598,307,,,99545,100,,,99441,100,,,99115,100,,,98601,100,,,,,,,,,,,,,,,,
2019-06-28 10:42:40.000000000,100972,204,99598,204,100973,104,99545,204,,,99441,204,,,99115,204,,,98601,100,,,,,,,,,,,,,,,,,,,,
2019-06-28 10:42:40.953346189,100972,204,99598,104,100973,104,99545,204,,,99441,204,,,99115,204,,,98601,100,,,,,,,,,,,,,,,,,,,,
2019-06-28 10:42:50.000000000,100972,204,99545,204,100973,104,99441,204,,,99115,204,,,98601,204,,,,,,,,,,,,,,,,,,,,,,,,
2019-06-28 10:43:00.000000000,100972,514,99545,404,,,99441,100,,,99115,100,,,98601,100,,,,,,,,,,,,,,,,,,,,,,,,
2019-06-28 10:43:10.000000000,100972,514,99441,514,,,99115,100,,,98601,100,,,,,,,,,,,,,,,,,,,,,,,,,,,,
2019-06-28 10:43:11.709045522,100972,514,99441,414,,,99115,100,,,98601,100,,,,,,,,,,,,,,,,,,,,,,,,,,,,
2019-06-28 10:43:20.000000000,100972,514,99115,514,,,98601,100,,,,,,,,,,,,,,,,,,,,,,,,,,,,,,,,
2019-06-28 10:43:30.000000000,100972,241,99115,241,100973,137,98601,237,,,98600,137,,,,,,,,,,,,,,,,,,,,,,,,,,,,
2019-06-28 10:43:40.000000000,100972,241,99115,241,100973,137,98601,237,,,98600,137,,,,,,,,,,,,,,,,,,,,,,,,,,,,
2019-06-28 10:43:47.789014291,100972,241,99115,141,100973,137,98601,237,,,98600,137,,,,,,,,,,,,,,,,,,,,,,,,,,,,
2019-06-28 10:43:50.000000000,100972,514,98601,514,,,,,,,,,,,,,,,,,,,,,,,,,,,,,,,,,,,,
2019-06-28 10:44:00.000000000,100972,307,98601,197,100973,207,98600,207,,,,,,,,,,,,,,,,,,,,,,,,,,,,,,,,
2019-06-28 10:44:05.252638990,100972,307,98601,197,100973,207,98600,207,,,98289,100,,,,,,,,,,,,,,,,,,,,,,,,,,,,
2019-06-28 10:44:10.000000000,100972,307,98289,307,100973,207,98288,207,,,,,,,,,,,,,,,,,,,,,,,,,,,,,,,,
2019-06-28 10:44:10.689616512,98741,100,98289,307,100972,307,98288,207,100973,207,,,,,,,,,,,,,,,,,,,,,,,,,,,,,,
2019-06-28 10:44:20.000000000,98741,204,98289,204,100972,204,98288,104,100973,104,,,,,,,,,,,,,,,,,,,,,,,,,,,,,,
2019-06-28 10:44:29.424842847,98585,100,98289,204,98741,104,98288,104,100972,204,,,100973,104,,,,,,,,,,,,,,,,,,,,,,,,,,
2019-06-28 10:44:30.000000000,98585,241,98289,241,100972,237,98288,137,100973,137,,,,,,,,,,,,,,,,,,,,,,,,,,,,,,
2019-06-28 10:44:33.949530114,98441,100,98289,241,98585,241,98288,137,100972,237,,,100973,137,,,,,,,,,,,,,,,,,,,,,,,,,,
2019-06-28 10:44:40.000000000,98441,241,98289,241,98585,237,98288,137,100972,237,,,,,,,,,,,,,,,,,,,,,,,,,,,,,,
2019-06-28 10:44:49.887240073,98441,241,98289,241,98585,237,98288,137,98601,100,,,100972,237,,,,,,,,,,,,,,,,,,,,,,,,,,
2019-06-28 10:44:50.000000000,98441,241,98289,241,98585,237,98288,137,98601,237,,,100972,100,,,,,,,,,,,,,,,,,,,,,,,,,,
2019-06-28 10:45:00.000000000,98441,183,98289,73,98585,183,98288,83,98601,183,,,100972,183,,,100973,83,,,,,,,,,,,,,,,,,,,,,,
2019-06-28 10:45:04.959444256,98441,183,98289,173,98585,183,98288,83,98601,183,,,100972,183,,,100973,83,,,,,,,,,,,,,,,,,,,,,,
2019-06-28 10:45:10.000000000,98441,204,98289,204,98585,204,98288,104,98601,204,,,100972,204,,,,,,,,,,,,,,,,,,,,,,,,,,
2019-06-28 10:45:10.452552982,98441,104,98289,204,98585,204,98288,104,98601,204,,,100972,204,,,,,,,,,,,,,,,,,,,,,,,,,,
2019-06-28 10:45:16.046210728,98441,104,98289,204,98585,204,98288,104,98601,204,,,98988,100,,,100972,204,,,,,,,,,,,,,,,,,,,,,,
2019-06-28 10:45:20.000000000,98585,183,98289,183,98601,183,98288,83,98988,183,,,100972,183,,,100973,83,,,,,,,,,,,,,,,,,,,,,,
2019-06-28 10:45:21.916879814,98585,183,98289,183,98601,183,98288,83,98918,100,,,98988,183,,,100972,183,,,100973,83,,,,,,,,,,,,,,,,,,
2019-06-28 10:45:26.699516463,98585,183,98447,100,98601,183,98289,183,98918,100,98288,83,98988,183,,,100972,183,,,100973,83,,,,,,,,,,,,,,,,,,
2019-06-28 10:45:30.000000000,98585,514,98447,514,98601,100,98289,100,98918,100,,,98988,100,,,100972,100,,,,,,,,,,,,,,,,,,,,,,
2019-06-28 10:45:40.000000000,98585,307,98447,307,98601,307,98289,307,98918,100,,,98988,100,,,100972,100,,,,,,,,,,,,,,,,,,,,,,
2019-06-28 10:45:41.905601064,98585,307,98447,307,98601,307,98289,307,98918,100,,,98988,100,,,99355,100,,,100972,100,,,,,,,,,,,,,,,,,,
2019-06-28 10:45:50.000000000,98585,204,98447,204,98601,204,98289,204,98918,204,98288,104,98988,204,,,99355,100,,,100972,100,,,,,,,,,,,,,,,,,,
2019-06-28 10:45:58.793239587,98585,204,98447,204,98601,204,98289,204,98918,104,98288,104,98988,204,,,99098,100,,,99355,100,,,100972,100,,,,,,,,,,,,,,
2019-06-28 10:46:00.000000000,98585,183,98447,73,98601,183,98289,183,98988,183,98288,83,99098,183,,,99355,183,,,100972,100,,,,,,,,,,,,,,,,,,
2019-06-28 10:46:07.776212143,98585,83,98447,73,98601,183,98289,183,98988,183,98288,83,99098,183,,,99355,183,,,100972,100,,,,,,,,,,,,,,,,,,
2019-06-28 10:46:10.000000000,98601,183,98289,183,98988,183,98288,83,99098,183,,,99355,183,,,100972,183,,,,,,,,,,,,,,,,,,,,,,
2019-06-28 10:46:17.637538306,98601,83,98289,183,98988,183,98288,83,99098,183,,,99355,183,,,100972,183,,,,,,,,,,,,,,,,,,,,,,
2019-06-28 10:46:20.000000000,98988,514,98289,514,99098,100,,,99355,100,,,100972,100,,,,,,,,,,,,,,,,,,,,,,,,,,
2019-06-28 10:46:30.000000000,98988,241,98289,241,99098,237,98288,137,99355,237,,,100972,100,,,,,,,,,,,,,,,,,,,,,,,,,,
2019-06-28 10:46:40.000000000,98988,204,98289,204,99098,204,98288,104,99355,204,,,100972,204,,,,,,,,,,,,,,,,,,,,,,,,,,
2019-06-28 10:46:48.619875003,98988,104,98289,204,99098,204,98288,104,99355,204,,,100972,204,,,,,,,,,,,,,,,,,,,,,,,,,,
2019-06-28 10:46:50.000000000,99098,241,98289,241,99355,237,98288,137,100972,237,,,,,,,,,,,,,,,,,,,,,,,,,,,,,,
2019-06-28 10:46:59.874028517,99098,241,98601,100,99355,237,98289,241,100972,237,98288,137,,,,,,,,,,,,,,,,,,,,,,,,,,,,
2019-06-28 10:47:00.000000000,99098,183,98601,73,99355,183,98289,183,100972,183,98288,83,100973,83,,,,,,,,,,,,,,,,,,,,,,,,,,
2019-06-28 10:47:10.000000000,99098,514,98289,514,99355,100,,,100972,100,,,,,,,,,,,,,,,,,,,,,,,,,,,,,,
2019-06-28 10:47:17.005030956,99098,514,98289,514,99246,100,,,99355,100,,,100972,100,,,,,,,,,,,,,,,,,,,,,,,,,,
2019-06-28 10:47:18.445026599,99098,514,98601,100,99246,100,98289,514,99355,100,,,100972,100,,,,,,,,,,,,,,,,,,,,,,,,,,
2019-06-28 10:47:20.000000000,99098,204,98601,204,99246,204,98289,204,99355,204,98288,104,100972,204,,,,,,,,,,,,,,,,,,,,,,,,,,
2019-06-28 10:47:25.551114033,99098,204,98601,204,99246,204,98289,204,99355,204,98288,104,99614,100,,,100972,204,,,,,,,,,,,,,,,,,,,,,,
2019-06-28 10:47:29.609832599,99098,204,98601,304,99246,204,98289,204,99355,204,98288,104,99614,100,,,100972,204,,,,,,,,,,,,,,,,,,,,,,
2019-06-28 10:47:30.000000000,99098,241,98601,341,99246,237,98289,237,99355,237,98288,137,99614,100,,,100972,100,,,,,,,,,,,,,,,,,,,,,,
2019-06-28 10:47:39.433877078,99098,141,98601,341,99246,237,98289,237,99355,237,98288,137,99614,100,,,100972,100,,,,,,,,,,,,,,,,,,,,,,
2019-06-28 10:47:39.561144698,99098,141,98602,100,99246,237,98601,341,99355,237,98289,237,99614,100,98288,137,100972,100,,,,,,,,,,,,,,,,,,,,,,
2019-06-28 10:47:40.000000000,99246,183,98602,183,99355,183,98601,283,99614,183,98289,183,100972,183,98288,83,100973,83,,,,,,,,,,,,,,,,,,,,,,
2019-06-28 10:47:40.322981358,99246,183,98602,183,99355,183,98601,283,99614,183,98289,183,99779,100,98288,83,100972,183,,,100973,83,,,,,,,,,,,,,,,,,,
2019-06-28 10:47:44.956041928,99246,183,98602,183,99355,183,98601,283,99568,100,98289,183,99614,183,98288,83,99779,100,,,100972,183,,,100973,83,,,,,,,,,,,,,,
2019-06-28 10:47:50.000000000,99246,514,98602,514,99355,100,98601,200,99568,100,98289,100,99614,100,,,99779,100,,,100972,100,,,,,,,,,,,,,,,,,,
2019-06-28 10:47:58.934884330,99246,514,98602,514,99355,100,98601,200,99568,100,98289,100,99614,100,,,99779,100,,,,,,,,,,,,,,,,,,,,,,
2019-06-28 10:48:00.000000000,99246,183,98602,73,99355,183,98601,283,99568,183,98289,183,99614,183,98288,83,99779,183,,,,,,,,,,,,,,,,,,,,,,
2019-06-28 10:48:00.357516827,99246,183,98602,173,99355,183,98601,283,99568,183,98289,183,99614,183,98288,83,99779,183,,,,,,,,,,,,,,,,,,,,,,
2019-06-28 10:48:09.464261926,99164,100,98602,173,99246,183,98601,283,99355,183,98289,183,99568,183,98288,83,99614,183,,,99779,183,,,,,,,,,,,,,,,,,,
2019-06-28 10:48:09.557266782,99164,100,99160,100,99246,83,98602,173,99355,183,98601,283,99568,183,98289,183,99614,183,98288,83,99779,183,,,,,,,,,,,,,,,,,,
2019-06-28 10:48:10.000000000,99164,241,99160,241,99355,237,98602,237,99568,237,98601,337,99614,100,98289,100,99779,100,,,,,,,,,,,,,,,,,,,,,,
2019-06-28 10:48:17.841187786,99164,241,99160,241,99355,137,98602,237,99528,100,98601,337,99568,237,98289,100,99614,100,,,99779,100,,,,,,,,,,,,,,,,,,
2019-06-28 10:48:20.000000000,99164,514,99160,514,99528,100,98602,100,99568,100,98601,200,99614,100,98289,100,99779,100,,,,,,,,,,,,,,,,,,,,,,
2019-06-28 10:48:25.458369096,99164,514,99160,514,99528,100,98601,200,99568,100,98289,100,99614,100,,,99779,100,,,,,,,,,,,,,,,,,,,,,,
2019-06-28 10:48:30.000000000,99164,307,99160,307,99528,307,98601,407,99568,100,98289,100,99614,100,,,99779,100,,,,,,,,,,,,,,,,,,,,,,
2019-06-28 10:48:40.000000000,99164,307,99160,307,99528,307,98601,407,99568,100,98289,100,99614,100,,,99779,100,,,,,,,,,,,,,,,,,,,,,,
2019-06-28 10:48:50.000000000,99164,204,99160,204,99528,204,98601,304,99568,204,98289,204,99614,204,98288,104,99779,100,,,,,,,,,,,,,,,,,,,,,,
2019-06-28 10:48:50.123803397,99164,204,99160,204,99528,204,98602,100,99568,204,98601,204,99614,204,98289,204,99779,100,98288,104,,,,,,,,,,,,,,,,,,,,
2019-06-28 10:48:56.534420064,99164,204,99160,204,99397,100,98602,100,99528,204,98601,204,99568,204,98289,204,99614,204,98288,104,99779,100,,,,,,,,,,,,,,,,,,
2019-06-28 10:48:59.940768626,99164,104,99160,204,99397,100,98602,100,99528,204,98601,204,99568,204,98289,204,99614,204,98288,104,99779,100,,,,,,,,,,,,,,,,,,
2019-06-28 10:49:00.000000000,99397,183,99160,73,99528,183,98602,183,99568,183,98601,183,99614,183,98289,183,99779,183,98288,83,,,,,,,,,,,,,,,,,,,,
2019-06-28 10:49:10.000000000,99397,204,98602,204,99528,204,98601,204,99568,204,98289,204,99614,204,98288,104,99779,100,,,,,,,,,,,,,,,,,,,,,,
2019-06-28 10:49:14.912859178,99397,104,98602,204,99528,204,98601,204,99568,204,98289,204,99614,204,98288,104,99779,100,,,,,,,,,,,,,,,,,,,,,,
2019-06-28 10:49:20.000000000,99528,204,98602,204,99568,204,98601,204,99614,204,98289,204,99779,204,98288,104,,,,,,,,,,,,,,,,,,,,,,,,
2019-06-28 10:49:30.000000000,99528,204,98602,204,99568,204,98601,204,99614,204,98289,204,99779,204,98288,104,,,,,,,,,,,,,,,,,,,,,,,,
2019-06-28 10:49:33.902569409,99290,100,98602,204,99528,204,98601,204,99568,104,98289,204,99614,204,98288,104,99779,204,,,,,,,,,,,,,,,,,,,,,,
2019-06-28 10:49:40.000000000,99290,307,98602,307,99528,307,98601,307,99614,100,98289,100,99779,100,,,,,,,,,,,,,,,,,,,,,,,,,,
2019-06-28 10:49:44.071696853,99290,307,98602,207,99396,100,98601,307,99528,307,98289,100,99614,100,,,99779,100,,,,,,,,,,,,,,,,,,,,,,
2019-06-28 10:49:49.223000420,99290,307,98602,207,99396,200,98601,307,99528,307,,,99614,100,,,99779,100,,,,,,,,,,,,,,,,,,,,,,
2019-06-28 10:49:50.000000000,99290,183,98601,183,99396,283,98600,83,99528,183,,,99614,183,,,99779,183,,,,,,,,,,,,,,,,,,,,,,
2019-06-28 10:49:50.337017962,99290,183,98996,100,99396,283,98601,183,99528,183,98600,83,99614,183,,,99779,183,,,,,,,,,,,,,,,,,,,,,,
2019-06-28 10:49:51.117436365,99290,183,98996,100,99396,383,98601,183,99528,183,98600,83,99614,183,,,99779,183,,,,,,,,,,,,,,,,,,,,,,
2019-06-28 10:49:56.646015619,99290,183,98996,100,99396,283,98601,183,99528,183,98600,83,99614,183,,,99779,183,,,,,,,,,,,,,,,,,,,,,,
2019-06-28 10:50:00.000000000,99290,183,98996,73,99396,283,98601,183,99528,183,98600,83,99614,183,,,99779,183,,,,,,,,,,,,,,,,,,,,,,
2019-06-28 10:50:02.484459031,99290,183,99107,100,99396,283,98996,73,99528,183,98601,183,99614,183,98600,83,99779,183,,,,,,,,,,,,,,,,,,,,,,
2019-06-28 10:50:06.727041454,99290,183,99107,100,99396,283,98996,73,99528,183,98601,83,99614,183,98600,83,99779,183,,,,,,,,,,,,,,,,,,,,,,
2019-06-28 10:50:10.000000000,99290,514,99107,514,99396,200,,,99528,100,,,99614,100,,,99779,100,,,,,,,,,,,,,,,,,,,,,,
2019-06-28 10:50:20.000000000,99290,204,99107,204,99396,304,99106,104,99528,204,,,99614,204,,,99779,100,,,,,,,,,,,,,,,,,,,,,,
2019-06-28 10:50:27.311479669,99290,204,99107,204,99396,304,99106,104,99528,204,98887,100,99614,204,,,99779,100,,,,,,,,,,,,,,,,,,,,,,
2019-06-28 10:50:27.945183607,99290,204,99107,104,99396,304,99106,104,99528,204,98887,100,99614,204,,,99779,100,,,,,,,,,,,,,,,,,,,,,,
2019-06-28 10:50:30.000000000,99290,204,98887,204,99396,304,98886,104,99528,204,,,99614,204,,,99779,100,,,,,,,,,,,,,,,,,,,,,,
2019-06-28 10:50:40.000000000,99290,183,98887,183,99396,283,98886,83,99528,183,,,99614,183,,,99779,183,,,,,,,,,,,,,,,,,,,,,,
2019-06-28 10:50:47.749515325,99120,100,98887,183,99290,183,98886,83,99396,283,,,99528,183,,,99614,183,,,99779,183,,,,,,,,,,,,,,,,,,
2019-06-28 10:50:50.000000000,99120,241,98887,241,99290,237,98886,137,99396,337,,,99528,100,,,99614,100,,,99779,100,,,,,,,,,,,,,,,,,,
2019-06-28 10:50:51.867885274,99120,241,98887,241,99213,100,98886,137,99290,237,,,99396,337,,,99528,100,,,99614,100,,,99779,100,,,,,,,,,,,,,,
2019-06-28 10:51:00.000000000,99120,204,98887,94,99213,204,98886,104,99290,204,,,99396,304,,,99528,100,,,99614,100,,,99779,100,,,,,,,,,,,,,,
2019-06-28 10:51:10.000000000,99120,100,,,99213,100,,,99290,100,,,99396,200,,,99528,100,,,99614,100,,,99779,100,,,,,,,,,,,,,,
2019-06-28 10:51:25.939384543,99213,100,,,99290,100,,,99396,200,,,99528,100,,,99614,100,,,99779,100,,,,,,,,,,,,,,,,,,
2019-06-28 10:51:48.023930406,99213,100,,,99290,100,,,99396,200,,,99456,100,,,99528,100,,,99614,100,,,99779,100,,,,,,,,,,,,,,
2019-06-28 10:52:12.702317806,99213,100,98887,100,99290,100,,,99396,200,,,99456,100,,,99528,100,,,99614,100,,,99779,100,,,,,,,,,,,,,,
2019-06-28 10:52:16.353749743,99213,100,98887,100,99290,100,,,99396,200,,,99456,100,,,99528,100,,,99614,100,,,99713,100,,,99779,100,,,,,,,,,,
2019-06-28 10:52:20.000000000,99213,204,98887,204,99290,204,98886,104,99396,304,,,99456,204,,,99528,100,,,99614,100,,,99713,100,,,99779,100,,,,,,,,,,
2019-06-28 10:52:21.025932536,99213,104,98887,204,99290,204,98886,104,99396,304,,,99456,204,,,99528,100,,,99713,100,,,99779,100,,,,,,,,,,,,,,
2019-06-28 10:52:22.467697148,99213,104,99120,100,99290,204,98887,204,99396,304,98886,104,99456,204,,,99528,100,,,99713,100,,,99779,100,,,,,,,,,,,,,,
2019-06-28 10:52:24.142578080,99213,104,99120,100,99290,204,98887,204,99396,304,98886,104,99456,204,,,99528,100,,,99552,100,,,99713,100,,,99779,100,,,,,,,,,,
2019-06-28 10:52:30.000000000,99290,514,99120,514,99396,200,98887,100,99456,100,,,99528,100,,,99552,100,,,99713,100,,,99779,100,,,,,,,,,,,,,,
2019-06-28 10:52:40.000000000,99290,514,99120,514,99396,200,98887,100,99456,100,,,99528,100,,,99552,100,,,99713,100,,,99779,100,,,,,,,,,,,,,,
2019-06-28 10:52:50.000000000,99290,514,99120,514,99396,200,98887,100,99456,100,,,99528,100,,,99552,100,,,99713,100,,,99779,100,,,,,,,,,,,,,,
2019-06-28 10:53:00.000000000,99290,204,99120,94,99396,304,98887,204,99456,204,98886,104,99528,204,,,99552,100,,,99713,100,,,99779,100,,,,,,,,,,,,,,
2019-06-28 10:53:10.000000000,99290,204,98887,204,99396,304,98886,104,99456,204,,,99528,204,,,99552,100,,,99713,100,,,99779,100,,,,,,,,,,,,,,
2019-06-28 10:53:20.000000000,99290,183,98887,183,99396,283,98886,83,99456,183,,,99528,183,,,99552,183,,,99713,100,,,99779,100,,,,,,,,,,,,,,
2019-06-28 10:53:30.000000000,99290,183,98887,183,99396,283,98886,83,99456,183,,,99528,183,,,99552,183,,,99713,100,,,99779,100,,,,,,,,,,,,,,
2019-06-28 10:53:32.273768001,99290,183,99120,100,99396,283,98887,183,99456,183,98886,83,99528,183,,,99552,183,,,99713,100,,,99779,100,,,,,,,,,,,,,,
2019-06-28 10:53:32.624574303,99290,83,99120,100,99396,283,98887,183,99456,183,98886,83,99528,183,,,99552,183,,,99713,100,,,99779,100,,,,,,,,,,,,,,
2019-06-28 10:53:40.000000000,99396,614,99120,514,99456,100,98887,100,99528,100,,,99552,100,,,99713,100,,,99779,100,,,,,,,,,,,,,,,,,,
2019-06-28 10:53:50.000000000,99396,341,99120,241,99456,237,98887,237,99528,237,98886,137,99552,100,,,99713,100,,,99779,100,,,,,,,,,,,,,,,,,,
2019-06-28 10:53:53.315112994,99396,241,99120,241,99456,237,98887,237,99528,237,98886,137,99552,100,,,99713,100,,,99779,100,,,,,,,,,,,,,,,,,,
2019-06-28 10:54:00.000000000,99396,241,99120,131,99456,237,98887,237,99528,237,98886,137,99552,100,,,99713,100,,,99779,100,,,,,,,,,,,,,,,,,,
2019-06-28 10:54:01.632721521,99396,241,99120,131,99456,237,98887,237,99528,237,98886,137,99552,100,,,99713,100,,,99779,100,,,100200,100,,,,,,,,,,,,,,
2019-06-28 10:54:10.000000000,99396,514,98887,514,99456,100,,,99528,100,,,99552,100,,,99713,100,,,99779,100,,,100200,100,,,,,,,,,,,,,,
2019-06-28 10:54:18.755968262,99396,514,98887,514,99456,100,,,99528,100,,,99552,100,,,99713,100,,,99779,100,,,99861,100,,,100200,100,,,,,,,,,,
2019-06-28 10:54:20.000000000,99396,514,98887,514,99456,100,,,99528,100,,,99552,100,,,99713,100,,,99779,100,,,99861,100,,,100200,100,,,,,,,,,,
2019-06-28 10:54:30.000000000,99396,183,98887,183,99456,183,98886,83,99528,183,,,99552,183,,,99713,183,,,99779,100,,,99861,100,,,100200,100,,,,,,,,,,
2019-06-28 10:54:40.000000000,99396,241,98887,241,99456,237,98886,137,99528,237,,,99552,100,,,99713,100,,,99779,100,,,99861,100,,,100200,100,,,,,,,,,,
2019-06-28 10:54:48.016099107,99396,241,98887,241,99447,100,98886,137,99456,237,,,99528,237,,,99552,100,,,99713,100,,,99779,100,,,99861,100,,,100200,100,,,,,,
2019-06-28 10:54:50.000000000,99396,204,98887,204,99447,204,98886,104,99456,204,,,99528,204,,,99552,100,,,99713,100,,,99779,100,,,99861,100,,,100200,100,,,,,,
2019-06-28 10:54:51.467701354,99396,204,98887,204,99428,100,98886,104,99447,204,,,99456,204,,,99528,204,,,99552,100,,,99713,100,,,99779,100,,,99861,100,,,100200,100,,
2019-06-28 10:54:56.474585995,99396,204,99120,100,99428,100,98887,204,99447,204,98886,104,99456,204,,,99528,204,,,99552,100,,,99713,100,,,99779,100,,,99861,100,,,100200,100,,
2019-06-28 10:55:00.000000000,99396,307,99120,197,99428,307,98887,307,99447,100,,,99456,100,,,99528,100,,,99552,100,,,99713,100,,,99779,100,,,99861,100,,,100200,100,,
2019-06-28 10:55:05.505059399,99396,307,99120,197,99428,307,98887,307,99447,100,,,99456,100,,,99528,100,,,99552,100,,,99590,100,,,99713,100,,,99779,100,,,99861,100,,
2019-06-28 10:55:10.000000000,99396,307,98887,307,99428,307,98886,207,99447,100,,,99456,100,,,99528,100,,,99552,100,,,99590,100,,,99713,100,,,99779,100,,,99861,100,,
2019-06-28 10:55:12.683204542,99396,207,98887,307,99428,307,98886,207,99447,100,,,99456,100,,,99528,100,,,99552,100,,,99590,100,,,99713,100,,,99779,100,,,99861,100,,
2019-06-28 10:55:20.000000000,99428,204,98887,204,99447,204,98886,104,99456,204,,,99528,204,,,99552,100,,,99590,100,,,99713,100,,,99779,100,,,99861,100,,,100200,100,,
2019-06-28 10:55:21.498798467,99428,104,98887,204,99447,204,98886,104,99456,204,,,99528,204,,,99552,100,,,99590,100,,,99779,100,,,99861,100,,,100200,100,,,,,,
2019-06-28 10:55:23.630527720,99428,4,98887,204,99447,204,98886,104,99456,204,,,99528,204,,,99552,100,,,99590,100,,,99779,100,,,99861,100,,,100200,100,,,,,,
2019-06-28 10:55:30.000000000,99447,204,98887,204,99456,204,98886,104,99528,204,,,99552,204,,,99590,100,,,99779,100,,,99861,100,,,100200,100,,,,,,,,,,
2019-06-28 10:55:40.000000000,99447,241,98887,241,99456,237,98886,137,99528,237,,,99552,100,,,99590,100,,,99779,100,,,99861,100,,,100200,100,,,,,,,,,,
2019-06-28 10:55:40.632865521,99447,241,99428,100,99456,237,98887,241,99528,237,98886,137,99552,100,,,99590,100,,,99779,100,,,99861,100,,,100200,100,,,,,,,,,,
2019-06-28 10:55:40.729369311,99447,241,99428,100,99456,237,98887,241,99528,237,98886,137,99552,100,,,99590,100,,,99610,100,,,99779,100,,,99861,100,,,100200,100,,,,,,
2019-06-28 10:55:50.000000000,99447,241,99428,241,99456,237,98887,237,99528,237,98886,137,99552,100,,,99590,100,,,99610,100,,,99779,100,,,99861,100,,,100200,100,,,,,,
2019-06-28 10:56:00.000000000,99447,514,99428,404,99456,100,98887,100,99528,100,,,99552,100,,,99590,100,,,99610,100,,,99779,100,,,99861,100,,,100200,100,,,,,,
2019-06-28 10:56:05.659606769,99447,514,99428,404,99456,100,98887,100,99528,100,,,99552,100,,,99590,100,,,99610,100,,,99779,100,,,99861,100,,,99914,100,,,100200,100,,
2019-06-28 10:56:10.000000000,99447,183,98887,183,99456,183,98886,83,99528,183,,,99552,183,,,99590,183,,,99610,100,,,99779,100,,,99861,100,,,99914,100,,,100200,100,,
2019-06-28 10:56:18.712317621,99447,183,99428,100,99456,183,98887,183,99528,183,98886,83,99552,183,,,99590,183,,,99610,100,,,99779,100,,,99861,100,,,99914,100,,,100200,100,,
2019-06-28 10:56:20.000000000,99447,307,99428,307,99456,307,98887,307,99528,100,,,99552,100,,,99590,100,,,99610,100,,,99779,100,,,99861,100,,,99914,100,,,100200,100,,
2019-06-28 10:56:25.322894748,99447,307,99428,307,99456,307,98887,307,99528,100,,,99552,100,,,99590,100,,,99610,100,,,99684,100,,,99779,100,,,99861,100,,,99914,100,,
2019-06-28 10:56:30.000000000,99447,307,99428,307,99456,307,98887,307,99528,100,,,99552,100,,,99590,100,,,99610,100,,,99684,100,,,99779,100,,,99861,100,,,99914,100,,
2019-06-28 10:56:31.519606714,99447,207,99428,307,99456,307,98887,307,99528,100,,,99552,100,,,99590,100,,,99610,100,,,99684,100,,,99779,100,,,99861,100,,,99914,100,,
2019-06-28 10:56:33.102827818,99447,107,99428,307,99456,307,98887,307,99528,100,,,99552,100,,,99590,100,,,99610,100,,,99684,100,,,99779,100,,,99861,100,,,99914,100,,
2019-06-28 10:56:40.000000000,99456,204,99428,204,99528,204,98887,204,99552,204,98886,104,99590,204,,,99610,100,,,99684,100,,,99779,100,,,99861,100,,,99914,100,,,100200,100,,
2019-06-28 10:56:50.000000000,99456,307,99428,307,99528,307,98887,307,99552,100,,,99590,100,,,99610,100,,,99684,100,,,99779,100,,,99861,100,,,99914,100,,,100200,100,,
2019-06-28 10:56:54.614212819,99456,307,99428,307,99528,307,98887,307,99552,100,,,99590,100,,,99610,100,,,99684,100,,,99779,100,,,99861,100,,,99914,100,,,100056,100,,
2019-06-28 10:57:00.000000000,99456,514,99428,404,99528,100,98887,100,99552,100,,,99590,100,,,99610,100,,,99684,100,,,99779,100,,,99861,100,,,99914,100,,,100056,100,,
2019-06-28 10:57:05.919801113,99456,414,99428,404,99528,100,98887,100,99552,100,,,99590,100,,,99610,100,,,99779,100,,,99861,100,,,99914,100,,,100056,100,,,100200,100,,
2019-06-28 10:57:10.000000000,99528,514,98887,514,99552,100,,,99590,100,,,99610,100,,,99779,100,,,99861,100,,,99914,100,,,100056,100,,,100200,100,,,,,,
2019-06-28 10:57:20.000000000,99528,183,98887,183,99552,183,98886,83,99590,183,,,99610,183,,,99779,183,,,99861,100,,,99914,100,,,100056,100,,,100200,100,,,,,,
2019-06-28 10:57:28.505299696,99528,183,98887,183,99552,83,98886,83,99590,183,,,99610,183,,,99779,183,,,99861,100,,,99914,100,,,100000,100,,,100056,100,,,100200,100,,
2019-06-28 10:57:30.000000000,99528,183,98887,183,99590,183,98886,83,99610,183,,,99779,183,,,99861,183,,,99914,100,,,100000,100,,,100056,100,,,100200,100,,,,,,
2019-06-28 10:57:36.251596161,99528,83,98887,183,99590,183,98886,83,99610,183,,,99779,183,,,99861,83,,,99914,100,,,100000,100,,,100056,100,,,100200,100,,,,,,
2019-06-28 10:57:40.000000000,99590,241,98887,241,99610,237,98886,137,99779,237,,,99914,100,,,100000,100,,,100056,100,,,100200,100,,,,,,,,,,,,,,
2019-06-28 10:57:50.000000000,99590,307,98887,307,99610,307,98886,207,99779,100,,,99914,100,,,100000,100,,,100056,100,,,100200,100,,,,,,,,,,,,,,
2019-06-28 10:58:00.000000000,99590,307,98887,197,99610,307,98886,207,99779,100,,,99914,100,,,100000,100,,,100056,100,,,100200,100,,,,,,,,,,,,,,
2019-06-28 10:58:01.934427642,99590,207,98887,197,99610,307,98886,207,99914,100,,,100000,100,,,100056,100,,,100200,100,,,,,,,,,,,,,,,,,,
2019-06-28 10:58:10.000000000,99610,100,,,99914,100,,,100000,100,,,100056,100,,,100200,100,,,,,,,,,,,,,,,,,,,,,,
2019-06-28 10:58:18.195424408,99610,100,,,99914,100,,,99949,100,,,100000,100,,,100056,100,,,100200,100,,,,,,,,,,,,,,,,,,
2019-06-28 10:58:34.053527255,99610,100,98887,100,99914,100,,,99949,100,,,100000,100,,,100056,100,,,100200,100,,,,,,,,,,,,,,,,,,
2019-06-28 10:58:40.000000000,99610,183,98887,183,99914,183,98886,83,99949,183,,,100000,183,,,100056,183,,,100200,100,,,,,,,,,,,,,,,,,,
2019-06-28 10:58:50.000000000,99610,241,98887,241,99914,237,98886,137,99949,237,,,100000,100,,,100056,100,,,100200,100,,,,,,,,,,,,,,,,,,
2019-06-28 10:58:54.427042028,99610,241,98887,341,99914,237,98886,137,99949,237,,,100000,100,,,100056,100,,,100200,100,,,,,,,,,,,,,,,,,,
2019-06-28 10:59:00.000000000,99610,307,98887,297,99914,307,98886,207,99949,100,,,100000,100,,,100056,100,,,100200,100,,,,,,,,,,,,,,,,,,
2019-06-28 10:59:04.911735553,99603,100,98887,297,99610,307,98886,207,99914,307,,,99949,100,,,100000,100,,,100056,100,,,100200,100,,,,,,,,,,,,,,
2019-06-28 10:59:10.000000000,99603,204,98887,194,99610,204,98886,104,99914,204,,,99949,204,,,100000,100,,,100056,100,,,100200,100,,,,,,,,,,,,,,
2019-06-28 10:59:20.000000000,99603,241,98887,231,99610,237,98886,137,99914,237,,,99949,100,,,100000,100,,,100056,100,,,100200,100,,,,,,,,,,,,,,
2019-06-28 10:59:30.000000000,99603,241,98887,231,99610,237,98886,137,99914,237,,,99949,100,,,100000,100,,,100056,100,,,100200,100,,,,,,,,,,,,,,
2019-06-28 10:59:39.034454494,99603,241,98887,331,99610,237,98886,137,99914,237,,,99949,100,,,100000,100,,,100056,100,,,100200,100,,,,,,,,,,,,,,
2019-06-28 10:59:40.000000000,99603,183,98887,273,99610,183,98886,83,99914,183,,,99949,183,,,100000,183,,,100056,100,,,100200,100,,,,,,,,,,,,,,
2019-06-28 10:59:50.000000000,99603,183,98887,273,99610,183,98886,83,99914,183,,,99949,183,,,100000,183,,,100056,100,,,100200,100,,,,,,,,,,,,,,
2019-06-28 10:59:55.060912748,99603,183,98887,273,99610,183,98886,83,99914,183,,,99949,183,,,100000,183,,,100043,100,,,100056,100,,,100200,100,,,,,,,,,,
2019-06-28 11:00:00.000000000,99603,307,98887,287,99610,307,98886,207,99914,100,,,99949,100,,,100000,100,,,100043,100,,,100056,100,,,100200,100,,,,,,,,,,
2019-06-28 11:00:10.000000000,99603,514,98887,494,99610,100,,,99914,100,,,99949,100,,,100000,100,,,100043,100,,,100056,100,,,100200,100,,,,,,,,,,
2019-06-28 11:00:20.000000000,99603,204,98887,184,99610,204,98886,104,99914,204,,,99949,204,,,100000,100,,,100043,100,,,100056,100,,,100200,100,,,,,,,,,,
2019-06-28 11:00:30.000000000,99603,514,98887,494,99610,100,,,99914,100,,,99949,100,,,100000,100,,,100043,100,,,100056,100,,,100200,100,,,,,,,,,,
2019-06-28 11:00:40.000000000,99603,204,98887,184,99610,204,98886,104,99914,204,,,99949,204,,,100000,100,,,100043,100,,,100056,100,,,100200,100,,,,,,,,,,
2019-06-28 11:00:50.000000000,99603,241,98887,221,99610,237,98886,137,99914,237,,,99949,100,,,100000,100,,,100043,100,,,100056,100,,,100200,100,,,,,,,,,,
2019-06-28 11:01:00.000000000,99603,204,98887,74,99610,204,98886,104,99914,204,,,99949,204,,,100000,100,,,100043,100,,,100056,100,,,100200,100,,,,,,,,,,
2019-06-28 11:01:10.000000000,99603,100,,,99610,100,,,99914,100,,,99949,100,,,100000,100,,,100043,100,,,100056,100,,,100200,100,,,,,,,,,,
2019-06-28 11:01:14.907380479,99603,100,,,99610,100,,,99914,100,,,99949,100,,,100000,100,,,100043,100,,,100056,100,,,100065,100,,,,,,,,,,
2019-06-28 11:01:15.926561203,99603,100,,,99610,100,,,99777,100,,,99914,100,,,99949,100,,,100000,100,,,100043,100,,,100056,100,,,100065,100,,,,,,
2019-06-28 11:01:16.079171591,99603,100,,,99610,100,,,99777,100,,,99914,100,,,99949,100,,,99975,100,,,100000,100,,,100043,100,,,100056,100,,,100065,100,,
2019-06-28 11:01:19.988837037,99589,100,,,99603,100,,,99610,100,,,99777,100,,,99914,100,,,99949,100,,,99975,100,,,100000,100,,,100043,100,,,100056,100,,
2019-06-28 11:01:48.817182544,99589,100,,,99603,100,,,99610,100,,,99777,100,,,99914,100,,,99949,100,,,99975,100,,,100000,100,,,100043,100,,,100056,100,,
2019-06-28 11:01:50.545940113,99589,100,,,99603,100,,,99610,100,,,99777,100,,,99914,100,,,99949,100,,,99975,100,,,100000,100,,,100043,100,,,100056,100,,
2019-06-28 11:01:50.904734223,99589,100,,,99603,100,,,99610,100,,,99777,100,,,99878,100,,,99914,100,,,99949,100,,,99975,100,,,100000,100,,,100043,100,,
2019-06-28 11:02:10.712488491,99603,100,,,99610,100,,,99777,100,,,99878,100,,,99914,100,,,99949,100,,,99975,100,,,100000,100,,,100043,100,,,100056,100,,
2019-06-28 11:02:16.424705718,99610,100,,,99777,100,,,99878,100,,,99914,100,,,99949,100,,,99975,100,,,100000,100,,,100043,100,,,100056,100,,,100065,100,,
2019-06-28 11:02:23.032586385,99610,100,99589,100,99777,100,,,99878,100,,,99914,100,,,99949,100,,,99975,100,,,100000,100,,,100043,100,,,100056,100,,,100065,100,,
2019-06-28 11:02:30.000000000,99610,241,99589,241,99777,237,99588,137,99878,237,,,99914,100,,,99949,100,,,99975,100,,,100000,100,,,100043,100,,,100056,100,,,100065,100,,
2019-06-28 11:02:40.000000000,99610,183,99589,183,99777,183,99588,83,99878,183,,,99914,183,,,99949,183,,,99975,100,,,100000,100,,,100043,100,,,100056,100,,,100065,100,,
2019-06-28 11:02:43.281550107,99777,183,99610,17,99878,183,99589,183,99914,183,99588,83,99949,183,,,99975,100,,,100000,100,,,100043,100,,,100056,100,,,100065,100,,,100121,100,,
2019-06-28 11:02:50.000000000,99777,241,99610,158,99878,237,99589,237,99914,237,99588,137,99949,100,,,99975,100,,,100000,100,,,100043,100,,,100056,100,,,100065,100,,,100121,100,,
2019-06-28 11:02:50.349317984,99777,241,99610,158,99878,237,99603,100,99914,237,99589,237,99949,100,99588,137,99975,100,,,100000,100,,,100043,100,,,100056,100,,,100065,100,,,100121,100,,
2019-06-28 11:03:00.000000000,99610,3,99603,176,99777,183,99589,183,99878,183,99588,83,99914,183,,,99949,183,,,99975,183,,,100000,100,,,100043,100,,,100056,100,,,100065,100,,
2019-06-28 11:03:07.526021633,99610,3,99603,176,99777,183,99589,183,99878,183,99588,83,99914,183,,,99949,183,,,99975,183,,,100000,100,,,100043,100,,,100056,100,,,100065,100,,
2019-06-28 11:03:10.000000000,99610,107,99603,197,99777,204,99589,204,99878,204,99588,104,99914,204,,,99949,100,,,99975,100,,,100000,100,,,100043,100,,,100056,100,,,100065,100,,
2019-06-28 11:03:13.713307708,99610,7,99603,197,99777,204,99589,204,99878,204,99588,104,99914,204,,,99949,100,,,99975,100,,,100000,100,,,100043,100,,,100065,100,,,100121,100,,
2019-06-28 11:03:20.000000000,99777,241,99603,234,99878,237,99589,237,99914,237,99588,137,99949,100,,,99975,100,,,100000,100,,,100043,100,,,100065,100,,,100121,100,,,100193,100,,
2019-06-28 11:03:30.000000000,99777,204,99603,197,99878,204,99589,204,99914,204,99588,104,99949,204,,,99975,100,,,100000,100,,,100043,100,,,100065,100,,,100121,100,,,100193,100,,
2019-06-28 11:03:40.000000000,99777,307,99603,300,99878,307,99589,307,99914,100,,,99949,100,,,99975,100,,,100000,100,,,100043,100,,,100065,100,,,100121,100,,,100193,100,,
2019-06-28 11:03:50.000000000,99777,307,99603,300,99878,307,99589,307,99914,100,,,99949,100,,,99975,100,,,100000,100,,,100043,100,,,100065,100,,,100121,100,,,100193,100,,
2019-06-28 11:04:00.000000000,99777,307,99603,190,99878,307,99589,307,99914,100,,,99949,100,,,99975,100,,,100000,100,,,100043,100,,,100065,100,,,100121,100,,,100193,100,,
2019-06-28 11:04:09.225862403,99777,307,99603,190,99878,307,99589,307,99914,100,,,99949,100,,,99975,100,,,100000,100,,,100043,100,,,100065,100,,,100121,100,,,100193,100,,
2019-06-28 11:04:10.000000000,99777,514,99589,514,99878,100,,,99914,100,,,99949,100,,,99975,100,,,100000,100,,,100043,100,,,100065,100,,,100121,100,,,100193,100,,
2019-06-28 11:04:17.990241024,99777,414,99589,514,99878,100,,,99914,100,,,99949,100,,,99975,100,,,100000,100,,,100043,100,,,100065,100,,,100121,100,,,100193,100,,
2019-06-28 11:04:20.000000000,99878,204,99589,204,99914,204,99588,104,99949,204,,,99975,204,,,100000,100,,,100043,100,,,100065,100,,,100121,100,,,100193,100,,,100324,100,,
2019-06-28 11:04:30.000000000,99878,183,99589,183,99914,183,99588,83,99949,183,,,99975,183,,,100000,183,,,100043,100,,,100065,100,,,100121,100,,,100193,100,,,100324,100,,
2019-06-28 11:04:34.689443184,99878,83,99589,183,99914,183,99588,83,99949,183,,,99975,183,,,100000,183,,,100043,100,,,100065,100,,,100121,100,,,100193,100,,,100324,100,,
2019-06-28 11:04:38.204261784,99878,83,99589,183,99914,183,99588,83,99949,183,,,99975,183,,,100000,183,,,100043,100,,,100065,100,,,100121,100,,,100193,100,,,100324,100,,
2019-06-28 11:04:39.270324670,99914,183,99878,17,99949,183,99589,183,99975,183,99588,83,100000,183,,,100043,100,,,100065,100,,,100121,100,,,100193,100,,,100324,100,,,100406,100,,
2019-06-28 11:04:40.000000000,99914,204,99878,121,99949,204,99589,204,99975,204,99588,104,100000,204,,,100043,100,,,100065,100,,,100121,100,,,100193,100,,,100324,100,,,100406,100,,
2019-06-28 11:04:50.000000000,99914,204,99878,121,99949,204,99589,204,99975,204,99588,104,100000,204,,,100043,100,,,100065,100,,,100121,100,,,100193,100,,,100324,100,,,100406,100,,
2019-06-28 11:04:52.677251046,99914,204,99878,121,99949,204,99589,204,99975,204,99588,104,100000,204,,,100043,100,,,100121,100,,,100193,100,,,100324,100,,,100406,100,,,100407,100,,
2019-06-28 11:05:00.000000000,99914,241,99878,48,99949,237,99589,237,99975,237,99588,137,100000,100,,,100043,100,,,100121,100,,,100193,100,,,100324,100,,,100406,100,,,100407,100,,
2019-06-28 11:05:10.000000000,99914,183,99589,183,99949,183,99588,83,99975,183,,,100000,183,,,100043,183,,,100121,100,,,100193,100,,,100324,100,,,100406,100,,,100407,100,,
2019-06-28 11:05:10.482529048,99914,183,99589,183,99949,183,99588,83,99975,183,,,100000,183,,,100043,183,,,100121,100,,,100193,100,,,100324,100,,,100406,100,,,100407,100,,
2019-06-28 11:05:20.000000000,99914,183,99589,183,99949,183,99588,83,99975,183,,,100000,183,,,100043,183,,,100121,100,,,100193,100,,,100324,100,,,100406,100,,,100407,100,,
2019-06-28 11:05:21.786627898,99914,83,99589,183,99949,183,99588,83,99975,183,,,100000,183,,,100043,183,,,100121,100,,,100193,100,,,100324,100,,,100406,100,,,100407,100,,
2019-06-28 11:05:22.736768575,99949,183,99914,17,99975,183,99589,183,100000,183,99588,83,100043,183,,,100121,100,,,100193,100,,,100324,100,,,100406,100,,,100407,100,,,100572,100,,
2019-06-28 11:05:30.000000000,99949,241,99914,158,99975,237,99589,237,100000,237,99588,137,100043,100,,,100121,100,,,100193,100,,,100324,100,,,100406,100,,,100407,100,,,100572,100,,
2019-06-28 11:05:40.000000000,99949,183,99914,100,99975,183,99589,183,100000,183,99588,83,100043,183,,,100121,183,,,100193,100,,,100324,100,,,100406,100,,,100407,100,,,100572,100,,
2019-06-28 11:05:48.778270543,99949,183,99914,200,99975,183,99589,183,100000,183,99588,83,100043,183,,,100121,183,,,100193,100,,,100324,100,,,100406,100,,,100407,100,,,100572,100,,
2019-06-28 11:05:50.000000000,99949,514,99914,531,99975,100,99589,100,100000,100,,,100043,100,,,100121,100,,,100193,100,,,100324,100,,,100406,100,,,100407,100,,,100572,100,,
2019-06-28 11:05:52.115052380,99949,514,99914,531,99975,100,99589,100,100000,100,,,100043,100,,,100121,100,,,100193,100,,,100406,100,,,100407,100,,,100567,100,,,100572,100,,
2019-06-28 11:05:55.980274458,99949,514,99914,531,99975,100,99589,100,100000,100,,,100043,100,,,100121,100,,,100193,100,,,100406,100,,,100407,100,,,100489,100,,,100567,100,,
2019-06-28 11:06:00.000000000,99949,307,99914,214,99975,307,99589,307,100000,100,,,100043,100,,,100121,100,,,100193,100,,,100406,100,,,100407,100,,,100489,100,,,100567,100,,
2019-06-28 11:06:05.780154254,99949,307,99914,214,99975,307,99589,307,100000,100,,,100043,100,,,100121,100,,,100193,100,,,100407,100,,,100489,100,,,100548,100,,,100567,100,,
2019-06-28 11:06:10.000000000,99949,307,99914,214,99975,307,99589,307,100000,100,,,100043,100,,,100121,100,,,100193,100,,,100407,100,,,100489,100,,,100548,100,,,100567,100,,
2019-06-28 11:06:20.000000000,99949,183,99914,90,99975,183,99589,183,100000,183,99588,83,100043,183,,,100121,183,,,100193,100,,,100407,100,,,100489,100,,,100548,100,,,100567,100,,
2019-06-28 11:06:29.446185069,99949,83,99914,90,99975,183,99589,183,100000,183,99588,83,100043,183,,,100121,183,,,100193,100,,,100407,100,,,100489,100,,,100548,100,,,100567,100,,
2019-06-28 11:06:30.000000000,99975,307,99914,214,100000,307,99589,307,100043,100,,,100121,100,,,100193,100,,,100407,100,,,100489,100,,,100548,100,,,100567,100,,,100572,100,,
2019-06-28 11:06:40.000000000,99975,204,99914,111,100000,204,99589,204,100043,204,99588,104,100121,204,,,100193,100,,,100407,100,,,100489,100,,,100548,100,,,100567,100,,,100572,100,,
2019-06-28 11:06:49.437815999,99975,104,99914,111,100000,204,99589,204,100043,204,99588,104,100121,204,,,100193,100,,,100407,100,,,100489,100,,,100548,100,,,100567,100,,,100572,100,,
2019-06-28 11:06:50.000000000,100000,307,99914,214,100043,307,99589,307,100121,100,,,100193,100,,,100407,100,,,100489,100,,,100548,100,,,100567,100,,,100572,100,,,,,,
2019-06-28 11:06:53.415464672,100000,207,99914,214,100043,307,99589,307,100121,100,,,100193,100,,,100407,100,,,100489,100,,,100548,100,,,100567,100,,,100572,100,,,,,,
2019-06-28 11:07:00.000000000,100043,204,99914,1,100121,204,99589,204,100193,204,99588,104,100407,204,,,100489,100,,,100548,100,,,100567,100,,,100572,100,,,,,,,,,,
2019-06-28 11:07:10.000000000,100043,514,99589,514,100121,100,,,100193,100,,,100407,100,,,100489,100,,,100548,100,,,100567,100,,,100572,100,,,,,,,,,,
2019-06-28 11:07:18.161857532,100043,414,99589,514,100121,100,,,100193,100,,,100407,100,,,100489,100,,,100548,100,,,100567,100,,,100572,100,,,,,,,,,,
2019-06-28 11:07:20.000000000,100121,307,99589,307,100193,307,99588,207,100407,100,,,100489,100,,,100548,100,,,100567,100,,,100572,100,,,,,,,,,,,,,,
2019-06-28 11:07:28.633620477,100121,307,99589,307,100193,307,99588,207,100407,100,,,100489,100,,,100548,100,,,100567,100,,,100572,100,,,100734,100,,,,,,,,,,
2019-06-28 11:07:30.000000000,100121,204,99589,204,100193,204,99588,104,100407,204,,,100489,204,,,100548,100,,,100567,100,,,100572,100,,,100734,100,,,,,,,,,,
2019-06-28 11:07:38.593054008,100121,204,99914,100,100193,204,99589,204,100407,204,99588,104,100489,204,,,100548,100,,,100567,100,,,100572,100,,,100734,100,,,,,,,,,,
2019-06-28 11:07:40.000000000,100121,241,99914,241,100193,237,99589,237,100407,237,99588,137,100489,100,,,100548,100,,,100567,100,,,100572,100,,,100734,100,,,,,,,,,,
2019-06-28 11:07:50.000000000,100121,183,99914,183,100193,183,99589,183,100407,183,99588,83,100489,183,,,100548,183,,,100567,100,,,100572,100,,,100734,100,,,,,,,,,,
2019-06-28 11:07:53.897225049,100121,83,99914,183,100193,183,99589,183,100407,183,99588,83,100489,183,,,100548,183,,,100567,100,,,100572,100,,,100734,100,,,,,,,,,,
2019-06-28 11:08:00.000000000,100193,514,99914,404,100407,100,99589,100,100489,100,,,100548,100,,,100567,100,,,100572,100,,,100734,100,,,,,,,,,,,,,,
2019-06-28 11:08:04.116597592,100193,514,99914,504,100407,100,99589,100,100489,100,,,100548,100,,,100567,100,,,100572,100,,,100734,100,,,,,,,,,,,,,,
2019-06-28 11:08:10.000000000,100193,204,99914,204,100407,204,99589,204,100489,204,99588,104,100548,204,,,100567,100,,,100572,100,,,100734,100,,,,,,,,,,,,,,
2019-06-28 11:08:20.000000000,100193,241,99914,241,100407,237,99589,237,100489,237,99588,137,100548,100,,,100567,100,,,100572,100,,,100734,100,,,,,,,,,,,,,,
2019-06-28 11:08:30.000000000,100193,307,99914,307,100407,307,99589,307,100489,100,,,100548,100,,,100567,100,,,100572,100,,,100734,100,,,,,,,,,,,,,,
2019-06-28 11:08:30.798013205,100193,307,99914,407,100407,307,99589,307,100489,100,,,100548,100,,,100567,100,,,100572,100,,,100734,100,,,,,,,,,,,,,,
2019-06-28 11:08:40.000000000,100193,241,99914,341,100407,237,99589,237,100489,237,99588,137,100548,100,,,100567,100,,,100572,100,,,100734,100,,,,,,,,,,,,,,
2019-06-28 11:08:41.015003546,100193,241,99914,441,100407,237,99589,237,100489,237,99588,137,100548,100,,,100567,100,,,100572,100,,,100734,100,,,,,,,,,,,,,,
2019-06-28 11:08:50.000000000,100193,307,99914,507,100407,307,99589,307,100489,100,,,100548,100,,,100567,100,,,100572,100,,,100734,100,,,,,,,,,,,,,,
2019-06-28 11:08:55.823983693,100193,207,99914,507,100407,207,99589,307,100489,100,,,100548,100,,,100567,100,,,100572,100,,,100734,100,,,,,,,,,,,,,,
2019-06-28 11:09:00.000000000,100489,241,99914,331,100548,237,99589,237,100567,237,99588,137,100572,100,,,100734,100,,,,,,,,,,,,,,,,,,,,,,
2019-06-28 11:09:10.000000000,100489,183,99914,273,100548,183,99589,183,100567,183,99588,83,100572,183,,,100734,183,,,,,,,,,,,,,,,,,,,,,,
2019-06-28 11:09:17.059217313,100489,183,99914,273,100526,100,99589,183,100548,183,99588,83,100567,183,,,100572,183,,,100734,183,,,,,,,,,,,,,,,,,,
2019-06-28 11:09:20.000000000,100489,514,99914,604,100526,100,99589,100,100548,100,,,100567,100,,,100572,100,,,100734,100,,,,,,,,,,,,,,,,,,
2019-06-28 11:09:30.000000000,100489,241,99914,331,100526,237,99589,237,100548,237,99588,137,100567,100,,,100572,100,,,100734,100,,,,,,,,,,,,,,,,,,
2019-06-28 11:09:31.376187652,100489,241,99914,431,100526,237,99589,237,100548,237,99588,137,100567,100,,,100572,100,,,100734,100,,,,,,,,,,,,,,,,,,
2019-06-28 11:09:40.000000000,100489,241,99914,431,100526,237,99589,237,100548,237,99588,137,100567,100,,,100572,100,,,100734,100,,,,,,,,,,,,,,,,,,
2019-06-28 11:09:50.000000000,100489,241,99914,431,100526,237,99589,237,100548,237,99588,137,100567,100,,,100572,100,,,100734,100,,,,,,,,,,,,,,,,,,
2019-06-28 11:10:00.000000000,100489,204,99914,284,100526,204,99589,204,100548,204,99588,104,100567,204,,,100572,100,,,100734,100,,,,,,,,,,,,,,,,,,
2019-06-28 11:10:02.682282035,100489,204,100163,100,100526,204,99914,284,100548,204,99589,204,100567,204,99588,104,100572,100,,,100734,100,,,,,,,,,,,,,,,,,,
2019-06-28 11:10:08.448428225,100489,204,100214,100,100526,204,100163,100,100548,204,99914,284,100567,204,99589,204,100572,100,99588,104,100734,100,,,,,,,,,,,,,,,,,,
2019-06-28 11:10:08.580604495,100489,204,100214,100,100526,204,100163,100,100548,204,99914,384,100567,204,99589,204,100572,100,99588,104,100734,100,,,,,,,,,,,,,,,,,,
2019-06-28 11:10:10.000000000,100489,514,100214,514,100526,100,100163,100,100548,100,99914,280,100567,100,99589,100,100572,100,,,100734,100,,,,,,,,,,,,,,,,,,
2019-06-28 11:10:20.000000000,100489,514,100214,514,100526,100,100163,100,100548,100,99914,280,100567,100,99589,100,100572,100,,,100734,100,,,,,,,,,,,,,,,,,,
2019-06-28 11:10:30.000000000,100489,307,100214,307,100526,307,100163,307,100548,100,99914,280,100567,100,99589,100,100572,100,,,100734,100,,,,,,,,,,,,,,,,,,
2019-06-28 11:10:40.000000000,100489,514,100214,514,100526,100,100163,100,100548,100,99914,280,100567,100,99589,100,100572,100,,,100734,100,,,,,,,,,,,,,,,,,,
2019-06-28 11:10:47.353516331,100489,514,100214,414,100526,100,100163,100,100567,100,99914,280,100572,100,99589,100,100734,100,,,,,,,,,,,,,,,,,,,,,,
2019-06-28 11:10:50.000000000,100489,514,100163,514,100526,100,99914,280,100567,100,99589,100,100572,100,,,100734,100,,,,,,,,,,,,,,,,,,,,,,
2019-06-28 11:11:00.000000000,100489,204,100163,94,100526,204,99914,384,100567,204,99589,204,100572,204,99588,104,100734,100,,,,,,,,,,,,,,,,,,,,,,
2019-06-28 11:11:10.000000000,100489,514,99914,694,100526,100,99589,100,100567,100,,,100572,100,,,100734,100,,,,,,,,,,,,,,,,,,,,,,
2019-06-28 11:11:20.000000000,100489,183,99914,363,100526,183,99589,183,100567,183,99588,83,100572,183,,,100734,183,,,,,,,,,,,,,,,,,,,,,,
2019-06-28 11:11:25.552786225,100489,183,99914,363,100526,183,99839,100,100567,183,99589,183,100572,183,99588,83,100734,83,,,,,,,,,,,,,,,,,,,,,,
2019-06-28 11:11:30.000000000,100489,183,99914,363,100526,183,99839,183,100567,183,99589,183,100572,183,99588,83,100573,83,,,,,,,,,,,,,,,,,,,,,,
2019-06-28 11:11:40.000000000,100489,183,99914,363,100526,183,99839,183,100567,183,99589,183,100572,183,99588,83,100573,83,,,,,,,,,,,,,,,,,,,,,,
2019-06-28 11:11:50.000000000,100489,183,99914,363,100526,183,99839,183,100567,183,99589,183,100572,183,99588,83,100573,83,,,,,,,,,,,,,,,,,,,,,,
2019-06-28 11:12:00.000000000,100489,307,99914,377,100526,307,99839,307,100567,100,99589,100,100572,100,,,,,,,,,,,,,,,,,,,,,,,,,,
2019-06-28 11:12:10.000000000,100489,183,99914,253,100526,183,99839,183,100567,183,99589,183,100572,183,99588,83,100573,83,,,,,,,,,,,,,,,,,,,,,,
2019-06-28 11:12:12.285103326,100489,183,99914,153,100526,183,99839,183,100567,183,99589,183,100572,183,99588,83,100573,83,,,,,,,,,,,,,,,,,,,,,,
2019-06-28 11:12:18.101071457,100489,183,99914,53,100526,183,99839,183,100567,183,99589,183,100572,183,99588,83,100573,83,,,,,,,,,,,,,,,,,,,,,,
2019-06-28 11:12:20.000000000,100489,241,99839,241,100526,237,99589,237,100567,237,99588,137,100572,100,,,,,,,,,,,,,,,,,,,,,,,,,,
2019-06-28 11:12:25.294177192,100489,241,99839,241,100526,237,99589,237,100567,237,99588,137,100572,100,98610,100,,,,,,,,,,,,,,,,,,,,,,,,
2019-06-28 11:12:30.000000000,100489,307,99839,307,100526,307,99589,307,100567,100,98610,100,100572,100,,,,,,,,,,,,,,,,,,,,,,,,,,
2019-06-28 11:12:40.000000000,100489,514,99839,514,100526,100,99589,100,100567,100,98610,100,100572,100,,,,,,,,,,,,,,,,,,,,,,,,,,
2019-06-28 11:12:42.188567039,99914,100,99839,514,100489,514,99589,100,100526,100,98610,100,100567,100,,,100572,100,,,,,,,,,,,,,,,,,,,,,,
2019-06-28 11:12:50.000000000,99914,307,99839,307,100489,307,99589,307,100526,100,98610,100,100567,100,,,100572,100,,,,,,,,,,,,,,,,,,,,,,
2019-06-28 11:12:55.378878153,99914,307,99839,307,100489,307,99589,307,100526,100,98650,100,100567,100,98610,100,100572,100,,,,,,,,,,,,,,,,,,,,,,
2019-06-28 11:13:00.000000000,99914,183,99839,73,100489,183,99589,183,100526,183,98650,183,100567,183,98610,183,100572,183,98609,83,,,,,,,,,,,,,,,,,,,,
2019-06-28 11:13:01.432622367,99914,183,99839,73,100489,183,99589,183,100526,183,98650,183,100567,183,98642,100,100572,183,98610,183,,,98609,83,,,,,,,,,,,,,,,,
2019-06-28 11:13:02.725534661,99839,27,99589,183,99914,183,98650,183,100489,183,98642,100,100526,183,98610,183,100567,183,98609,83,100572,183,,,,,,,,,,,,,,,,,,
2019-06-28 11:13:10.000000000,99839,441,99589,514,99914,100,98650,100,100489,100,98642,100,100526,100,98610,100,100567,100,,,100572,100,,,,,,,,,,,,,,,,,,
2019-06-28 11:13:20.000000000,99839,110,99589,183,99914,183,98650,183,100489,183,98642,183,100526,183,98610,183,100567,183,98609,83,100572,100,,,,,,,,,,,,,,,,,,
2019-06-28 11:13:30.000000000,99839,168,99589,241,99914,237,98650,237,100489,237,98642,237,100526,100,98610,100,100567,100,,,100572,100,,,,,,,,,,,,,,,,,,
2019-06-28 11:13:40.000000000,99839,441,99589,514,99914,100,98650,100,100489,100,98642,100,100526,100,98610,100,100567,100,,,100572,100,,,,,,,,,,,,,,,,,,
2019-06-28 11:13:50.000000000,99839,110,99589,183,99914,183,98650,183,100489,183,98642,183,100526,183,98610,183,100567,183,98609,83,100572,100,,,,,,,,,,,,,,,,,,
2019-06-28 11:14:00.000000000,99839,233,99589,197,99914,307,98650,307,100489,100,98642,100,100526,100,98610,100,100567,100,,,100572,100,,,,,,,,,,,,,,,,,,
2019-06-28 11:14:00.864457209,99839,233,99589,197,99914,307,98650,307,100489,100,98642,100,100526,100,98610,100,100567,100,97712,100,100572,100,,,,,,,,,,,,,,,,,,
2019-06-28 11:14:07.808318345,99839,233,99589,97,99914,307,98650,307,100489,100,98642,100,100526,100,98610,100,100567,100,97712,100,100572,100,,,,,,,,,,,,,,,,,,
2019-06-28 11:14:10.000000000,99839,233,98650,307,99914,307,98642,307,100489,100,98610,100,100526,100,97712,100,100567,100,,,100572,100,,,,,,,,,,,,,,,,,,
2019-06-28 11:14:12.680830059,99839,333,98650,307,99914,307,98642,307,100489,100,98610,100,100526,100,97712,100,100567,100,,,100572,100,,,,,,,,,,,,,,,,,,
2019-06-28 11:14:20.000000000,99839,209,98650,183,99914,183,98642,183,100489,183,98610,183,100526,183,97712,183,100567,183,97711,83,100572,100,,,,,,,,,,,,,,,,,,
2019-06-28 11:14:20.850732241,99839,209,98650,83,99914,183,98642,183,100489,183,98610,183,100526,183,97712,183,100567,183,97711,83,100572,100,,,,,,,,,,,,,,,,,,
2019-06-28 11:14:30.000000000,99839,209,98642,183,99914,183,98610,183,100489,183,97712,183,100526,183,97711,83,100567,183,,,100572,100,,,,,,,,,,,,,,,,,,
2019-06-28 11:14:30.270110343,99839,209,98642,83,99914,183,98610,183,100489,183,97712,183,100526,183,97711,83,100567,183,,,100572,100,,,,,,,,,,,,,,,,,,
2019-06-28 11:14:34.553342617,99839,209,98642,83,99914,183,98610,183,100489,183,97713,100,100526,183,97712,183,100567,183,97711,83,100572,100,,,,,,,,,,,,,,,,,,
2019-06-28 11:14:40.000000000,99839,209,98610,183,99914,183,97713,183,100489,183,97712,183,100526,183,97711,83,100567,183,,,100572,100,,,,,,,,,,,,,,,,,,
2019-06-28 11:14:45.159895339,99839,209,98610,83,99914,183,97713,183,100489,183,97712,183,100526,183,97711,83,100567,183,,,100572,100,,,,,,,,,,,,,,,,,,
2019-06-28 11:14:50.000000000,99839,209,97713,183,99914,183,97712,183,100489,183,97711,83,100526,183,,,100567,183,,,100572,100,,,,,,,,,,,,,,,,,,
2019-06-28 11:15:00.000000000,99839,229,97713,94,99914,204,97712,204,100489,204,97711,104,100526,204,,,100567,100,,,100572,100,,,,,,,,,,,,,,,,,,
2019-06-28 11:15:10.000000000,99839,229,97712,204,99914,204,97711,104,100489,204,,,100526,204,,,100567,100,,,100572,100,,,,,,,,,,,,,,,,,,
2019-06-28 11:15:20.000000000,99839,229,97712,204,99914,204,97711,104,100489,204,,,100526,204,,,100567,100,,,100572,100,,,,,,,,,,,,,,,,,,
2019-06-28 11:15:30.000000000,99839,266,97712,241,99914,237,97711,137,100489,237,,,100526,100,,,100567,100,,,100572,100,,,,,,,,,,,,,,,,,,
2019-06-28 11:15:40.000000000,99839,229,97712,204,99914,204,97711,104,100489,204,,,100526,204,,,100567,100,,,100572,100,,,,,,,,,,,,,,,,,,
2019-06-28 11:15:50.000000000,99839,539,97712,514,99914,100,,,100489,100,,,100526,100,,,100567,100,,,100572,100,,,,,,,,,,,,,,,,,,
2019-06-28 11:16:00.000000000,99839,228,97712,94,99914,204,97711,104,100489,204,,,100526,204,,,100567,100,,,100572,100,,,,,,,,,,,,,,,,,,
2019-06-28 11:16:02.521399495,99839,228,97712,194,99914,204,97711,104,100489,204,,,100526,204,,,100567,100,,,100572,100,,,,,,,,,,,,,,,,,,
2019-06-28 11:16:09.633492551,99839,328,97712,194,99914,204,97711,104,100489,204,,,100526,204,,,100567,100,,,100572,100,,,,,,,,,,,,,,,,,,
2019-06-28 11:16:10.000000000,99839,638,97712,514,99914,100,,,100489,100,,,100526,100,,,100567,100,,,100572,100,,,,,,,,,,,,,,,,,,
2019-06-28 11:16:20.000000000,99839,638,97712,514,99914,100,,,100489,100,,,100526,100,,,100567,100,,,100572,100,,,,,,,,,,,,,,,,,,
2019-06-28 11:16:23.242732707,99839,638,97712,614,99914,100,,,100489,100,,,100526,100,,,100567,100,,,100572,100,,,,,,,,,,,,,,,,,,
2019-06-28 11:16:30.000000000,99839,365,97712,341,99914,237,97711,137,100489,237,,,100526,100,,,100567,100,,,100572,100,,,,,,,,,,,,,,,,,,
2019-06-28 11:16:33.323923228,98238,100,97712,341,99839,365,97711,137,99914,237,,,100489,237,,,100526,100,,,100567,100,,,100572,100,,,,,,,,,,,,,,
2019-06-28 11:16:40.000000000,98238,204,97712,304,99839,328,97711,104,99914,204,,,100489,204,,,100526,100,,,100567,100,,,100572,100,,,,,,,,,,,,,,
2019-06-28 11:16:50.000000000,98238,183,97712,283,99839,307,97711,83,99914,183,,,100489,183,,,100526,183,,,100567,100,,,100572,100,,,,,,,,,,,,,,
2019-06-28 11:16:56.655253543,98238,183,97712,283,98271,100,97711,83,99839,307,,,99914,183,,,100489,183,,,100526,183,,,100567,100,,,100572,100,,,,,,,,,,
2019-06-28 11:16:56.759775639,98238,183,97865,100,98271,100,97712,283,99839,307,97711,83,99914,183,,,100489,183,,,100526,183,,,100567,100,,,100572,100,,,,,,,,,,
2019-06-28 11:17:00.000000000,98238,240,97865,131,98271,237,97712,337,99839,361,97711,137,99914,100,,,100489,100,,,100526,100,,,100567,100,,,100572,100,,,,,,,,,,
2019-06-28 11:17:10.000000000,98238,182,97712,283,98271,183,97711,83,99839,307,,,99914,183,,,100489,183,,,100526,100,,,100567,100,,,100572,100,,,,,,,,,,
2019-06-28 11:17:12.539973674,98238,182,98049,100,98271,183,97712,283,99839,307,97711,83,99914,183,,,100489,83,,,100526,100,,,100567,100,,,100572,100,,,,,,,,,,
2019-06-28 11:17:20.000000000,98238,306,98049,307,98271,307,97712,407,99839,224,,,99914,100,,,100526,100,,,100567,100,,,100572,100,,,,,,,,,,,,,,
2019-06-28 11:17:24.766347805,98238,306,98049,307,98271,307,97712,407,98550,100,,,99839,224,,,99914,100,,,100526,100,,,100567,100,,,100572,100,,,,,,,,,,
2019-06-28 11:17:30.000000000,98238,306,98049,307,98271,307,97712,407,98550,100,,,99839,224,,,99914,100,,,100526,100,,,100567,100,,,100572,100,,,,,,,,,,
2019-06-28 11:17:36.283786244,98238,206,98049,307,98271,307,97712,407,98550,100,,,99839,224,,,99914,100,,,100526,100,,,100567,100,,,100572,100,,,,,,,,,,
2019-06-28 11:17:38.221203559,98238,206,98049,307,98271,307,97712,407,98550,100,,,98749,100,,,99839,224,,,99914,100,,,100526,100,,,100567,100,,,100572,100,,,,,,
2019-06-28 11:17:40.000000000,98271,514,98049,514,98550,100,97712,200,98749,100,,,99839,224,,,99914,100,,,100526,100,,,100567,100,,,100572,100,,,,,,,,,,
2019-06-28 11:17:50.000000000,98271,307,98049,307,98550,307,97712,407,98749,100,,,99839,224,,,99914,100,,,100526,100,,,100567,100,,,100572,100,,,,,,,,,,
2019-06-28 11:17:59.385358182,98271,307,98049,307,98550,307,97712,407,98749,100,,,98993,100,,,99839,224,,,99914,100,,,100526,100,,,100567,100,,,100572,100,,,,,,
2019-06-28 11:18:00.000000000,98271,203,98049,94,98550,204,97712,304,98749,204,97711,104,98993,204,,,99839,224,,,99914,100,,,100526,100,,,100567,100,,,100572,100,,,,,,
2019-06-28 11:18:10.000000000,98271,306,97712,407,98550,307,97711,207,98749,100,,,98993,100,,,99839,224,,,99914,100,,,100526,100,,,100567,100,,,100572,100,,,,,,
2019-06-28 11:18:20.000000000,98271,182,97712,283,98550,183,97711,83,98749,183,,,98993,183,,,99839,307,,,99914,100,,,100526,100,,,100567,100,,,100572,100,,,,,,
2019-06-28 11:18:30.000000000,98271,513,97712,614,98550,100,,,98749,100,,,98993,100,,,99839,224,,,99914,100,,,100526,100,,,100567,100,,,100572,100,,,,,,
2019-06-28 11:18:40.000000000,98271,513,97712,614,98550,100,,,98749,100,,,98993,100,,,99839,224,,,99914,100,,,100526,100,,,100567,100,,,100572,100,,,,,,
2019-06-28 11:18:48.717682249,98271,513,97712,614,98550,100,,,98749,100,,,98993,100,,,99516,100,,,99839,224,,,99914,100,,,100526,100,,,100567,100,,,100572,100,,
2019-06-28 11:18:50.000000000,98271,240,97712,341,98550,237,97711,137,98749,237,,,98993,100,,,99516,100,,,99839,224,,,99914,100,,,100526,100,,,100567,100,,,100572,100,,
2019-06-28 11:19:00.000000000,98271,305,97712,297,98550,307,97711,207,98749,100,,,98993,100,,,99516,100,,,99839,224,,,99914,100,,,100526,100,,,100567,100,,,100572,100,,
2019-06-28 11:19:10.000000000,98271,181,97712,173,98550,183,97711,83,98749,183,,,98993,183,,,99516,183,,,99839,224,,,99914,100,,,100526,100,,,100567,100,,,100572,100,,
2019-06-28 11:19:20.000000000,98271,181,97712,173,98550,183,97711,83,98749,183,,,98993,183,,,99516,183,,,99839,224,,,99914,100,,,100526,100,,,100567,100,,,100572,100,,
2019-06-28 11:19:26.330806298,98271,81,97712,173,98550,183,97711,83,98749,183,,,98993,183,,,99516,183,,,99839,224,,,99914,100,,,100526,100,,,100567,100,,,100572,100,,
2019-06-28 11:19:30.000000000,98550,183,97712,173,98749,183,97711,83,98993,183,,,99516,183,,,99839,307,,,99914,100,,,100526,100,,,100567,100,,,100572,100,,,,,,
2019-06-28 11:19:40.000000000,98550,307,97712,297,98749,307,97711,207,98993,100,,,99516,100,,,99839,224,,,99914,100,,,100526,100,,,100567,100,,,100572,100,,,,,,
2019-06-28 11:19:50.000000000,98550,241,97712,231,98749,237,97711,137,98993,237,,,99516,100,,,99839,224,,,99914,100,,,100526,100,,,100567,100,,,100572,100,,,,,,
2019-06-28 11:19:57.618660965,98550,141,97712,231,98749,237,97711,137,98993,237,,,99516,100,,,99839,224,,,99914,100,,,100526,100,,,100567,100,,,100572,100,,,,,,
2019-06-28 11:20:00.000000000,98749,306,97712,187,98993,307,97711,207,99516,100,,,99839,224,,,99914,100,,,100526,100,,,100567,100,,,100572,100,,,,,,,,,,
2019-06-28 11:20:00.608762743,98749,206,97712,187,98993,307,97711,207,99516,100,,,99839,224,,,99914,100,,,100526,100,,,100567,100,,,100572,100,,,,,,,,,,
2019-06-28 11:20:10.000000000,98993,100,,,99516,100,,,99839,224,,,99914,100,,,100526,100,,,100567,100,,,100572,100,,,,,,,,,,,,,,
2019-06-28 11:20:34.510695708,98993,100,,,99111,100,,,99516,100,,,99839,224,,,99914,100,,,100526,100,,,100567,100,,,100572,100,,,,,,,,,,
2019-06-28 11:20:48.964577808,98993,100,,,99111,100,,,99427,100,,,99516,100,,,99839,224,,,99914,100,,,100526,100,,,100567,100,,,100572,100,,,,,,
2019-06-28 11:20:59.212806158,98993,100,,,99111,100,,,99427,100,,,99516,100,,,99839,124,,,99914,100,,,100526,100,,,100567,100,,,100572,100,,,,,,
2019-06-28 11:21:10.037686235,99111,100,,,99427,100,,,99516,100,,,99839,124,,,99914,100,,,100526,100,,,100567,100,,,100572,100,,,,,,,,,,
2019-06-28 11:21:42.014311616,99111,100,98749,100,99427,100,,,99516,100,,,99839,124,,,99914,100,,,100526,100,,,100567,100,,,100572,100,,,,,,,,,,
2019-06-28 11:21:50.000000000,99111,241,98749,241,99427,237,98748,137,99516,237,,,99839,124,,,99914,100,,,100526,100,,,100567,100,,,100572,100,,,,,,,,,,
2019-06-28 11:22:00.000000000,99111,182,98749,73,99427,183,98748,83,99516,183,,,99839,207,,,99914,183,,,100526,100,,,100567,100,,,100572,100,,,,,,,,,,
2019-06-28 11:22:10.000000000,99111,99,,,99427,100,,,99516,100,,,99839,124,,,99914,100,,,100526,100,,,100567,100,,,100572,100,,,,,,,,,,
2019-06-28 11:22:12.694798068,99427,100,99111,1,99516,100,,,99839,124,,,99914,100,,,100526,100,,,100567,100,,,100572,100,,,,,,,,,,,,,,
2019-06-28 11:22:20.000000000,99427,183,99111,84,99516,183,99110,83,99839,207,,,99914,183,,,100526,183,,,100567,100,,,100572,100,,,,,,,,,,,,,,
2019-06-28 11:22:30.000000000,99427,183,99111,84,99516,183,99110,83,99839,207,,,99914,183,,,100526,183,,,100567,100,,,100572,100,,,,,,,,,,,,,,
2019-06-28 11:22:40.000000000,99427,307,99111,208,99516,307,99110,207,99839,124,,,99914,100,,,100526,100,,,100567,100,,,100572,100,,,,,,,,,,,,,,
2019-06-28 11:22:46.081081173,99427,307,99111,208,99516,307,99110,207,99727,100,,,99839,124,,,99914,100,,,100526,100,,,100567,100,,,100572,100,,,,,,,,,,
2019-06-28 11:22:50.000000000,99427,307,99111,208,99516,307,99110,207,99727,100,,,99839,124,,,99914,100,,,100526,100,,,100567,100,,,100572,100,,,,,,,,,,
2019-06-28 11:23:00.000000000,99427,306,99111,98,99516,307,99110,207,99727,100,,,99839,124,,,99914,100,,,100526,100,,,100567,100,,,100572,100,,,,,,,,,,
2019-06-28 11:23:10.000000000,99427,99,,,99516,100,,,99727,100,,,99839,124,,,99914,100,,,100526,100,,,100567,100,,,100572,100,,,,,,,,,,
2019-06-28 11:23:39.829570730,99516,100,99427,1,99727,100,,,99839,124,,,99914,100,,,100526,100,,,100567,100,,,100572,100,,,,,,,,,,,,,,
2019-06-28 11:23:40.000000000,99516,514,99427,415,99727,100,,,99839,124,,,99914,100,,,100526,100,,,100567,100,,,100572,100,,,,,,,,,,,,,,
2019-06-28 11:23:45.901767429,99516,414,99427,415,99727,100,,,99839,124,,,99914,100,,,100526,100,,,100567,100,,,100572,100,,,,,,,,,,,,,,
2019-06-28 11:23:50.000000000,99727,204,99427,105,99839,228,99426,104,99914,204,,,100526,204,,,100567,100,,,100572,100,,,,,,,,,,,,,,,,,,
2019-06-28 11:23:54.625598622,99727,204,99662,100,99839,228,99427,105,99914,204,99426,104,100526,204,,,100567,100,,,100572,100,,,,,,,,,,,,,,,,,,
2019-06-28 11:24:00.000000000,99727,513,99662,404,99839,124,99427,1,99914,100,,,100526,100,,,100567,100,,,100572,100,,,,,,,,,,,,,,,,,,
2019-06-28 11:24:10.000000000,99727,182,99427,84,99839,207,99426,83,99914,183,,,100526,183,,,100567,183,,,100572,100,,,,,,,,,,,,,,,,,,
2019-06-28 11:24:20.000000000,99727,182,99427,84,99839,207,99426,83,99914,183,,,100526,183,,,100567,183,,,100572,100,,,,,,,,,,,,,,,,,,
2019-06-28 11:24:28.261745591,99727,182,99427,84,99839,207,99426,83,99914,183,,,100078,100,,,100526,183,,,100567,183,,,100572,100,,,,,,,,,,,,,,
2019-06-28 11:24:30.000000000,99727,182,99427,84,99839,207,99426,83,99914,183,,,100078,183,,,100526,183,,,100567,100,,,100572,100,,,,,,,,,,,,,,
2019-06-28 11:24:40.000000000,99727,306,99427,208,99839,331,99426,207,99914,100,,,100078,100,,,100526,100,,,100567,100,,,100572,100,,,,,,,,,,,,,,
2019-06-28 11:24:50.000000000,99727,513,99427,415,99839,124,,,99914,100,,,100078,100,,,100526,100,,,100567,100,,,100572,100,,,,,,,,,,,,,,
2019-06-28 11:25:00.000000000,99727,305,99427,98,99839,331,99426,207,99914,100,,,100078,100,,,100526,100,,,100567,100,,,100572,100,,,,,,,,,,,,,,
2019-06-28 11:25:02.480552076,99727,305,99427,98,99839,331,99426,207,99914,100,,,100078,100,,,100114,100,,,100526,100,,,100567,100,,,100572,100,,,,,,,,,,
2019-06-28 11:25:10.000000000,99727,98,,,99839,124,,,99914,100,,,100078,100,,,100114,100,,,100526,100,,,100567,100,,,100572,100,,,,,,,,,,
2019-06-28 11:25:10.419568474,99727,98,99720,100,99839,124,,,99914,100,,,100078,100,,,100114,100,,,100526,100,,,100567,100,,,100572,100,,,,,,,,,,
2019-06-28 11:25:13.636767332,99839,124,99727,2,99914,100,99720,100,100078,100,,,100114,100,,,100526,100,,,100567,100,,,100572,100,,,,,,,,,,,,,,
2019-06-28 11:25:20.000000000,99839,228,99727,106,99914,204,99720,204,100078,204,99719,104,100114,204,,,100526,100,,,100567,100,,,100572,100,,,,,,,,,,,,,,
2019-06-28 11:25:30.000000000,99839,265,99727,143,99914,237,99720,237,100078,237,99719,137,100114,100,,,100526,100,,,100567,100,,,100572,100,,,,,,,,,,,,,,
2019-06-28 11:25:37.874290671,99839,165,99727,143,99914,237,99720,237,100078,237,99719,137,100114,100,,,100526,100,,,100567,100,,,100572,100,,,,,,,,,,,,,,
2019-06-28 11:25:40.000000000,99839,438,99727,416,99914,100,99720,100,100078,100,,,100114,100,,,100526,100,,,100567,100,,,100572,100,,,,,,,,,,,,,,
2019-06-28 11:25:50.000000000,99839,231,99727,209,99914,307,99720,307,100078,100,,,100114,100,,,100526,100,,,100567,100,,,100572,100,,,,,,,,,,,,,,
2019-06-28 11:25:52.499706357,99839,131,99727,209,99914,307,99720,307,100078,100,,,100114,100,,,100526,100,,,100567,100,,,100572,100,,,,,,,,,,,,,,
2019-06-28 11:26:00.000000000,99914,183,99720,159,100078,183,99719,83,100114,183,,,100526,183,,,100567,183,,,100572,100,,,,,,,,,,,,,,,,,,
2019-06-28 11:26:01.138676296,99727,100,99720,159,99914,183,99719,83,100078,183,,,100114,183,,,100526,183,,,100567,183,,,100572,100,,,,,,,,,,,,,,
2019-06-28 11:26:05.620973605,99727,100,99720,159,99914,183,99719,83,100078,183,,,100103,100,,,100114,183,,,100526,183,,,100567,183,,,100572,100,,,,,,,,,,
2019-06-28 11:26:10.000000000,99727,183,99720,159,99914,183,99719,83,100078,183,,,100103,183,,,100114,183,,,100526,100,,,100567,100,,,100572,100,,,,,,,,,,
2019-06-28 11:26:11.648207353,99727,183,99720,159,99859,100,99719,83,99914,183,,,100078,183,,,100103,183,,,100114,183,,,100526,100,,,100567,100,,,100572,100,,,,,,
2019-06-28 11:26:16.787658308,99727,83,99720,159,99859,100,99719,83,99914,183,,,100078,183,,,100103,183,,,100114,183,,,100526,100,,,100567,100,,,100572,100,,,,,,
2019-06-28 11:26:20.000000000,99859,204,99720,180,99914,204,99719,104,100078,204,,,100103,204,,,100114,100,,,100526,100,,,100567,100,,,100572,100,,,,,,,,,,
2019-06-28 11:26:30.000000000,99859,514,99720,490,99914,100,,,100078,100,,,100103,100,,,100114,100,,,100526,100,,,100567,100,,,100572,100,,,,,,,,,,
2019-06-28 11:26:37.481647153,99859,514,99727,100,99914,100,99720,490,100078,100,,,100103,100,,,100114,100,,,100526,100,,,100567,100,,,100572,100,,,,,,,,,,
2019-06-28 11:26:40.000000000,99859,514,99727,514,99914,100,99720,76,100078,100,,,100103,100,,,100114,100,,,100526,100,,,100567,100,,,100572,100,,,,,,,,,,
2019-06-28 11:26:50.000000000,99859,241,99727,241,99914,237,99720,213,100078,237,99719,137,100103,100,,,100114,100,,,100526,100,,,100567,100,,,100572,100,,,,,,,,,,
2019-06-28 11:27:00.000000000,99859,182,99727,73,99914,183,99720,159,100078,183,99719,83,100103,183,,,100114,183,,,100526,100,,,100567,100,,,100572,100,,,,,,,,,,
2019-06-28 11:27:07.238918898,99859,182,99727,73,99914,83,99720,159,100078,183,99719,83,100103,183,,,100114,183,,,100526,100,,,100567,100,,,100572,100,,,,,,,,,,
2019-06-28 11:27:10.000000000,99859,203,99720,180,100078,204,99719,104,100103,204,,,100114,204,,,100526,100,,,100567,100,,,100572,100,,,,,,,,,,,,,,
2019-06-28 11:27:20.000000000,99859,306,99720,283,100078,307,99719,207,100103,100,,,100114,100,,,100526,100,,,100567,100,,,100572,100,,,,,,,,,,,,,,
2019-06-28 11:27:26.142556004,99859,306,99790,100,100078,307,99720,283,100103,100,99719,207,100114,100,,,100526,100,,,100567,100,,,100572,100,,,,,,,,,,,,,,
2019-06-28 11:27:30.000000000,99859,513,99790,514,100078,100,99720,76,100103,100,,,100114,100,,,100526,100,,,100567,100,,,100572,100,,,,,,,,,,,,,,
2019-06-28 11:27:40.000000000,99859,203,99790,204,100078,204,99720,180,100103,204,99719,104,100114,204,,,100526,100,,,100567,100,,,100572,100,,,,,,,,,,,,,,
2019-06-28 11:27:44.419328187,99834,100,99790,204,99859,203,99720,180,100078,204,99719,104,100103,204,,,100114,204,,,100526,100,,,100567,100,,,100572,100,,,,,,,,,,
2019-06-28 11:27:50.000000000,99834,307,99790,307,99859,306,99720,283,100078,100,,,100103,100,,,100114,100,,,100526,100,,,100567,100,,,100572,100,,,,,,,,,,
2019-06-28 11:27:55.858413790,99834,307,99790,307,99859,306,99727,100,100078,100,99720,283,100103,100,,,100114,100,,,100526,100,,,100567,100,,,100572,100,,,,,,,,,,
2019-06-28 11:28:00.000000000,99834,203,99790,94,99859,203,99727,204,100078,204,99720,180,100103,204,99719,104,100114,100,,,100526,100,,,100567,100,,,100572,100,,,,,,,,,,
2019-06-28 11:28:04.697127345,99834,203,99790,194,99859,203,99727,204,100078,204,99720,180,100103,204,99719,104,100114,100,,,100526,100,,,100567,100,,,100572,100,,,,,,,,,,
2019-06-28 11:28:08.050212956,99834,203,99790,194,99859,203,99727,104,100078,204,99720,180,100103,204,99719,104,100114,100,,,100526,100,,,100567,100,,,100572,100,,,,,,,,,,
2019-06-28 11:28:10.000000000,99834,513,99790,514,99859,99,99720,76,100078,100,,,100103,100,,,100114,100,,,100526,100,,,100567,100,,,100572,100,,,,,,,,,,
2019-06-28 11:28:15.009401364,99834,513,99790,514,99859,99,99720,76,100078,100,,,100103,100,,,100114,100,,,100263,100,,,100526,100,,,100567,100,,,100572,100,,,,,,
2019-06-28 11:28:20.000000000,99834,182,99790,183,99859,182,99720,159,100078,183,99719,83,100103,183,,,100114,183,,,100263,100,,,100526,100,,,100567,100,,,100572,100,,,,,,
2019-06-28 11:28:30.000000000,99834,182,99790,183,99859,182,99720,159,100078,183,99719,83,100103,183,,,100114,183,,,100263,100,,,100526,100,,,100567,100,,,100572,100,,,,,,
2019-06-28 11:28:39.760155689,99834,82,99790,183,99859,182,99720,159,100078,183,99719,83,100103,183,,,100114,183,,,100263,100,,,100526,100,,,100567,100,,,100572,100,,,,,,
2019-06-28 11:28:40.000000000,99859,240,99790,241,100078,237,99720,213,100103,237,99719,137,100114,100,,,100263,100,,,100526,100,,,100567,100,,,100572,100,,,,,,,,,,
2019-06-28 11:28:50.000000000,99859,306,99790,307,100078,307,99720,283,100103,100,,,100114,100,,,100263,100,,,100526,100,,,100567,100,,,100572,100,,,,,,,,,,
2019-06-28 11:29:00.000000000,99859,512,99790,404,100078,100,99720,76,100103,100,,,100114,100,,,100263,100,,,100526,100,,,100567,100,,,100572,100,,,,,,,,,,
2019-06-28 11:29:10.000000000,99859,181,99720,159,100078,183,99719,83,100103,183,,,100114,183,,,100263,183,,,100526,100,,,100567,100,,,100572,100,,,,,,,,,,
2019-06-28 11:29:20.000000000,99859,512,99720,490,100078,100,,,100103,100,,,100114,100,,,100263,100,,,100526,100,,,100567,100,,,100572,100,,,,,,,,,,
2019-06-28 11:29:21.954178081,99859,412,99720,490,100078,100,,,100103,100,,,100114,100,,,100263,100,,,100526,100,,,100572,100,,,,,,,,,,,,,,
2019-06-28 11:29:29.888297244,99859,312,99720,490,100078,100,,,100103,100,,,100114,100,,,100263,100,,,100526,100,,,100572,100,,,,,,,,,,,,,,
2019-06-28 11:29:30.000000000,100078,241,99720,217,100103,237,99719,137,100114,237,,,100263,100,,,100526,100,,,100572,100,,,,,,,,,,,,,,,,,,
2019-06-28 11:29:40.000000000,100078,204,99720,180,100103,204,99719,104,100114,204,,,100263,204,,,100526,100,,,100572,100,,,,,,,,,,,,,,,,,,
2019-06-28 11:29:49.924013826,100078,204,99720,180,100103,204,99719,104,100114,204,,,100263,204,,,100361,100,,,100526,100,,,100572,100,,,,,,,,,,,,,,
2019-06-28 11:29:50.000000000,100078,183,99720,159,100103,183,99719,83,100114,183,,,100263,183,,,100361,183,,,100526,100,,,100572,100,,,,,,,,,,,,,,
2019-06-28 11:30:00.000000000,100078,307,99720,172,100103,307,99719,207,100114,100,,,100263,100,,,100361,100,,,100526,100,,,100572,100,,,,,,,,,,,,,,
2019-06-28 11:30:10.000000000,100078,100,,,100103,100,,,100114,100,,,100263,100,,,100361,100,,,100526,100,,,100572,100,,,,,,,,,,,,,,
2019-06-28 11:30:53.985753971,100078,100,,,100103,100,,,100114,100,,,100263,100,,,100361,100,,,100396,100,,,100526,100,,,100572,100,,,,,,,,,,
2019-06-28 11:31:09.642609702,100103,100,,,100114,100,,,100263,100,,,100361,100,,,100396,100,,,100526,100,,,100572,100,,,,,,,,,,,,,,
2019-06-28 11:31:19.847372672,100103,100,100014,100,100114,100,,,100263,100,,,100361,100,,,100396,100,,,100526,100,,,100572,100,,,,,,,,,,,,,,
2019-06-28 11:31:20.000000000,100103,183,100014,183,100114,183,100013,83,100263,183,,,100361,183,,,100396,183,,,100526,100,,,100572,100,,,,,,,,,,,,,,
2019-06-28 11:31:21.644215832,100103,183,100063,100,100114,183,100014,183,100263,183,100013,83,100361,183,,,100396,183,,,100526,100,,,100572,100,,,,,,,,,,,,,,
2019-06-28 11:31:30.000000000,100103,514,100063,514,100114,100,100014,100,100263,100,,,100361,100,,,100396,100,,,100526,100,,,100572,100,,,,,,,,,,,,,,
2019-06-28 11:31:40.000000000,100103,241,100063,241,100114,237,100014,237,100263,237,100013,137,100361,100,,,100396,100,,,100526,100,,,100572,100,,,,,,,,,,,,,,
2019-06-28 11:31:50.000000000,100103,241,100063,241,100114,237,100014,237,100263,237,100013,137,100361,100,,,100396,100,,,100526,100,,,100572,100,,,,,,,,,,,,,,
2019-06-28 11:31:50.474576927,100103,141,100063,241,100114,237,100014,237,100263,237,100013,137,100361,100,,,100396,100,,,100526,100,,,100572,100,,,,,,,,,,,,,,
2019-06-28 11:31:55.847616965,100103,41,100063,241,100114,237,100014,237,100263,237,100013,137,100361,100,,,100396,100,,,100526,100,,,100572,100,,,,,,,,,,,,,,
2019-06-28 11:32:00.000000000,100114,183,100063,72,100263,183,100014,183,100361,183,100013,83,100396,183,,,100526,183,,,100572,100,,,,,,,,,,,,,,,,,,
2019-06-28 11:32:01.585043450,100114,83,100063,72,100263,183,100014,183,100361,183,100013,83,100396,183,,,100526,183,,,100572,100,,,,,,,,,,,,,,,,,,
2019-06-28 11:32:10.000000000,100263,307,100014,307,100361,307,100013,207,100396,100,,,100526,100,,,100572,100,,,,,,,,,,,,,,,,,,,,,,
2019-06-28 11:32:20.000000000,100263,183,100014,183,100361,183,100013,83,100396,183,,,100526,183,,,100572,183,,,,,,,,,,,,,,,,,,,,,,
2019-06-28 11:32:30.000000000,100263,183,100014,183,100361,183,100013,83,100396,183,,,100526,183,,,100572,183,,,,,,,,,,,,,,,,,,,,,,
2019-06-28 11:32:40.000000000,100263,241,100014,241,100361,237,100013,137,100396,237,,,100526,100,,,100572,100,,,,,,,,,,,,,,,,,,,,,,
2019-06-28 11:32:50.000000000,100263,514,100014,514,100361,100,,,100396,100,,,100526,100,,,100572,100,,,,,,,,,,,,,,,,,,,,,,
2019-06-28 11:32:57.431904520,100263,514,100063,100,100361,100,100014,514,100396,100,,,100526,100,,,100572,100,,,,,,,,,,,,,,,,,,,,,,
2019-06-28 11:33:00.000000000,100263,307,100063,196,100361,307,100014,307,100396,100,,,100526,100,,,100572,100,,,,,,,,,,,,,,,,,,,,,,
2019-06-28 11:33:10.000000000,100263,241,100014,241,100361,237,100013,137,100396,237,,,100526,100,,,100572,100,,,,,,,,,,,,,,,,,,,,,,
2019-06-28 11:33:20.000000000,100263,307,100014,307,100361,307,100013,207,100396,100,,,100526,100,,,100572,100,,,,,,,,,,,,,,,,,,,,,,
2019-06-28 11:33:21.788359183,100263,207,100014,307,100361,307,100013,207,100396,100,,,100526,100,,,100572,100,,,,,,,,,,,,,,,,,,,,,,
2019-06-28 11:33:30.000000000,100361,183,100014,183,100396,183,100013,83,100526,183,,,100572,183,,,100573,83,,,,,,,,,,,,,,,,,,,,,,
2019-06-28 11:33:37.599378582,100361,183,100137,100,100396,183,100014,183,100526,183,100013,83,100572,183,,,100573,83,,,,,,,,,,,,,,,,,,,,,,
2019-06-28 11:33:40.000000000,100361,183,100137,183,100396,183,100014,183,100526,183,100013,83,100572,183,,,100573,83,,,,,,,,,,,,,,,,,,,,,,
2019-06-28 11:33:44.693844358,100361,183,100137,183,100396,183,100014,183,100526,183,100013,83,100572,183,,,100573,83,,,100748,100,,,,,,,,,,,,,,,,,,
2019-06-28 11:33:50.000000000,100361,307,100137,307,100396,307,100014,307,100526,100,,,100572,100,,,100748,100,,,,,,,,,,,,,,,,,,,,,,
2019-06-28 11:33:52.453844972,100361,307,100137,307,100396,307,100014,307,100526,100,,,100572,100,,,100680,100,,,100748,100,,,,,,,,,,,,,,,,,,
2019-06-28 11:33:58.967035697,100361,307,100137,307,100396,307,100063,100,100526,100,100014,307,100572,100,,,100680,100,,,100748,100,,,,,,,,,,,,,,,,,,
2019-06-28 11:34:00.000000000,100361,241,100137,130,100396,237,100063,237,100526,237,100014,237,100572,100,,,100680,100,,,100748,100,,,,,,,,,,,,,,,,,,
2019-06-28 11:34:05.420001527,100361,141,100137,130,100396,237,100063,237,100526,237,100014,237,100572,100,,,100680,100,,,100748,100,,,,,,,,,,,,,,,,,,
2019-06-28 11:34:05.926573483,100361,141,100137,130,100396,237,100063,237,100526,237,100014,237,100572,100,,,100630,100,,,100680,100,,,100748,100,,,,,,,,,,,,,,
2019-06-28 11:34:10.000000000,100396,183,100063,183,100526,183,100014,183,100572,183,100013,83,100630,183,,,100680,183,,,100748,100,,,,,,,,,,,,,,,,,,
2019-06-28 11:34:20.000000000,100396,183,100063,183,100526,183,100014,183,100572,183,100013,83,100630,183,,,100680,183,,,100748,100,,,,,,,,,,,,,,,,,,
2019-06-28 11:34:30.000000000,100396,204,100063,204,100526,204,100014,204,100572,204,100013,104,100630,204,,,100680,100,,,100748,100,,,,,,,,,,,,,,,,,,
2019-06-28 11:34:40.000000000,100396,241,100063,241,100526,237,100014,237,100572,237,100013,137,100630,100,,,100680,100,,,100748,100,,,,,,,,,,,,,,,,,,
2019-06-28 11:34:50.000000000,100396,183,100063,183,100526,183,100014,183,100572,183,100013,83,100630,183,,,100680,183,,,100748,100,,,,,,,,,,,,,,,,,,
2019-06-28 11:34:53.461481756,100396,183,100063,183,100526,183,100026,100,100572,183,100014,183,100630,183,100013,83,100680,183,,,100748,100,,,,,,,,,,,,,,,,,,
2019-06-28 11:35:00.000000000,100396,514,100063,403,100526,100,100026,100,100572,100,100014,100,100630,100,,,100680,100,,,100748,100,,,,,,,,,,,,,,,,,,
2019-06-28 11:35:06.212678785,100396,514,100067,100,100526,100,100063,403,100572,100,100026,100,100630,100,100014,100,100680,100,,,100748,100,,,,,,,,,,,,,,,,,,
2019-06-28 11:35:10.000000000,100396,183,100067,183,100526,183,100026,183,100572,183,100014,183,100630,183,100013,83,100680,183,,,100748,100,,,,,,,,,,,,,,,,,,
2019-06-28 11:35:19.290947183,100396,183,100067,183,100526,183,100063,100,100572,183,100026,183,100630,183,100014,183,100680,183,100013,83,100748,100,,,,,,,,,,,,,,,,,,
2019-06-28 11:35:20.000000000,100396,183,100067,183,100526,183,100063,183,100572,183,100026,183,100630,183,100014,183,100680,183,100013,83,100748,100,,,,,,,,,,,,,,,,,,
2019-06-28 11:35:30.000000000,100396,183,100067,183,100526,183,100063,183,100572,183,100026,183,100630,183,100014,183,100680,183,100013,83,100748,100,,,,,,,,,,,,,,,,,,
2019-06-28 11:35:31.999444803,100396,183,100067,83,100526,183,100063,183,100572,183,100026,183,100630,183,100014,183,100680,183,100013,83,100748,100,,,,,,,,,,,,,,,,,,
2019-06-28 11:35:40.000000000,100396,204,100063,204,100526,204,100026,204,100572,204,100014,204,100630,204,100013,104,100680,100,,,100748,100,,,,,,,,,,,,,,,,,,
2019-06-28 11:35:50.000000000,100396,241,100063,241,100526,237,100026,237,100572,237,100014,237,100630,100,,,100680,100,,,100748,100,,,,,,,,,,,,,,,,,,
2019-06-28 11:35:55.924873840,100396,241,100063,241,100526,237,100026,237,100572,237,100014,237,100630,100,99915,100,100680,100,,,100748,100,,,,,,,,,,,,,,,,,,
2019-06-28 11:36:00.000000000,100396,307,100063,196,100526,307,100026,307,100572,100,100014,100,100630,100,99915,100,100680,100,,,100748,100,,,,,,,,,,,,,,,,,,
2019-06-28 11:36:00.678346203,100396,307,100063,296,100526,307,100026,307,100572,100,100014,100,100630,100,99915,100,100680,100,,,100748,100,,,,,,,,,,,,,,,,,,
2019-06-28 11:36:10.000000000,100396,204,100063,204,100526,204,100026,204,100572,204,100014,204,100630,204,99915,204,100680,100,,,100748,100,,,,,,,,,,,,,,,,,,
2019-06-28 11:36:18.357601282,100396,104,100063,204,100526,204,100026,204,100572,204,100014,204,100630,204,99915,204,100680,100,,,,,,,,,,,,,,,,,,,,,,
2019-06-28 11:36:20.000000000,100526,241,100063,241,100572,237,100026,237,100630,237,100014,237,100680,100,99915,100,,,,,,,,,,,,,,,,,,,,,,,,
2019-06-28 11:36:21.158451636,100526,241,100064,100,100572,237,100063,141,100630,237,100026,237,100680,100,100014,237,,,99915,100,,,,,,,,,,,,,,,,,,,,
2019-06-28 11:36:24.412139095,100526,241,100342,100,100572,237,100064,100,100630,237,100063,141,100680,100,100026,237,,,100014,237,,,99915,100,,,,,,,,,,,,,,,,
2019-06-28 11:36:27.954386910,100526,241,100342,100,100572,237,100100,100,100630,237,100064,100,100680,100,100063,141,,,100026,137,,,100014,237,,,99915,100,,,,,,,,,,,,
2019-06-28 11:36:30.000000000,100526,307,100342,307,100572,307,100100,307,100630,100,100064,100,100680,100,100014,100,,,99915,100,,,,,,,,,,,,,,,,,,,,
2019-06-28 11:36:33.128549398,100526,207,100342,307,100572,307,100100,307,100630,100,100064,100,100680,100,100014,100,,,99915,100,,,,,,,,,,,,,,,,,,,,
2019-06-28 11:36:38.400912334,100525,100,100342,307,100526,207,100100,307,100572,307,100064,100,100630,100,100014,100,100680,100,99915,100,,,,,,,,,,,,,,,,,,,,
2019-06-28 11:36:40.000000000,100525,183,100342,183,100572,183,100100,183,100630,183,100064,183,100680,183,100014,183,100681,83,99915,183,,,,,,,,,,,,,,,,,,,,
2019-06-28 11:36:50.000000000,100525,241,100342,241,100572,237,100100,237,100630,237,100064,237,100680,100,100014,100,,,99915,100,,,,,,,,,,,,,,,,,,,,
2019-06-28 11:37:00.000000000,100525,514,100342,403,100572,100,100100,100,100630,100,100064,100,100680,100,100014,100,,,99915,100,,,,,,,,,,,,,,,,,,,,
2019-06-28 11:37:06.976172590,100525,514,100342,403,100572,100,100244,100,100630,100,100100,100,100680,100,100064,100,,,100014,100,,,99915,100,,,,,,,,,,,,,,,,
2019-06-28 11:37:10.000000000,100525,514,100244,514,100572,100,100100,100,100630,100,100064,100,100680,100,100014,100,,,99915,100,,,,,,,,,,,,,,,,,,,,
2019-06-28 11:37:10.765826361,100405,100,100244,514,100525,514,100100,100,100572,100,100064,100,100630,100,100014,100,100680,100,99915,100,,,,,,,,,,,,,,,,,,,,
2019-06-28 11:37:20.000000000,100405,183,100244,183,100525,183,100100,183,100572,183,100064,183,100630,183,100014,183,100680,183,99915,183,,,,,,,,,,,,,,,,,,,,
2019-06-28 11:37:27.121891392,100304,100,100244,183,100405,183,100100,183,100525,183,100064,183,100572,183,100014,183,100630,183,99915,183,100680,183,,,,,,,,,,,,,,,,,,
2019-06-28 11:37:30.000000000,100304,514,100244,514,100405,100,100100,100,100525,100,100064,100,100572,100,100014,100,100630,100,99915,100,100680,100,,,,,,,,,,,,,,,,,,
2019-06-28 11:37:30.076199118,100304,514,100244,414,100405,100,100100,100,100525,100,100064,100,100572,100,100014,100,100630,100,99915,100,100680,100,,,,,,,,,,,,,,,,,,
2019-06-28 11:37:40.000000000,100304,514,100100,514,100405,100,100064,100,100525,100,100014,100,100572,100,99915,100,100630,100,,,100680,100,,,,,,,,,,,,,,,,,,
2019-06-28 11:37:50.000000000,100304,183,100100,183,100405,183,100064,183,100525,183,100014,183,100572,183,99915,183,100630,183,99914,83,100680,100,,,,,,,,,,,,,,,,,,
2019-06-28 11:37:54.676825489,100304,183,100100,183,100405,183,100064,183,100525,183,100014,183,100572,183,99915,183,100630,183,99914,83,100680,100,99667,100,,,,,,,,,,,,,,,,
2019-06-28 11:38:00.000000000,100304,73,100100,182,100405,183,100064,183,100525,183,100014,183,100572,183,99915,183,100630,183,99667,183,100680,100,,,,,,,,,,,,,,,,,,
2019-06-28 11:38:10.000000000,100405,183,100100,182,100525,183,100064,183,100572,183,100014,183,100630,183,99915,183,100680,183,99667,183,,,,,,,,,,,,,,,,,,,,
2019-06-28 11:38:20.000000000,100405,514,100100,513,100525,100,100064,100,100572,100,100014,100,100630,100,99915,100,100680,100,99667,100,,,,,,,,,,,,,,,,,,,,
2019-06-28 11:38:29.025867191,100405,514,100100,413,100525,100,100064,100,100572,100,100014,100,100630,100,99915,100,100680,100,99667,100,,,,,,,,,,,,,,,,,,,,
2019-06-28 11:38:30.000000000,100405,183,100064,183,100525,183,100014,183,100572,183,99915,183,100630,183,99667,183,100680,183,99666,83,,,,,,,,,,,,,,,,,,,,
2019-06-28 11:38:40.000000000,100405,241,100064,241,100525,237,100014,237,100572,237,99915,237,100630,100,99667,100,100680,100,,,,,,,,,,,,,,,,,,,,,,
2019-06-28 11:38:50.000000000,100405,307,100064,307,100525,307,100014,307,100572,100,99915,100,100630,100,99667,100,100680,100,,,,,,,,,,,,,,,,,,,,,,
2019-06-28 11:38:54.738781733,100405,307,100064,307,100525,307,100014,307,100572,100,99915,100,100630,100,99728,100,100680,100,99667,100,,,,,,,,,,,,,,,,,,,,
2019-06-28 11:38:56.336434201,100405,307,100064,207,100525,307,100014,307,100572,100,99915,100,100630,100,99728,100,100680,100,99667,100,,,,,,,,,,,,,,,,,,,,
2019-06-28 11:39:00.000000000,100405,94,100014,203,100525,204,99915,204,100572,204,99728,204,100630,204,99667,204,100680,100,,,,,,,,,,,,,,,,,,,,,,
2019-06-28 11:39:01.120401582,100405,94,100014,203,100525,204,99915,204,100572,204,99728,204,100630,204,99667,204,100680,100,99273,100,,,,,,,,,,,,,,,,,,,,
2019-06-28 11:39:04.048036169,100405,94,100014,103,100525,204,99915,204,100572,204,99728,204,100630,204,99667,204,100680,100,99273,100,,,,,,,,,,,,,,,,,,,,
2019-06-28 11:39:10.000000000,100525,307,99915,307,100572,307,99728,307,100630,100,99667,100,100680,100,99273,100,,,,,,,,,,,,,,,,,,,,,,,,
2019-06-28 11:39:10.534510760,100525,307,99915,207,100572,307,99728,307,100630,100,99667,100,100680,100,,,,,,,,,,,,,,,,,,,,,,,,,,
2019-06-28 11:39:20.000000000,100525,514,99728,514,100572,100,99667,100,100630,100,,,100680,100,,,,,,,,,,,,,,,,,,,,,,,,,,
2019-06-28 11:39:30.000000000,100525,307,99728,307,100572,307,99667,307,100630,100,,,100680,100,,,,,,,,,,,,,,,,,,,,,,,,,,
2019-06-28 11:39:40.000000000,100525,241,99728,241,100572,237,99667,237,100630,237,99666,137,100680,100,,,,,,,,,,,,,,,,,,,,,,,,,,
2019-06-28 11:39:50.000000000,100525,204,99728,204,100572,204,99667,204,100630,204,99666,104,100680,204,,,,,,,,,,,,,,,,,,,,,,,,,,
2019-06-28 11:40:00.000000000,100525,197,99728,306,100572,307,99667,307,100630,100,,,100680,100,,,,,,,,,,,,,,,,,,,,,,,,,,
2019-06-28 11:40:00.673320021,100525,297,99728,306,100572,307,99667,307,100630,100,,,100680,100,,,,,,,,,,,,,,,,,,,,,,,,,,
2019-06-28 11:40:04.066696576,99760,100,99728,306,100525,297,99667,307,100572,307,,,100630,100,,,100680,100,,,,,,,,,,,,,,,,,,,,,,
2019-06-28 11:40:10.000000000,99760,514,99728,513,100525,100,99667,100,100572,100,,,100630,100,,,100680,100,,,,,,,,,,,,,,,,,,,,,,
2019-06-28 11:40:20.000000000,99760,241,99728,240,100525,237,99667,237,100572,237,99666,137,100630,100,,,100680,100,,,,,,,,,,,,,,,,,,,,,,
2019-06-28 11:40:30.000000000,99760,204,99728,203,100525,204,99667,204,100572,204,99666,104,100630,204,,,100680,100,,,,,,,,,,,,,,,,,,,,,,
2019-06-28 11:40:40.000000000,99760,204,99728,203,100525,204,99667,204,100572,204,99666,104,100630,204,,,100680,100,,,,,,,,,,,,,,,,,,,,,,
2019-06-28 11:40:50.000000000,99760,307,99728,306,100525,307,99667,307,100572,100,,,100630,100,,,100680,100,,,,,,,,,,,,,,,,,,,,,,
2019-06-28 11:40:54.639862027,99760,307,99728,306,100525,307,99667,307,100572,100,99114,100,100630,100,,,100680,100,,,,,,,,,,,,,,,,,,,,,,
2019-06-28 11:40:55.155844699,99760,307,99728,306,100525,307,99667,307,100572,100,99372,100,100630,100,99114,100,100680,100,,,,,,,,,,,,,,,,,,,,,,
2019-06-28 11:41:00.000000000,99760,73,99728,181,100525,183,99667,183,100572,183,99372,183,100630,183,99114,183,100680,183,99113,83,,,,,,,,,,,,,,,,,,,,
2019-06-28 11:41:10.000000000,100525,241,99728,239,100572,237,99667,237,100630,237,99372,237,100680,100,99114,100,,,,,,,,,,,,,,,,,,,,,,,,
2019-06-28 11:41:15.926794865,99760,100,99728,239,100525,241,99667,237,100572,237,99372,237,100630,237,99114,100,100680,100,,,,,,,,,,,,,,,,,,,,,,
2019-06-28 11:41:20.000000000,99760,241,99728,239,100525,237,99667,237,100572,237,99372,237,100630,100,99114,100,100680,100,,,,,,,,,,,,,,,,,,,,,,
2019-06-28 11:41:20.132525960,99760,241,99728,41,100525,237,99667,237,100572,237,99372,237,100630,100,99114,100,100680,100,,,,,,,,,,,,,,,,,,,,,,
2019-06-28 11:41:30.000000000,99760,307,99667,307,100525,307,99372,307,100572,100,99114,100,100630,100,,,100680,100,,,,,,,,,,,,,,,,,,,,,,
2019-06-28 11:41:40.000000000,99760,241,99667,241,100525,237,99372,237,100572,237,99114,237,100630,100,,,100680,100,,,,,,,,,,,,,,,,,,,,,,
2019-06-28 11:41:50.000000000,99760,241,99667,241,100525,237,99372,237,100572,237,99114,237,100630,100,,,100680,100,,,,,,,,,,,,,,,,,,,,,,
2019-06-28 11:41:52.640193401,99728,100,99667,241,99760,141,99372,237,100525,237,99114,237,100572,237,,,100630,100,,,100680,100,,,,,,,,,,,,,,,,,,
2019-06-28 11:42:00.000000000,99728,404,99667,513,100525,100,99372,100,100572,100,99114,100,100630,100,,,100680,100,,,,,,,,,,,,,,,,,,,,,,
2019-06-28 11:42:10.000000000,100525,307,99667,306,100572,307,99372,307,100630,100,99114,100,100680,100,,,,,,,,,,,,,,,,,,,,,,,,,,
2019-06-28 11:42:15.139204912,100525,307,99667,206,100572,307,99372,307,100630,100,99114,100,100680,100,,,,,,,,,,,,,,,,,,,,,,,,,,
2019-06-28 11:42:20.000000000,100525,204,99372,204,100572,204,99114,204,100630,204,99113,104,100680,204,,,,,,,,,,,,,,,,,,,,,,,,,,
2019-06-28 11:42:23.474536268,99667,100,99372,204,100525,204,99114,204,100572,204,99113,104,100630,204,,,100680,204,,,,,,,,,,,,,,,,,,,,,,
2019-06-28 11:42:30.000000000,99667,241,99372,241,100525,237,99114,237,100572,237,99113,137,100630,100,,,100680,100,,,,,,,,,,,,,,,,,,,,,,
2019-06-28 11:42:31.693481551,99667,241,99372,141,100525,237,99114,237,100572,237,99113,137,100630,100,,,100680,100,,,,,,,,,,,,,,,,,,,,,,
2019-06-28 11:42:32.772533776,99666,100,99372,141,99667,241,99114,237,100525,237,99113,137,100572,237,,,100630,100,,,100680,100,,,,,,,,,,,,,,,,,,
2019-06-28 11:42:40.000000000,99666,514,99114,514,99667,100,,,100525,100,,,100572,100,,,100630,100,,,100680,100,,,,,,,,,,,,,,,,,,
2019-06-28 11:42:50.000000000,99666,241,99114,241,99667,237,99113,137,100525,237,,,100572,100,,,100630,100,,,100680,100,,,,,,,,,,,,,,,,,,
2019-06-28 11:42:51.368554016,99179,100,99114,241,99666,241,99113,137,99667,237,,,100525,237,,,100572,100,,,100630,100,,,100680,100,,,,,,,,,,,,,,
2019-06-28 11:42:52.247069029,99179,100,99114,241,99666,241,99113,137,99667,237,99006,100,100525,237,,,100572,100,,,100630,100,,,100680,100,,,,,,,,,,,,,,
2019-06-28 11:43:00.000000000,99179,196,99114,307,99666,307,99006,307,99667,100,,,100525,100,,,100572,100,,,100630,100,,,100680,100,,,,,,,,,,,,,,
2019-06-28 11:43:10.000000000,99666,514,99114,514,99667,100,99006,100,100525,100,,,100572,100,,,100630,100,,,100680,100,,,,,,,,,,,,,,,,,,
2019-06-28 11:43:20.000000000,99666,204,99114,204,99667,204,99006,204,100525,204,99005,104,100572,204,,,100630,100,,,100680,100,,,,,,,,,,,,,,,,,,
2019-06-28 11:43:22.884807006,99666,204,99114,204,99667,204,99006,204,100525,204,99005,104,100572,204,98957,100,100630,100,,,100680,100,,,,,,,,,,,,,,,,,,
2019-06-28 11:43:30.000000000,99666,514,99114,514,99667,100,99006,100,100525,100,98957,100,100572,100,,,100630,100,,,100680,100,,,,,,,,,,,,,,,,,,
2019-06-28 11:43:40.000000000,99666,241,99114,241,99667,237,99006,237,100525,237,98957,237,100572,100,,,100630,100,,,100680,100,,,,,,,,,,,,,,,,,,
2019-06-28 11:43:44.021909345,99666,241,99236,100,99667,237,99114,241,100525,237,99006,237,100572,100,98957,237,100630,100,,,100680,100,,,,,,,,,,,,,,,,,,
2019-06-28 11:43:50.000000000,99666,204,99236,204,99667,204,99114,204,100525,204,99006,204,100572,204,98957,204,100630,100,,,100680,100,,,,,,,,,,,,,,,,,,
2019-06-28 11:44:00.000000000,99666,403,99236,514,99667,100,99114,100,100525,100,99006,100,100572,100,98957,100,100630,100,,,100680,100,,,,,,,,,,,,,,,,,,
2019-06-28 11:44:10.000000000,99667,204,99236,204,100525,204,99114,204,100572,204,99006,204,100630,204,98957,204,100680,100,,,,,,,,,,,,,,,,,,,,,,
2019-06-28 11:44:20.000000000,99667,307,99236,307,100525,307,99114,307,100572,100,99006,100,100630,100,98957,100,100680,100,,,,,,,,,,,,,,,,,,,,,,
2019-06-28 11:44:30.000000000,99667,183,99236,183,100525,183,99114,183,100572,183,99006,183,100630,183,98957,183,100680,183,98956,83,,,,,,,,,,,,,,,,,,,,
2019-06-28 11:44:30.734578970,99667,183,99666,100,100525,183,99236,183,100572,183,99114,183,100630,183,99006,183,100680,183,98957,183,,,98956,83,,,,,,,,,,,,,,,,
2019-06-28 11:44:40.000000000,99667,241,99666,241,100525,237,99236,237,100572,237,99114,237,100630,100,99006,100,100680,100,98957,100,,,,,,,,,,,,,,,,,,,,
2019-06-28 11:44:50.000000000,99667,307,99666,307,100525,307,99236,307,100572,100,99114,100,100630,100,99006,100,100680,100,98957,100,,,,,,,,,,,,,,,,,,,,
2019-06-28 11:44:56.270521704,99667,307,99666,307,99811,100,99236,307,100525,307,99114,100,100572,100,99006,100,100630,100,98957,100,100680,100,,,,,,,,,,,,,,,,,,
2019-06-28 11:45:00.000000000,99667,196,99666,307,99811,307,99236,307,100525,100,99114,100,100572,100,99006,100,100630,100,98957,100,100680,100,,,,,,,,,,,,,,,,,,
2019-06-28 11:45:04.711068349,99667,196,99666,207,99811,307,99236,307,100525,100,99114,100,100572,100,99006,100,100630,100,98957,100,100680,100,,,,,,,,,,,,,,,,,,
2019-06-28 11:45:10.000000000,99811,307,99236,307,100525,307,99114,307,100572,100,99006,100,100630,100,98957,100,100680,100,,,,,,,,,,,,,,,,,,,,,,
2019-06-28 11:45:20.000000000,99811,204,99236,204,100525,204,99114,204,100572,204,99006,204,100630,204,98957,204,100680,100,,,,,,,,,,,,,,,,,,,,,,
2019-06-28 11:45:29.587640999,99811,204,99236,204,99936,100,99114,204,100525,204,99006,204,100572,204,98957,204,100630,204,,,100680,100,,,,,,,,,,,,,,,,,,
2019-06-28 11:45:30.000000000,99811,241,99236,241,99936,237,99114,237,100525,237,99006,237,100572,100,98957,100,100630,100,,,100680,100,,,,,,,,,,,,,,,,,,
2019-06-28 11:45:37.994760621,99811,241,99236,241,99840,100,99114,237,99936,237,99006,237,100525,237,98957,100,100572,100,,,100630,100,,,100680,100,,,,,,,,,,,,,,
2019-06-28 11:45:40.000000000,99811,241,99236,241,99840,237,99114,237,99936,237,99006,237,100525,100,98957,100,100572,100,,,100630,100,,,100680,100,,,,,,,,,,,,,,
2019-06-28 11:45:50.000000000,99811,183,99236,183,99840,183,99114,183,99936,183,99006,183,100525,183,98957,183,100572,183,98956,83,100630,100,,,100680,100,,,,,,,,,,,,,,
2019-06-28 11:45:56.514707789,99667,100,99236,183,99811,183,99114,183,99840,183,99006,183,99936,183,98957,183,100525,183,98956,83,100572,183,,,100630,100,,,100680,100,,,,,,,,,,
2019-06-28 11:46:00.000000000,99667,72,99236,183,99811,183,99114,183,99840,183,99006,183,99936,183,98957,183,100525,183,98956,83,100572,100,,,100630,100,,,100680,100,,,,,,,,,,
2019-06-28 11:46:08.704950968,99558,100,99236,83,99667,72,99114,183,99811,183,99006,183,99840,183,98957,183,99936,183,98956,83,100525,183,,,100572,100,,,100630,100,,,100680,100,,,,,,
2019-06-28 11:46:10.000000000,99558,307,99114,307,99811,307,99006,307,99840,100,98957,100,99936,100,,,100525,100,,,100572,100,,,100630,100,,,100680,100,,,,,,,,,,
2019-06-28 11:46:20.000000000,99558,514,99114,514,99811,100,99006,100,99840,100,98957,100,99936,100,,,100525,100,,,100572,100,,,100630,100,,,100680,100,,,,,,,,,,
2019-06-28 11:46:30.000000000,99558,307,99114,307,99811,307,99006,307,99840,100,98957,100,99936,100,,,100525,100,,,100572,100,,,100630,100,,,100680,100,,,,,,,,,,
2019-06-28 11:46:40.000000000,99558,514,99114,514,99811,100,99006,100,99840,100,98957,100,99936,100,,,100525,100,,,100572,100,,,100630,100,,,100680,100,,,,,,,,,,
2019-06-28 11:46:50.000000000,99558,204,99114,204,99811,204,99006,204,99840,204,98957,204,99936,204,98956,104,100525,100,,,100572,100,,,100630,100,,,100680,100,,,,,,,,,,
2019-06-28 11:47:00.000000000,99558,403,99114,514,99811,100,99006,100,99840,100,98957,100,99936,100,,,100525,100,,,100572,100,,,100630,100,,,100680,100,,,,,,,,,,
2019-06-28 11:47:10.000000000,99811,204,99114,204,99840,204,99006,204,99936,204,98957,204,100525,204,98956,104,100572,100,,,100630,100,,,100680,100,,,,,,,,,,,,,,
2019-06-28 11:47:20.000000000,99811,514,99114,514,99840,100,99006,100,99936,100,98957,100,100525,100,,,100572,100,,,100630,100,,,100680,100,,,,,,,,,,,,,,
2019-06-28 11:47:30.000000000,99811,514,99114,514,99840,100,99006,100,99936,100,98957,100,100525,100,,,100572,100,,,100630,100,,,100680,100,,,,,,,,,,,,,,
2019-06-28 11:47:33.435165588,99811,414,99114,514,99840,100,99006,100,99936,100,98957,100,100368,100,,,100525,100,,,100572,100,,,100630,100,,,100680,100,,,,,,,,,,
2019-06-28 11:47:40.000000000,99840,204,99114,204,99936,204,99006,204,100368,204,98957,204,100525,204,98956,104,100572,100,,,100630,100,,,100680,100,,,,,,,,,,,,,,
2019-06-28 11:47:50.000000000,99840,241,99114,241,99936,237,99006,237,100368,237,98957,237,100525,100,,,100572,100,,,100630,100,,,100680,100,,,,,,,,,,,,,,
2019-06-28 11:47:57.787932518,99840,141,99114,241,99936,237,99006,237,100368,237,98957,237,100525,100,,,100572,100,,,100630,100,,,100680,100,,,,,,,,,,,,,,
2019-06-28 11:48:00.000000000,99936,130,99114,241,100368,237,99006,237,100525,237,98957,237,100572,100,,,100630,100,,,100680,100,,,,,,,,,,,,,,,,,,
2019-06-28 11:48:10.000000000,100368,307,99114,307,100525,307,99006,307,100572,100,98957,100,100630,100,,,100680,100,,,,,,,,,,,,,,,,,,,,,,
2019-06-28 11:48:19.080772520,100368,307,100175,100,100525,307,99114,307,100572,100,99006,307,100630,100,98957,100,100680,100,,,,,,,,,,,,,,,,,,,,,,
2019-06-28 11:48:20.000000000,100368,241,100175,241,100525,237,99114,237,100572,237,99006,237,100630,100,98957,100,100680,100,,,,,,,,,,,,,,,,,,,,,,
2019-06-28 11:48:21.562208310,100368,241,100175,241,100525,237,100137,100,100572,237,99114,237,100630,100,99006,237,100680,100,98957,100,,,,,,,,,,,,,,,,,,,,
2019-06-28 11:48:28.249200466,100368,241,100175,241,100525,237,100137,100,100572,237,99936,100,100630,100,99114,237,100680,100,99006,237,,,98957,100,,,,,,,,,,,,,,,,
2019-06-28 11:48:30.000000000,100368,183,100175,183,100525,183,100137,183,100572,183,99936,183,100630,183,99114,183,100680,183,99006,183,,,98957,100,,,,,,,,,,,,,,,,
2019-06-28 11:48:40.000000000,100368,204,100175,204,100525,204,100137,204,100572,204,99936,204,100630,204,99114,204,100680,100,99006,100,,,98957,100,,,,,,,,,,,,,,,,
2019-06-28 11:48:50.000000000,100368,241,100175,241,100525,237,100137,237,100572,237,99936,237,100630,100,99114,100,100680,100,99006,100,,,98957,100,,,,,,,,,,,,,,,,
2019-06-28 11:48:51.243987342,100368,141,100175,241,100525,237,100137,237,100572,237,99936,237,100630,100,99114,100,100680,100,99006,100,,,98957,100,,,,,,,,,,,,,,,,
2019-06-28 11:49:00.000000000,100525,131,100175,240,100572,237,100137,237,100630,237,99936,237,100680,100,99114,100,,,99006,100,,,98957,100,,,,,,,,,,,,,,,,
2019-06-28 11:49:10.000000000,100572,183,100175,182,100630,183,100137,183,100680,183,99936,183,100681,83,99114,183,,,99006,183,,,98957,100,,,,,,,,,,,,,,,,
2019-06-28 11:49:20.000000000,100572,241,100175,240,100630,237,100137,237,100680,237,99936,237,,,99114,100,,,99006,100,,,98957,100,,,,,,,,,,,,,,,,
2019-06-28 11:49:30.000000000,100572,241,100175,240,100630,237,100137,237,100680,237,99936,237,,,99114,100,,,99006,100,,,98957,100,,,,,,,,,,,,,,,,
2019-06-28 11:49:40.000000000,100572,307,100175,306,100630,307,100137,307,100680,100,99936,100,,,99114,100,,,99006,100,,,98957,100,,,,,,,,,,,,,,,,
2019-06-28 11:49:50.000000000,100572,204,100175,203,100630,204,100137,204,100680,204,99936,204,100681,104,99114,204,,,99006,100,,,98957,100,,,,,,,,,,,,,,,,
2019-06-28 11:50:00.000000000,100572,197,100175,305,100630,307,100137,307,100680,100,99936,100,,,99114,100,,,99006,100,,,98957,100,,,,,,,,,,,,,,,,
2019-06-28 11:50:00.350829563,100572,197,100175,305,100630,307,100137,307,100680,100,99936,100,100827,100,99114,100,,,99006,100,,,98957,100,,,,,,,,,,,,,,,,
2019-06-28 11:50:10.000000000,100630,241,100175,239,100680,237,100137,237,100827,237,99936,237,,,99114,100,,,99006,100,,,98957,100,,,,,,,,,,,,,,,,
2019-06-28 11:50:20.000000000,100630,204,100175,202,100680,204,100137,204,100827,204,99936,204,100828,104,99114,204,,,99006,100,,,98957,100,,,,,,,,,,,,,,,,
2019-06-28 11:50:30.000000000,100630,514,100175,512,100680,100,100137,100,100827,100,99936,100,,,99114,100,,,99006,100,,,98957,100,,,,,,,,,,,,,,,,
2019-06-28 11:50:31.685963564,100630,514,100241,100,100680,100,100175,512,100827,100,100137,100,,,99936,100,,,99114,100,,,99006,100,,,98957,100,,,,,,,,,,,,
2019-06-28 11:50:36.836829645,100630,514,100241,100,100680,100,100175,512,100827,100,100137,100,,,100126,100,,,99936,100,,,99114,100,,,99006,100,,,98957,100,,,,,,,,
2019-06-28 11:50:36.974978731,100319,100,100241,100,100630,514,100175,512,100680,100,100137,100,100827,100,100126,100,,,99936,100,,,99114,100,,,99006,100,,,98957,100,,,,,,,,
2019-06-28 11:50:40.000000000,100319,183,100241,183,100630,183,100175,181,100680,183,100137,183,100827,183,100126,183,100828,83,99936,183,,,99114,100,,,99006,100,,,98957,100,,,,,,,,
2019-06-28 11:50:50.000000000,100319,204,100241,204,100630,204,100175,202,100680,204,100137,204,100827,204,100126,204,,,99936,100,,,99114,100,,,99006,100,,,98957,100,,,,,,,,
2019-06-28 11:51:00.000000000,100319,197,100241,306,100630,307,100175,305,100680,100,100137,100,100827,100,100126,100,,,99936,100,,,99114,100,,,99006,100,,,98957,100,,,,,,,,
2019-06-28 11:51:10.000000000,100630,241,100241,240,100680,237,100175,235,100827,237,100137,237,,,100126,100,,,99936,100,,,99114,100,,,99006,100,,,98957,100,,,,,,,,
2019-06-28 11:51:13.345419128,100630,241,100241,240,100680,237,100175,235,100827,237,100137,237,,,100126,100,,,99936,100,,,99686,100,,,99114,100,,,99006,100,,,98957,100,,,,
2019-06-28 11:51:13.370573896,100630,241,100241,140,100680,237,100175,235,100827,237,100137,237,,,100126,100,,,99936,100,,,99114,100,,,99006,100,,,98957,100,,,,,,,,
2019-06-28 11:51:20.000000000,100630,307,100175,305,100680,307,100137,307,100827,100,100126,100,,,99936,100,,,99114,100,,,99006,100,,,98957,100,,,,,,,,,,,,
2019-06-28 11:51:30.000000000,100630,241,100175,239,100680,237,100137,237,100827,237,100126,237,,,99936,100,,,99114,100,,,99006,100,,,98957,100,,,,,,,,,,,,
2019-06-28 11:51:40.000000000,100630,183,100175,181,100680,183,100137,183,100827,183,100126,183,100828,83,99936,183,,,99114,183,,,99006,100,,,98957,100,,,,,,,,,,,,
2019-06-28 11:51:50.000000000,100630,514,100175,512,100680,100,100137,100,100827,100,100126,100,,,99936,100,,,99114,100,,,99006,100,,,98957,100,,,,,,,,,,,,
2019-06-28 11:51:51.640173446,100630,514,100175,412,100680,100,100137,100,100827,100,100126,100,,,99936,100,,,99114,100,,,99006,100,,,,,,,,,,,,,,,,
2019-06-28 11:51:52.001618017,100630,514,100175,312,100680,100,100137,100,100827,100,100126,100,,,99936,100,,,99114,100,,,99006,100,,,,,,,,,,,,,,,,
2019-06-28 11:51:52.382342164,100630,514,100175,312,100827,100,100137,100,,,100126,100,,,99936,100,,,99671,100,,,99114,100,,,99006,100,,,,,,,,,,,,
2019-06-28 11:51:55.545563077,100630,514,100175,312,100827,100,100137,100,,,100126,100,,,99936,100,,,99676,100,,,99671,100,,,99114,100,,,99006,100,,,,,,,,
2019-06-28 11:51:59.669442182,100630,514,100175,212,100827,100,100137,100,,,100126,100,,,99936,100,,,99676,100,,,99671,100,,,99114,100,,,99006,100,,,,,,,,
2019-06-28 11:52:00.000000000,100630,94,100137,203,100827,204,100126,204,100828,104,99936,204,,,99676,204,,,99671,100,,,99114,100,,,99006,100,,,,,,,,,,,,
2019-06-28 11:52:10.000000000,100827,183,100137,182,100828,83,100126,183,,,99936,183,,,99676,183,,,99671,183,,,99114,100,,,99006,100,,,,,,,,,,,,
2019-06-28 11:52:20.000000000,100827,241,100137,240,100828,137,100126,237,,,99936,237,,,99676,100,,,99671,100,,,99114,100,,,99006,100,,,,,,,,,,,,
2019-06-28 11:52:22.661069771,100402,100,100137,240,100827,241,100126,237,100828,137,99936,237,,,99676,100,,,99671,100,,,99114,100,,,99006,100,,,,,,,,,,,,
2019-06-28 11:52:30.000000000,100402,307,100137,306,100827,307,100126,307,,,99936,100,,,99676,100,,,99671,100,,,99114,100,,,99006,100,,,,,,,,,,,,
2019-06-28 11:52:40.000000000,100402,204,100137,203,100827,204,100126,204,100828,104,99936,204,,,99676,204,,,99671,100,,,99114,100,,,99006,100,,,,,,,,,,,,
2019-06-28 11:52:50.000000000,100402,241,100137,240,100827,237,100126,237,100828,137,99936,237,,,99676,100,,,99671,100,,,99114,100,,,99006,100,,,,,,,,,,,,
2019-06-28 11:53:00.000000000,100402,404,100137,512,100827,100,100126,100,,,99936,100,,,99676,100,,,99671,100,,,99114,100,,,99006,100,,,,,,,,,,,,
2019-06-28 11:53:10.000000000,100827,204,100137,202,100828,104,100126,204,,,99936,204,,,99676,204,,,99671,100,,,99114,100,,,99006,100,,,,,,,,,,,,
2019-06-28 11:53:17.189452490,100423,100,100137,202,100827,204,100126,204,100828,104,99936,204,,,99676,204,,,99671,100,,,99114,100,,,99006,100,,,,,,,,,,,,
2019-06-28 11:53:20.000000000,100423,241,100137,239,100827,237,100126,237,100828,137,99936,237,,,99676,100,,,99671,100,,,99114,100,,,99006,100,,,,,,,,,,,,
2019-06-28 11:53:23.183955969,100423,241,100137,339,100827,237,100126,237,100828,137,99936,237,,,99676,100,,,99671,100,,,99114,100,,,99006,100,,,,,,,,,,,,
2019-06-28 11:53:30.000000000,100423,204,100137,302,100827,204,100126,204,100828,104,99936,204,,,99676,204,,,99671,100,,,99114,100,,,99006,100,,,,,,,,,,,,
2019-06-28 11:53:38.148870983,100423,204,100137,302,100827,204,100126,204,100828,104,99936,204,,,99676,204,,,99671,100,,,99438,100,,,99114,100,,,99006,100,,,,,,,,
2019-06-28 11:53:40.000000000,100423,204,100137,302,100827,204,100126,204,100828,104,99936,204,,,99676,204,,,99671,100,,,99438,100,,,99114,100,,,99006,100,,,,,,,,
2019-06-28 11:53:43.475791642,100402,100,100137,302,100423,204,100126,204,100827,204,99936,204,100828,104,99676,204,,,99671,100,,,99438,100,,,99114,100,,,99006,100,,,,,,,,
2019-06-28 11:53:44.161542953,100402,100,100137,202,100423,204,100126,204,100827,204,99936,204,100828,104,99676,204,,,99438,100,,,99114,100,,,99006,100,,,,,,,,,,,,
2019-06-28 11:53:50.000000000,100402,307,100137,305,100423,307,100126,307,100827,100,99936,100,,,99676,100,,,99438,100,,,99114,100,,,99006,100,,,,,,,,,,,,
2019-06-28 11:53:53.494460802,100402,307,100137,205,100423,307,100126,307,100827,100,99936,100,,,99676,100,,,99438,100,,,99114,100,,,99006,100,,,,,,,,,,,,
2019-06-28 11:53:56.941491572,100402,307,100137,205,100423,307,100126,307,100827,100,99936,100,,,99676,100,,,99438,100,,,99371,100,,,99114,100,,,99006,100,,,,,,,,
2019-06-28 11:54:00.000000000,100402,404,100126,513,100423,100,99936,100,100827,100,99676,100,,,99438,100,,,99371,100,,,99114,100,,,99006,100,,,,,,,,,,,,
2019-06-28 11:54:10.000000000,100423,204,100126,203,100827,204,99936,204,100828,104,99676,204,,,99438,204,,,99371,100,,,99114,100,,,99006,100,,,,,,,,,,,,
2019-06-28 11:54:11.873754799,100423,204,100126,103,100827,204,99936,204,100828,104,99676,204,,,99438,204,,,99371,100,,,99114,100,,,99006,100,,,,,,,,,,,,
2019-06-28 11:54:20.000000000,100423,514,99936,514,100827,100,99676,100,,,99438,100,,,99371,100,,,99114,100,,,99006,100,,,,,,,,,,,,,,,,
2019-06-28 11:54:29.968730717,100423,514,99936,414,100827,100,99676,100,,,99438,100,,,99371,100,,,99114,100,,,99006,100,,,,,,,,,,,,,,,,
2019-06-28 11:54:30.000000000,100423,183,99676,183,100827,183,99438,183,100828,83,99371,183,,,99114,183,,,99006,183,,,,,,,,,,,,,,,,,,,,
2019-06-28 11:54:40.000000000,100423,183,99676,183,100827,183,99438,183,100828,83,99371,183,,,99114,183,,,99006,183,,,,,,,,,,,,,,,,,,,,
2019-06-28 11:54:50.000000000,100423,241,99676,241,100827,237,99438,237,100828,137,99371,237,,,99114,100,,,99006,100,,,,,,,,,,,,,,,,,,,,
2019-06-28 11:54:58.425869506,100423,241,99676,241,100486,100,99438,237,100827,237,99371,237,100828,137,99114,100,,,99006,100,,,,,,,,,,,,,,,,,,,,
2019-06-28 11:55:00.000000000,100423,131,99676,240,100486,237,99438,237,100827,237,99371,237,,,99114,100,,,99006,100,,,,,,,,,,,,,,,,,,,,
2019-06-28 11:55:00.469942088,100423,131,99676,340,100486,237,99438,237,100827,237,99371,237,,,99114,100,,,99006,100,,,,,,,,,,,,,,,,,,,,
2019-06-28 11:55:10.000000000,100486,241,99676,340,100827,237,99438,237,100828,137,99371,237,,,99114,100,,,99006,100,,,,,,,,,,,,,,,,,,,,
2019-06-28 11:55:15.626100961,100252,100,99676,340,100486,241,99438,237,100827,237,99371,237,100828,137,99114,100,,,99006,100,,,,,,,,,,,,,,,,,,,,
2019-06-28 11:55:20.000000000,100252,183,99676,282,100486,183,99438,183,100827,183,99371,183,100828,83,99114,183,,,99006,183,,,,,,,,,,,,,,,,,,,,
2019-06-28 11:55:20.422677185,100252,183,99676,382,100486,183,99438,183,100827,183,99371,183,100828,83,99114,183,,,99006,183,,,,,,,,,,,,,,,,,,,,
2019-06-28 11:55:30.000000000,100252,204,99676,403,100486,204,99438,204,100827,204,99371,204,100828,104,99114,204,,,99006,100,,,,,,,,,,,,,,,,,,,,
2019-06-28 11:55:33.390474996,100252,204,99676,403,100363,100,99438,204,100486,204,99371,204,100827,204,99114,204,100828,104,99006,100,,,,,,,,,,,,,,,,,,,,
2019-06-28 11:55:40.000000000,100252,183,99676,382,100363,183,99438,183,100486,183,99371,183,100827,183,99114,183,100828,83,99006,183,,,,,,,,,,,,,,,,,,,,
2019-06-28 11:55:50.000000000,100252,183,99676,382,100363,183,99438,183,100486,183,99371,183,100827,183,99114,183,100828,83,99006,183,,,,,,,,,,,,,,,,,,,,
2019-06-28 11:56:00.000000000,100252,94,99676,402,100363,204,99438,204,100486,204,99371,204,100827,204,99114,204,,,99006,100,,,,,,,,,,,,,,,,,,,,
2019-06-28 11:56:10.000000000,100363,514,99676,712,100486,100,99438,100,100827,100,99371,100,,,99114,100,,,99006,100,,,,,,,,,,,,,,,,,,,,
2019-06-28 11:56:13.934972767,100363,514,100107,100,100486,100,99676,712,100827,100,99438,100,,,99371,100,,,99114,100,,,99006,100,,,,,,,,,,,,,,,,
2019-06-28 11:56:18.771244778,100363,514,100177,100,100486,100,100107,100,100827,100,99676,712,,,99438,100,,,99371,100,,,99114,100,,,99006,100,,,,,,,,,,,,
2019-06-28 11:56:20.000000000,100363,204,100177,204,100486,204,100107,204,100827,204,99676,402,100828,104,99438,204,,,99371,100,,,99114,100,,,99006,100,,,,,,,,,,,,
2019-06-28 11:56:22.313513053,100267,100,100177,204,100363,204,100107,204,100486,204,99676,402,100827,204,99438,204,100828,104,99371,100,,,99114,100,,,99006,100,,,,,,,,,,,,
2019-06-28 11:56:23.429156086,100267,100,100177,204,100363,204,100107,204,100486,204,99676,502,100827,204,99438,204,100828,104,99371,100,,,99114,100,,,99006,100,,,,,,,,,,,,
2019-06-28 11:56:30.000000000,100267,183,100177,183,100363,183,100107,183,100486,183,99676,481,100827,183,99438,183,100828,83,99371,183,,,99114,100,,,99006,100,,,,,,,,,,,,
2019-06-28 11:56:40.000000000,100267,307,100177,307,100363,307,100107,307,100486,100,99676,398,100827,100,99438,100,,,99371,100,,,99114,100,,,99006,100,,,,,,,,,,,,
2019-06-28 11:56:50.000000000,100267,183,100177,183,100363,183,100107,183,100486,183,99676,481,100827,183,99438,183,100828,83,99371,183,,,99114,100,,,99006,100,,,,,,,,,,,,
2019-06-28 11:57:00.000000000,100267,197,100177,306,100363,307,100107,307,100486,100,99676,398,100827,100,99438,100,,,99371,100,,,99114,100,,,99006,100,,,,,,,,,,,,
2019-06-28 11:57:10.000000000,100363,204,100177,203,100486,204,100107,204,100827,204,99676,502,100828,104,99438,204,,,99371,100,,,99114,100,,,99006,100,,,,,,,,,,,,
2019-06-28 11:57:16.887240106,100363,204,100177,203,100486,204,100107,204,100827,204,99957,100,100828,104,99676,502,,,99438,204,,,99371,100,,,99114,100,,,99006,100,,,,,,,,
2019-06-28 11:57:20.000000000,100363,183,100177,182,100486,183,100107,183,100827,183,99957,183,100828,83,99676,481,,,99438,183,,,99371,100,,,99114,100,,,99006,100,,,,,,,,
2019-06-28 11:57:30.000000000,100363,307,100177,306,100486,307,100107,307,100827,100,99957,100,,,99676,398,,,99438,100,,,99371,100,,,99114,100,,,99006,100,,,,,,,,
2019-06-28 11:57:30.245208765,100363,307,100177,206,100486,307,100107,307,100827,100,99957,100,,,99676,398,,,99438,100,,,99371,100,,,99114,100,,,99006,100,,,,,,,,
2019-06-28 11:57:31.911788750,100363,307,100177,206,100486,307,100107,307,100827,100,99957,100,,,99676,298,,,99438,100,,,99371,100,,,99114,100,,,99006,100,,,,,,,,
2019-06-28 11:57:40.000000000,100363,514,100107,514,100486,100,99957,100,100827,100,99676,298,,,99438,100,,,99371,100,,,99114,100,,,99006,100,,,,,,,,,,,,
2019-06-28 11:57:50.000000000,100363,514,100107,514,100486,100,99957,100,100827,100,99676,298,,,99438,100,,,99371,100,,,99114,100,,,99006,100,,,,,,,,,,,,
2019-06-28 11:58:00.000000000,100363,73,100107,183,100486,183,99957,183,100827,183,99676,381,100828,83,99438,183,,,99371,183,,,99114,100,,,99006,100,,,,,,,,,,,,
2019-06-28 11:58:10.000000000,100486,241,100107,241,100827,237,99957,237,100828,137,99676,435,,,99438,100,,,99371,100,,,99114,100,,,99006,100,,,,,,,,,,,,
2019-06-28 11:58:13.392340018,100289,100,100107,241,100486,241,99957,237,100827,237,99676,435,100828,137,99438,100,,,99371,100,,,99114,100,,,99006,100,,,,,,,,,,,,
2019-06-28 11:58:18.927897376,100254,100,100107,241,100289,100,99957,237,100486,241,99676,435,100827,237,99438,100,100828,137,99371,100,,,99114,100,,,99006,100,,,,,,,,,,,,
2019-06-28 11:58:20.000000000,100254,204,100107,204,100289,204,99957,204,100486,204,99676,402,100827,204,99438,204,,,99371,100,,,99114,100,,,99006,100,,,,,,,,,,,,
2019-06-28 11:58:30.000000000,100254,307,100107,307,100289,307,99957,307,100486,100,99676,298,100827,100,99438,100,,,99371,100,,,99114,100,,,99006,100,,,,,,,,,,,,
2019-06-28 11:58:40.000000000,100254,183,100107,183,100289,183,99957,183,100486,183,99676,381,100827,183,99438,183,100828,83,99371,183,,,99114,100,,,99006,100,,,,,,,,,,,,
2019-06-28 11:58:40.388082017,100254,183,100107,83,100289,183,99957,183,100486,183,99676,381,100827,183,99438,183,100828,83,99371,183,,,99114,100,,,99006,100,,,,,,,,,,,,
2019-06-28 11:58:50.000000000,100254,204,99957,204,100289,204,99676,402,100486,204,99438,204,100827,204,99371,204,,,99114,100,,,99006,100,,,,,,,,,,,,,,,,
2019-06-28 11:59:00.000000000,100254,197,99957,307,100289,307,99676,505,100486,100,99438,100,100827,100,99371,100,,,99114,100,,,99006,100,,,,,,,,,,,,,,,,
2019-06-28 11:59:04.796705274,100254,197,99957,307,100289,307,99676,505,100486,100,99546,100,100827,100,99438,100,,,99371,100,,,99114,100,,,99006,100,,,,,,,,,,,,
2019-06-28 11:59:10.000000000,100289,241,99957,241,100486,237,99676,435,100827,237,99546,237,,,99438,100,,,99371,100,,,99114,100,,,99006,100,,,,,,,,,,,,
2019-06-28 11:59:17.289035922,100289,241,99957,141,100486,237,99676,435,100827,237,99546,237,,,99438,100,,,99371,100,,,99114,100,,,99006,100,,,,,,,,,,,,
2019-06-28 11:59:20.000000000,100289,204,99676,402,100486,204,99546,204,100827,204,99438,204,100828,104,99371,204,,,99114,100,,,99006,100,,,,,,,,,,,,,,,,
2019-06-28 11:59:30.000000000,100289,183,99676,381,100486,183,99546,183,100827,183,99438,183,100828,83,99371,183,,,99114,183,,,99006,100,,,,,,,,,,,,,,,,
2019-06-28 11:59:40.000000000,100289,204,99676,402,100486,204,99546,204,100827,204,99438,204,100828,104,99371,204,,,99114,100,,,99006,100,,,,,,,,,,,,,,,,
2019-06-28 11:59:50.000000000,100289,204,99676,402,100486,204,99546,204,100827,204,99438,204,100828,104,99371,204,,,99114,100,,,99006,100,,,,,,,,,,,,,,,,
2019-06-28 12:00:00.000000000,100289,404,99676,712,100486,100,99546,100,100827,100,99438,100,,,99371,100,,,99114,100,,,99006,100,,,,,,,,,,,,,,,,
2019-06-28 12:00:10.000000000,100486,514,99676,712,100827,100,99546,100,,,99438,100,,,99371,100,,,99114,100,,,99006,100,,,,,,,,,,,,,,,,
2019-06-28 12:00:13.387158097,100289,100,99676,712,100486,514,99546,100,100827,100,99438,100,,,99371,100,,,99114,100,,,99006,100,,,,,,,,,,,,,,,,
2019-06-28 12:00:20.000000000,100289,514,99676,712,100486,100,99546,100,100827,100,99438,100,,,99371,100,,,99114,100,,,99006,100,,,,,,,,,,,,,,,,
2019-06-28 12:00:30.000000000,100289,514,99676,712,100486,100,99546,100,100827,100,99438,100,,,99371,100,,,99114,100,,,99006,100,,,,,,,,,,,,,,,,
2019-06-28 12:00:40.000000000,100289,183,99676,381,100486,183,99546,183,100827,183,99438,183,100828,83,99371,183,,,99114,183,,,99006,100,,,,,,,,,,,,,,,,
2019-06-28 12:00:50.000000000,100289,241,99676,439,100486,237,99546,237,100827,237,99438,237,,,99371,100,,,99114,100,,,99006,100,,,,,,,,,,,,,,,,
2019-06-28 12:00:51.658486107,100289,241,99676,439,100394,100,99546,237,100486,237,99438,237,100827,237,99371,100,,,99114,100,,,99006,100,,,,,,,,,,,,,,,,
2019-06-28 12:01:00.000000000,100289,404,99676,712,100394,100,99546,100,100486,100,99438,100,100827,100,99371,100,,,99114,100,,,99006,100,,,,,,,,,,,,,,,,
2019-06-28 12:01:06.664271046,100289,404,100139,100,100394,100,99676,712,100486,100,99546,100,100827,100,99438,100,,,99371,100,,,99114,100,,,99006,100,,,,,,,,,,,,
2019-06-28 12:01:09.019550258,100289,504,100139,100,100394,100,99676,712,100486,100,99546,100,100827,100,99438,100,,,99371,100,,,99114,100,,,99006,100,,,,,,,,,,,,
2019-06-28 12:01:10.000000000,100289,241,100139,241,100394,237,99676,435,100486,237,99546,237,100827,100,99438,100,,,99371,100,,,99114,100,,,99006,100,,,,,,,,,,,,
2019-06-28 12:01:17.950763576,100289,241,100139,241,100394,237,99676,335,100486,237,99546,237,100827,100,99438,100,,,99371,100,,,99114,100,,,99006,100,,,,,,,,,,,,
2019-06-28 12:01:20.000000000,100289,514,100139,514,100394,100,99676,198,100486,100,99546,100,100827,100,99438,100,,,99371,100,,,99114,100,,,99006,100,,,,,,,,,,,,
2019-06-28 12:01:30.000000000,100289,307,100139,307,100394,307,99676,405,100486,100,99546,100,100827,100,99438,100,,,99371,100,,,99114,100,,,99006,100,,,,,,,,,,,,
2019-06-28 12:01:31.490997124,100289,307,100139,307,100394,307,99999,100,100486,100,99676,405,100827,100,99546,100,,,99438,100,,,99371,100,,,99114,100,,,99006,100,,,,,,,,
2019-06-28 12:01:36.669260137,100289,307,100139,307,100394,307,99999,100,100486,100,99932,100,100827,100,99676,405,,,99546,100,,,99438,100,,,99371,100,,,99114,100,,,99006,100,,,,
2019-06-28 12:01:40.000000000,100289,183,100139,183,100394,183,99999,183,100486,183,99932,183,100827,183,99676,281,100828,83,99546,183,,,99438,100,,,99371,100,,,99114,100,,,99006,100,,,,
2019-06-28 12:01:44.153277637,100289,183,100139,183,100394,183,99999,183,100486,183,99932,183,100827,183,99676,281,100828,83,99546,183,,,99533,100,,,99438,100,,,99371,100,,,99114,100,,,99006,100
2019-06-28 12:01:48.954877249,100289,283,100139,183,100394,183,99999,183,100486,183,99932,183,100827,183,99676,281,100828,83,99546,183,,,99533,100,,,99438,100,,,99371,100,,,99114,100,,,99006,100
2019-06-28 12:01:50.000000000,100289,341,100139,241,100394,237,99999,237,100486,237,99932,237,100827,100,99676,198,,,99546,100,,,99533,100,,,99438,100,,,99371,100,,,99114,100,,,99006,100
2019-06-28 12:02:00.000000000,100289,504,100139,514,100394,100,99999,100,100486,100,99932,100,100827,100,99676,198,,,99546,100,,,99533,100,,,99438,100,,,99371,100,,,99114,100,,,99006,100
2019-06-28 12:02:10.000000000,100289,297,100139,307,100394,307,99999,307,100486,100,99932,100,100827,100,99676,198,,,99546,100,,,99533,100,,,99438,100,,,99371,100,,,99114,100,,,99006,100
2019-06-28 12:02:20.000000000,100289,231,100139,241,100394,237,99999,237,100486,237,99932,237,100827,100,99676,198,,,99546,100,,,99533,100,,,99438,100,,,99371,100,,,99114,100,,,99006,100
2019-06-28 12:02:23.289428144,100289,231,100139,141,100394,237,99999,237,100486,237,99932,237,100827,100,99676,198,,,99546,100,,,99533,100,,,99438,100,,,99371,100,,,99114,100,,,99006,100
2019-06-28 12:02:27.235529220,100289,231,100139,141,100394,237,99999,237,100486,237,99932,237,100827,100,99676,198,,,99546,100,,,99533,100,,,99438,100,,,99371,100,,,99245,100,,,99114,100
2019-06-28 12:02:30.000000000,100289,173,99999,183,100394,183,99932,183,100486,183,99676,281,100827,183,99546,183,100828,83,99533,183,,,99438,100,,,99371,100,,,99245,100,,,99114,100,,,99006,100
2019-06-28 12:02:40.000000000,100289,173,99999,183,100394,183,99932,183,100486,183,99676,281,100827,183,99546,183,100828,83,99533,183,,,99438,100,,,99371,100,,,99245,100,,,99114,100,,,99006,100
2019-06-28 12:02:41.778648566,100288,100,99999,183,100289,173,99932,183,100394,183,99676,281,100486,183,99546,183,100827,183,99533,183,100828,83,99438,100,,,99371,100,,,99245,100,,,99114,100,,,99006,100
2019-06-28 12:02:45.070756053,100288,200,99999,183,100289,173,99932,183,100394,183,99676,281,100486,183,99546,183,100827,183,99533,183,100828,83,99438,100,,,99371,100,,,99245,100,,,99114,100,,,99006,100
2019-06-28 12:02:50.000000000,100288,341,99999,241,100289,227,99932,237,100394,237,99676,335,100486,100,99546,100,100827,100,99533,100,,,99438,100,,,99371,100,,,99245,100,,,99114,100,,,99006,100
2019-06-28 12:03:00.000000000,100288,231,99999,241,100289,227,99932,237,100394,237,99676,335,100486,100,99546,100,100827,100,99533,100,,,99438,100,,,99371,100,,,99245,100,,,99114,100,,,99006,100
2019-06-28 12:03:09.213144348,100288,231,99999,141,100289,227,99932,237,100394,237,99676,335,100486,100,99546,100,100827,100,99533,100,,,99438,100,,,99425,100,,,99371,100,,,99245,100,,,99114,100
2019-06-28 12:03:10.000000000,100288,194,99932,204,100289,194,99676,302,100394,204,99546,204,100486,204,99533,204,100827,100,99438,100,,,99425,100,,,99371,100,,,99245,100,,,99114,100,,,99006,100
2019-06-28 12:03:20.000000000,100288,297,99932,307,100289,297,99676,405,100394,100,99546,100,100486,100,99533,100,100827,100,99438,100,,,99425,100,,,99371,100,,,99245,100,,,99114,100,,,99006,100
2019-06-28 12:03:30.000000000,100288,173,99932,183,100289,173,99676,281,100394,183,99546,183,100486,183,99533,183,100827,183,99438,183,,,99425,100,,,99371,100,,,99245,100,,,99114,100,,,99006,100
2019-06-28 12:03:40.000000000,100288,173,99932,183,100289,173,99676,281,100394,183,99546,183,100486,183,99533,183,100827,183,99438,183,,,99425,100,,,99371,100,,,99245,100,,,99114,100,,,99006,100
2019-06-28 12:03:50.000000000,100288,297,99932,307,100289,297,99676,405,100394,100,99546,100,100486,100,99533,100,100827,100,99438,100,,,99425,100,,,99371,100,,,99245,100,,,99114,100,,,99006,100
2019-06-28 12:03:51.044906275,100288,297,99932,207,100289,297,99676,405,100394,100,99546,100,100486,100,99533,100,100827,100,99438,100,,,99425,100,,,99371,100,,,99245,100,,,99114,100,,,99006,100
2019-06-28 12:03:57.174502298,100288,297,99932,207,100289,297,99676,405,100394,100,99546,100,100486,100,99533,100,100827,100,99438,100,,,99371,100,,,99245,100,,,99114,100,,,99006,100,,,98908,100
2019-06-28 12:04:00.000000000,100288,84,99676,302,100289,194,99546,204,100394,204,99533,204,100486,204,99438,204,100827,100,99371,100,,,99245,100,,,99114,100,,,99006,100,,,98908,100,,,,
2019-06-28 12:04:10.000000000,100289,504,99676,612,100394,100,99546,100,100486,100,99533,100,100827,100,99438,100,,,99371,100,,,99245,100,,,99114,100,,,99006,100,,,98908,100,,,,
2019-06-28 12:04:20.000000000,100289,194,99676,302,100394,204,99546,204,100486,204,99533,204,100827,204,99438,204,,,99371,100,,,99245,100,,,99114,100,,,99006,100,,,98908,100,,,,
2019-06-28 12:04:27.098162852,100288,100,99676,302,100289,194,99546,204,100394,204,99533,204,100486,204,99438,204,100827,204,99371,100,,,99245,100,,,99114,100,,,99006,100,,,98908,100,,,,
2019-06-28 12:04:30.000000000,100288,241,99676,339,100289,227,99546,237,100394,237,99533,237,100486,100,99438,100,100827,100,99371,100,,,99245,100,,,99114,100,,,99006,100,,,98908,100,,,,
2019-06-28 12:04:32.121108103,100288,241,99676,239,100289,227,99546,237,100394,237,99533,237,100486,100,99438,100,100827,100,99371,100,,,99245,100,,,99114,100,,,99006,100,,,98908,100,,,,
2019-06-28 12:04:32.903162953,100288,241,99676,139,100289,227,99546,237,100394,237,99533,237,100486,100,99438,100,100827,100,99371,100,,,99245,100,,,99114,100,,,99006,100,,,98908,100,,,,
2019-06-28 12:04:34.740973504,100288,241,99676,39,100289,227,99546,237,100394,237,99533,237,100486,100,99438,100,100827,100,99371,100,,,99245,100,,,99114,100,,,99006,100,,,98908,100,,,,
2019-06-28 12:04:40.000000000,100288,514,99546,514,100289,90,99533,100,100394,100,99438,100,100486,100,99371,100,100827,100,99245,100,,,99114,100,,,99006,100,,,98908,100,,,,,,,,
2019-06-28 12:04:50.000000000,100288,241,99546,241,100289,227,99533,237,100394,237,99438,237,100486,100,99371,100,100827,100,99245,100,,,99114,100,,,99006,100,,,98908,100,,,,,,,,
2019-06-28 12:05:00.000000000,100288,131,99546,241,100289,227,99533,237,100394,237,99438,237,100486,100,99371,100,100827,100,99245,100,,,99114,100,,,99006,100,,,98908,100,,,,,,,,
2019-06-28 12:05:10.000000000,100289,231,99546,241,100394,237,99533,237,100486,237,99438,237,100827,100,99371,100,,,99245,100,,,99114,100,,,99006,100,,,98908,100,,,,,,,,
2019-06-28 12:05:20.000000000,100289,173,99546,183,100394,183,99533,183,100486,183,99438,183,100827,183,99371,183,100828,83,99245,183,,,99114,100,,,99006,100,,,98908,100,,,,,,,,
2019-06-28 12:05:22.599411749,100288,100,99546,183,100289,173,99533,183,100394,183,99438,183,100486,183,99371,183,100827,183,99245,183,100828,83,99114,100,,,99006,100,,,98908,100,,,,,,,,
2019-06-28 12:05:30.000000000,100288,204,99546,204,100289,194,99533,204,100394,204,99438,204,100486,204,99371,204,100827,100,99245,100,,,99114,100,,,99006,100,,,98908,100,,,,,,,,
2019-06-28 12:05:30.164577236,100288,204,99546,4,100289,194,99533,204,100394,204,99438,204,100486,204,99371,204,100827,100,99245,100,,,99114,100,,,99006,100,,,98908,100,,,,,,,,
2019-06-28 12:05:40.000000000,100288,241,99533,241,100289,227,99438,237,100394,237,99371,237,100486,100,99245,100,100827,100,99114,100,,,99006,100,,,98908,100,,,,,,,,,,,,
2019-06-28 12:05:41.323162429,100287,100,99533,241,100288,241,99438,237,100289,227,99371,237,100394,237,99245,100,100486,100,99114,100,100827,100,99006,100,,,98908,100,,,,,,,,,,,,
2019-06-28 12:05:46.655376659,99539,100,99533,241,100287,100,99438,237,100288,241,99371,237,100289,227,99245,100,100394,237,99114,100,100486,100,99006,100,100827,100,98908,100,,,,,,,,,,,,
2019-06-28 12:05:50.000000000,99539,241,99533,241,100287,237,99438,237,100288,237,99371,237,100289,90,99245,100,100394,100,99114,100,100486,100,99006,100,100827,100,98908,100,,,,,,,,,,,,
2019-06-28 12:05:59.081087946,99539,241,99533,241,100287,237,99438,237,100288,137,99371,237,100289,90,99245,100,100394,100,99114,100,100486,100,99006,100,100827,100,98908,100,,,,,,,,,,,,
2019-06-28 12:06:00.000000000,99539,403,99533,514,100287,100,99438,100,100289,90,99371,100,100394,100,99245,100,100486,100,99114,100,100827,100,99006,100,,,98908,100,,,,,,,,,,,,
2019-06-28 12:06:01.425824763,99539,403,99533,514,99739,100,99438,100,100287,100,99371,100,100289,90,99245,100,100394,100,99114,100,100486,100,99006,100,100827,100,98908,100,,,,,,,,,,,,
2019-06-28 12:06:10.000000000,99739,307,99533,307,100287,307,99438,307,100289,90,99371,100,100394,100,99245,100,100486,100,99114,100,100827,100,99006,100,,,98908,100,,,,,,,,,,,,
2019-06-28 12:06:20.000000000,99739,241,99533,241,100287,237,99438,237,100289,227,99371,237,100394,100,99245,100,100486,100,99114,100,100827,100,99006,100,,,98908,100,,,,,,,,,,,,
2019-06-28 12:06:24.229176215,99565,100,99533,241,99739,141,99438,237,100287,237,99371,237,100289,227,99245,100,100394,100,99114,100,100486,100,99006,100,100827,100,98908,100,,,,,,,,,,,,
2019-06-28 12:06:30.000000000,99565,307,99533,307,100287,307,99438,307,100289,90,99371,100,100394,100,99245,100,100486,100,99114,100,100827,100,99006,100,,,98908,100,,,,,,,,,,,,
2019-06-28 12:06:35.622593224,99565,307,99533,107,100287,307,99438,307,100289,90,99371,100,100394,100,99245,100,100486,100,99114,100,100827,100,99006,100,,,98908,100,,,,,,,,,,,,
2019-06-28 12:06:40.000000000,99565,183,99438,183,100287,183,99371,183,100289,173,99245,183,100394,183,99114,183,100486,183,99006,183,100827,100,98908,100,,,,,,,,,,,,,,,,
2019-06-28 12:06:50.000000000,99565,183,99438,183,100287,183,99371,183,100289,173,99245,183,100394,183,99114,183,100486,183,99006,183,100827,100,98908,100,,,,,,,,,,,,,,,,
2019-06-28 12:07:00.000000000,99565,196,99438,307,100287,307,99371,307,100289,90,99245,100,100394,100,99114,100,100486,100,99006,100,100827,100,98908,100,,,,,,,,,,,,,,,,
2019-06-28 12:07:00.866309425,99565,296,99438,307,100287,307,99371,307,100289,90,99245,100,100394,100,99114,100,100486,100,99006,100,100827,100,98908,100,,,,,,,,,,,,,,,,
2019-06-28 12:07:10.000000000,99565,307,99438,307,100287,307,99371,307,100289,90,99245,100,100394,100,99114,100,100486,100,99006,100,100827,100,98908,100,,,,,,,,,,,,,,,,
2019-06-28 12:07:20.000000000,99565,241,99438,241,100287,237,99371,237,100289,227,99245,237,100394,100,99114,100,100486,100,99006,100,100827,100,98908,100,,,,,,,,,,,,,,,,
2019-06-28 12:07:25.640399633,99565,241,99438,241,99654,100,99371,237,100287,237,99245,237,100289,227,99114,100,100394,100,99006,100,100486,100,98908,100,100827,100,,,,,,,,,,,,,,
2019-06-28 12:07:30.000000000,99565,514,99438,514,99654,100,99371,100,100287,100,99245,100,100289,90,99114,100,100394,100,99006,100,100486,100,98908,100,100827,100,,,,,,,,,,,,,,
2019-06-28 12:07:40.000000000,99565,183,99438,183,99654,183,99371,183,100287,183,99245,183,100289,173,99114,183,100394,183,99006,183,100486,100,98908,100,100827,100,,,,,,,,,,,,,,
2019-06-28 12:07:45.063107426,99565,183,99438,83,99654,183,99371,183,100287,183,99245,183,100289,173,99114,183,100394,183,99006,183,100486,100,98908,100,100827,100,,,,,,,,,,,,,,
2019-06-28 12:07:50.000000000,99565,204,99371,204,99654,204,99245,204,100287,204,99114,204,100289,194,99006,204,100394,100,98908,100,100486,100,,,100827,100,,,,,,,,,,,,,,
2019-06-28 12:07:56.042116587,99565,204,99371,204,99654,204,99245,204,100287,204,99206,100,100289,194,99114,204,100394,100,99006,204,100827,100,98908,100,,,,,,,,,,,,,,,,
2019-06-28 12:08:00.000000000,99565,196,99371,307,99654,307,99245,307,100287,100,99206,100,100289,90,99114,100,100394,100,99006,100,100827,100,98908,100,,,,,,,,,,,,,,,,
2019-06-28 12:08:10.000000000,99654,183,99371,183,100287,183,99245,183,100289,173,99206,183,100394,183,99114,183,100827,183,99006,183,,,98908,100,,,,,,,,,,,,,,,,
2019-06-28 12:08:20.000000000,99654,514,99371,514,100287,100,99245,100,100289,90,99206,100,100394,100,99114,100,100827,100,99006,100,,,98908,100,,,,,,,,,,,,,,,,
2019-06-28 12:08:20.008859874,99654,514,99371,414,100287,100,99245,100,100289,90,99206,100,100394,100,99114,100,100827,100,99006,100,,,98908,100,,,,,,,,,,,,,,,,
2019-06-28 12:08:30.000000000,99654,183,99245,183,100287,183,99206,183,100289,173,99114,183,100394,183,99006,183,100827,183,98908,183,,,,,,,,,,,,,,,,,,,,
2019-06-28 12:08:40.000000000,99654,307,99245,307,100287,307,99206,307,100289,90,99114,100,100394,100,99006,100,100827,100,98908,100,,,,,,,,,,,,,,,,,,,,
2019-06-28 12:08:50.000000000,99654,307,99245,307,100287,307,99206,307,100289,90,99114,100,100394,100,99006,100,100827,100,98908,100,,,,,,,,,,,,,,,,,,,,
2019-06-28 12:08:55.468420186,99654,307,99245,207,100287,307,99206,307,100289,90,99114,100,100394,100,99006,100,100827,100,98908,100,,,,,,,,,,,,,,,,,,,,
2019-06-28 12:09:00.000000000,99654,403,99206,514,100287,100,99114,100,100289,90,99006,100,100394,100,98908,100,100827,100,,,,,,,,,,,,,,,,,,,,,,
2019-06-28 12:09:10.000000000,100287,183,99206,183,100289,173,99114,183,100394,183,99006,183,100827,183,98908,183,100828,83,98907,83,,,,,,,,,,,,,,,,,,,,
2019-06-28 12:09:20.000000000,100287,514,99206,514,100289,90,99114,100,100394,100,99006,100,100827,100,98908,100,,,,,,,,,,,,,,,,,,,,,,,,
2019-06-28 12:09:27.418579084,99443,100,99206,514,100287,514,99114,100,100289,90,99006,100,100394,100,98908,100,100827,100,,,,,,,,,,,,,,,,,,,,,,
2019-06-28 12:09:30.000000000,99443,307,99206,307,100287,307,99114,307,100289,90,99006,100,100394,100,98908,100,100827,100,,,,,,,,,,,,,,,,,,,,,,
2019-06-28 12:09:31.891571922,99443,307,99206,307,99631,100,99114,307,100287,307,99006,100,100289,90,98908,100,100394,100,,,100827,100,,,,,,,,,,,,,,,,,,
2019-06-28 12:09:34.807139008,99443,307,99206,307,99631,100,99114,307,99687,100,99006,100,100287,307,98908,100,100289,90,,,100394,100,,,100827,100,,,,,,,,,,,,,,
2019-06-28 12:09:40.000000000,99443,183,99206,183,99631,183,99114,183,99687,183,99006,183,100287,183,98908,183,100289,173,98907,83,100394,100,,,100827,100,,,,,,,,,,,,,,
2019-06-28 12:09:50.000000000,99443,204,99206,204,99631,204,99114,204,99687,204,99006,204,100287,204,98908,204,100289,90,,,100394,100,,,100827,100,,,,,,,,,,,,,,
2019-06-28 12:09:54.135386449,99443,204,99206,104,99631,204,99114,204,99687,204,99006,204,100287,204,98908,204,100289,90,,,100394,100,,,,,,,,,,,,,,,,,,
2019-06-28 12:10:00.000000000,99443,196,99114,307,99631,307,99006,307,99687,100,98908,100,100287,100,,,100289,90,,,100394,100,,,,,,,,,,,,,,,,,,
2019-06-28 12:10:10.000000000,99631,183,99114,183,99687,183,99006,183,100287,183,98908,183,100289,173,98907,83,100394,183,,,,,,,,,,,,,,,,,,,,,,
2019-06-28 12:10:20.000000000,99631,307,99114,307,99687,307,99006,307,100287,100,98908,100,100289,90,,,100394,100,,,,,,,,,,,,,,,,,,,,,,
2019-06-28 12:10:30.000000000,99631,183,99114,183,99687,183,99006,183,100287,183,98908,183,100289,173,98907,83,100394,183,,,,,,,,,,,,,,,,,,,,,,
2019-06-28 12:10:40.000000000,99631,183,99114,183,99687,183,99006,183,100287,183,98908,183,100289,173,98907,83,100394,183,,,,,,,,,,,,,,,,,,,,,,
2019-06-28 12:10:47.810055836,99631,183,99165,100,99687,183,99114,183,100287,183,99006,183,100289,173,98908,183,100394,183,98907,83,,,,,,,,,,,,,,,,,,,,
2019-06-28 12:10:50.000000000,99631,241,99165,241,99687,237,99114,237,100287,237,99006,237,100289,90,98908,100,100394,100,,,,,,,,,,,,,,,,,,,,,,
2019-06-28 12:11:00.000000000,99631,130,99165,241,99687,237,99114,237,100287,237,99006,237,100289,90,98908,100,100394,100,,,,,,,,,,,,,,,,,,,,,,
2019-06-28 12:11:10.000000000,99687,183,99165,183,100287,183,99114,183,100289,173,99006,183,100394,183,98908,183,100395,83,98907,83,,,,,,,,,,,,,,,,,,,,
2019-06-28 12:11:20.000000000,99687,204,99165,204,100287,204,99114,204,100289,194,99006,204,100394,204,98908,204,,,,,,,,,,,,,,,,,,,,,,,,
2019-06-28 12:11:24.471432544,99631,100,99165,204,99687,204,99114,204,100287,204,99006,204,100289,194,98908,204,100394,204,,,,,,,,,,,,,,,,,,,,,,
2019-06-28 12:11:24.736065541,99631,100,99165,204,99687,204,99114,204,99758,100,99006,204,100287,204,98908,204,100289,194,,,100394,204,,,,,,,,,,,,,,,,,,
2019-06-28 12:11:25.173643373,99631,100,99415,100,99687,204,99165,204,99758,100,99114,104,100287,204,99006,204,100289,194,98908,204,100394,204,,,,,,,,,,,,,,,,,,
2019-06-28 12:11:30.000000000,99631,514,99415,514,99687,100,99165,100,99758,100,99006,100,100287,100,98908,100,100289,90,,,100394,100,,,,,,,,,,,,,,,,,,
2019-06-28 12:11:40.000000000,99631,204,99415,204,99687,204,99165,204,99758,204,99006,204,100287,204,98908,204,100289,90,,,100394,100,,,,,,,,,,,,,,,,,,
2019-06-28 12:11:50.000000000,99631,307,99415,307,99687,307,99165,307,99758,100,99006,100,100287,100,98908,100,100289,90,,,100394,100,,,,,,,,,,,,,,,,,,
2019-06-28 12:11:53.348842535,99493,100,99415,307,99631,307,99165,307,99687,307,99006,100,99758,100,98908,100,100287,100,,,100289,90,,,100394,100,,,,,,,,,,,,,,
2019-06-28 12:12:00.000000000,99493,403,99415,514,99631,100,99165,100,99687,100,99006,100,99758,100,98908,100,100287,100,,,100289,90,,,100394,100,,,,,,,,,,,,,,
2019-06-28 12:12:10.000000000,99631,307,99415,307,99687,307,99165,307,99758,100,99006,100,100287,100,98908,100,100289,90,,,100394,100,,,,,,,,,,,,,,,,,,
2019-06-28 12:12:20.000000000,99631,241,99415,241,99687,237,99165,237,99758,237,99006,237,100287,100,98908,100,100289,90,,,100394,100,,,,,,,,,,,,,,,,,,
2019-06-28 12:12:20.340611648,99631,241,99493,100,99687,237,99415,241,99758,237,99165,237,100287,100,99006,237,100289,90,98908,100,100394,100,,,,,,,,,,,,,,,,,,
2019-06-28 12:12:30.000000000,99631,241,99493,241,99687,237,99415,237,99758,237,99165,237,100287,100,99006,100,100289,90,98908,100,100394,100,,,,,,,,,,,,,,,,,,
2019-06-28 12:12:40.000000000,99631,204,99493,204,99687,204,99415,204,99758,204,99165,204,100287,204,99006,204,100289,90,98908,100,100394,100,,,,,,,,,,,,,,,,,,
2019-06-28 12:12:44.117443586,99631,204,99493,304,99687,204,99415,204,99758,204,99165,204,100287,204,99006,204,100289,90,98908,100,100394,100,,,,,,,,,,,,,,,,,,
2019-06-28 12:12:45.330415807,99631,204,99581,100,99687,204,99493,304,99758,204,99415,204,100287,204,99165,204,100289,90,99006,204,100394,100,98908,100,,,,,,,,,,,,,,,,
2019-06-28 12:12:45.353080457,99631,204,99581,100,99687,204,99493,304,99758,204,99415,204,100287,204,99302,100,100289,90,99165,204,100394,100,99006,204,,,98908,100,,,,,,,,,,,,
2019-06-28 12:12:50.000000000,99631,183,99581,183,99687,183,99493,283,99758,183,99415,183,100287,183,99302,183,100289,173,99165,183,100394,100,99006,100,,,98908,100,,,,,,,,,,,,
2019-06-28 12:13:00.000000000,99631,203,99581,94,99687,204,99493,304,99758,204,99415,204,100287,204,99302,204,100289,90,99165,100,100394,100,99006,100,,,98908,100,,,,,,,,,,,,
2019-06-28 12:13:10.000000000,99631,203,99493,304,99687,204,99415,204,99758,204,99302,204,100287,204,99165,204,100289,90,99006,100,100394,100,98908,100,,,,,,,,,,,,,,,,
2019-06-28 12:13:20.000000000,99631,513,99493,614,99687,100,99415,100,99758,100,99302,100,100287,100,99165,100,100289,90,99006,100,100394,100,98908,100,,,,,,,,,,,,,,,,
2019-06-28 12:13:21.125552064,99586,100,99493,614,99631,513,99302,100,99687,100,99165,100,99758,100,99006,100,100287,100,98908,100,100289,90,,,100394,100,,,,,,,,,,,,,,
2019-06-28 12:13:27.701669922,99586,100,99493,614,99631,513,99302,100,99687,100,99165,100,99758,100,99006,100,99874,100,98908,100,100287,100,,,100289,90,,,100394,100,,,,,,,,,,
2019-06-28 12:13:28.786341242,99586,100,99493,614,99631,513,99302,100,99683,100,99165,100,99687,100,99006,100,99758,100,98908,100,99874,100,,,100287,100,,,100289,90,,,100394,100,,,,,,
2019-06-28 12:13:30.000000000,99586,514,99493,614,99631,99,99302,100,99683,100,99165,100,99687,100,99006,100,99758,100,98908,100,99874,100,,,100287,100,,,100289,90,,,100394,100,,,,,,
2019-06-28 12:13:40.000000000,99586,183,99493,283,99631,182,99302,183,99683,183,99165,183,99687,183,99006,183,99758,183,98908,183,99874,100,,,100287,100,,,100289,90,,,100394,100,,,,,,
2019-06-28 12:13:44.737969178,99586,183,99581,100,99631,182,99493,283,99683,183,99302,183,99687,183,99165,183,99758,183,99006,183,99874,100,98908,183,100287,100,,,100289,90,,,100394,100,,,,,,
2019-06-28 12:13:50.000000000,99586,307,99581,307,99631,306,99493,407,99683,100,99302,100,99687,100,99165,100,99758,100,99006,100,99874,100,98908,100,100287,100,,,100289,90,,,100394,100,,,,,,
2019-06-28 12:14:00.000000000,99586,182,99581,73,99631,182,99493,283,99683,183,99302,183,99687,183,99165,183,99758,183,99006,183,99874,100,98908,100,100287,100,,,100289,90,,,100394,100,,,,,,
2019-06-28 12:14:10.000000000,99586,513,99493,614,99631,99,99302,100,99683,100,99165,100,99687,100,99006,100,99758,100,98908,100,99874,100,,,100287,100,,,100289,90,,,100394,100,,,,,,
2019-06-28 12:14:20.000000000,99586,306,99493,407,99631,306,99302,307,99683,100,99165,100,99687,100,99006,100,99758,100,98908,100,99874,100,,,100287,100,,,100289,90,,,100394,100,,,,,,
2019-06-28 12:14:30.000000000,99586,203,99493,304,99631,203,99302,204,99683,204,99165,204,99687,204,99006,204,99758,100,98908,100,99874,100,,,100287,100,,,100289,90,,,100394,100,,,,,,
2019-06-28 12:14:40.000000000,99586,513,99493,614,99631,99,99302,100,99683,100,99165,100,99687,100,99006,100,99758,100,98908,100,99874,100,,,100287,100,,,100289,90,,,100394,100,,,,,,
2019-06-28 12:14:43.866132394,99586,513,99581,100,99631,99,99493,614,99683,100,99302,100,99687,100,99165,100,99758,100,99006,100,99874,100,98908,100,100287,100,,,100289,90,,,100394,100,,,,,,
2019-06-28 12:14:45.928325536,99586,513,99581,100,99631,99,99493,614,99683,100,99302,100,99687,100,99165,100,99758,100,99006,100,99848,100,98908,100,99874,100,,,100287,100,,,100289,90,,,100394,100,,
2019-06-28 12:14:50.000000000,99586,240,99581,241,99631,236,99493,337,99683,237,99302,237,99687,100,99165,100,99758,100,99006,100,99848,100,98908,100,99874,100,,,100287,100,,,100289,90,,,100394,100,,
2019-06-28 12:15:00.000000000,99586,239,99581,131,99631,236,99493,337,99683,237,99302,237,99687,100,99165,100,99758,100,99006,100,99848,100,98908,100,99874,100,,,100287,100,,,100289,90,,,100394,100,,
2019-06-28 12:15:01.214493724,99586,139,99581,131,99631,236,99493,337,99683,237,99302,237,99687,100,99165,100,99758,100,99006,100,99848,100,98908,100,99874,100,,,100287,100,,,100289,90,,,100394,100,,
2019-06-28 12:15:10.000000000,99631,182,99493,283,99683,183,99302,183,99687,183,99165,183,99758,183,99006,183,99848,183,98908,183,99874,100,,,100287,100,,,100289,90,,,100394,100,,,,,,
2019-06-28 12:15:20.000000000,99631,513,99493,614,99683,100,99302,100,99687,100,99165,100,99758,100,99006,100,99848,100,98908,100,99874,100,,,100287,100,,,100289,90,,,100394,100,,,,,,
2019-06-28 12:15:21.305178391,99631,413,99493,614,99683,100,99302,100,99687,100,99165,100,99758,100,99006,100,99848,100,98908,100,100287,100,,,100289,90,,,100394,100,,,,,,,,,,
2019-06-28 12:15:30.000000000,99683,204,99493,304,99687,204,99302,204,99758,204,99165,204,99848,204,99006,204,100287,100,98908,100,100289,90,,,100394,100,,,,,,,,,,,,,,
2019-06-28 12:15:40.000000000,99683,204,99493,304,99687,204,99302,204,99758,204,99165,204,99848,204,99006,204,100287,100,98908,100,100289,90,,,100394,100,,,,,,,,,,,,,,
2019-06-28 12:15:50.000000000,99683,183,99493,283,99687,183,99302,183,99758,183,99165,183,99848,183,99006,183,100287,183,98908,183,100289,90,,,100394,100,,,,,,,,,,,,,,
2019-06-28 12:15:56.221290432,99683,183,99493,283,99687,183,99302,183,99758,183,99165,183,99848,183,99006,183,100197,100,98908,183,100287,183,,,100289,90,,,100394,100,,,,,,,,,,
2019-06-28 12:16:00.000000000,99683,182,99493,173,99687,183,99302,183,99758,183,99165,183,99848,183,99006,183,100197,183,98908,183,100287,100,,,100289,90,,,100394,100,,,,,,,,,,
2019-06-28 12:16:10.000000000,99683,306,99493,297,99687,307,99302,307,99758,100,99165,100,99848,100,99006,100,100197,100,98908,100,100287,100,,,100289,90,,,100394,100,,,,,,,,,,
2019-06-28 12:16:20.000000000,99683,240,99493,231,99687,237,99302,237,99758,237,99165,237,99848,100,99006,100,100197,100,98908,100,100287,100,,,100289,90,,,100394,100,,,,,,,,,,
2019-06-28 12:16:30.000000000,99683,182,99493,173,99687,183,99302,183,99758,183,99165,183,99848,183,99006,183,100197,183,98908,183,100287,100,,,100289,90,,,100394,100,,,,,,,,,,
2019-06-28 12:16:31.738951792,99683,82,99493,173,99687,183,99302,183,99758,183,99165,183,99848,183,99006,183,100197,183,98908,183,100287,100,,,100289,90,,,100394,100,,,,,,,,,,
2019-06-28 12:16:40.000000000,99687,204,99493,194,99758,204,99302,204,99848,204,99165,204,100197,204,99006,204,100287,100,98908,100,100289,90,,,100394,100,,,,,,,,,,,,,,
2019-06-28 12:16:50.000000000,99687,183,99493,173,99758,183,99302,183,99848,183,99165,183,100197,183,99006,183,100287,183,98908,183,100289,90,,,100394,100,,,,,,,,,,,,,,
2019-06-28 12:16:56.402379749,99687,183,99493,173,99758,183,99302,183,99848,183,99165,183,100197,183,99006,183,100287,183,98908,183,100289,90,,,100369,100,,,100394,100,,,,,,,,,,
2019-06-28 12:17:00.000000000,99687,182,99493,63,99758,183,99302,183,99848,183,99165,183,100197,183,99006,183,100287,183,98908,183,100289,90,,,100369,100,,,100394,100,,,,,,,,,,
2019-06-28 12:17:02.953011869,99687,82,99493,63,99758,183,99302,183,99848,183,99165,183,100197,183,99006,183,100287,183,98908,183,100289,90,,,100369,100,,,100394,100,,,,,,,,,,
2019-06-28 12:17:10.000000000,99758,183,99302,183,99848,183,99165,183,100197,183,99006,183,100287,183,98908,183,100289,173,98907,83,100369,100,,,100394,100,,,,,,,,,,,,,,
2019-06-28 12:17:15.725442739,99758,83,99302,183,99848,183,99165,83,100197,183,99006,183,100287,183,98908,183,100289,173,98907,83,100369,100,,,100394,100,,,,,,,,,,,,,,
2019-06-28 12:17:20.000000000,99848,183,99302,183,100197,183,99006,183,100287,183,98908,183,100289,173,98907,83,100369,183,,,100394,100,,,,,,,,,,,,,,,,,,
2019-06-28 12:17:21.665948316,99848,183,99302,183,100197,183,99006,183,100287,183,98908,183,100289,173,98907,83,100369,183,,,100394,100,,,100772,100,,,,,,,,,,,,,,
2019-06-28 12:17:29.524540382,99848,83,99302,183,100197,183,99006,183,100287,183,98908,183,100289,173,98907,83,100369,83,,,100394,100,,,100772,100,,,,,,,,,,,,,,
2019-06-28 12:17:30.000000000,100197,514,99302,514,100287,100,99006,100,100289,90,98908,100,100394,100,,,100772,100,,,,,,,,,,,,,,,,,,,,,,
2019-06-28 12:17:40.000000000,100197,307,99302,307,100287,307,99006,307,100289,90,98908,100,100394,100,,,100772,100,,,,,,,,,,,,,,,,,,,,,,
2019-06-28 12:17:43.544171619,100197,207,99302,307,100287,307,99006,307,100289,90,98908,100,100394,100,,,100772,100,,,,,,,,,,,,,,,,,,,,,,
2019-06-28 12:17:50.000000000,100287,204,99302,204,100289,194,99006,204,100394,204,98908,204,100772,204,98907,104,,,,,,,,,,,,,,,,,,,,,,,,
2019-06-28 12:18:00.000000000,100287,306,99302,197,100289,297,99006,307,100394,100,98908,100,100772,100,,,,,,,,,,,,,,,,,,,,,,,,,,
2019-06-28 12:18:10.000000000,100287,513,99006,514,100289,90,98908,100,100394,100,,,100772,100,,,,,,,,,,,,,,,,,,,,,,,,,,
2019-06-28 12:18:20.000000000,100287,513,99006,514,100289,90,98908,100,100394,100,,,100772,100,,,,,,,,,,,,,,,,,,,,,,,,,,
2019-06-28 12:18:30.000000000,100287,306,99006,307,100289,297,98908,307,100394,100,,,100772,100,,,,,,,,,,,,,,,,,,,,,,,,,,
2019-06-28 12:18:34.605775136,100287,406,99006,307,100289,297,98908,307,100394,100,,,100772,100,,,,,,,,,,,,,,,,,,,,,,,,,,
2019-06-28 12:18:40.000000000,100287,340,99006,241,100289,227,98908,237,100394,237,98907,137,100772,100,,,,,,,,,,,,,,,,,,,,,,,,,,
2019-06-28 12:18:50.000000000,100287,282,99006,183,100289,173,98908,183,100394,183,98907,83,100772,183,,,100773,83,,,,,,,,,,,,,,,,,,,,,,
2019-06-28 12:19:00.000000000,100287,302,99006,94,100289,194,98908,204,100394,204,98907,104,100772,204,,,,,,,,,,,,,,,,,,,,,,,,,,
2019-06-28 12:19:10.000000000,100287,405,98908,307,100289,297,98907,207,100394,100,,,100772,100,,,,,,,,,,,,,,,,,,,,,,,,,,
2019-06-28 12:19:15.941950891,100287,505,98908,307,100289,297,98907,207,100394,100,,,100772,100,,,,,,,,,,,,,,,,,,,,,,,,,,
2019-06-28 12:19:20.000000000,100287,439,98908,241,100289,227,98907,137,100394,237,,,100772,100,,,,,,,,,,,,,,,,,,,,,,,,,,
2019-06-28 12:19:30.000000000,100287,505,98908,307,100289,297,98907,207,100394,100,,,100772,100,,,,,,,,,,,,,,,,,,,,,,,,,,
2019-06-28 12:19:40.000000000,100287,402,98908,204,100289,194,98907,104,100394,204,,,100772,204,,,,,,,,,,,,,,,,,,,,,,,,,,
2019-06-28 12:19:43.082424686,100287,402,99006,100,100289,194,98908,204,100394,204,98907,104,100772,204,,,,,,,,,,,,,,,,,,,,,,,,,,
2019-06-28 12:19:50.000000000,100287,505,99006,307,100289,297,98908,307,100394,100,,,100772,100,,,,,,,,,,,,,,,,,,,,,,,,,,
2019-06-28 12:20:00.000000000,100287,438,99006,131,100289,227,98908,237,100394,237,98907,137,100772,100,,,,,,,,,,,,,,,,,,,,,,,,,,
2019-06-28 12:20:00.756051686,99594,100,99006,131,100287,438,98908,237,100289,227,98907,137,100394,237,,,100772,100,,,,,,,,,,,,,,,,,,,,,,
2019-06-28 12:20:10.000000000,99594,514,98908,514,100287,297,,,100289,90,,,100394,100,,,100772,100,,,,,,,,,,,,,,,,,,,,,,
2019-06-28 12:20:10.446338992,99594,514,98908,514,99677,100,,,100287,297,,,100289,90,,,100394,100,,,100772,100,,,,,,,,,,,,,,,,,,
2019-06-28 12:20:16.003253603,99594,514,99339,100,99677,100,98908,514,100287,297,,,100289,90,,,100394,100,,,100772,100,,,,,,,,,,,,,,,,,,
2019-06-28 12:20:20.000000000,99594,307,99339,307,99677,307,98908,307,100287,297,,,100289,90,,,100394,100,,,100772,100,,,,,,,,,,,,,,,,,,
2019-06-28 12:20:29.296376781,99594,307,99339,307,99677,307,98908,307,100287,300,,,100289,90,,,100394,100,,,100772,100,,,,,,,,,,,,,,,,,,
2019-06-28 12:20:30.000000000,99594,183,99339,183,99677,183,98908,183,100287,383,98907,83,100289,173,,,100394,183,,,100772,100,,,,,,,,,,,,,,,,,,
2019-06-28 12:20:40.000000000,99594,514,99339,514,99677,100,98908,100,100287,300,,,100289,90,,,100394,100,,,100772,100,,,,,,,,,,,,,,,,,,
2019-06-28 12:20:49.475224448,99594,514,99339,514,99677,100,99006,100,100287,300,98908,100,100289,90,,,100394,100,,,100772,100,,,,,,,,,,,,,,,,,,
2019-06-28 12:20:50.000000000,99594,241,99339,241,99677,237,99006,237,100287,437,98908,237,100289,90,,,100394,100,,,100772,100,,,,,,,,,,,,,,,,,,
2019-06-28 12:20:57.274954160,99495,100,99339,241,99594,241,99006,237,99677,237,98908,237,100287,437,,,100289,90,,,100394,100,,,100772,100,,,,,,,,,,,,,,
2019-06-28 12:21:00.000000000,99495,306,99339,197,99594,307,99006,307,99677,100,98908,100,100287,300,,,100289,90,,,100394,100,,,100772,100,,,,,,,,,,,,,,
2019-06-28 12:21:10.000000000,99495,182,99006,183,99594,183,98908,183,99677,183,98907,83,100287,383,,,100289,173,,,100394,100,,,100772,100,,,,,,,,,,,,,,
2019-06-28 12:21:12.528042252,99495,182,99236,100,99594,183,99006,183,99677,183,98908,183,100287,383,98907,83,100289,173,,,100394,100,,,100772,100,,,,,,,,,,,,,,
2019-06-28 12:21:20.000000000,99495,182,99236,183,99594,183,99006,183,99677,183,98908,183,100287,383,98907,83,100289,173,,,100394,100,,,100772,100,,,,,,,,,,,,,,
2019-06-28 12:21:30.000000000,99495,513,99236,514,99594,100,99006,100,99677,100,98908,100,100287,300,,,100289,90,,,100394,100,,,100772,100,,,,,,,,,,,,,,
2019-06-28 12:21:39.873503634,99495,513,99236,414,99594,100,99006,100,99677,100,98908,100,100287,300,,,100289,90,,,100394,100,,,100772,100,,,,,,,,,,,,,,
2019-06-28 12:21:40.000000000,99495,203,99006,204,99594,204,98908,204,99677,204,98907,104,100287,404,,,100289,90,,,100394,100,,,100772,100,,,,,,,,,,,,,,
2019-06-28 12:21:44.473122802,99495,203,99006,204,99594,204,98908,204,99677,204,98907,104,100287,404,,,100394,100,,,100772,100,,,,,,,,,,,,,,,,,,
2019-06-28 12:21:45.133113544,99495,203,99006,204,99594,204,98943,100,99677,204,98908,204,100287,404,98907,104,100394,100,,,100772,100,,,,,,,,,,,,,,,,,,
2019-06-28 12:21:45.143136995,99187,100,99006,204,99495,203,98943,100,99594,204,98908,204,99677,204,98907,104,100287,404,,,100394,100,,,100772,100,,,,,,,,,,,,,,
2019-06-28 12:21:48.502432035,99187,100,99006,204,99495,203,98943,100,99594,204,98908,204,99677,204,98907,104,100287,404,98747,100,100394,100,,,100772,100,,,,,,,,,,,,,,
2019-06-28 12:21:50.000000000,99187,183,99006,183,99495,182,98943,183,99594,183,98908,183,99677,183,98747,183,100287,383,98746,83,100394,100,,,100772,100,,,,,,,,,,,,,,
2019-06-28 12:21:54.662949355,99187,183,99006,183,99495,182,98943,183,99594,183,98909,100,99677,183,98908,183,100287,383,98747,183,100394,100,98746,83,100772,100,,,,,,,,,,,,,,
2019-06-28 12:21:59.555065713,99187,183,99006,183,99495,182,98943,183,99594,183,98908,183,99677,183,98760,100,100287,383,98747,183,100394,100,98746,83,100772,100,,,,,,,,,,,,,,
2019-06-28 12:22:00.000000000,99187,240,99006,131,99495,236,98943,237,99594,237,98908,237,99677,100,98760,100,100287,300,98747,100,100394,100,,,100772,100,,,,,,,,,,,,,,
2019-06-28 12:22:07.936872620,99187,340,99006,131,99495,236,98943,237,99594,237,98908,237,99677,100,98760,100,100287,300,98747,100,100394,100,,,100772,100,,,,,,,,,,,,,,
2019-06-28 12:22:10.000000000,99187,282,98943,183,99495,182,98908,183,99594,183,98760,183,99677,183,98747,183,100287,383,98746,83,100394,100,,,100772,100,,,,,,,,,,,,,,
2019-06-28 12:22:12.669365362,99187,282,98943,183,99495,182,98908,183,99594,183,98847,100,99677,183,98760,183,100287,383,98747,183,100394,100,98746,83,100772,100,,,,,,,,,,,,,,
2019-06-28 12:22:16.794229912,99187,282,98943,183,99495,182,98912,100,99594,183,98908,183,99677,183,98847,100,100287,383,98760,183,100394,100,98747,183,100772,100,98746,83,,,,,,,,,,,,
2019-06-28 12:22:20.000000000,99187,406,98943,307,99495,306,98912,307,99594,100,98908,100,99677,100,98847,100,100287,300,98760,100,100394,100,98747,100,100772,100,,,,,,,,,,,,,,
2019-06-28 12:22:26.333049804,99187,406,99006,100,99495,306,98943,307,99594,100,98912,307,99677,100,98908,100,100287,300,98847,100,100394,100,98760,100,100772,100,98747,100,,,,,,,,,,,,
2019-06-28 12:22:30.000000000,99187,613,99006,514,99495,99,98943,100,99594,100,98912,100,99677,100,98908,100,100287,300,98847,100,100394,100,98760,100,100772,100,98747,100,,,,,,,,,,,,
2019-06-28 12:22:33.174923874,99187,613,99006,514,99283,100,98943,100,99594,100,98912,100,99677,100,98908,100,100287,300,98847,100,100394,100,98760,100,100772,100,98747,100,,,,,,,,,,,,
2019-06-28 12:22:34.154898893,99187,513,99006,514,99283,100,98943,100,99594,100,98912,100,99677,100,98908,100,100287,300,98847,100,100394,100,98760,100,100772,100,98747,100,,,,,,,,,,,,
2019-06-28 12:22:35.344152796,99186,100,99006,514,99187,513,98943,100,99283,100,98912,100,99594,100,98908,100,99677,100,98847,100,100287,300,98760,100,100394,100,98747,100,100772,100,,,,,,,,,,
2019-06-28 12:22:39.942016362,99187,513,99006,514,99283,100,98943,100,99594,100,98912,100,99677,100,98908,100,100287,300,98847,100,100394,100,98760,100,100772,100,98747,100,,,,,,,,,,,,
2019-06-28 12:22:40.000000000,99187,203,99006,204,99283,204,98943,204,99594,204,98912,204,99677,204,98908,204,100287,300,98847,100,100394,100,98760,100,100772,100,98747,100,,,,,,,,,,,,
2019-06-28 12:22:48.460608661,99187,203,99070,100,99283,204,99006,204,99594,204,98943,204,99677,204,98912,204,100287,300,98908,204,100394,100,98847,100,100772,100,98760,100,,,98747,100,,,,,,,,
2019-06-28 12:22:50.000000000,99187,182,99070,183,99283,183,99006,183,99594,183,98943,183,99677,183,98912,183,100287,383,98908,183,100394,100,98847,100,100772,100,98760,100,,,98747,100,,,,,,,,
2019-06-28 12:22:55.703391446,99131,100,99070,183,99187,182,99006,183,99283,183,98943,183,99594,183,98912,183,99677,183,98908,183,100287,383,98847,100,100394,100,98760,100,100772,100,98747,100,,,,,,,,
2019-06-28 12:23:00.000000000,99131,240,99070,131,99187,236,99006,237,99283,237,98943,237,99594,100,98912,100,99677,100,98908,100,100287,300,98847,100,100394,100,98760,100,100772,100,98747,100,,,,,,,,
2019-06-28 12:23:04.010638634,99131,240,99070,131,99187,236,99006,137,99283,237,98943,237,99594,100,98912,100,99677,100,98908,100,100287,300,98847,100,100394,100,98760,100,100772,100,98747,100,,,,,,,,
2019-06-28 12:23:09.669834521,99131,340,99070,131,99187,236,99006,137,99283,237,98943,237,99594,100,98912,100,99677,100,98908,100,100287,300,98847,100,100394,100,98760,100,100772,100,98747,100,,,,,,,,
2019-06-28 12:23:10.000000000,99131,340,98943,241,99187,236,98912,237,99283,237,98908,237,99594,100,98847,100,99677,100,98760,100,100287,300,98747,100,100394,100,,,100772,100,,,,,,,,,,
2019-06-28 12:23:10.218068635,99131,340,98943,241,99158,100,98912,237,99187,236,98908,237,99283,237,98847,100,99594,100,98760,100,99677,100,98747,100,100287,300,,,100394,100,,,100772,100,,,,,,
2019-06-28 12:23:20.000000000,99131,406,98943,307,99158,307,98912,307,99187,99,98908,100,99283,100,98847,100,99594,100,98760,100,99677,100,98747,100,100287,300,,,100394,100,,,100772,100,,,,,,
2019-06-28 12:23:27.093339986,99131,406,98943,307,99158,307,98912,307,99187,99,98908,100,99255,100,98847,100,99283,100,98760,100,99594,100,98747,100,99677,100,,,100287,300,,,100394,100,,,100772,100,,
2019-06-28 12:23:30.000000000,99131,303,98943,204,99158,204,98912,204,99187,203,98908,204,99255,204,98847,204,99283,100,98760,100,99594,100,98747,100,99677,100,,,100287,300,,,100394,100,,,100772,100,,
2019-06-28 12:23:30.445816589,99131,403,98943,204,99158,204,98912,204,99187,203,98908,204,99255,204,98847,204,99283,100,98760,100,99594,100,98747,100,99677,100,,,100287,300,,,100394,100,,,100772,100,,
2019-06-28 12:23:31.524418251,99131,403,98943,204,99158,204,98912,204,99187,104,98908,204,99255,204,98847,204,99283,100,98760,100,99594,100,98747,100,99677,100,,,100287,300,,,100394,100,,,100772,100,,
2019-06-28 12:23:31.579137874,99131,403,98943,204,99132,100,98912,204,99158,204,98908,204,99187,104,98847,204,99255,204,98760,100,99283,100,98747,100,99594,100,,,99677,100,,,100287,300,,,100394,100,,
2019-06-28 12:23:36.078527453,99131,403,99041,100,99132,100,98943,204,99158,204,98912,204,99187,104,98908,204,99255,204,98847,204,99283,100,98760,100,99594,100,98747,100,99677,100,,,100287,300,,,100394,100,,
2019-06-28 12:23:40.000000000,99131,440,99041,241,99132,237,98943,237,99158,237,98912,237,99255,100,98908,100,99283,100,98847,100,99594,100,98760,100,99677,100,98747,100,100287,300,,,100394,100,,,100772,100,,
2019-06-28 12:23:40.190356210,99131,340,99041,241,99132,237,98943,237,99158,237,98912,237,99255,100,98908,100,99283,100,98847,100,99594,100,98760,100,99677,100,98747,100,100287,300,,,100394,100,,,100772,100,,
2019-06-28 12:23:50.000000000,99131,340,99041,241,99132,237,98943,237,99158,237,98912,237,99255,100,98908,100,99283,100,98847,100,99594,100,98760,100,99677,100,98747,100,100287,300,,,100394,100,,,100772,100,,
2019-06-28 12:23:51.251334676,99131,340,99041,241,99132,237,98943,237,99158,237,98912,237,99255,100,98908,100,99283,100,98847,100,99554,100,98760,100,99594,100,98747,100,99677,100,,,100287,300,,,100394,100,,
2019-06-28 12:23:53.237387845,99131,240,99041,241,99132,237,98943,237,99158,237,98912,237,99255,100,98908,100,99283,100,98847,100,99554,100,98760,100,99594,100,98747,100,99677,100,,,100287,300,,,100394,100,,
2019-06-28 12:24:00.000000000,99131,305,99041,197,99132,307,98943,307,99158,100,98912,100,99255,100,98908,100,99283,100,98847,100,99554,100,98760,100,99594,100,98747,100,99677,100,,,100287,300,,,100394,100,,
2019-06-28 12:24:10.000000000,99131,512,98943,514,99132,100,98912,100,99158,100,98908,100,99255,100,98847,100,99283,100,98760,100,99554,100,98747,100,99594,100,,,99677,100,,,100287,300,,,100394,100,,
2019-06-28 12:24:20.000000000,99131,512,98943,514,99132,100,98912,100,99158,100,98908,100,99255,100,98847,100,99283,100,98760,100,99554,100,98747,100,99594,100,,,99677,100,,,100287,300,,,100394,100,,
2019-06-28 12:24:30.000000000,99131,202,98943,204,99132,204,98912,204,99158,204,98908,204,99255,204,98847,204,99283,100,98760,100,99554,100,98747,100,99594,100,,,99677,100,,,100287,300,,,100394,100,,
2019-06-28 12:24:37.647886379,99131,202,98943,204,99132,204,98912,204,99158,204,98908,204,99255,204,98847,204,99283,100,98760,100,99554,100,98747,100,99594,100,,,99677,100,,,100287,200,,,100394,100,,
2019-06-28 12:24:39.714775613,99131,202,98943,204,99132,204,98912,204,99158,204,98908,204,99255,204,98847,204,99283,100,98760,100,99554,100,98747,100,99567,100,,,99594,100,,,99677,100,,,100287,200,,
2019-06-28 12:24:40.000000000,99131,181,98943,183,99132,183,98912,183,99158,183,98908,183,99255,183,98847,183,99283,183,98760,183,99554,100,98747,100,99567,100,,,99594,100,,,99677,100,,,100287,200,,
2019-06-28 12:24:50.000000000,99131,305,98943,307,99132,307,98912,307,99158,100,98908,100,99255,100,98847,100,99283,100,98760,100,99554,100,98747,100,99567,100,,,99594,100,,,99677,100,,,100287,200,,
2019-06-28 12:24:59.859780905,99131,305,98943,307,99132,307,98912,307,99158,100,98908,100,99255,100,98847,100,99283,100,98766,100,99554,100,98760,100,99567,100,98747,100,99594,100,,,99677,100,,,100287,200,,
2019-06-28 12:25:00.000000000,99131,180,98943,73,99132,183,98912,183,99158,183,98908,183,99255,183,98847,183,99283,183,98766,183,99554,100,98760,100,99567,100,98747,100,99594,100,,,99677,100,,,100287,200,,
2019-06-28 12:25:03.483825449,98943,27,98912,183,99131,180,98908,183,99132,83,98847,183,99158,183,98766,183,99255,183,98760,100,99283,183,98747,100,99554,100,,,99567,100,,,99594,100,,,99677,100,,
2019-06-28 12:25:10.000000000,98943,131,98912,204,99131,201,98908,204,99158,204,98847,204,99255,204,98766,204,99283,100,98760,100,99554,100,98747,100,99567,100,,,99594,100,,,99677,100,,,100287,200,,
2019-06-28 12:25:20.000000000,98943,234,98912,307,99131,304,98908,307,99158,100,98847,100,99255,100,98766,100,99283,100,98760,100,99554,100,98747,100,99567,100,,,99594,100,,,99677,100,,,100287,200,,
2019-06-28 12:25:30.000000000,98943,168,98912,241,99131,234,98908,237,99158,237,98847,237,99255,100,98766,100,99283,100,98760,100,99554,100,98747,100,99567,100,,,99594,100,,,99677,100,,,100287,200,,
2019-06-28 12:25:37.272332706,98939,100,98912,241,98943,168,98908,237,99131,234,98847,237,99158,237,98766,100,99255,100,98747,100,99283,100,,,99554,100,,,99567,100,,,99594,100,,,99677,100,,
2019-06-28 12:25:40.000000000,98939,514,98912,514,98943,27,98908,100,99131,97,98847,100,99158,100,98766,100,99255,100,98747,100,99283,100,,,99554,100,,,99567,100,,,99594,100,,,99677,100,,
2019-06-28 12:25:50.000000000,98939,204,98912,204,98943,131,98908,204,99131,201,98847,204,99158,204,98766,204,99255,100,98747,100,99283,100,,,99554,100,,,99567,100,,,99594,100,,,99677,100,,
2019-06-28 12:26:00.000000000,98939,306,98912,197,98943,234,98908,307,99131,97,98847,100,99158,100,98766,100,99255,100,98747,100,99283,100,,,99554,100,,,99567,100,,,99594,100,,,99677,100,,
2019-06-28 12:26:05.253819182,98939,206,98912,197,98943,234,98908,307,99131,97,98847,100,99158,100,98766,100,99255,100,98747,100,99283,100,,,99554,100,,,99567,100,,,99594,100,,,99677,100,,
2019-06-28 12:26:10.000000000,98943,234,98908,307,99131,304,98847,307,99158,100,98766,100,99255,100,98747,100,99283,100,,,99554,100,,,99567,100,,,99594,100,,,99677,100,,,100287,200,,
2019-06-28 12:26:20.000000000,98943,131,98908,204,99131,201,98847,204,99158,204,98766,204,99255,204,98747,204,99283,100,,,99554,100,,,99567,100,,,99594,100,,,99677,100,,,100287,200,,
2019-06-28 12:26:24.256286295,98943,31,98908,204,99131,201,98847,204,99158,204,98766,204,99255,204,98747,204,99283,100,,,99554,100,,,99567,100,,,99594,100,,,99677,100,,,100287,200,,
2019-06-28 12:26:25.188112359,98943,31,98939,100,99131,201,98908,204,99158,204,98847,204,99255,204,98766,204,99283,100,98747,204,99554,100,,,99567,100,,,99594,100,,,99677,100,,,100287,200,,
2019-06-28 12:26:25.224910134,99131,201,98943,69,99158,204,98939,100,99255,204,98908,204,99283,100,98847,204,99554,100,98766,204,99567,100,98747,204,99594,100,,,99677,100,,,100287,200,,,100772,100,,
2019-06-28 12:26:27.561834501,99131,101,98943,69,99158,204,98939,100,99255,204,98908,204,99283,100,98847,204,99554,100,98766,204,99567,100,98747,204,99594,100,,,99677,100,,,100287,200,,,100772,100,,
2019-06-28 12:26:30.000000000,99158,183,98943,152,99255,183,98939,183,99283,183,98908,183,99554,183,98847,183,99567,183,98766,183,99594,100,98747,100,99677,100,,,100287,200,,,100772,100,,,,,,
2019-06-28 12:26:40.000000000,99158,307,98943,276,99255,307,98939,307,99283,100,98908,100,99554,100,98847,100,99567,100,98766,100,99594,100,98747,100,99677,100,,,100287,200,,,100772,100,,,,,,
2019-06-28 12:26:50.000000000,99158,204,98943,173,99255,204,98939,204,99283,204,98908,204,99554,204,98847,204,99567,100,98766,100,99594,100,98747,100,99677,100,,,100287,200,,,100772,100,,,,,,
2019-06-28 12:26:59.246084437,99158,204,98943,173,99255,204,98939,204,99283,204,98908,204,99554,204,98847,204,99567,100,98766,100,99594,100,98747,100,99677,100,,,99846,100,,,100287,200,,,100772,100,,
2019-06-28 12:27:00.000000000,99158,203,98943,63,99255,204,98939,204,99283,204,98908,204,99554,204,98847,204,99567,100,98766,100,99594,100,98747,100,99677,100,,,99846,100,,,100287,200,,,100772,100,,
2019-06-28 12:27:10.000000000,99158,240,98939,241,99255,237,98908,237,99283,237,98847,237,99554,100,98766,100,99567,100,98747,100,99594,100,,,99677,100,,,99846,100,,,100287,200,,,100772,100,,
2019-06-28 12:27:18.036146505,99158,140,98939,241,99255,237,98908,237,99283,237,98847,237,99554,100,98766,100,99567,100,98747,100,99594,100,,,99677,100,,,99846,100,,,100287,200,,,100772,100,,
2019-06-28 12:27:19.650015313,99158,40,98939,241,99255,237,98908,237,99283,237,98847,237,99554,100,98766,100,99567,100,98747,100,99594,100,,,99677,100,,,99846,100,,,100287,200,,,100772,100,,
2019-06-28 12:27:20.000000000,99255,204,98939,204,99283,204,98908,204,99554,204,98847,204,99567,204,98766,204,99594,100,98747,100,99677,100,,,99846,100,,,100287,200,,,100772,100,,,,,,
2019-06-28 12:27:25.033547661,99255,204,98939,204,99283,204,98908,204,99554,204,98847,204,99567,204,98766,204,99594,100,98747,100,99677,100,,,99846,100,,,100287,100,,,100772,100,,,,,,
2019-06-28 12:27:30.000000000,99255,241,98939,241,99283,237,98908,237,99554,237,98847,237,99567,100,98766,100,99594,100,98747,100,99677,100,,,99846,100,,,100287,100,,,100772,100,,,,,,
2019-06-28 12:27:33.045620738,99255,141,98939,241,99283,237,98908,137,99554,237,98847,237,99567,100,98766,100,99594,100,98747,100,99677,100,,,99846,100,,,100287,100,,,100772,100,,,,,,
2019-06-28 12:27:40.000000000,99283,514,98939,514,99554,100,98847,100,99567,100,98766,100,99594,100,98747,100,99677,100,,,99846,100,,,100287,100,,,100772,100,,,,,,,,,,
2019-06-28 12:27:50.000000000,99283,307,98939,307,99554,307,98847,307,99567,100,98766,100,99594,100,98747,100,99677,100,,,99846,100,,,100287,100,,,100772,100,,,,,,,,,,
2019-06-28 12:27:51.441187505,99283,307,99281,100,99554,307,98939,307,99567,100,98847,307,99594,100,98766,100,99677,100,98747,100,99846,100,,,100287,100,,,100772,100,,,,,,,,,,
2019-06-28 12:28:00.000000000,99283,182,99281,73,99554,183,98939,183,99567,183,98847,183,99594,183,98766,183,99677,183,98747,183,99846,100,,,100287,100,,,100772,100,,,,,,,,,,
2019-06-28 12:28:10.000000000,99283,306,98939,307,99554,307,98847,307,99567,100,98766,100,99594,100,98747,100,99677,100,,,99846,100,,,100287,100,,,100772,100,,,,,,,,,,
2019-06-28 12:28:20.000000000,99283,240,98939,241,99554,237,98847,237,99567,237,98766,237,99594,100,98747,100,99677,100,,,99846,100,,,100287,100,,,100772,100,,,,,,,,,,
2019-06-28 12:28:30.000000000,99283,240,98939,241,99554,237,98847,237,99567,237,98766,237,99594,100,98747,100,99677,100,,,99846,100,,,100287,100,,,100772,100,,,,,,,,,,
2019-06-28 12:28:40.000000000,99283,306,98939,307,99554,307,98847,307,99567,100,98766,100,99594,100,98747,100,99677,100,,,99846,100,,,100287,100,,,100772,100,,,,,,,,,,
2019-06-28 12:28:50.000000000,99283,513,98939,514,99554,100,98847,100,99567,100,98766,100,99594,100,98747,100,99677,100,,,99846,100,,,100287,100,,,100772,100,,,,,,,,,,
2019-06-28 12:29:00.000000000,99283,202,98939,94,99554,204,98847,204,99567,204,98766,204,99594,204,98747,204,99677,100,,,99846,100,,,100287,100,,,100772,100,,,,,,,,,,
2019-06-28 12:29:00.835978618,99283,102,98939,94,99554,204,98847,204,99567,204,98766,204,99594,204,98747,204,99677,100,,,99846,100,,,100287,100,,,,,,,,,,,,,,
2019-06-28 12:29:10.000000000,99554,514,98847,514,99567,100,98766,100,99594,100,98747,100,99677,100,,,99846,100,,,100287,100,,,,,,,,,,,,,,,,,,
2019-06-28 12:29:20.000000000,99554,183,98847,183,99567,183,98766,183,99594,183,98747,183,99677,183,98746,83,99846,183,,,100287,100,,,,,,,,,,,,,,,,,,
2019-06-28 12:29:21.803532912,99554,83,98847,183,99567,183,98766,183,99594,183,98747,183,99677,183,98746,83,99846,183,,,100287,100,,,,,,,,,,,,,,,,,,
2019-06-28 12:29:30.000000000,99567,204,98847,204,99594,204,98766,204,99677,204,98747,204,99846,204,98746,104,100287,100,,,,,,,,,,,,,,,,,,,,,,
2019-06-28 12:29:32.233128389,99567,204,98847,204,99594,204,98766,204,99677,204,98747,204,99846,204,98746,104,100110,100,,,100287,100,,,,,,,,,,,,,,,,,,
2019-06-28 12:29:40.000000000,99567,307,98847,307,99594,307,98766,307,99677,100,98747,100,99846,100,,,100110,100,,,100287,100,,,,,,,,,,,,,,,,,,
2019-06-28 12:29:45.304482439,99567,307,98847,307,99594,307,98766,307,99677,100,98747,100,99846,100,,,100110,100,,,100280,100,,,100287,100,,,,,,,,,,,,,,
2019-06-28 12:29:48.425166054,99567,207,98847,307,99594,307,98766,307,99677,100,98747,100,99846,100,,,100110,100,,,100280,100,,,100287,100,,,,,,,,,,,,,,
2019-06-28 12:29:48.448467247,99567,207,98847,207,99594,307,98766,307,99677,100,98747,100,99846,100,,,100002,100,,,100110,100,,,100280,100,,,100287,100,,,,,,,,,,
2019-06-28 12:29:50.000000000,99594,241,98766,241,99677,237,98747,237,99846,237,98746,137,100002,100,,,100110,100,,,100280,100,,,100287,100,,,,,,,,,,,,,,
2019-06-28 12:29:59.849245366,99594,241,98766,241,99677,237,98747,237,99846,237,98746,137,100002,100,,,100110,100,,,100152,100,,,100280,100,,,100287,100,,,,,,,,,,
2019-06-28 12:30:00.000000000,99594,240,98766,131,99677,237,98747,237,99846,237,98746,137,100002,100,,,100110,100,,,100152,100,,,100280,100,,,100287,100,,,,,,,,,,
2019-06-28 12:30:10.000000000,99594,513,98747,514,99677,100,,,99846,100,,,100002,100,,,100110,100,,,100152,100,,,100280,100,,,100287,100,,,,,,,,,,
2019-06-28 12:30:20.000000000,99594,240,98747,241,99677,237,98746,137,99846,237,,,100002,100,,,100110,100,,,100152,100,,,100280,100,,,100287,100,,,,,,,,,,
2019-06-28 12:30:21.656100753,99594,140,98747,241,99677,237,98746,137,99846,237,,,100002,100,,,100110,100,,,100152,100,,,100280,100,,,100287,100,,,,,,,,,,
2019-06-28 12:30:30.000000000,99677,183,98747,183,99846,183,98746,83,100002,183,,,100110,183,,,100152,183,,,100280,100,,,100287,100,,,,,,,,,,,,,,
2019-06-28 12:30:37.340966312,99677,83,98747,183,99846,183,98746,83,100002,183,,,100110,183,,,100152,183,,,100280,100,,,100287,100,,,,,,,,,,,,,,
2019-06-28 12:30:40.000000000,99846,514,98747,514,100002,100,,,100110,100,,,100152,100,,,100280,100,,,100287,100,,,,,,,,,,,,,,,,,,
2019-06-28 12:30:50.000000000,99846,183,98747,183,100002,183,98746,83,100110,183,,,100152,183,,,100280,183,,,100287,100,,,,,,,,,,,,,,,,,,
2019-06-28 12:30:51.933273433,99846,83,98747,183,100002,183,98746,83,100110,183,,,100152,183,,,100280,183,,,100287,100,,,,,,,,,,,,,,,,,,
2019-06-28 12:31:00.000000000,100002,240,98747,131,100110,237,98746,137,100152,237,,,100280,100,,,100287,100,,,,,,,,,,,,,,,,,,,,,,
2019-06-28 12:31:10.000000000,100002,99,,,100110,100,,,100152,100,,,100280,100,,,100287,100,,,,,,,,,,,,,,,,,,,,,,
2019-06-28 12:31:21.874146867,100002,99,98747,100,100110,100,,,100152,100,,,100280,100,,,100287,100,,,,,,,,,,,,,,,,,,,,,,
2019-06-28 12:31:30.000000000,100002,240,98747,241,100110,237,98746,137,100152,237,,,100280,100,,,100287,100,,,,,,,,,,,,,,,,,,,,,,
2019-06-28 12:31:40.000000000,100002,306,98747,307,100110,307,98746,207,100152,100,,,100280,100,,,100287,100,,,,,,,,,,,,,,,,,,,,,,
2019-06-28 12:31:41.518214417,100002,306,98747,307,100110,307,98746,207,100152,100,,,100280,100,,,100287,100,,,100313,100,,,,,,,,,,,,,,,,,,
2019-06-28 12:31:50.000000000,100002,182,98747,183,100110,183,98746,83,100152,183,,,100280,183,,,100287,183,,,100313,100,,,,,,,,,,,,,,,,,,
2019-06-28 12:32:00.000000000,100002,181,98747,73,100110,183,98746,83,100152,183,,,100280,183,,,100287,183,,,100313,100,,,,,,,,,,,,,,,,,,
2019-06-28 12:32:03.797039511,100002,81,98747,73,100110,183,98746,83,100152,183,,,100280,183,,,100287,183,,,100313,100,,,,,,,,,,,,,,,,,,
2019-06-28 12:32:10.000000000,100110,100,,,100152,100,,,100280,100,,,100287,100,,,100313,100,,,,,,,,,,,,,,,,,,,,,,
2019-06-28 12:32:15.221955965,100110,100,,,100152,100,,,100157,100,,,100280,100,,,100287,100,,,100313,100,,,,,,,,,,,,,,,,,,
2019-06-28 12:32:31.211966280,100110,100,,,100152,100,,,100157,100,,,100280,100,,,100287,100,,,100306,100,,,100313,100,,,,,,,,,,,,,,
2019-06-28 12:33:09.728920551,100152,100,,,100157,100,,,100280,100,,,100287,100,,,100306,100,,,100313,100,,,,,,,,,,,,,,,,,,
2019-06-28 12:33:10.865876765,100152,100,,,100157,100,,,100280,100,,,100287,100,,,100306,100,,,100313,100,,,100377,100,,,,,,,,,,,,,,
2019-06-28 12:33:22.419511394,100157,100,,,100280,100,,,100287,100,,,100306,100,,,100377,100,,,,,,,,,,,,,,,,,,,,,,
2019-06-28 12:33:23.076499764,100280,100,,,100287,100,,,100306,100,,,100377,100,,,,,,,,,,,,,,,,,,,,,,,,,,
2019-06-28 12:34:22.820297970,100271,100,,,100280,100,,,100287,100,,,100306,100,,,100377,100,,,,,,,,,,,,,,,,,,,,,,
2019-06-28 12:34:28.558071247,100280,100,,,100287,100,,,100306,100,,,100377,100,,,,,,,,,,,,,,,,,,,,,,,,,,
2019-06-28 12:34:30.435034782,100280,100,,,100287,100,,,100306,100,,,100377,100,,,100406,100,,,,,,,,,,,,,,,,,,,,,,
2019-06-28 12:34:48.394237289,100280,100,,,100287,100,,,100306,100,,,100377,100,,,100406,100,,,100468,100,,,,,,,,,,,,,,,,,,
2019-06-28 12:35:21.514802368,99911,100,,,100280,100,,,100287,100,,,100306,100,,,100377,100,,,100406,100,,,100468,100,,,,,,,,,,,,,,
2019-06-28 12:35:22.558076184,100280,100,,,100287,100,,,100306,100,,,100377,100,,,100406,100,,,100468,100,,,,,,,,,,,,,,,,,,
2019-06-28 12:35:26.794502840,100280,100,99911,100,100287,100,,,100306,100,,,100377,100,,,100406,100,,,100468,100,,,,,,,,,,,,,,,,,,
2019-06-28 12:35:30.000000000,100280,241,99911,241,100287,237,99910,137,100306,237,,,100377,100,,,100406,100,,,100468,100,,,,,,,,,,,,,,,,,,
2019-06-28 12:35:39.990390976,100280,241,99911,141,100287,237,99910,137,100306,237,,,100377,100,,,100406,100,,,100468,100,,,,,,,,,,,,,,,,,,
2019-06-28 12:35:40.000000000,100280,100,,,100287,100,,,100306,100,,,100377,100,,,100406,100,,,100468,100,,,,,,,,,,,,,,,,,,
2019-06-28 12:35:52.450651729,99976,100,,,100280,100,,,100287,100,,,100306,100,,,100377,100,,,100406,100,,,100468,100,,,,,,,,,,,,,,
2019-06-28 12:36:56.827304610,100280,100,,,100287,100,,,100306,100,,,100377,100,,,100406,100,,,100468,100,,,,,,,,,,,,,,,,,,
2019-06-28 12:37:20.633120527,100280,100,99912,100,100287,100,,,100306,100,,,100377,100,,,100406,100,,,100468,100,,,,,,,,,,,,,,,,,,
2019-06-28 12:37:24.228705715,100280,100,99912,100,100287,100,,,100306,100,,,100377,100,,,100406,100,,,100457,100,,,100468,100,,,,,,,,,,,,,,
2019-06-28 12:37:26.995977037,100254,100,99912,100,100280,100,,,100287,100,,,100306,100,,,100377,100,,,100406,100,,,100457,100,,,100468,100,,,,,,,,,,
2019-06-28 12:37:30.000000000,100254,183,99912,183,100280,183,99911,83,100287,183,,,100306,183,,,100377,183,,,100406,100,,,100457,100,,,100468,100,,,,,,,,,,
2019-06-28 12:37:32.842539741,100254,183,99912,283,100280,183,99911,83,100287,83,,,100306,183,,,100377,183,,,100406,100,,,100457,100,,,100468,100,,,,,,,,,,
2019-06-28 12:37:40.000000000,100254,241,99912,341,100280,237,99911,137,100306,237,,,100377,100,,,100406,100,,,100457,100,,,100468,100,,,,,,,,,,,,,,
2019-06-28 12:37:50.000000000,100254,204,99912,304,100280,204,99911,104,100306,204,,,100377,204,,,100406,100,,,100457,100,,,100468,100,,,,,,,,,,,,,,
2019-06-28 12:37:57.861909040,100254,204,99912,304,100280,104,99911,104,100306,204,,,100377,204,,,100406,100,,,100457,100,,,100468,100,,,100501,100,,,,,,,,,,
2019-06-28 12:38:00.000000000,100254,203,99912,194,100306,204,99911,104,100377,204,,,100406,204,,,100457,100,,,100468,100,,,100501,100,,,,,,,,,,,,,,
2019-06-28 12:38:08.941204290,100254,203,99912,194,100306,204,99911,104,100377,204,,,100406,204,,,100457,100,,,100468,100,,,100501,100,,,100511,100,,,,,,,,,,
2019-06-28 12:38:10.000000000,100254,306,99912,297,100306,307,99911,207,100377,100,,,100406,100,,,100457,100,,,100468,100,,,100501,100,,,100511,100,,,,,,,,,,
2019-06-28 12:38:20.000000000,100254,306,99912,297,100306,307,99911,207,100377,100,,,100406,100,,,100457,100,,,100468,100,,,100501,100,,,100511,100,,,,,,,,,,
2019-06-28 12:38:28.528856167,100254,306,99912,297,100306,307,99911,207,100377,100,,,100406,100,,,100457,100,,,100468,100,,,100501,100,,,100511,100,,,100518,100,,,,,,
2019-06-28 12:38:28.658231421,100254,206,99912,297,100306,307,99911,207,100377,100,,,100406,100,,,100457,100,,,100468,100,,,100501,100,,,100511,100,,,100518,100,,,,,,
2019-06-28 12:38:29.433796999,100254,106,99912,297,100306,307,99911,207,100377,100,,,100406,100,,,100457,100,,,100468,100,,,100501,100,,,100518,100,,,,,,,,,,
2019-06-28 12:38:30.000000000,100306,204,99912,194,100377,204,99911,104,100406,204,,,100457,204,,,100468,100,,,100501,100,,,100518,100,,,,,,,,,,,,,,
2019-06-28 12:38:31.339548871,100306,104,99912,194,100377,204,99911,104,100406,104,,,100457,204,,,100468,100,,,100501,100,,,100518,100,,,,,,,,,,,,,,
2019-06-28 12:38:40.000000000,100377,204,99912,194,100457,204,99911,104,100468,204,,,100501,204,,,100518,100,,,,,,,,,,,,,,,,,,,,,,
2019-06-28 12:38:50.000000000,100377,514,99912,504,100457,100,,,100468,100,,,100501,100,,,100518,100,,,,,,,,,,,,,,,,,,,,,,
2019-06-28 12:38:52.924040367,100377,514,100254,100,100457,100,99912,504,100468,100,,,100501,100,,,100518,100,,,,,,,,,,,,,,,,,,,,,,
2019-06-28 12:38:55.959699755,100377,414,100254,100,100457,100,99912,504,100468,100,,,100501,100,,,100518,100,,,,,,,,,,,,,,,,,,,,,,
2019-06-28 12:39:00.000000000,100457,183,100254,72,100468,183,99912,173,100501,183,99911,83,100518,183,,,100519,83,,,,,,,,,,,,,,,,,,,,,,
2019-06-28 12:39:09.223204227,100457,183,100254,172,100468,183,99912,173,100501,183,99911,83,100518,183,,,100519,83,,,,,,,,,,,,,,,,,,,,,,
2019-06-28 12:39:10.000000000,100457,204,100254,204,100468,204,99912,194,100501,204,99911,104,100518,204,,,,,,,,,,,,,,,,,,,,,,,,,,
2019-06-28 12:39:20.000000000,100457,514,100254,514,100468,100,99912,90,100501,100,,,100518,100,,,,,,,,,,,,,,,,,,,,,,,,,,
2019-06-28 12:39:28.421425692,100457,414,100254,514,100468,100,99912,90,100501,100,,,100518,100,,,,,,,,,,,,,,,,,,,,,,,,,,
2019-06-28 12:39:30.000000000,100468,241,100254,241,100501,237,99912,227,100518,237,99911,137,,,,,,,,,,,,,,,,,,,,,,,,,,,,
2019-06-28 12:39:40.000000000,100468,307,100254,307,100501,307,99912,297,100518,100,,,,,,,,,,,,,,,,,,,,,,,,,,,,,,
2019-06-28 12:39:43.988918919,100468,207,100254,307,100501,307,99912,297,100518,100,,,,,,,,,,,,,,,,,,,,,,,,,,,,,,
2019-06-28 12:39:46.547288499,100468,107,100254,307,100501,307,99912,297,100518,100,,,,,,,,,,,,,,,,,,,,,,,,,,,,,,
2019-06-28 12:39:50.000000000,100501,204,100254,204,100518,204,99912,194,100519,104,99911,104,,,,,,,,,,,,,,,,,,,,,,,,,,,,
2019-06-28 12:40:00.000000000,100501,241,100254,130,100518,237,99912,227,100519,137,99911,137,,,,,,,,,,,,,,,,,,,,,,,,,,,,
2019-06-28 12:40:10.000000000,100501,514,99912,504,100518,100,,,,,,,,,,,,,,,,,,,,,,,,,,,,,,,,,,
2019-06-28 12:40:20.000000000,100501,307,99912,297,100518,307,99911,207,,,,,,,,,,,,,,,,,,,,,,,,,,,,,,,,
2019-06-28 12:40:30.000000000,100501,514,99912,504,100518,100,,,,,,,,,,,,,,,,,,,,,,,,,,,,,,,,,,
2019-06-28 12:40:40.000000000,100501,307,99912,297,100518,307,99911,207,,,,,,,,,,,,,,,,,,,,,,,,,,,,,,,,
2019-06-28 12:40:47.301334027,100501,307,99912,297,100518,307,99911,207,100803,100,,,,,,,,,,,,,,,,,,,,,,,,,,,,,,
2019-06-28 12:40:50.000000000,100501,241,99912,231,100518,237,99911,137,100803,237,,,,,,,,,,,,,,,,,,,,,,,,,,,,,,
2019-06-28 12:40:50.380561084,100501,241,100254,100,100518,237,99912,231,100803,237,99911,137,,,,,,,,,,,,,,,,,,,,,,,,,,,,
2019-06-28 12:40:54.586978973,100501,241,100254,100,100518,237,99912,231,100803,237,99911,137,100955,100,,,,,,,,,,,,,,,,,,,,,,,,,,
2019-06-28 12:40:56.052035192,100501,241,100254,200,100518,237,99912,231,100803,237,99911,137,100955,100,,,,,,,,,,,,,,,,,,,,,,,,,,
2019-06-28 12:40:57.994391709,100501,241,100254,200,100518,237,99912,231,100803,237,99911,137,100955,100,,,101164,100,,,,,,,,,,,,,,,,,,,,,,
2019-06-28 12:41:00.000000000,100501,307,100254,296,100518,307,99912,297,100803,100,,,100955,100,,,101164,100,,,,,,,,,,,,,,,,,,,,,,
2019-06-28 12:41:10.000000000,100501,514,100254,503,100518,100,99912,90,100803,100,,,100955,100,,,101164,100,,,,,,,,,,,,,,,,,,,,,,
2019-06-28 12:41:16.974449766,100501,414,100254,503,100518,100,99912,90,100803,100,,,100955,100,,,101164,100,,,,,,,,,,,,,,,,,,,,,,
2019-06-28 12:41:20.000000000,100518,183,100254,172,100803,183,99912,173,100955,183,99911,83,101164,183,,,101165,83,,,,,,,,,,,,,,,,,,,,,,
2019-06-28 12:41:30.000000000,100518,204,100254,193,100803,204,99912,194,100955,204,99911,104,101164,204,,,,,,,,,,,,,,,,,,,,,,,,,,
2019-06-28 12:41:33.724015457,100518,204,100254,193,100803,204,99912,194,100955,204,99911,104,101052,100,,,101164,204,,,,,,,,,,,,,,,,,,,,,,
2019-06-28 12:41:40.000000000,100518,514,100254,503,100803,100,99912,90,100955,100,,,101052,100,,,101164,100,,,,,,,,,,,,,,,,,,,,,,
2019-06-28 12:41:40.381967534,100518,414,100254,503,100803,100,99912,90,100955,100,,,101052,100,,,101164,100,,,,,,,,,,,,,,,,,,,,,,
2019-06-28 12:41:50.000000000,100803,204,100254,193,100955,204,99912,194,101052,204,99911,104,101164,204,,,,,,,,,,,,,,,,,,,,,,,,,,
2019-06-28 12:42:00.000000000,100803,204,100254,82,100955,204,99912,194,101052,204,99911,104,101164,204,,,,,,,,,,,,,,,,,,,,,,,,,,
2019-06-28 12:42:10.000000000,100803,307,99912,297,100955,307,99911,207,101052,100,,,101164,100,,,,,,,,,,,,,,,,,,,,,,,,,,
2019-06-28 12:42:14.619556822,100803,307,100254,100,100955,307,99912,297,101052,100,99911,207,101164,100,,,,,,,,,,,,,,,,,,,,,,,,,,
2019-06-28 12:42:20.000000000,100803,241,100254,241,100955,237,99912,227,101052,237,99911,137,101164,100,,,,,,,,,,,,,,,,,,,,,,,,,,
2019-06-28 12:42:30.000000000,100803,307,100254,307,100955,307,99912,297,101052,100,,,101164,100,,,,,,,,,,,,,,,,,,,,,,,,,,
2019-06-28 12:42:30.806285993,100803,307,100254,307,100930,100,99912,297,100955,307,,,101052,100,,,101164,100,,,,,,,,,,,,,,,,,,,,,,
2019-06-28 12:42:40.000000000,100803,514,100254,514,100930,100,99912,90,100955,100,,,101052,100,,,101164,100,,,,,,,,,,,,,,,,,,,,,,
2019-06-28 12:42:50.000000000,100803,183,100254,183,100930,183,99912,173,100955,183,99911,83,101052,183,,,101164,183,,,,,,,,,,,,,,,,,,,,,,
2019-06-28 12:42:58.864651356,100803,183,100363,100,100930,183,100254,183,100955,183,99912,173,101052,183,99911,83,101164,183,,,,,,,,,,,,,,,,,,,,,,
2019-06-28 12:43:00.000000000,100803,241,100363,130,100930,237,100254,237,100955,237,99912,227,101052,100,,,101164,100,,,,,,,,,,,,,,,,,,,,,,
2019-06-28 12:43:10.000000000,100803,241,100254,241,100930,237,99912,227,100955,237,99911,137,101052,100,,,101164,100,,,,,,,,,,,,,,,,,,,,,,
2019-06-28 12:43:20.000000000,100803,204,100254,204,100930,204,99912,194,100955,204,99911,104,101052,204,,,101164,100,,,,,,,,,,,,,,,,,,,,,,
2019-06-28 12:43:30.000000000,100803,514,100254,514,100930,100,99912,90,100955,100,,,101052,100,,,101164,100,,,,,,,,,,,,,,,,,,,,,,
2019-06-28 12:43:36.358004697,100803,514,100586,100,100930,100,100254,514,100955,100,99912,90,101052,100,,,,,,,,,,,,,,,,,,,,,,,,,,
2019-06-28 12:43:40.000000000,100803,183,100586,183,100930,183,100254,183,100955,183,99912,173,101052,183,99911,83,101053,83,,,,,,,,,,,,,,,,,,,,,,
2019-06-28 12:43:44.892235692,100803,183,100586,183,100910,100,100254,183,100930,183,99912,173,100955,183,99911,83,101052,183,,,101053,83,,,,,,,,,,,,,,,,,,
2019-06-28 12:43:50.000000000,100803,183,100586,183,100910,183,100254,183,100930,183,99912,173,100955,183,99911,83,101052,183,,,,,,,,,,,,,,,,,,,,,,
2019-06-28 12:43:55.515838925,100803,183,100586,183,100910,183,100363,100,100930,183,100254,183,100955,183,99912,173,101052,183,99911,83,,,,,,,,,,,,,,,,,,,,
2019-06-28 12:44:00.000000000,100803,183,100586,72,100910,183,100363,183,100930,183,100254,183,100955,183,99912,173,101052,183,99911,83,,,,,,,,,,,,,,,,,,,,
2019-06-28 12:44:08.970815550,100803,83,100586,72,100910,183,100363,183,100930,183,100254,183,100955,183,99912,173,101052,183,99911,83,,,,,,,,,,,,,,,,,,,,
2019-06-28 12:44:10.000000000,100910,241,100363,241,100930,237,100254,237,100955,237,99912,227,101052,100,,,,,,,,,,,,,,,,,,,,,,,,,,
2019-06-28 12:44:15.522099249,100910,241,100363,241,100930,237,100254,237,100939,100,99912,227,100955,137,,,101052,100,,,,,,,,,,,,,,,,,,,,,,
2019-06-28 12:44:20.000000000,100910,307,100363,307,100930,307,100254,307,100939,100,99912,90,101052,100,,,,,,,,,,,,,,,,,,,,,,,,,,
2019-06-28 12:44:29.384711813,100910,207,100363,307,100930,307,100254,307,100939,100,99912,90,101052,100,,,,,,,,,,,,,,,,,,,,,,,,,,
2019-06-28 12:44:30.000000000,100930,241,100363,241,100939,237,100254,237,101052,237,99912,227,,,,,,,,,,,,,,,,,,,,,,,,,,,,
2019-06-28 12:44:40.000000000,100930,183,100363,183,100939,183,100254,183,101052,183,99912,173,101053,83,99911,83,,,,,,,,,,,,,,,,,,,,,,,,
2019-06-28 12:44:41.244514920,100930,183,100363,183,100939,183,100254,183,101052,183,99912,173,101053,83,99911,83,101185,100,,,,,,,,,,,,,,,,,,,,,,
2019-06-28 12:44:43.623840260,100930,183,100363,183,100939,183,100254,183,101052,183,99912,173,101053,83,99911,83,101185,100,,,101402,100,,,,,,,,,,,,,,,,,,
2019-06-28 12:44:50.000000000,100930,241,100363,241,100939,237,100254,237,101052,237,99912,227,101185,100,,,101402,100,,,,,,,,,,,,,,,,,,,,,,
2019-06-28 12:45:00.000000000,100930,514,100363,403,100939,100,100254,100,101052,100,99912,90,101185,100,,,101402,100,,,,,,,,,,,,,,,,,,,,,,
2019-06-28 12:45:08.406630628,100896,100,100363,403,100930,514,100254,100,100939,100,99912,90,101052,100,,,101185,100,,,101402,100,,,,,,,,,,,,,,,,,,
2019-06-28 12:45:10.000000000,100896,241,100254,241,100930,237,99912,227,100939,237,99911,137,101052,100,,,101185,100,,,101402,100,,,,,,,,,,,,,,,,,,
2019-06-28 12:45:20.000000000,100896,204,100254,204,100930,204,99912,194,100939,204,99911,104,101052,204,,,101185,100,,,101402,100,,,,,,,,,,,,,,,,,,
2019-06-28 12:45:30.000000000,100896,183,100254,183,100930,183,99912,173,100939,183,99911,83,101052,183,,,101185,183,,,101402,100,,,,,,,,,,,,,,,,,,
2019-06-28 12:45:34.146102189,100579,100,100254,183,100896,183,99912,173,100930,183,99911,83,100939,183,,,101052,183,,,101185,183,,,101402,100,,,,,,,,,,,,,,
2019-06-28 12:45:38.475771157,100552,100,100254,183,100579,100,99912,173,100896,183,99911,83,100930,183,,,100939,183,,,101052,183,,,101185,183,,,101402,100,,,,,,,,,,
2019-06-28 12:45:40.000000000,100552,183,100254,183,100579,183,99912,173,100896,183,99911,83,100930,183,,,100939,183,,,101052,100,,,101185,100,,,101402,100,,,,,,,,,,
2019-06-28 12:45:50.000000000,100552,241,100254,241,100579,237,99912,227,100896,237,99911,137,100930,100,,,100939,100,,,101052,100,,,101185,100,,,101402,100,,,,,,,,,,
2019-06-28 12:45:56.368018970,100552,241,100358,100,100579,237,100254,241,100896,237,99912,227,100930,100,99911,137,100939,100,,,101052,100,,,101185,100,,,101402,100,,,,,,,,,,
2019-06-28 12:45:58.760907580,100552,241,100358,100,100569,100,100254,241,100579,237,99912,227,100896,237,99911,137,100930,100,,,100939,100,,,101052,100,,,101185,100,,,101402,100,,,,,,
2019-06-28 12:45:58.815581940,100552,241,100446,100,100569,100,100358,100,100579,237,100254,241,100896,237,99912,227,100930,100,99911,137,100939,100,,,101052,100,,,101185,100,,,101402,100,,,,,,
2019-06-28 12:45:58.879976752,100513,100,100446,100,100552,241,100358,100,100569,100,100254,241,100579,237,99912,227,100896,237,99911,137,100930,100,,,100939,100,,,101052,100,,,101185,100,,,101402,100,,
2019-06-28 12:46:00.000000000,100513,307,100446,196,100552,307,100358,307,100569,100,100254,100,100579,100,99912,90,100896,100,,,100930,100,,,100939,100,,,101052,100,,,101185,100,,,101402,100,,
2019-06-28 12:46:01.136474424,100513,307,100446,96,100552,307,100358,307,100569,100,100254,100,100579,100,99912,90,100896,100,,,100930,100,,,100939,100,,,101052,100,,,101185,100,,,101402,100,,
2019-06-28 12:46:01.900119488,100513,307,100446,96,100552,307,100358,307,100569,100,99912,90,100579,100,,,100896,100,,,100930,100,,,100939,100,,,101052,100,,,101185,100,,,101402,100,,
2019-06-28 12:46:10.000000000,100513,183,100358,183,100552,183,99912,173,100569,183,99911,83,100579,183,,,100896,183,,,100930,100,,,100939,100,,,101052,100,,,101185,100,,,101402,100,,
2019-06-28 12:46:20.000000000,100513,307,100358,307,100552,307,99912,297,100569,100,,,100579,100,,,100896,100,,,100930,100,,,100939,100,,,101052,100,,,101185,100,,,101402,100,,
2019-06-28 12:46:30.000000000,100513,241,100358,241,100552,237,99912,227,100569,237,99911,137,100579,100,,,100896,100,,,100930,100,,,100939,100,,,101052,100,,,101185,100,,,101402,100,,
2019-06-28 12:46:40.000000000,100513,514,100358,514,100552,100,99912,90,100569,100,,,100579,100,,,100896,100,,,100930,100,,,100939,100,,,101052,100,,,101185,100,,,101402,100,,
2019-06-28 12:46:50.000000000,100513,204,100358,204,100552,204,99912,194,100569,204,99911,104,100579,204,,,100896,100,,,100930,100,,,100939,100,,,101052,100,,,101185,100,,,101402,100,,
2019-06-28 12:47:00.000000000,100513,131,100358,240,100552,237,99912,227,100569,237,99911,137,100579,100,,,100896,100,,,100930,100,,,100939,100,,,101052,100,,,101185,100,,,101402,100,,
2019-06-28 12:47:07.845257514,100513,131,100358,240,100552,237,100138,100,100569,237,99912,227,100579,100,99911,137,100896,100,,,100930,100,,,100939,100,,,101052,100,,,101185,100,,,101402,100,,
2019-06-28 12:47:10.000000000,100552,307,100358,306,100569,307,100138,307,100579,100,99912,90,100896,100,,,100930,100,,,100939,100,,,101052,100,,,101185,100,,,101402,100,,,,,,
2019-06-28 12:47:12.210047253,100513,100,100358,306,100552,307,100138,307,100569,307,99912,90,100579,100,,,100896,100,,,100930,100,,,100939,100,,,101052,100,,,101185,100,,,101402,100,,
2019-06-28 12:47:20.000000000,100513,514,100358,513,100552,100,100138,100,100569,100,99912,90,100579,100,,,100896,100,,,100930,100,,,100939,100,,,101052,100,,,101185,100,,,101402,100,,
2019-06-28 12:47:30.000000000,100513,307,100358,306,100552,307,100138,307,100569,100,99912,90,100579,100,,,100896,100,,,100930,100,,,100939,100,,,101052,100,,,101185,100,,,101402,100,,
2019-06-28 12:47:38.767749808,100513,307,100358,206,100552,307,100138,307,100569,100,99912,90,100579,100,,,100896,100,,,100930,100,,,100939,100,,,101052,100,,,101185,100,,,101402,100,,
2019-06-28 12:47:40.000000000,100513,241,100138,241,100552,237,99912,227,100569,237,99911,137,100579,100,,,100896,100,,,100930,100,,,100939,100,,,101052,100,,,101185,100,,,101402,100,,
2019-06-28 12:47:50.000000000,100513,307,100138,307,100552,307,99912,297,100569,100,,,100579,100,,,100896,100,,,100930,100,,,100939,100,,,101052,100,,,101185,100,,,101402,100,,
2019-06-28 12:47:52.618053667,100513,307,100138,307,100552,307,99912,297,100569,100,99714,100,100579,100,,,100896,100,,,100930,100,,,100939,100,,,101052,100,,,101185,100,,,101402,100,,
2019-06-28 12:48:00.000000000,100513,131,100138,240,100552,237,99912,227,100569,237,99714,237,100579,100,,,100896,100,,,100930,100,,,100939,100,,,101052,100,,,101185,100,,,101402,100,,
2019-06-28 12:48:10.000000000,100552,241,100138,240,100569,237,99912,227,100579,237,99714,237,100896,100,,,100930,100,,,100939,100,,,101052,100,,,101185,100,,,101402,100,,,,,,
2019-06-28 12:48:13.321582766,100552,141,100138,240,100569,237,99912,227,100579,237,99714,237,100896,100,99592,100,100930,100,,,100939,100,,,101052,100,,,101185,100,,,101402,100,,,,,,
2019-06-28 12:48:20.000000000,100569,183,100138,182,100579,183,99912,173,100896,183,99714,183,100930,183,99592,183,100939,183,99591,83,101052,100,,,101185,100,,,101402,100,,,,,,,,,,
2019-06-28 12:48:25.735405116,100513,100,100138,182,100569,183,99912,173,100579,183,99714,183,100896,183,99592,183,100930,183,99591,83,100939,183,,,101052,100,,,101185,100,,,101402,100,,,,,,
2019-06-28 12:48:30.000000000,100513,241,100138,240,100569,237,99912,227,100579,237,99714,237,100896,100,99592,100,100930,100,,,100939,100,,,101052,100,,,101185,100,,,101402,100,,,,,,
2019-06-28 12:48:40.000000000,100513,183,100138,182,100569,183,99912,173,100579,183,99714,183,100896,183,99592,183,100930,183,99591,83,100939,100,,,101052,100,,,101185,100,,,101402,100,,,,,,
2019-06-28 12:48:50.000000000,100513,307,100138,306,100569,307,99912,297,100579,100,99714,100,100896,100,99592,100,100930,100,,,100939,100,,,101052,100,,,101185,100,,,101402,100,,,,,,
2019-06-28 12:49:00.000000000,100513,131,100138,239,100569,237,99912,227,100579,237,99714,237,100896,100,99592,100,100930,100,,,100939,100,,,101052,100,,,101185,100,,,101402,100,,,,,,
2019-06-28 12:49:10.000000000,100569,241,100138,239,100579,237,99912,227,100896,237,99714,237,100930,100,99592,100,100939,100,,,101052,100,,,101185,100,,,101402,100,,,,,,,,,,
2019-06-28 12:49:20.000000000,100569,183,100138,181,100579,183,99912,173,100896,183,99714,183,100930,183,99592,183,100939,183,99591,83,101052,100,,,101185,100,,,101402,100,,,,,,,,,,
2019-06-28 12:49:21.837145463,100569,183,100138,81,100579,183,99912,173,100896,183,99714,183,100930,183,99592,183,100939,183,99591,83,101052,100,,,101185,100,,,101402,100,,,,,,,,,,
2019-06-28 12:49:28.388846461,100569,183,100138,81,100579,183,99912,173,100896,183,99714,183,100930,183,99592,183,100939,183,99591,83,101052,100,99235,100,101185,100,,,101402,100,,,,,,,,,,
2019-06-28 12:49:30.000000000,100569,307,99912,297,100579,307,99714,307,100896,100,99592,100,100930,100,99235,100,100939,100,,,101052,100,,,101185,100,,,101402,100,,,,,,,,,,
2019-06-28 12:49:32.288862747,100138,100,99912,297,100569,307,99714,307,100579,307,99592,100,100896,100,99235,100,100930,100,,,100939,100,,,101052,100,,,101185,100,,,101402,100,,,,,,
2019-06-28 12:49:40.000000000,100138,307,99912,297,100569,307,99714,307,100579,100,99592,100,100896,100,99235,100,100930,100,,,100939,100,,,101052,100,,,101185,100,,,101402,100,,,,,,
2019-06-28 12:49:42.458689163,100138,307,99912,297,100414,100,99714,307,100569,307,99592,100,100579,100,99235,100,100896,100,,,100930,100,,,100939,100,,,101052,100,,,101185,100,,,101402,100,,
2019-06-28 12:49:50.000000000,100138,307,99912,297,100414,307,99714,307,100569,100,99592,100,100579,100,99235,100,100896,100,,,100930,100,,,100939,100,,,101052,100,,,101185,100,,,101402,100,,
2019-06-28 12:50:00.000000000,100138,94,99912,193,100414,204,99714,204,100569,204,99592,204,100579,204,99235,204,100896,100,,,100930,100,,,100939,100,,,101052,100,,,101185,100,,,101402,100,,
2019-06-28 12:50:00.894125441,100138,94,99912,293,100414,204,99714,204,100569,204,99592,204,100579,204,99235,204,100896,100,,,100930,100,,,100939,100,,,101052,100,,,101185,100,,,101402,100,,
2019-06-28 12:50:06.813021040,100138,94,99912,293,100414,204,99714,204,100524,100,99592,204,100569,204,99235,204,100579,204,,,100896,100,,,100930,100,,,100939,100,,,101052,100,,,101185,100,,
2019-06-28 12:50:10.000000000,100414,183,99912,272,100524,183,99714,183,100569,183,99592,183,100579,183,99235,183,100896,183,99234,83,100930,100,,,100939,100,,,101052,100,,,101185,100,,,101402,100,,
2019-06-28 12:50:20.000000000,100414,183,99912,272,100524,183,99714,183,100569,183,99592,183,100579,183,99235,183,100896,183,99234,83,100930,100,,,100939,100,,,101052,100,,,101185,100,,,101402,100,,
2019-06-28 12:50:27.325001131,100414,183,99912,272,100524,183,99714,183,100569,183,99592,183,100579,183,99235,183,100628,100,99234,83,100896,183,,,100930,100,,,100939,100,,,101052,100,,,101185,100,,
2019-06-28 12:50:29.342990045,100414,183,99912,372,100524,183,99714,183,100569,183,99592,183,100579,183,99235,183,100628,100,99234,83,100896,183,,,100930,100,,,100939,100,,,101052,100,,,101185,100,,
2019-06-28 12:50:30.000000000,100414,204,99912,393,100524,204,99714,204,100569,204,99592,204,100579,204,99235,204,100628,100,,,100896,100,,,100930,100,,,100939,100,,,101052,100,,,101185,100,,
2019-06-28 12:50:40.000000000,100414,204,99912,393,100524,204,99714,204,100569,204,99592,204,100579,204,99235,204,100628,100,,,100896,100,,,100930,100,,,100939,100,,,101052,100,,,101185,100,,
2019-06-28 12:50:50.000000000,100414,514,99912,703,100524,100,99714,100,100569,100,99592,100,100579,100,99235,100,100628,100,,,100896,100,,,100930,100,,,100939,100,,,101052,100,,,101185,100,,
2019-06-28 12:51:00.000000000,100414,94,99912,392,100524,204,99714,204,100569,204,99592,204,100579,204,99235,204,100628,100,,,100896,100,,,100930,100,,,100939,100,,,101052,100,,,101185,100,,
2019-06-28 12:51:10.000000000,100524,183,99912,371,100569,183,99714,183,100579,183,99592,183,100628,183,99235,183,100896,183,99234,83,100930,100,,,100939,100,,,101052,100,,,101185,100,,,101402,100,,
2019-06-28 12:51:20.000000000,100524,307,99912,495,100569,307,99714,307,100579,100,99592,100,100628,100,99235,100,100896,100,,,100930,100,,,100939,100,,,101052,100,,,101185,100,,,101402,100,,
2019-06-28 12:51:30.000000000,100524,204,99912,392,100569,204,99714,204,100579,204,99592,204,100628,204,99235,204,100896,100,,,100930,100,,,100939,100,,,101052,100,,,101185,100,,,101402,100,,
2019-06-28 12:51:32.796976498,100524,204,99912,492,100569,204,99714,204,100579,204,99592,204,100628,204,99235,204,100896,100,,,100930,100,,,100939,100,,,101052,100,,,101185,100,,,101402,100,,
2019-06-28 12:51:40.000000000,100524,204,99912,492,100569,204,99714,204,100579,204,99592,204,100628,204,99235,204,100896,100,,,100930,100,,,100939,100,,,101052,100,,,101185,100,,,101402,100,,
2019-06-28 12:51:44.621239017,100524,104,99912,492,100569,204,99714,204,100579,204,99592,204,100628,204,99235,204,100896,100,,,100930,100,,,100939,100,,,101052,100,,,101185,100,,,101402,100,,
2019-06-28 12:51:50.000000000,100569,204,99912,492,100579,204,99714,204,100628,204,99592,204,100896,204,99235,204,100930,100,,,100939,100,,,101052,100,,,101185,100,,,101402,100,,,,,,
2019-06-28 12:51:56.000226409,100569,204,99912,492,100579,204,99714,204,100628,204,99592,204,100896,204,99235,204,100930,100,,,100939,100,,,101006,100,,,101052,100,,,101185,100,,,101402,100,,
2019-06-28 12:52:00.000000000,100569,131,99912,528,100579,237,99714,237,100628,237,99592,237,100896,100,99235,100,100930,100,,,100939,100,,,101006,100,,,101052,100,,,101185,100,,,101402,100,,
2019-06-28 12:52:10.000000000,100579,241,99912,528,100628,237,99714,237,100896,237,99592,237,100930,100,99235,100,100939,100,,,101006,100,,,101052,100,,,101185,100,,,101402,100,,,,,,
2019-06-28 12:52:20.000000000,100579,307,99912,594,100628,307,99714,307,100896,100,99592,100,100930,100,99235,100,100939,100,,,101006,100,,,101052,100,,,101185,100,,,101402,100,,,,,,
2019-06-28 12:52:30.000000000,100579,307,99912,594,100628,307,99714,307,100896,100,99592,100,100930,100,99235,100,100939,100,,,101006,100,,,101052,100,,,101185,100,,,101402,100,,,,,,
2019-06-28 12:52:30.001495760,100579,307,99912,694,100628,307,99714,307,100896,100,99592,100,100930,100,99235,100,100939,100,,,101006,100,,,101052,100,,,101185,100,,,101402,100,,,,,,
2019-06-28 12:52:40.000000000,100579,307,99912,694,100628,307,99714,307,100896,100,99592,100,100930,100,99235,100,100939,100,,,101006,100,,,101052,100,,,101185,100,,,101402,100,,,,,,
2019-06-28 12:52:50.000000000,100579,204,99912,591,100628,204,99714,204,100896,204,99592,204,100930,204,99235,204,100939,100,,,101006,100,,,101052,100,,,101185,100,,,101402,100,,,,,,
2019-06-28 12:52:51.331487101,100579,204,99912,591,100628,204,99714,204,100896,104,99592,204,100930,204,99235,204,100939,100,,,101006,100,,,101052,100,,,101185,100,,,101283,100,,,101402,100,,
2019-06-28 12:52:56.809046699,100579,204,99912,591,100628,204,99714,204,100896,104,99592,204,100930,204,99235,204,100939,100,,,101006,100,,,101052,100,,,101185,100,,,101283,100,,,101384,100,,
2019-06-28 12:53:00.000000000,100579,73,99912,569,100628,183,99714,183,100930,183,99592,183,100939,183,99235,183,101006,183,99234,83,101052,100,,,101185,100,,,101283,100,,,101384,100,,,101402,100,,
2019-06-28 12:53:10.000000000,100628,241,99912,627,100930,237,99714,237,100939,237,99592,237,101006,100,99235,100,101052,100,,,101185,100,,,101283,100,,,101384,100,,,101402,100,,,,,,
2019-06-28 12:53:20.000000000,100628,204,99912,590,100930,204,99714,204,100939,204,99592,204,101006,204,99235,204,101052,100,,,101185,100,,,101283,100,,,101384,100,,,101402,100,,,,,,
2019-06-28 12:53:30.000000000,100628,307,99912,693,100930,307,99714,307,100939,100,99592,100,101006,100,99235,100,101052,100,,,101185,100,,,101283,100,,,101384,100,,,101402,100,,,,,,
2019-06-28 12:53:35.928335481,100628,207,99912,693,100930,307,99714,307,100939,100,99592,100,101006,100,99235,100,101052,100,,,101185,100,,,101283,100,,,101384,100,,,101402,100,,,,,,
2019-06-28 12:53:37.239152379,100628,207,99912,693,100832,100,99714,307,100930,307,99592,100,100939,100,99235,100,101006,100,,,101052,100,,,101185,100,,,101283,100,,,101384,100,,,101402,100,,
2019-06-28 12:53:40.000000000,100832,241,99912,627,100930,237,99714,237,100939,237,99592,237,101006,100,99235,100,101052,100,,,101185,100,,,101283,100,,,101384,100,,,101402,100,,,,,,
2019-06-28 12:53:42.181399681,100832,241,100695,100,100930,237,99912,627,100939,237,99714,237,101006,100,99592,237,101052,100,99235,100,101185,100,,,101283,100,,,101384,100,,,101402,100,,,,,,
2019-06-28 12:53:50.000000000,100832,204,100695,204,100930,204,99912,590,100939,204,99714,204,101006,204,99592,204,101052,100,99235,100,101185,100,,,101283,100,,,101384,100,,,101402,100,,,,,,
2019-06-28 12:53:55.693496364,100832,204,100695,204,100930,204,100599,100,100939,204,99912,590,101006,204,99714,204,101052,100,99592,204,101185,100,99235,100,101283,100,,,101384,100,,,101402,100,,,,,,
2019-06-28 12:54:00.000000000,100832,404,100695,513,100930,100,100599,100,100939,100,99912,486,101006,100,99714,100,101052,100,99592,100,101185,100,99235,100,101283,100,,,101384,100,,,101402,100,,,,,,
2019-06-28 12:54:10.000000000,100930,183,100695,182,100939,183,100599,183,101006,183,99912,569,101052,183,99714,183,101185,183,99592,183,101283,100,99235,100,101384,100,,,101402,100,,,,,,,,,,
2019-06-28 12:54:20.000000000,100930,241,100695,240,100939,237,100599,237,101006,237,99912,623,101052,100,99714,100,101185,100,99592,100,101283,100,99235,100,101384,100,,,101402,100,,,,,,,,,,
2019-06-28 12:54:30.000000000,100930,514,100695,513,100939,100,100599,100,101006,100,99912,486,101052,100,99714,100,101185,100,99592,100,101283,100,99235,100,101384,100,,,101402,100,,,,,,,,,,
2019-06-28 12:54:32.526595685,100930,514,100695,513,100939,100,100599,100,101006,100,99912,486,101052,100,99714,100,101185,100,99592,100,101283,100,99235,100,101378,100,,,101384,100,,,101402,100,,,,,,
2019-06-28 12:54:33.305682399,100930,414,100695,513,100939,100,100599,100,101006,100,99912,486,101052,100,99714,100,101185,100,99592,100,101283,100,99235,100,101378,100,,,101384,100,,,101402,100,,,,,,
2019-06-28 12:54:40.000000000,100939,183,100695,182,101006,183,100599,183,101052,183,99912,569,101185,183,99714,183,101283,183,99592,183,101378,100,99235,100,101384,100,,,101402,100,,,,,,,,,,
2019-06-28 12:54:50.000000000,100939,204,100695,203,101006,204,100599,204,101052,204,99912,590,101185,204,99714,204,101283,100,99592,100,101378,100,99235,100,101384,100,,,101402,100,,,,,,,,,,
2019-06-28 12:54:53.565477586,100939,204,100695,203,101006,204,100599,204,101052,204,99912,590,101185,204,99714,204,101241,100,99592,100,101283,100,99235,100,101378,100,,,101402,100,,,,,,,,,,
2019-06-28 12:55:00.000000000,100939,73,100695,181,101006,183,100599,183,101052,183,99912,569,101185,183,99714,183,101241,183,99592,183,101283,100,99235,100,101378,100,,,101402,100,,,,,,,,,,
2019-06-28 12:55:10.000000000,101006,183,100695,181,101052,183,100599,183,101185,183,99912,569,101241,183,99714,183,101283,183,99592,183,101378,100,99235,100,101402,100,,,,,,,,,,,,,,
2019-06-28 12:55:15.011938953,101006,183,100695,281,101052,183,100599,183,101185,183,99912,469,101241,183,99714,183,101283,183,99592,183,101378,100,99235,100,101402,100,,,,,,,,,,,,,,
2019-06-28 12:55:20.000000000,101006,307,100695,405,101052,307,100599,307,101185,100,99912,386,101241,100,99714,100,101283,100,99592,100,101378,100,99235,100,101402,100,,,,,,,,,,,,,,
2019-06-28 12:55:30.000000000,101006,183,100695,281,101052,183,100599,183,101185,183,99912,469,101241,183,99714,183,101283,183,99592,183,101378,100,99235,100,101402,100,,,,,,,,,,,,,,
2019-06-28 12:55:30.733234521,101006,183,100695,281,101029,100,100599,183,101052,183,99912,469,101185,183,99714,183,101241,183,99592,183,101283,183,99235,100,101378,100,,,101402,100,,,,,,,,,,
2019-06-28 12:55:40.000000000,101006,241,100695,339,101029,237,100599,237,101052,237,99912,523,101185,100,99714,100,101241,100,99592,100,101283,100,99235,100,101378,100,,,101402,100,,,,,,,,,,
2019-06-28 12:55:50.000000000,101006,241,100695,339,101029,237,100599,237,101052,237,99912,523,101185,100,99714,100,101241,100,99592,100,101283,100,99235,100,101378,100,,,101402,100,,,,,,,,,,
2019-06-28 12:56:00.000000000,101006,404,100695,611,101029,100,100599,100,101052,100,99912,386,101185,100,99714,100,101241,100,99592,100,101283,100,99235,100,101378,100,,,101402,100,,,,,,,,,,
2019-06-28 12:56:01.307569191,101006,404,100695,611,101029,100,100599,100,101052,100,99912,386,101185,100,99714,100,101241,100,99592,100,101283,100,99235,100,101378,100,,,101402,100,,,101637,100,,,,,,
2019-06-28 12:56:10.000000000,101029,183,100695,280,101052,183,100599,183,101185,183,99912,469,101241,183,99714,183,101283,183,99592,183,101378,100,99235,100,101402,100,,,101637,100,,,,,,,,,,
2019-06-28 12:56:20.000000000,101029,204,100695,301,101052,204,100599,204,101185,204,99912,490,101241,204,99714,204,101283,100,99592,100,101378,100,99235,100,101402,100,,,101637,100,,,,,,,,,,
2019-06-28 12:56:23.165059036,101029,204,100695,301,101052,204,100599,204,101185,204,99912,490,101241,204,99714,204,101283,100,99592,100,101378,100,99235,100,101402,100,,,101512,100,,,101637,100,,,,,,
2019-06-28 12:56:23.899480099,101029,104,100695,301,101052,204,100599,204,101185,204,99912,490,101241,204,99714,204,101378,100,99592,100,101402,100,99235,100,101512,100,,,101637,100,,,,,,,,,,
2019-06-28 12:56:30.000000000,101052,241,100695,338,101185,237,100599,237,101241,237,99912,523,101378,100,99714,100,101402,100,99592,100,101512,100,99235,100,101637,100,,,,,,,,,,,,,,
2019-06-28 12:56:39.807903488,101052,141,100695,338,101185,237,100599,237,101241,237,99912,523,101378,100,99714,100,101402,100,99592,100,101512,100,99235,100,101637,100,,,,,,,,,,,,,,
2019-06-28 12:56:40.000000000,101185,183,100695,280,101241,183,100599,183,101378,183,99912,469,101402,183,99714,183,101512,183,99592,183,101637,100,99235,100,,,,,,,,,,,,,,,,
2019-06-28 12:56:50.000000000,101185,241,100695,338,101241,237,100599,237,101378,237,99912,523,101402,100,99714,100,101512,100,99592,100,101637,100,99235,100,,,,,,,,,,,,,,,,
2019-06-28 12:57:00.000000000,101185,73,100695,279,101241,183,100599,183,101378,183,99912,469,101402,183,99714,183,101512,183,99592,183,101637,100,99235,100,,,,,,,,,,,,,,,,
2019-06-28 12:57:03.631370428,101185,73,100695,279,101241,183,100599,183,101378,183,99912,469,101402,183,99714,183,101512,183,99592,183,101609,100,99235,100,101637,100,,,,,,,,,,,,,,
2019-06-28 12:57:10.000000000,101241,307,100695,403,101378,307,100599,307,101402,100,99912,386,101512,100,99714,100,101609,100,99592,100,101637,100,99235,100,,,,,,,,,,,,,,,,
2019-06-28 12:57:10.046709469,101241,207,100695,403,101378,307,100599,307,101402,100,99912,386,101512,100,99714,100,101609,100,99592,100,101637,100,,,,,,,,,,,,,,,,,,
2019-06-28 12:57:10.336550295,101241,207,100696,100,101378,307,100695,403,101402,100,100599,307,101512,100,99912,300,101609,100,99714,100,101637,100,99592,100,,,,,,,,,,,,,,,,
2019-06-28 12:57:18.927122243,101241,107,100696,100,101378,307,100695,403,101402,100,100599,307,101512,100,99912,300,101609,100,99714,100,101637,100,99592,100,,,,,,,,,,,,,,,,
2019-06-28 12:57:20.000000000,101378,183,100696,183,101402,183,100695,279,101512,183,100599,183,101609,183,99912,383,101637,183,99714,183,,,99592,100,,,,,,,,,,,,,,,,
2019-06-28 12:57:30.000000000,101378,307,100696,307,101402,307,100695,403,101512,100,100599,100,101609,100,99912,300,101637,100,99714,100,,,99592,100,,,,,,,,,,,,,,,,
2019-06-28 12:57:40.000000000,101378,183,100696,183,101402,183,100695,279,101512,183,100599,183,101609,183,99912,383,101637,183,99714,183,,,99592,100,,,,,,,,,,,,,,,,
2019-06-28 12:57:50.000000000,101378,514,100696,514,101402,100,100695,196,101512,100,100599,100,101609,100,99912,300,101637,100,99714,100,,,99592,100,,,,,,,,,,,,,,,,
2019-06-28 12:57:54.711847537,101378,514,100696,514,101402,100,100695,196,101512,100,100599,100,101609,100,99912,200,101637,100,99714,100,,,99592,100,,,,,,,,,,,,,,,,
2019-06-28 12:58:00.000000000,101378,131,100696,240,101402,237,100695,333,101512,237,100599,237,101609,100,99912,200,101637,100,99714,100,,,99592,100,,,,,,,,,,,,,,,,
2019-06-28 12:58:10.000000000,101402,204,100696,203,101512,204,100695,300,101609,204,100599,204,101637,204,99912,304,,,99714,100,,,99592,100,,,,,,,,,,,,,,,,
2019-06-28 12:58:14.218588286,100951,100,100696,203,101402,204,100695,204,101512,204,100599,204,101609,204,99912,304,101637,204,99714,100,,,99592,100,,,,,,,,,,,,,,,,
2019-06-28 12:58:16.401564803,100951,100,100696,203,101101,100,100695,204,101402,204,100599,204,101512,204,99912,304,101609,204,99714,100,101637,204,99592,100,,,,,,,,,,,,,,,,
2019-06-28 12:58:20.000000000,100951,204,100696,203,101101,204,100695,204,101402,204,100599,204,101512,204,99912,304,101609,100,99714,100,101637,100,99592,100,,,,,,,,,,,,,,,,
2019-06-28 12:58:23.065120556,100951,204,100696,303,101101,204,100695,204,101402,204,100599,204,101512,204,99912,304,101609,100,99714,100,101637,100,99592,100,,,,,,,,,,,,,,,,
2019-06-28 12:58:27.087783115,100951,204,100696,403,101101,204,100695,204,101402,204,100599,204,101512,204,99912,204,101609,100,99714,100,101637,100,99592,100,,,,,,,,,,,,,,,,
2019-06-28 12:58:30.000000000,100951,241,100696,440,101101,237,100695,237,101402,237,100599,237,101512,100,99912,100,101609,100,99714,100,101637,100,99592,100,,,,,,,,,,,,,,,,
2019-06-28 12:58:31.116855222,100951,241,100696,440,101101,237,100695,237,101125,100,100599,237,101402,237,99912,100,101512,100,99714,100,101609,100,99592,100,101637,100,,,,,,,,,,,,,,
2019-06-28 12:58:40.000000000,100951,514,100696,713,101101,100,100695,100,101125,100,100599,100,101402,100,99912,100,101512,100,99714,100,101609,100,99592,100,101637,100,,,,,,,,,,,,,,
2019-06-28 12:58:40.542924372,100951,514,100696,713,101101,100,100695,100,101125,100,100599,100,101314,100,99912,100,101402,100,99714,100,101512,100,99592,100,101609,100,,,101637,100,,,,,,,,,,
2019-06-28 12:58:50.000000000,100951,307,100696,506,101101,307,100695,307,101125,100,100599,100,101314,100,99912,100,101402,100,99714,100,101512,100,99592,100,101609,100,,,101637,100,,,,,,,,,,
2019-06-28 12:58:59.176139211,100951,307,100900,100,101101,307,100696,506,101125,100,100695,307,101314,100,100599,100,101402,100,99912,100,101512,100,99714,100,101609,100,99592,100,101637,100,,,,,,,,,,
2019-06-28 12:59:00.000000000,100951,94,100900,203,101101,204,100696,403,101125,204,100695,204,101314,204,100599,204,101402,100,99912,100,101512,100,99714,100,101609,100,99592,100,101637,100,,,,,,,,,,
2019-06-28 12:59:10.000000000,101101,514,100900,513,101125,100,100696,299,101314,100,100695,100,101402,100,100599,100,101512,100,99912,100,101609,100,99714,100,101637,100,99592,100,,,,,,,,,,,,
2019-06-28 12:59:15.872503898,100951,100,100900,513,101101,514,100696,299,101125,100,100695,100,101314,100,100599,100,101402,100,99912,100,101512,100,99714,100,101609,100,99592,100,101637,100,,,,,,,,,,
2019-06-28 12:59:20.000000000,100951,514,100900,513,101101,100,100696,299,101125,100,100695,100,101314,100,100599,100,101402,100,99912,100,101512,100,99714,100,101609,100,99592,100,101637,100,,,,,,,,,,
2019-06-28 12:59:30.000000000,100951,183,100900,182,101101,183,100696,382,101125,183,100695,183,101314,183,100599,183,101402,183,99912,183,101512,100,99714,100,101609,100,99592,100,101637,100,,,,,,,,,,
2019-06-28 12:59:40.000000000,100951,204,100900,203,101101,204,100696,403,101125,204,100695,204,101314,204,100599,204,101402,100,99912,100,101512,100,99714,100,101609,100,99592,100,101637,100,,,,,,,,,,
2019-06-28 12:59:50.000000000,100951,241,100900,240,101101,237,100696,436,101125,237,100695,237,101314,100,100599,100,101402,100,99912,100,101512,100,99714,100,101609,100,99592,100,101637,100,,,,,,,,,,
2019-06-28 13:00:00.000000000,100951,197,100900,305,101101,307,100696,506,101125,100,100695,100,101314,100,100599,100,101402,100,99912,100,101512,100,99714,100,101609,100,99592,100,101637,100,,,,,,,,,,
2019-06-28 13:00:10.000000000,101101,307,100900,305,101125,307,100696,506,101314,100,100695,100,101402,100,100599,100,101512,100,99912,100,101609,100,99714,100,101637,100,99592,100,,,,,,,,,,,,
2019-06-28 13:00:20.000000000,101101,514,100900,512,101125,100,100696,299,101314,100,100695,100,101402,100,100599,100,101512,100,99912,100,101609,100,99714,100,101637,100,99592,100,,,,,,,,,,,,
2019-06-28 13:00:30.000000000,101101,183,100900,181,101125,183,100696,382,101314,183,100695,183,101402,183,100599,183,101512,183,99912,183,101609,100,99714,100,101637,100,99592,100,,,,,,,,,,,,
2019-06-28 13:00:37.323153600,101101,183,100900,181,101125,183,100696,382,101213,100,100695,183,101314,183,100599,183,101402,183,99912,183,101512,183,99714,100,101609,100,99592,100,101637,100,,,,,,,,,,
2019-06-28 13:00:39.109955499,101101,183,100900,281,101125,183,100696,382,101213,100,100695,83,101314,183,100599,183,101402,183,99912,183,101512,183,99714,100,101609,100,99592,100,101637,100,,,,,,,,,,
2019-06-28 13:00:40.000000000,101101,514,100900,612,101125,100,100696,299,101213,100,100599,100,101314,100,99912,100,101402,100,99714,100,101512,100,99592,100,101609,100,,,101637,100,,,,,,,,,,
2019-06-28 13:00:50.000000000,101101,514,100900,612,101125,100,100696,299,101213,100,100599,100,101314,100,99912,100,101402,100,99714,100,101512,100,99592,100,101609,100,,,101637,100,,,,,,,,,,
2019-06-28 13:01:00.000000000,101101,73,100900,280,101125,183,100696,382,101213,183,100599,183,101314,183,99912,183,101402,183,99714,183,101512,100,99592,100,101609,100,,,101637,100,,,,,,,,,,
2019-06-28 13:01:10.000000000,101125,241,100900,338,101213,237,100696,436,101314,237,100599,237,101402,100,99912,100,101512,100,99714,100,101609,100,99592,100,101637,100,,,,,,,,,,,,,,
2019-06-28 13:01:15.899189713,101125,241,100900,438,101213,237,100696,436,101314,237,100599,237,101402,100,99912,100,101512,100,99714,100,101609,100,99592,100,101637,100,,,,,,,,,,,,,,
2019-06-28 13:01:20.000000000,101125,204,100900,401,101213,204,100696,403,101314,204,100599,204,101402,204,99912,204,101512,100,99714,100,101609,100,99592,100,101637,100,,,,,,,,,,,,,,
2019-06-28 13:01:30.000000000,101125,183,100900,380,101213,183,100696,382,101314,183,100599,183,101402,183,99912,183,101512,183,99714,183,101609,100,99592,100,101637,100,,,,,,,,,,,,,,
2019-06-28 13:01:40.000000000,101125,183,100900,380,101213,183,100696,382,101314,183,100599,183,101402,183,99912,183,101512,183,99714,183,101609,100,99592,100,101637,100,,,,,,,,,,,,,,
2019-06-28 13:01:50.000000000,101125,183,100900,380,101213,183,100696,382,101314,183,100599,183,101402,183,99912,183,101512,183,99714,183,101609,100,99592,100,101637,100,,,,,,,,,,,,,,
2019-06-28 13:01:55.881274221,101125,183,100900,380,101213,183,100696,382,101314,183,100599,183,101402,183,99912,183,101512,183,99714,183,101609,100,99592,100,101637,100,,,,,,,,,,,,,,
2019-06-28 13:01:56.496689410,101125,183,100900,380,101158,100,100696,382,101213,183,100599,183,101314,183,99912,183,101402,183,99714,183,101512,183,99592,100,101609,100,,,101637,100,,,,,,,,,,
2019-06-28 13:02:00.000000000,101125,404,100900,710,101158,100,100696,299,101213,100,100599,100,101314,100,99912,100,101402,100,99714,100,101512,100,99592,100,101609,100,,,101637,100,,,,,,,,,,
2019-06-28 13:02:10.000000000,101158,514,100900,710,101213,100,100696,299,101314,100,100599,100,101402,100,99912,100,101512,100,99714,100,101609,100,99592,100,101637,100,,,,,,,,,,,,,,
2019-06-28 13:02:20.000000000,101158,183,100900,379,101213,183,100696,382,101314,183,100599,183,101402,183,99912,183,101512,183,99714,183,101609,100,99592,100,101637,100,,,,,,,,,,,,,,
2019-06-28 13:02:23.866233698,101158,183,100900,479,101213,183,100696,382,101314,183,100599,183,101402,183,99912,183,101512,183,99714,183,101609,100,99592,100,101637,100,,,,,,,,,,,,,,
2019-06-28 13:02:29.636129237,101022,100,100900,479,101158,183,100696,382,101213,183,100599,183,101314,183,99912,183,101402,183,99714,183,101512,183,99592,100,101609,100,,,101637,100,,,,,,,,,,
2019-06-28 13:02:30.000000000,101022,307,100900,603,101158,307,100696,506,101213,100,100599,100,101314,100,99912,100,101402,100,99714,100,101512,100,99592,100,101609,100,,,101637,100,,,,,,,,,,
2019-06-28 13:02:40.000000000,101022,183,100900,479,101158,183,100696,382,101213,183,100599,183,101314,183,99912,183,101402,183,99714,183,101512,100,99592,100,101609,100,,,101637,100,,,,,,,,,,
2019-06-28 13:02:50.000000000,101022,514,100900,810,101158,100,100696,299,101213,100,100599,100,101314,100,99912,100,101402,100,99714,100,101512,100,99592,100,101609,100,,,101637,100,,,,,,,,,,
2019-06-28 13:02:53.901686398,101001,100,100900,810,101022,514,100696,299,101158,100,100599,100,101213,100,99912,100,101314,100,99714,100,101402,100,99592,100,101512,100,,,101609,100,,,101637,100,,,,,,
2019-06-28 13:03:00.000000000,101001,73,100900,478,101022,183,100696,382,101158,183,100599,183,101213,183,99912,183,101314,183,99714,183,101402,100,99592,100,101512,100,,,101609,100,,,101637,100,,,,,,
2019-06-28 13:03:10.000000000,101022,307,100900,602,101158,307,100696,506,101213,100,100599,100,101314,100,99912,100,101402,100,99714,100,101512,100,99592,100,101609,100,,,101637,100,,,,,,,,,,
2019-06-28 13:03:20.000000000,101022,204,100900,499,101158,204,100696,403,101213,204,100599,204,101314,204,99912,204,101402,100,99714,100,101512,100,99592,100,101609,100,,,101637,100,,,,,,,,,,
2019-06-28 13:03:26.993913193,101022,204,100900,499,101158,204,100696,403,101213,204,100599,204,101314,204,100426,100,101402,100,99912,204,101512,100,99714,100,101609,100,99592,100,101637,100,,,,,,,,,,
2019-06-28 13:03:30.000000000,101022,204,100900,499,101158,204,100696,403,101213,204,100599,204,101314,204,100426,204,101402,100,99912,100,101512,100,99714,100,101609,100,99592,100,101637,100,,,,,,,,,,
2019-06-28 13:03:40.000000000,101022,204,100900,499,101158,204,100696,403,101213,204,100599,204,101314,204,100426,204,101402,100,99912,100,101512,100,99714,100,101609,100,99592,100,101637,100,,,,,,,,,,
2019-06-28 13:03:50.000000000,101022,204,100900,499,101158,204,100696,403,101213,204,100599,204,101314,204,100426,204,101402,100,99912,100,101512,100,99714,100,101609,100,99592,100,101637,100,,,,,,,,,,
2019-06-28 13:04:00.000000000,101022,404,100900,808,101158,100,100696,299,101213,100,100599,100,101314,100,100426,100,101402,100,99912,100,101512,100,99714,100,101609,100,99592,100,101637,100,,,,,,,,,,
2019-06-28 13:04:10.000000000,101158,204,100900,498,101213,204,100696,403,101314,204,100599,204,101402,204,100426,204,101512,100,99912,100,101609,100,99714,100,101637,100,99592,100,,,,,,,,,,,,
2019-06-28 13:04:20.000000000,101158,241,100900,535,101213,237,100696,436,101314,237,100599,237,101402,100,100426,100,101512,100,99912,100,101609,100,99714,100,101637,100,99592,100,,,,,,,,,,,,
2019-06-28 13:04:27.524126551,101158,241,100900,535,101213,237,100891,100,101314,237,100696,436,101402,100,100599,237,101512,100,100426,100,101609,100,99912,100,101637,100,99714,100,,,99592,100,,,,,,,,
2019-06-28 13:04:30.000000000,101158,204,100900,498,101213,204,100891,204,101314,204,100696,403,101402,204,100599,204,101512,100,100426,100,101609,100,99912,100,101637,100,99714,100,,,99592,100,,,,,,,,
2019-06-28 13:04:36.270865866,101158,104,100900,498,101213,204,100891,104,101314,204,100696,403,101402,204,100599,204,101512,100,100426,100,101609,100,99912,100,101637,100,99714,100,,,99592,100,,,,,,,,
2019-06-28 13:04:40.000000000,101213,241,100900,535,101314,237,100696,436,101402,237,100599,237,101512,100,100426,100,101609,100,99912,100,101637,100,99714,100,,,99592,100,,,,,,,,,,,,
2019-06-28 13:04:50.000000000,101213,514,100900,808,101314,100,100696,299,101402,100,100599,100,101512,100,100426,100,101609,100,99912,100,101637,100,99714,100,,,99592,100,,,,,,,,,,,,
2019-06-28 13:05:00.000000000,101213,404,100900,807,101314,100,100696,299,101402,100,100599,100,101512,100,100426,100,101609,100,99912,100,101637,100,99714,100,,,99592,100,,,,,,,,,,,,
2019-06-28 13:05:10.000000000,101314,241,100900,534,101402,237,100696,436,101512,237,100599,237,101609,100,100426,100,101637,100,99912,100,,,99714,100,,,99592,100,,,,,,,,,,,,
2019-06-28 13:05:14.957959190,101314,241,101186,100,101402,237,100900,534,101512,237,100696,436,101609,100,100599,237,101637,100,100426,100,,,99912,100,,,99714,100,,,99592,100,,,,,,,,
2019-06-28 13:05:20.000000000,101314,204,101186,204,101402,204,100900,497,101512,204,100696,403,101609,204,100599,204,101637,100,100426,100,,,99912,100,,,99714,100,,,99592,100,,,,,,,,
2019-06-28 13:05:29.672065146,101314,104,101186,204,101402,204,100900,497,101512,204,100696,403,101609,204,100599,204,101637,100,100426,100,,,99912,100,,,99714,100,,,99592,100,,,,,,,,
2019-06-28 13:05:30.000000000,101402,241,101186,241,101512,237,100900,530,101609,237,100696,436,101637,100,100599,100,,,100426,100,,,99912,100,,,99714,100,,,99592,100,,,,,,,,
2019-06-28 13:05:40.000000000,101402,241,101186,241,101512,237,100900,530,101609,237,100696,436,101637,100,100599,100,,,100426,100,,,99912,100,,,99714,100,,,99592,100,,,,,,,,
2019-06-28 13:05:48.143866533,101402,241,101186,241,101512,237,100900,530,101609,237,100696,436,101612,100,100599,100,101637,100,100426,100,,,99912,100,,,99714,100,,,99592,100,,,,,,,,
2019-06-28 13:05:50.000000000,101402,204,101186,204,101512,204,100900,497,101609,204,100696,403,101612,204,100599,204,101637,100,100426,100,,,99912,100,,,99714,100,,,99592,100,,,,,,,,
2019-06-28 13:06:00.000000000,101402,131,101186,240,101512,237,100900,530,101609,237,100696,436,101612,100,100599,100,101637,100,100426,100,,,99912,100,,,99714,100,,,99592,100,,,,,,,,
2019-06-28 13:06:10.000000000,101512,514,101186,513,101609,100,100900,393,101612,100,100696,299,101637,100,100599,100,,,100426,100,,,99912,100,,,99714,100,,,99592,100,,,,,,,,
2019-06-28 13:06:18.294568496,101512,514,101186,513,101609,100,100900,393,101612,100,100696,299,101745,100,100599,100,,,100426,100,,,99912,100,,,99714,100,,,99592,100,,,,,,,,
2019-06-28 13:06:20.000000000,101512,307,101186,306,101609,307,100900,600,101612,100,100696,299,101745,100,100599,100,,,100426,100,,,99912,100,,,99714,100,,,99592,100,,,,,,,,
2019-06-28 13:06:24.081370440,101475,100,101186,306,101512,307,100900,600,101609,307,100696,299,101612,100,100599,100,101745,100,100426,100,,,99912,100,,,99714,100,,,99592,100,,,,,,,,
2019-06-28 13:06:30.000000000,101475,307,101186,306,101512,307,100900,600,101609,100,100696,299,101612,100,100599,100,101745,100,100426,100,,,99912,100,,,99714,100,,,99592,100,,,,,,,,
2019-06-28 13:06:40.000000000,101475,514,101186,513,101512,100,100900,393,101609,100,100696,299,101612,100,100599,100,101745,100,100426,100,,,99912,100,,,99714,100,,,99592,100,,,,,,,,
2019-06-28 13:06:42.318225223,101402,100,101186,513,101475,514,100900,393,101512,100,100696,299,101609,100,100599,100,101612,100,100426,100,101745,100,99912,100,,,99714,100,,,99592,100,,,,,,,,
2019-06-28 13:06:45.347493344,101402,200,101186,513,101475,514,100900,393,101512,100,100696,299,101609,100,100599,100,101612,100,100426,100,101745,100,99912,100,,,99714,100,,,99592,100,,,,,,,,
2019-06-28 13:06:50.000000000,101402,341,101186,240,101475,237,100900,530,101512,237,100696,436,101609,100,100599,100,101612,100,100426,100,101745,100,99912,100,,,99714,100,,,99592,100,,,,,,,,
2019-06-28 13:06:56.898159640,101402,241,101186,340,101475,237,100900,530,101512,237,100696,436,101609,100,100599,100,101612,100,100426,100,101745,100,99912,100,,,99714,100,,,99592,100,,,,,,,,
2019-06-28 13:07:00.000000000,101402,94,101186,303,101475,204,100900,497,101512,204,100696,403,101609,204,100599,204,101612,100,100426,100,101745,100,99912,100,,,99714,100,,,99592,100,,,,,,,,
2019-06-28 13:07:10.000000000,101475,307,101186,406,101512,307,100900,600,101609,100,100696,299,101612,100,100599,100,101745,100,100426,100,,,99912,100,,,99714,100,,,99592,100,,,,,,,,
2019-06-28 13:07:20.000000000,101475,514,101186,613,101512,100,100900,393,101609,100,100696,299,101612,100,100599,100,101745,100,100426,100,,,99912,100,,,99714,100,,,99592,100,,,,,,,,
2019-06-28 13:07:26.445401723,101475,514,101186,613,101512,100,100900,393,101609,100,100696,299,101612,100,100599,100,101745,100,100426,100,102088,100,99912,100,,,99714,100,,,99592,100,,,,,,,,
2019-06-28 13:07:30.000000000,101475,204,101186,303,101512,204,100900,497,101609,204,100696,403,101612,204,100599,204,101745,100,100426,100,102088,100,99912,100,,,99714,100,,,99592,100,,,,,,,,
2019-06-28 13:07:40.000000000,101475,204,101186,303,101512,204,100900,497,101609,204,100696,403,101612,204,100599,204,101745,100,100426,100,102088,100,99912,100,,,99714,100,,,99592,100,,,,,,,,
2019-06-28 13:07:50.000000000,101475,307,101186,406,101512,307,100900,600,101609,100,100696,299,101612,100,100599,100,101745,100,100426,100,102088,100,99912,100,,,99714,100,,,99592,100,,,,,,,,
2019-06-28 13:07:55.824708127,101475,307,101402,100,101512,307,101186,406,101609,100,100900,600,101612,100,100696,299,101745,100,100599,100,102088,100,100426,100,,,99912,100,,,99714,100,,,99592,100,,,,
2019-06-28 13:07:57.375560786,101475,307,101402,200,101512,307,101186,406,101609,100,100900,600,101612,100,100696,299,101745,100,100599,100,102088,100,100426,100,,,99912,100,,,99714,100,,,99592,100,,,,
2019-06-28 13:08:00.000000000,101475,94,101402,304,101512,204,101186,303,101609,204,100900,497,101612,204,100696,403,101745,100,100599,100,102088,100,100426,100,,,99912,100,,,99714,100,,,99592,100,,,,
2019-06-28 13:08:10.000000000,101512,241,101402,341,101609,237,101186,336,101612,237,100900,530,101745,100,100696,299,102088,100,100599,100,,,100426,100,,,99912,100,,,99714,100,,,99592,100,,,,
2019-06-28 13:08:20.000000000,101512,307,101402,407,101609,307,101186,406,101612,100,100900,393,101745,100,100696,299,102088,100,100599,100,,,100426,100,,,99912,100,,,99714,100,,,99592,100,,,,
2019-06-28 13:08:22.434733441,101512,307,101466,100,101609,307,101402,407,101612,100,101186,406,101745,100,100900,393,102088,100,100696,299,,,100599,100,,,100426,100,,,99912,100,,,99714,100,,,99592,100
2019-06-28 13:08:30.000000000,101512,241,101466,241,101609,237,101402,337,101612,237,101186,336,101745,100,100900,393,102088,100,100696,299,,,100599,100,,,100426,100,,,99912,100,,,99714,100,,,99592,100
2019-06-28 13:08:40.000000000,101512,307,101466,307,101609,307,101402,407,101612,100,101186,199,101745,100,100900,393,102088,100,100696,299,,,100599,100,,,100426,100,,,99912,100,,,99714,100,,,99592,100
2019-06-28 13:08:50.000000000,101512,183,101466,183,101609,183,101402,283,101612,183,101186,282,101745,183,100900,476,102088,183,100696,382,,,100599,100,,,100426,100,,,99912,100,,,99714,100,,,99592,100
2019-06-28 13:09:00.000000000,101512,131,101466,241,101609,237,101402,337,101612,237,101186,336,101745,100,100900,393,102088,100,100696,299,,,100599,100,,,100426,100,,,99912,100,,,99714,100,,,99592,100
2019-06-28 13:09:10.000000000,101609,204,101466,204,101612,204,101402,304,101745,204,101186,303,102088,204,100900,497,,,100696,299,,,100599,100,,,100426,100,,,99912,100,,,99714,100,,,99592,100
2019-06-28 13:09:16.441364124,101609,104,101466,204,101612,204,101402,304,101745,204,101186,303,102088,204,100900,497,,,100696,299,,,100599,100,,,100426,100,,,99912,100,,,99714,100,,,99592,100
2019-06-28 13:09:20.000000000,101612,204,101466,204,101745,204,101402,304,102088,204,101186,303,102089,104,100900,497,,,100696,299,,,100599,100,,,100426,100,,,99912,100,,,99714,100,,,99592,100
2019-06-28 13:09:30.000000000,101612,307,101466,307,101745,307,101402,407,102088,100,101186,199,,,100900,393,,,100696,299,,,100599,100,,,100426,100,,,99912,100,,,99714,100,,,99592,100
2019-06-28 13:09:40.000000000,101612,307,101466,307,101745,307,101402,407,102088,100,101186,199,,,100900,393,,,100696,299,,,100599,100,,,100426,100,,,99912,100,,,99714,100,,,99592,100
2019-06-28 13:09:45.537818690,101612,307,101466,307,101745,307,101402,407,102088,100,101393,100,,,101186,199,,,100900,393,,,100696,299,,,100599,100,,,100426,100,,,99912,100,,,99714,100
2019-06-28 13:09:46.794565594,101612,307,101466,307,101745,307,101402,407,101826,100,101393,100,102088,100,101186,199,,,100900,393,,,100696,299,,,100599,100,,,100426,100,,,99912,100,,,99714,100
2019-06-28 13:09:50.000000000,101612,241,101466,241,101745,237,101402,337,101826,237,101393,237,102088,100,101186,199,,,100900,393,,,100696,299,,,100599,100,,,100426,100,,,99912,100,,,99714,100
2019-06-28 13:10:00.000000000,101612,404,101466,514,101745,100,101402,200,101826,100,101393,100,102088,100,101186,199,,,100900,393,,,100696,299,,,100599,100,,,100426,100,,,99912,100,,,99714,100
2019-06-28 13:10:10.000000000,101745,204,101466,204,101826,204,101402,304,102088,204,101393,204,102089,104,101186,303,,,100900,393,,,100696,299,,,100599,100,,,100426,100,,,99912,100,,,99714,100
2019-06-28 13:10:15.194076258,101745,204,101612,100,101826,204,101466,204,102088,204,101402,304,102089,104,101393,204,,,101186,303,,,100900,393,,,100696,299,,,100599,100,,,100426,100,,,99912,100
2019-06-28 13:10:20.000000000,101745,183,101612,183,101826,183,101466,183,102088,183,101402,283,102089,83,101393,183,,,101186,282,,,100900,393,,,100696,299,,,100599,100,,,100426,100,,,99912,100
2019-06-28 13:10:20.624542562,101745,183,101612,183,101826,183,101592,100,102088,183,101466,183,102089,83,101402,283,,,101393,183,,,101186,282,,,100900,393,,,100696,299,,,100599,100,,,100426,100
2019-06-28 13:10:30.000000000,101745,204,101612,204,101826,204,101592,204,102088,204,101466,204,102089,104,101402,304,,,101393,100,,,101186,199,,,100900,393,,,100696,299,,,100599,100,,,100426,100
2019-06-28 13:10:39.357092962,101745,204,101612,204,101826,204,101592,204,102088,204,101466,204,102089,104,101402,304,,,101393,100,,,101186,199,,,100900,293,,,100696,299,,,100599,100,,,100426,100
2019-06-28 13:10:40.000000000,101745,183,101612,183,101826,183,101592,183,102088,183,101466,183,102089,83,101402,283,,,101393,183,,,101186,199,,,100900,293,,,100696,299,,,100599,100,,,100426,100
2019-06-28 13:10:42.422589143,101745,183,101612,183,101826,183,101592,183,102088,183,101466,183,102089,83,101402,183,,,101393,183,,,101186,199,,,100900,293,,,100696,299,,,100599,100,,,100426,100
2019-06-28 13:10:50.000000000,101745,183,101612,183,101826,183,101592,183,102088,183,101466,183,102089,83,101402,183,,,101393,183,,,101186,199,,,100900,293,,,100696,299,,,100599,100,,,100426,100
2019-06-28 13:11:00.000000000,101745,73,101612,183,101826,183,101592,183,102088,183,101466,183,102089,83,101402,183,,,101393,183,,,101186,199,,,100900,293,,,100696,299,,,100599,100,,,100426,100
2019-06-28 13:11:03.562446965,101745,73,101612,183,101826,183,101592,183,102088,183,101466,183,102089,83,101402,183,,,101393,183,,,101186,99,,,100900,293,,,100696,299,,,100599,100,,,100426,100
2019-06-28 13:11:08.018324497,101689,100,101612,183,101745,73,101592,183,101826,183,101466,183,102088,183,101402,183,102089,83,101393,183,,,101186,99,,,100900,293,,,100696,299,,,100599,100,,,100426,100
2019-06-28 13:11:10.000000000,101689,241,101612,241,101826,237,101592,237,102088,237,101466,237,,,101402,100,,,101393,100,,,101186,99,,,100900,293,,,100696,299,,,100599,100,,,100426,100
2019-06-28 13:11:10.816131319,101689,241,101612,241,101826,237,101592,237,102088,237,101466,237,,,101462,100,,,101402,100,,,101393,100,,,101186,99,,,100900,293,,,100696,299,,,100599,100
2019-06-28 13:11:20.000000000,101689,204,101612,204,101826,204,101592,204,102088,204,101466,204,102089,104,101462,204,,,101402,100,,,101393,100,,,101186,99,,,100900,293,,,100696,299,,,100599,100
2019-06-28 13:11:20.907066961,101689,204,101612,104,101745,100,101592,204,101826,204,101466,204,102088,204,101462,204,102089,104,101402,100,,,101393,100,,,101186,99,,,100900,293,,,100696,299,,,100599,100
2019-06-28 13:11:24.106910254,101689,204,101612,4,101745,100,101592,204,101826,204,101466,204,102088,204,101462,204,102089,104,101402,100,,,101393,100,,,101186,99,,,100900,293,,,100696,299,,,100599,100
2019-06-28 13:11:24.794866754,101689,204,101612,4,101700,100,101592,204,101745,100,101466,204,101826,204,101462,204,102088,204,101402,100,102089,104,101393,100,,,101186,99,,,100900,293,,,100696,299,,,100599,100
2019-06-28 13:11:30.000000000,101689,204,101592,204,101700,204,101466,204,101745,204,101462,204,101826,204,101402,204,102088,100,101393,100,,,101186,99,,,100900,293,,,100696,299,,,100599,100,,,100426,100
2019-06-28 13:11:30.560992042,101689,204,101592,204,101700,204,101466,204,101745,204,101462,204,101826,204,101402,204,102088,100,101393,100,,,101320,100,,,101186,99,,,100900,293,,,100696,299,,,100599,100
2019-06-28 13:11:37.275640736,101672,100,101592,204,101689,204,101466,204,101700,204,101462,204,101745,204,101402,204,101826,204,101393,100,102088,100,101320,100,,,101186,99,,,100900,293,,,100696,299,,,100599,100
2019-06-28 13:11:37.609090871,101672,100,101592,204,101689,204,101497,100,101700,204,101466,204,101745,204,101462,204,101826,204,101402,204,102088,100,101393,100,,,101320,100,,,101186,99,,,100900,293,,,100696,299
2019-06-28 13:11:40.000000000,101672,183,101592,183,101689,183,101497,183,101700,183,101466,183,101745,183,101462,183,101826,183,101402,183,102088,100,101393,100,,,101320,100,,,101186,99,,,100900,293,,,100696,299
2019-06-28 13:11:40.074182991,101672,183,101654,100,101689,183,101592,183,101700,183,101497,183,101745,183,101466,183,101826,183,101462,183,102088,100,101402,183,,,101393,100,,,101320,100,,,101186,99,,,100900,293
2019-06-28 13:11:49.319205048,101672,183,101592,183,101689,183,101497,183,101700,183,101466,183,101745,183,101462,183,101826,183,101402,183,102088,100,101393,100,,,101320,100,,,101186,99,,,100900,293,,,100696,299
2019-06-28 13:11:50.000000000,101672,514,101592,514,101689,100,101497,100,101700,100,101466,100,101745,100,101462,100,101826,100,101402,100,102088,100,101393,100,,,101320,100,,,101186,99,,,100900,293,,,100696,299
2019-06-28 13:11:51.863866638,101672,414,101592,514,101689,100,101497,100,101700,100,101466,100,101745,100,101462,100,101826,100,101402,100,102088,100,101393,100,,,101360,100,,,101320,100,,,101186,99,,,100900,293
2019-06-28 13:12:00.000000000,101689,131,101592,241,101700,237,101497,237,101745,237,101466,237,101826,100,101462,100,102088,100,101402,100,,,101393,100,,,101360,100,,,101320,100,,,101186,99,,,100900,293
2019-06-28 13:12:10.000000000,101700,307,101592,307,101745,307,101497,307,101826,100,101466,100,102088,100,101462,100,,,101402,100,,,101393,100,,,101360,100,,,101320,100,,,101186,99,,,100900,293
2019-06-28 13:12:20.000000000,101700,307,101592,307,101745,307,101497,307,101826,100,101466,100,102088,100,101462,100,,,101402,100,,,101393,100,,,101360,100,,,101320,100,,,101186,99,,,100900,293
2019-06-28 13:12:30.000000000,101700,183,101592,183,101745,183,101497,183,101826,183,101466,183,102088,183,101462,183,102089,83,101402,183,,,101393,100,,,101360,100,,,101320,100,,,101186,99,,,100900,293
2019-06-28 13:12:40.000000000,101700,241,101592,241,101745,237,101497,237,101826,237,101466,237,102088,100,101462,100,,,101402,100,,,101393,100,,,101360,100,,,101320,100,,,101186,99,,,100900,293
2019-06-28 13:12:50.000000000,101700,514,101592,514,101745,100,101497,100,101826,100,101466,100,102088,100,101462,100,,,101402,100,,,101393,100,,,101360,100,,,101320,100,,,101186,99,,,100900,293
2019-06-28 13:13:00.000000000,101700,73,101592,183,101745,183,101497,183,101826,183,101466,183,102088,183,101462,183,102089,83,101402,183,,,101393,100,,,101360,100,,,101320,100,,,101186,99,,,100900,293
2019-06-28 13:13:02.394491518,101700,73,101592,183,101745,183,101497,183,101826,183,101466,183,102088,183,101462,183,102089,83,101402,183,,,101393,100,,,101360,100,,,101320,100,,,101186,99,,,100900,293
2019-06-28 13:13:10.000000000,101745,204,101592,204,101826,204,101497,204,102088,204,101466,204,102089,104,101462,204,,,101402,100,,,101393,100,,,101360,100,,,101320,100,,,101186,99,,,100900,293
2019-06-28 13:13:11.882511712,101700,100,101592,204,101745,204,101497,204,101826,204,101466,204,102088,204,101462,204,102089,104,101402,100,,,101393,100,,,101360,100,,,101320,100,,,101186,99,,,100900,293
2019-06-28 13:13:13.117149721,101700,100,101592,204,101745,204,101497,204,101826,204,101466,204,102088,204,101462,204,102089,104,101402,100,,,101393,100,,,101360,100,,,101320,100,,,101186,99,,,100900,193
2019-06-28 13:13:15.594319440,101700,100,101592,104,101745,204,101497,204,101826,104,101466,204,102088,204,101462,204,102089,104,101402,100,,,101393,100,,,101360,100,,,101320,100,,,101186,99,,,100900,193
2019-06-28 13:13:20.000000000,101700,204,101497,204,101745,204,101466,204,102088,204,101462,204,102089,104,101402,204,,,101393,100,,,101360,100,,,101320,100,,,101186,99,,,100900,193,,,100860,100
2019-06-28 13:13:30.000000000,101700,514,101497,514,101745,100,101466,100,102088,100,101462,100,,,101402,100,,,101393,100,,,101360,100,,,101320,100,,,101186,99,,,100900,193,,,100860,100
2019-06-28 13:13:39.758149946,101700,514,101497,514,101745,100,101462,100,102088,100,101402,100,,,101393,100,,,101360,100,,,101320,100,,,101186,99,,,101011,100,,,100900,193,,,100860,100
2019-06-28 13:13:40.000000000,101700,514,101497,514,101745,100,101462,100,102088,100,101402,100,,,101393,100,,,101360,100,,,101320,100,,,101186,99,,,101011,100,,,100900,193,,,100860,100
2019-06-28 13:13:46.752495105,101700,514,101497,514,101745,100,101462,100,102088,100,101393,100,,,101360,100,,,101320,100,,,101186,99,,,101011,100,,,100900,193,,,100860,100,,,100696,299
2019-06-28 13:13:49.123979316,101700,514,101497,414,101745,100,101462,100,102088,100,101393,100,,,101360,100,,,101320,100,,,101186,99,,,101011,100,,,100900,193,,,100860,100,,,100696,299
2019-06-28 13:13:50.000000000,101700,204,101462,204,101745,204,101393,204,102088,204,101360,204,102089,104,101320,204,,,101186,99,,,101011,100,,,100900,193,,,100860,100,,,100696,299,,,100599,100
2019-06-28 13:14:00.000000000,101700,197,101462,307,101745,307,101393,307,102088,100,101360,100,,,101320,100,,,101186,99,,,101011,100,,,100900,193,,,100860,100,,,100696,299,,,100599,100
2019-06-28 13:14:10.000000000,101745,204,101462,204,102088,204,101393,204,102089,104,101360,204,,,101320,204,,,101186,99,,,101011,100,,,100900,193,,,100860,100,,,100696,299,,,100599,100
2019-06-28 13:14:11.332886060,101745,204,101462,204,102088,204,101393,204,102089,104,101360,204,,,101320,204,,,101186,99,,,101011,100,,,100900,193,,,100860,100,,,100797,100,,,100696,299
2019-06-28 13:14:20.000000000,101745,307,101462,307,102088,307,101393,307,,,101360,100,,,101320,100,,,101186,99,,,101011,100,,,100900,193,,,100860,100,,,100797,100,,,100696,299
2019-06-28 13:14:23.934117342,101745,307,101462,307,102088,307,101393,307,,,101360,100,,,101320,100,,,101186,99,,,101011,100,,,100900,193,,,100860,100,,,100831,100,,,100797,100
2019-06-28 13:14:24.103267537,101700,100,101462,307,101745,307,101393,307,102088,307,101360,100,,,101320,100,,,101186,99,,,101011,100,,,100900,193,,,100860,100,,,100831,100,,,100797,100
2019-06-28 13:14:30.000000000,101700,514,101462,514,101745,100,101393,100,102088,100,101360,100,,,101320,100,,,101186,99,,,101011,100,,,100900,193,,,100860,100,,,100831,100,,,100797,100
2019-06-28 13:14:31.188152793,101700,514,101462,514,101745,100,101393,100,102088,100,101360,100,,,101320,100,,,101186,99,,,101114,100,,,101011,100,,,100900,193,,,100860,100,,,100831,100
2019-06-28 13:14:40.000000000,101700,183,101462,183,101745,183,101393,183,102088,183,101360,183,102089,83,101320,183,,,101186,182,,,101114,100,,,101011,100,,,100900,193,,,100860,100,,,100831,100
2019-06-28 13:14:50.000000000,101700,514,101462,514,101745,100,101393,100,102088,100,101360,100,,,101320,100,,,101186,99,,,101114,100,,,101011,100,,,100900,193,,,100860,100,,,100831,100
2019-06-28 13:15:00.000000000,101700,73,101462,183,101745,183,101393,183,102088,183,101360,183,102089,83,101320,183,,,101186,182,,,101114,100,,,101011,100,,,100900,193,,,100860,100,,,100831,100
2019-06-28 13:15:10.000000000,101745,514,101462,514,102088,100,101393,100,,,101360,100,,,101320,100,,,101186,99,,,101114,100,,,101011,100,,,100900,193,,,100860,100,,,100831,100
2019-06-28 13:15:14.428101239,101745,514,101462,514,102088,100,101393,100,,,101360,100,,,101320,100,,,101186,99,,,101114,100,,,101011,100,,,100900,193,,,100860,100,,,100831,100
2019-06-28 13:15:20.000000000,101745,514,101462,514,102088,100,101393,100,,,101360,100,,,101320,100,,,101186,99,,,101114,100,,,101011,100,,,100900,193,,,100860,100,,,100831,100
2019-06-28 13:15:30.000000000,101745,183,101462,183,102088,183,101393,183,102089,83,101360,183,,,101320,183,,,101186,182,,,101114,100,,,101011,100,,,100900,193,,,100860,100,,,100831,100
2019-06-28 13:15:36.030731343,101745,183,101462,183,102088,183,101393,183,102089,83,101360,183,,,101320,183,,,101186,182,,,101114,100,,,101011,100,,,100900,193,,,100860,100,,,100831,100
2019-06-28 13:15:40.000000000,101745,241,101462,241,102088,237,101393,237,102089,137,101360,237,,,101320,100,,,101186,99,,,101114,100,,,101011,100,,,100900,193,,,100860,100,,,100831,100
2019-06-28 13:15:47.674007497,101745,241,101462,241,102088,237,101393,237,102089,137,101360,237,,,101320,100,,,101186,99,,,101114,100,,,101011,100,,,100900,193,,,100860,100,,,100831,100
2019-06-28 13:15:50.000000000,101745,204,101462,204,102088,204,101393,204,102089,104,101360,204,,,101320,204,,,101186,99,,,101114,100,,,101011,100,,,100900,193,,,100860,100,,,100831,100
2019-06-28 13:16:00.000000000,101745,73,101462,183,102088,183,101393,183,102089,83,101360,183,,,101320,183,,,101186,182,,,101114,100,,,101011,100,,,100900,193,,,100860,100,,,100831,100
2019-06-28 13:16:10.000000000,102088,307,101462,307,102089,207,101393,307,,,101360,100,,,101320,100,,,101186,99,,,101114,100,,,101011,100,,,100900,193,,,100860,100,,,100831,100
2019-06-28 13:16:17.582489915,101745,100,101462,307,102088,307,101393,307,102089,207,101360,100,,,101320,100,,,101186,99,,,101114,100,,,101011,100,,,100900,193,,,100860,100,,,100831,100
2019-06-28 13:16:20.000000000,101745,514,101462,514,102088,100,101393,100,,,101360,100,,,101320,100,,,101186,99,,,101114,100,,,101011,100,,,100900,193,,,100860,100,,,100831,100
2019-06-28 13:16:24.108989153,101745,414,101462,514,102088,100,101393,100,,,101360,100,,,101320,100,,,101186,99,,,101114,100,,,101011,100,,,100900,193,,,100860,100,,,100831,100
2019-06-28 13:16:30.000000000,102088,183,101462,183,102089,83,101393,183,,,101360,183,,,101320,183,,,101186,182,,,101114,100,,,101011,100,,,100900,193,,,100860,100,,,100831,100
2019-06-28 13:16:40.000000000,102088,307,101462,307,102089,207,101393,307,,,101360,100,,,101320,100,,,101186,99,,,101114,100,,,101011,100,,,100900,193,,,100860,100,,,100831,100
2019-06-28 13:16:43.312341692,102088,307,101462,207,102089,207,101393,307,,,101360,100,,,101186,99,,,101114,100,,,101011,100,,,100900,193,,,100860,100,,,100831,100,,,100797,100
2019-06-28 13:16:45.039600868,101744,100,101462,207,102088,307,101393,307,102089,207,101360,100,,,101186,99,,,101114,100,,,101011,100,,,100900,193,,,100860,100,,,100831,100,,,100797,100
2019-06-28 13:16:50.000000000,101744,307,101393,307,102088,307,101360,307,,,101186,99,,,101114,100,,,101011,100,,,100900,193,,,100860,100,,,100831,100,,,100797,100,,,100696,199
2019-06-28 13:17:00.000000000,101744,131,101393,241,102088,237,101360,237,102089,137,101186,236,,,101114,100,,,101011,100,,,100900,193,,,100860,100,,,100831,100,,,100797,100,,,100696,199
2019-06-28 13:17:01.328301543,101744,131,101393,241,102088,237,101360,237,102089,137,101186,236,,,101114,100,,,101011,100,,,100900,193,,,100860,100,,,100831,100,,,100797,100,,,100696,199
2019-06-28 13:17:10.000000000,102088,307,101393,307,102089,207,101360,307,,,101186,99,,,101114,100,,,101011,100,,,100900,193,,,100860,100,,,100831,100,,,100797,100,,,100696,199
2019-06-28 13:17:11.079501386,102088,307,101393,307,102089,207,101360,307,,,101186,99,,,101114,100,,,101011,100,,,100900,193,,,100860,100,,,100831,100,,,100797,100,,,100696,199
2019-06-28 13:17:11.260710091,102088,307,101393,207,102089,207,101360,307,,,101186,99,,,101114,100,,,101011,100,,,100900,193,,,100860,100,,,100831,100,,,100797,100,,,100696,199
2019-06-28 13:17:13.383649598,101744,100,101393,207,102088,307,101360,307,102089,207,101186,99,,,101114,100,,,101011,100,,,100900,193,,,100860,100,,,100831,100,,,100797,100,,,100696,199
2019-06-28 13:17:15.442466269,101744,100,101393,207,102088,307,101360,307,102089,207,101186,99,,,101114,100,,,101011,100,,,100900,193,,,100860,100,,,100831,100,,,100797,100,,,100696,199
2019-06-28 13:17:20.000000000,101744,183,101360,183,102088,183,101186,182,102089,83,101114,183,,,101011,183,,,100900,276,,,100860,100,,,100831,100,,,100797,100,,,100696,199,,,100599,100
2019-06-28 13:17:23.661187375,101744,183,101360,83,102088,183,101186,182,102089,83,101114,183,,,101011,183,,,100900,276,,,100860,100,,,100831,100,,,100797,100,,,100696,199,,,100599,100
2019-06-28 13:17:30.000000000,101744,204,101186,203,102088,204,101114,204,102089,104,101011,204,,,100900,297,,,100860,100,,,100831,100,,,100797,100,,,100696,199,,,100599,100,,,100564,100
2019-06-28 13:17:30.152044492,101744,204,101186,203,102088,204,101114,204,102089,104,101011,204,,,100900,297,,,100860,100,,,100831,100,,,100797,100,,,100696,199,,,100599,100,,,100564,100
2019-06-28 13:17:40.000000000,101744,204,101186,203,102088,204,101114,204,102089,104,101011,204,,,100900,297,,,100860,100,,,100831,100,,,100797,100,,,100696,199,,,100599,100,,,100564,100
2019-06-28 13:17:44.865080373,101744,204,101186,203,102088,204,101114,204,102089,104,101011,204,,,100900,297,,,100860,100,,,100831,100,,,100797,100,,,100696,199,,,100599,100,,,100564,100
2019-06-28 13:17:46.220046339,101744,204,101186,203,102088,204,101114,204,102089,104,101011,204,,,100900,297,,,100860,100,,,100831,100,,,100797,100,,,100696,199,,,100599,100,,,100564,100
2019-06-28 13:17:50.000000000,101744,514,101186,513,102088,100,101114,100,,,101011,100,,,100900,193,,,100860,100,,,100831,100,,,100797,100,,,100696,199,,,100599,100,,,100564,100
2019-06-28 13:17:56.506406965,101744,514,101186,413,102088,100,101114,100,,,101011,100,,,100900,193,,,100860,100,,,100831,100,,,100797,100,,,100696,199,,,100599,100,,,100426,100
2019-06-28 13:18:00.000000000,101744,131,101114,241,102088,237,101011,237,102089,137,100900,330,,,100860,100,,,100831,100,,,100797,100,,,100696,199,,,100599,100,,,100426,100,,,100396,100
2019-06-28 13:18:10.000000000,102088,307,101114,307,102089,207,101011,307,,,100900,193,,,100860,100,,,100831,100,,,100797,100,,,100696,199,,,100599,100,,,100426,100,,,100396,100
2019-06-28 13:18:18.673057792,102088,307,101114,207,102089,207,101011,307,,,100900,193,,,100860,100,,,100831,100,,,100797,100,,,100696,199,,,100599,100,,,100426,100,,,100396,100
2019-06-28 13:18:20.000000000,102088,307,101011,307,102089,207,100900,400,,,100860,100,,,100831,100,,,100797,100,,,100696,199,,,100599,100,,,100426,100,,,100396,100,,,100269,100
2019-06-28 13:18:30.000000000,102088,514,101011,514,,,100900,193,,,100860,100,,,100831,100,,,100797,100,,,100696,199,,,100599,100,,,100426,100,,,100396,100,,,100269,100
2019-06-28 13:18:40.000000000,102088,241,101011,241,102089,137,100900,330,,,100860,237,,,100831,100,,,100797,100,,,100696,199,,,100599,100,,,100426,100,,,100396,100,,,100269,100
2019-06-28 13:18:49.463907500,102088,241,101011,241,102089,137,100900,330,,,100860,237,,,100831,100,,,100797,100,,,100696,199,,,100599,100,,,100426,100,,,100396,100,,,100269,100
2019-06-28 13:18:50.000000000,102088,183,101011,183,102089,83,100900,276,,,100860,183,,,100831,183,,,100797,183,,,100696,199,,,100599,100,,,100426,100,,,100396,100,,,100269,100
2019-06-28 13:19:00.000000000,102088,197,101011,307,102089,207,100900,400,,,100860,100,,,100831,100,,,100797,100,,,100696,199,,,100599,100,,,100426,100,,,100396,100,,,100269,100
2019-06-28 13:19:10.000000000,,,101011,100,,,100900,193,,,100860,100,,,100831,100,,,100797,100,,,100696,199,,,100599,100,,,100426,100,,,100396,100,,,100269,100
2019-06-28 13:19:45.320993256,,,101011,100,,,100900,193,,,100860,100,,,100831,100,,,100696,199,,,100599,100,,,100597,100,,,100426,100,,,100396,100,,,100269,100
2019-06-28 13:20:07.514046034,,,101011,100,,,100900,193,,,100860,100,,,100831,100,,,100696,199,,,100599,100,,,100597,100,,,100426,100,,,100396,100,,,100295,100
2019-06-28 13:20:18.717040163,102088,100,101011,100,,,100900,193,,,100860,100,,,100831,100,,,100696,199,,,100599,100,,,100597,100,,,100426,100,,,100396,100,,,100295,100
2019-06-28 13:20:20.000000000,102088,307,101011,307,102089,207,100900,400,,,100860,100,,,100831,100,,,100696,199,,,100599,100,,,100597,100,,,100426,100,,,100396,100,,,100295,100
2019-06-28 13:20:21.298303659,102088,307,101011,307,102089,207,100900,400,,,100860,100,,,100831,100,,,100696,199,,,100599,100,,,100597,100,,,100426,100,,,100396,100,,,100332,100
2019-06-28 13:20:30.000000000,102088,183,101011,183,102089,83,100900,276,,,100860,183,,,100831,183,,,100696,282,,,100599,100,,,100597,100,,,100426,100,,,100396,100,,,100332,100
2019-06-28 13:20:31.582427868,102088,183,101011,183,102089,83,100900,276,,,100860,183,,,100831,183,,,100696,282,,,100654,100,,,100599,100,,,100597,100,,,100426,100,,,100396,100
2019-06-28 13:20:32.611445387,102088,183,101011,83,102089,83,100900,276,,,100860,183,,,100831,183,,,100696,282,,,100654,100,,,100599,100,,,100597,100,,,100426,100,,,100396,100
2019-06-28 13:20:35.589719312,101011,17,100900,276,102088,183,100860,183,102089,83,100831,183,,,100696,282,,,100654,100,,,100599,100,,,100597,100,,,100426,100,,,100396,100,,,100332,100
2019-06-28 13:20:40.000000000,101011,121,100900,297,102088,204,100860,204,102089,104,100831,204,,,100696,303,,,100654,100,,,100599,100,,,100597,100,,,100426,100,,,100396,100,,,100332,100
2019-06-28 13:20:46.794045475,101011,121,100900,197,102088,204,100860,204,102089,104,100831,204,,,100696,303,,,100654,100,,,100599,100,,,100597,100,,,100426,100,,,100396,100,,,100332,100
2019-06-28 13:20:50.000000000,101011,224,100900,300,102088,307,100860,307,,,100831,100,,,100696,199,,,100654,100,,,100599,100,,,100597,100,,,100426,100,,,100396,100,,,100332,100
2019-06-28 13:21:00.000000000,101011,11,100900,197,102088,204,100860,204,102089,104,100831,204,,,100696,303,,,100654,100,,,100599,100,,,100597,100,,,100426,100,,,100396,100,,,100332,100
2019-06-28 13:21:10.000000000,102088,183,100900,176,102089,83,100860,183,,,100831,183,,,100696,282,,,100654,183,,,100599,100,,,100597,100,,,100426,100,,,100396,100,,,100332,100
2019-06-28 13:21:11.894395056,102088,183,100900,76,102089,83,100860,183,,,100831,183,,,100696,282,,,100654,183,,,100599,100,,,100597,100,,,100426,100,,,100396,100,,,100332,100
2019-06-28 13:21:14.814640475,101011,100,100900,76,102088,183,100860,183,102089,83,100831,183,,,100696,282,,,100654,183,,,100599,100,,,100597,100,,,100426,100,,,100396,100,,,100332,100
2019-06-28 13:21:20.000000000,101011,241,100860,241,102088,237,100831,237,102089,137,100696,336,,,100654,100,,,100599,100,,,100597,100,,,100426,100,,,100396,100,,,100332,100,,,100295,100
2019-06-28 13:21:30.000000000,101011,514,100860,514,102088,100,100831,100,,,100696,199,,,100654,100,,,100599,100,,,100597,100,,,100426,100,,,100396,100,,,100332,100,,,100295,100
2019-06-28 13:21:40.000000000,101011,241,100860,241,102088,237,100831,237,102089,137,100696,336,,,100654,100,,,100599,100,,,100597,100,,,100426,100,,,100396,100,,,100332,100,,,100295,100
2019-06-28 13:21:50.000000000,101011,307,100860,307,102088,307,100831,307,,,100696,199,,,100654,100,,,100599,100,,,100597,100,,,100426,100,,,100396,100,,,100332,100,,,100295,100
2019-06-28 13:22:00.000000000,101011,73,100860,183,102088,183,100831,183,102089,83,100696,282,,,100654,183,,,100599,183,,,100597,100,,,100426,100,,,100396,100,,,100332,100,,,100295,100
2019-06-28 13:22:10.000000000,102088,183,100860,183,102089,83,100831,183,,,100696,282,,,100654,183,,,100599,183,,,100597,100,,,100426,100,,,100396,100,,,100332,100,,,100295,100
2019-06-28 13:22:20.000000000,102088,241,100860,241,102089,137,100831,237,,,100696,336,,,100654,100,,,100599,100,,,100597,100,,,100426,100,,,100396,100,,,100332,100,,,100295,100
2019-06-28 13:22:30.000000000,102088,183,100860,183,102089,83,100831,183,,,100696,282,,,100654,183,,,100599,183,,,100597,100,,,100426,100,,,100396,100,,,100332,100,,,100295,100
2019-06-28 13:22:40.000000000,102088,307,100860,307,102089,207,100831,307,,,100696,199,,,100654,100,,,100599,100,,,100597,100,,,100426,100,,,100396,100,,,100332,100,,,100295,100
2019-06-28 13:22:50.000000000,102088,241,100860,241,102089,137,100831,237,,,100696,336,,,100654,100,,,100599,100,,,100597,100,,,100426,100,,,100396,100,,,100332,100,,,100295,100
2019-06-28 13:23:00.000000000,102088,197,100860,307,102089,207,100831,307,,,100696,199,,,100654,100,,,100599,100,,,100597,100,,,100426,100,,,100396,100,,,100332,100,,,100295,100
2019-06-28 13:23:01.225415365,102088,197,100860,207,102089,207,100831,307,,,100696,199,,,100654,100,,,100599,100,,,100597,100,,,100426,100,,,100396,100,,,100332,100,,,100295,100
2019-06-28 13:23:10.000000000,,,100831,100,,,100696,199,,,100654,100,,,100599,100,,,100597,100,,,100426,100,,,100396,100,,,100332,100,,,100295,100,,,100269,100
2019-06-28 13:23:12.892519269,101061,100,100831,100,,,100696,199,,,100654,100,,,100599,100,,,100597,100,,,100426,100,,,100396,100,,,100332,100,,,100295,100,,,100269,100
2019-06-28 13:23:20.000000000,101061,307,100831,307,101062,207,100696,406,,,100654,100,,,100599,100,,,100597,100,,,100426,100,,,100396,100,,,100332,100,,,100295,100,,,100269,100
2019-06-28 13:23:30.000000000,101061,514,100831,514,,,100696,199,,,100654,100,,,100599,100,,,100597,100,,,100426,100,,,100396,100,,,100332,100,,,100295,100,,,100269,100
2019-06-28 13:23:30.601812984,101037,100,100831,514,101061,514,100696,199,,,100654,100,,,100599,100,,,100597,100,,,100426,100,,,100396,100,,,100332,100,,,100295,100,,,100269,100
2019-06-28 13:23:35.274652056,101037,100,100831,514,101061,514,100746,100,,,100696,199,,,100654,100,,,100599,100,,,100597,100,,,100426,100,,,100396,100,,,100332,100,,,100295,100
2019-06-28 13:23:40.000000000,101037,241,100831,241,101061,237,100746,237,101062,137,100696,336,,,100654,100,,,100599,100,,,100597,100,,,100426,100,,,100396,100,,,100332,100,,,100295,100
2019-06-28 13:23:50.000000000,101037,241,100831,241,101061,237,100746,237,101062,137,100696,336,,,100654,100,,,100599,100,,,100597,100,,,100426,100,,,100396,100,,,100332,100,,,100295,100
2019-06-28 13:23:54.280865967,101037,241,100831,241,101061,237,100746,237,101062,137,100696,336,102088,100,100654,100,,,100599,100,,,100597,100,,,100426,100,,,100396,100,,,100332,100,,,100295,100
2019-06-28 13:23:58.234535659,101037,241,100831,241,101061,237,100746,237,101062,137,100696,336,102088,100,100654,100,,,100620,100,,,100599,100,,,100597,100,,,100426,100,,,100332,100,,,100295,100
2019-06-28 13:24:00.000000000,101037,94,100831,204,101061,204,100746,204,102088,204,100696,303,102089,104,100654,204,,,100620,100,,,100599,100,,,100597,100,,,100426,100,,,100332,100,,,100295,100
2019-06-28 13:24:10.000000000,101061,307,100831,307,102088,307,100746,307,,,100696,199,,,100654,100,,,100620,100,,,100599,100,,,100597,100,,,100426,100,,,100332,100,,,100295,100
2019-06-28 13:24:13.409314668,101061,307,100970,100,102088,307,100831,307,,,100746,307,,,100696,199,,,100654,100,,,100620,100,,,100599,100,,,100597,100,,,100426,100,,,100332,100
2019-06-28 13:24:20.000000000,101061,204,100970,204,102088,204,100831,204,102089,104,100746,204,,,100696,303,,,100654,100,,,100620,100,,,100599,100,,,100597,100,,,100426,100,,,100332,100
2019-06-28 13:24:30.000000000,101061,241,100970,241,102088,237,100831,237,102089,137,100746,237,,,100696,199,,,100654,100,,,100620,100,,,100599,100,,,100597,100,,,100426,100,,,100332,100
2019-06-28 13:24:31.211324605,101061,241,101037,100,102088,237,100970,241,102089,137,100831,237,,,100746,237,,,100696,199,,,100654,100,,,100620,100,,,100599,100,,,100597,100,,,100426,100
2019-06-28 13:24:37.298174169,101061,141,101037,100,102088,237,100970,241,102089,137,100831,237,,,100746,237,,,100696,199,,,100654,100,,,100620,100,,,100599,100,,,100597,100,,,100426,100
2019-06-28 13:24:40.000000000,102088,307,101037,307,102089,207,100970,307,,,100831,100,,,100746,100,,,100696,199,,,100654,100,,,100620,100,,,100599,100,,,100597,100,,,100426,100
2019-06-28 13:24:50.000000000,102088,241,101037,241,102089,137,100970,237,,,100831,237,,,100746,100,,,100696,199,,,100654,100,,,100620,100,,,100599,100,,,100597,100,,,100426,100
2019-06-28 13:25:00.000000000,102088,73,101037,183,102089,83,100970,183,,,100831,183,,,100746,183,,,100696,282,,,100654,100,,,100620,100,,,100599,100,,,100597,100,,,100426,100
2019-06-28 13:25:06.358819107,101126,100,101037,183,102088,73,100970,183,102089,83,100831,183,,,100746,183,,,100696,282,,,100654,100,,,100620,100,,,100599,100,,,100597,100,,,100426,100
2019-06-28 13:25:10.000000000,101126,183,101037,183,101127,83,100970,183,,,100831,183,,,100746,183,,,100696,282,,,100654,100,,,100620,100,,,100599,100,,,100597,100,,,100426,100
2019-06-28 13:25:10.468104429,101126,183,101037,183,101127,83,100970,183,102088,100,100831,183,,,100746,183,,,100696,282,,,100654,100,,,100620,100,,,100599,100,,,100597,100,,,100426,100
2019-06-28 13:25:20.000000000,101126,241,101037,241,102088,237,100970,237,102089,137,100831,237,,,100746,100,,,100696,199,,,100654,100,,,100620,100,,,100599,100,,,100597,100,,,100426,100
2019-06-28 13:25:30.000000000,101126,241,101037,241,102088,237,100970,237,102089,137,100831,237,,,100746,100,,,100696,199,,,100654,100,,,100620,100,,,100599,100,,,100597,100,,,100426,100
2019-06-28 13:25:37.931067226,101126,241,101079,100,102088,237,101037,241,102089,137,100970,237,,,100831,237,,,100746,100,,,100696,199,,,100654,100,,,100620,100,,,100599,100,,,100597,100
2019-06-28 13:25:40.000000000,101126,514,101079,514,102088,100,101037,100,,,100970,100,,,100831,100,,,100746,100,,,100696,199,,,100654,100,,,100620,100,,,100599,100,,,100597,100
2019-06-28 13:25:50.000000000,101126,204,101079,204,102088,204,101037,204,102089,104,100970,204,,,100831,204,,,100746,100,,,100696,199,,,100654,100,,,100620,100,,,100599,100,,,100597,100
2019-06-28 13:26:00.000000000,101126,404,101079,514,102088,100,101037,100,,,100970,100,,,100831,100,,,100746,100,,,100696,199,,,100654,100,,,100620,100,,,100599,100,,,100597,100
2019-06-28 13:26:10.000000000,102088,307,101079,307,102089,207,101037,307,,,100970,100,,,100831,100,,,100746,100,,,100696,199,,,100654,100,,,100620,100,,,100599,100,,,100597,100
2019-06-28 13:26:12.241219346,101126,100,101079,307,102088,307,101037,307,102089,207,100970,100,,,100831,100,,,100746,100,,,100696,199,,,100654,100,,,100620,100,,,100599,100,,,100597,100
2019-06-28 13:26:18.556627954,101126,200,101079,307,102088,307,101037,307,102089,207,100970,100,,,100831,100,,,100746,100,,,100696,199,,,100654,100,,,100620,100,,,100599,100,,,100597,100
2019-06-28 13:26:20.000000000,101126,304,101079,204,102088,204,101037,204,102089,104,100970,204,,,100831,204,,,100746,100,,,100696,199,,,100654,100,,,100620,100,,,100599,100,,,100597,100
2019-06-28 13:26:20.846681688,101126,304,101079,104,102088,204,101037,204,102089,104,100970,204,,,100831,204,,,100746,100,,,100696,199,,,100654,100,,,100620,100,,,100599,100,,,100597,100
2019-06-28 13:26:24.614443342,101126,304,101079,4,102088,204,101037,204,102089,104,100970,204,,,100831,204,,,100746,100,,,100696,199,,,100654,100,,,100620,100,,,100599,100,,,100597,100
2019-06-28 13:26:30.000000000,101126,407,101037,307,102088,307,100970,307,,,100831,100,,,100746,100,,,100696,199,,,100654,100,,,100620,100,,,100599,100,,,100597,100,,,100426,100
2019-06-28 13:26:40.000000000,101126,407,101037,307,102088,307,100970,307,,,100831,100,,,100746,100,,,100696,199,,,100654,100,,,100620,100,,,100599,100,,,100597,100,,,100426,100
2019-06-28 13:26:50.000000000,101126,283,101037,183,102088,183,100970,183,102089,83,100831,183,,,100746,183,,,100696,282,,,100654,100,,,100620,100,,,100599,100,,,100597,100,,,100426,100
2019-06-28 13:26:58.487489517,101126,283,101037,83,102088,183,100970,183,102089,83,100831,183,,,100746,183,,,100696,282,,,100654,100,,,100620,100,,,100599,100,,,100597,100,,,100426,100
2019-06-28 13:27:00.000000000,101126,194,100970,204,102088,204,100831,204,102089,104,100746,204,,,100696,303,,,100654,100,,,100620,100,,,100599,100,,,100597,100,,,100426,100,,,100332,100
2019-06-28 13:27:10.000000000,101126,297,100970,307,102088,307,100831,307,,,100746,100,,,100696,199,,,100654,100,,,100620,100,,,100599,100,,,100597,100,,,100426,100,,,100332,100
2019-06-28 13:27:20.000000000,101126,504,100970,514,102088,100,100831,100,,,100746,100,,,100696,199,,,100654,100,,,100620,100,,,100599,100,,,100597,100,,,100426,100,,,100332,100
2019-06-28 13:27:29.117941767,101126,504,101052,100,102088,100,100970,514,,,100831,100,,,100746,100,,,100696,199,,,100654,100,,,100620,100,,,100599,100,,,100597,100,,,100426,100
2019-06-28 13:27:30.000000000,101126,504,101052,514,102088,100,100970,100,,,100831,100,,,100746,100,,,100696,199,,,100654,100,,,100620,100,,,100599,100,,,100597,100,,,100426,100
2019-06-28 13:27:40.000000000,101126,231,101052,241,102088,237,100970,237,102089,137,100831,237,,,100746,100,,,100696,199,,,100654,100,,,100620,100,,,100599,100,,,100597,100,,,100426,100
2019-06-28 13:27:47.035966349,101126,331,101052,241,102088,237,100970,237,102089,137,100831,237,,,100746,100,,,100696,199,,,100654,100,,,100620,100,,,100599,100,,,100597,100,,,100426,100
2019-06-28 13:27:50.000000000,101126,331,101052,241,102088,237,100970,237,102089,137,100831,237,,,100746,100,,,100696,199,,,100654,100,,,100620,100,,,100599,100,,,100597,100,,,100426,100
2019-06-28 13:27:58.626578088,101126,331,101052,241,101148,100,100970,237,102088,237,100831,237,102089,137,100746,100,,,100696,199,,,100654,100,,,100620,100,,,100599,100,,,100597,100,,,100426,100
2019-06-28 13:28:00.000000000,101126,287,101052,307,101148,307,100970,307,102088,100,100831,100,,,100746,100,,,100696,199,,,100654,100,,,100620,100,,,100599,100,,,100597,100,,,100426,100
2019-06-28 13:28:01.327475262,101126,287,101052,307,101148,307,101002,100,102088,100,100970,307,,,100831,100,,,100746,100,,,100696,199,,,100654,100,,,100620,100,,,100599,100,,,100597,100
2019-06-28 13:28:09.109618339,101126,387,101052,307,101148,307,101002,100,102088,100,100970,307,,,100831,100,,,100746,100,,,100696,199,,,100654,100,,,100620,100,,,100599,100,,,100597,100
2019-06-28 13:28:10.000000000,101126,263,101052,183,101148,183,101002,183,102088,183,100970,183,102089,83,100831,183,,,100746,183,,,100696,199,,,100654,100,,,100620,100,,,100599,100,,,100597,100
2019-06-28 13:28:11.397259965,101126,363,101052,183,101148,183,101002,183,102088,183,100970,183,102089,83,100831,183,,,100746,183,,,100696,99,,,100654,100,,,100620,100,,,100599,100,,,100597,100
2019-06-28 13:28:20.000000000,101126,363,101052,183,101148,183,101002,183,102088,183,100970,183,102089,83,100831,183,,,100746,183,,,100696,99,,,100654,100,,,100620,100,,,100599,100,,,100597,100
2019-06-28 13:28:20.228251862,101126,363,101052,83,101148,183,101002,183,102088,183,100970,183,102089,83,100831,183,,,100746,183,,,100696,99,,,100654,100,,,100620,100,,,100599,100,,,100597,100
2019-06-28 13:28:24.783032160,101125,100,101052,83,101126,363,101002,183,101148,183,100970,183,102088,183,100831,183,102089,83,100746,183,,,100696,99,,,100654,100,,,100620,100,,,100599,100,,,100597,100
2019-06-28 13:28:26.430872368,101125,100,101052,83,101126,363,101002,183,101148,183,100970,183,102088,183,100907,100,102089,83,100831,183,,,100746,183,,,100696,99,,,100654,100,,,100620,100,,,100599,100
2019-06-28 13:28:30.000000000,101125,183,101002,183,101126,363,100970,183,101148,183,100907,183,102088,183,100831,183,102089,83,100746,183,,,100696,99,,,100654,100,,,100620,100,,,100599,100,,,100597,100
2019-06-28 13:28:37.793888319,101125,283,101002,183,101126,363,100970,183,101148,183,100907,183,102088,183,100831,183,102089,83,100746,183,,,100696,99,,,100654,100,,,100620,100,,,100599,100,,,100597,100
2019-06-28 13:28:40.000000000,101125,304,101002,204,101126,384,100970,204,101148,204,100907,204,102088,204,100831,204,,,100746,100,,,100696,99,,,100654,100,,,100620,100,,,100599,100,,,100597,100
2019-06-28 13:28:47.956887573,101125,304,101002,204,101126,384,100970,204,101148,204,100907,204,102088,204,100831,204,,,100746,100,,,100696,99,,,100654,100,,,100620,100,,,100599,100,,,100597,100
2019-06-28 13:28:50.000000000,101125,614,101002,514,101126,280,100970,100,101148,100,100907,100,102088,100,100831,100,,,100746,100,,,100696,99,,,100654,100,,,100620,100,,,100599,100,,,100597,100
2019-06-28 13:28:53.101293675,101125,614,101002,514,101126,280,100970,100,101148,100,100907,100,102088,100,100831,100,,,100746,100,,,100696,99,,,100654,100,,,100620,100,,,100599,100,,,100597,100
2019-06-28 13:29:00.000000000,101125,231,101002,241,101126,417,100970,237,101148,237,100907,237,102088,100,100831,100,,,100746,100,,,100696,99,,,100654,100,,,100620,100,,,100599,100,,,100597,100
2019-06-28 13:29:05.525810844,101125,331,101002,241,101126,417,100970,237,101148,237,100907,237,102088,100,100831,100,,,100746,100,,,100696,99,,,100654,100,,,100620,100,,,100599,100,,,100597,100
2019-06-28 13:29:10.000000000,101125,331,101002,241,101126,417,100970,237,101148,237,100907,237,102088,100,100831,100,,,100746,100,,,100696,99,,,100654,100,,,100620,100,,,100599,100,,,100597,100
2019-06-28 13:29:20.000000000,101125,397,101002,307,101126,487,100970,307,101148,100,100907,100,102088,100,100831,100,,,100746,100,,,100696,99,,,100654,100,,,100620,100,,,100599,100,,,100597,100
2019-06-28 13:29:27.220061521,101125,397,101002,207,101126,487,100970,307,101148,100,100907,100,102088,100,100831,100,,,100746,100,,,100696,99,,,100654,100,,,100620,100,,,100599,100,,,100597,100
2019-06-28 13:29:29.498921947,101125,397,101002,107,101126,487,100970,307,101148,100,100907,100,102088,100,100831,100,,,100746,100,,,100696,99,,,100654,100,,,100620,100,,,100599,100,,,100597,100
2019-06-28 13:29:30.000000000,101125,331,100970,241,101126,417,100907,237,101148,237,100831,237,102088,100,100746,100,,,100696,99,,,100654,100,,,100620,100,,,100599,100,,,100597,100,,,100426,100
2019-06-28 13:29:31.815909949,101125,331,100970,141,101126,417,100907,237,101148,237,100831,237,102088,100,100746,100,,,100696,99,,,100654,100,,,100620,100,,,100599,100,,,100597,100,,,100426,100
2019-06-28 13:29:40.000000000,101125,273,100907,183,101126,363,100831,183,101148,183,100746,183,102088,183,100696,182,102089,83,100654,183,,,100620,100,,,100599,100,,,100597,100,,,100426,100,,,100295,100
2019-06-28 13:29:50.000000000,101125,294,100907,204,101126,384,100831,204,101148,204,100746,204,102088,204,100696,203,,,100654,100,,,100620,100,,,100599,100,,,100597,100,,,100426,100,,,100295,100
2019-06-28 13:30:00.000000000,101125,184,100907,204,101126,384,100831,204,101148,204,100746,204,102088,204,100696,203,,,100654,100,,,100620,100,,,100599,100,,,100597,100,,,100426,100,,,100295,100
2019-06-28 13:30:10.000000000,101125,184,100907,204,101126,384,100831,204,101148,204,100746,204,102088,204,100696,203,,,100654,100,,,100620,100,,,100599,100,,,100597,100,,,100426,100,,,100295,100
2019-06-28 13:30:13.785208981,101125,284,100907,204,101126,304,100831,204,101148,204,100746,204,102088,204,100696,203,,,100654,100,,,100620,100,,,100599,100,,,100597,100,,,100426,100,,,100295,100
2019-06-28 13:30:20.000000000,101125,321,100907,241,101126,337,100831,237,101148,237,100746,237,102088,100,100696,99,,,100654,100,,,100620,100,,,100599,100,,,100597,100,,,100426,100,,,100295,100
2019-06-28 13:30:23.536125010,101125,321,100907,141,101126,337,100831,237,101148,237,100746,237,102088,100,100696,99,,,100654,100,,,100620,100,,,100599,100,,,100597,100,,,100426,100,,,100295,100
2019-06-28 13:30:30.000000000,101125,321,100831,241,101126,337,100746,237,101148,237,100696,236,102088,100,100654,100,,,100620,100,,,100599,100,,,100597,100,,,100426,100,,,100295,100,,,100269,100
2019-06-28 13:30:40.000000000,101125,321,100831,241,101126,337,100746,237,101148,237,100696,236,102088,100,100654,100,,,100620,100,,,100599,100,,,100597,100,,,100426,100,,,100295,100,,,100269,100
2019-06-28 13:30:50.000000000,101125,321,100831,241,101126,337,100746,237,101148,237,100696,236,102088,100,100654,100,,,100620,100,,,100599,100,,,100597,100,,,100426,100,,,100295,100,,,100269,100
2019-06-28 13:31:00.000000000,101125,174,100831,204,101126,304,100746,204,101148,204,100696,203,102088,204,100654,204,,,100620,100,,,100599,100,,,100597,100,,,100426,100,,,100295,100,,,100269,100
2019-06-28 13:31:02.284162121,101125,174,100831,204,101126,304,100746,204,101148,204,100696,203,102088,204,100654,104,,,100620,100,,,100599,100,,,100597,100,,,100426,100,,,100295,100,,,100269,100
2019-06-28 13:31:10.000000000,101125,153,100831,183,101126,283,100746,183,101148,183,100696,182,102088,183,100620,183,102089,83,100599,183,,,100597,100,,,100426,100,,,100295,100,,,100269,100,,,100261,100
2019-06-28 13:31:12.538437210,101125,153,100831,83,101126,283,100746,183,101148,183,100696,182,102088,183,100620,183,102089,83,100599,183,,,100597,100,,,100426,100,,,100295,100,,,100269,100,,,100261,100
2019-06-28 13:31:19.594229510,100831,17,100746,183,101125,153,100696,182,101126,283,100620,183,101148,183,100599,183,102088,183,100597,100,102089,83,100426,100,,,100295,100,,,100269,100,,,100261,100,,,100254,100
2019-06-28 13:31:20.000000000,100831,158,100746,241,101125,207,100696,236,101126,337,100620,237,101148,100,100599,100,102088,100,100597,100,,,100426,100,,,100295,100,,,100269,100,,,100261,100,,,100254,100
2019-06-28 13:31:25.801757422,100831,158,100746,241,101125,207,100696,236,101126,337,100620,237,101148,100,100599,100,102088,100,100597,100,,,100426,100,,,100295,100,,,100269,100,,,100261,100,,,100254,100
2019-06-28 13:31:30.000000000,100831,158,100746,241,101125,207,100696,236,101126,337,100620,237,101148,100,100599,100,102088,100,100597,100,,,100426,100,,,100295,100,,,100269,100,,,100261,100,,,100254,100
2019-06-28 13:31:34.531082956,100831,158,100746,141,101125,207,100696,236,101126,337,100620,237,101148,100,100599,100,102088,100,100597,100,,,100426,100,,,100295,100,,,100269,100,,,100261,100,,,100254,100
2019-06-28 13:31:40.000000000,100831,121,100696,203,101125,174,100620,204,101126,304,100599,204,101148,204,100597,204,102088,100,100426,100,,,100295,100,,,100269,100,,,100261,100,,,100254,100,,,100085,100
2019-06-28 13:31:50.000000000,100831,121,100696,203,101125,174,100620,204,101126,304,100599,204,101148,204,100597,204,102088,100,100426,100,,,100295,100,,,100269,100,,,100261,100,,,100254,100,,,100085,100
2019-06-28 13:31:53.911178404,100831,121,100696,103,101125,174,100620,204,101126,304,100599,204,101148,204,100597,204,102088,100,100426,100,,,100295,100,,,100269,100,,,100261,100,,,100254,100,,,100085,100
2019-06-28 13:32:00.000000000,100831,114,100620,307,101125,277,100599,307,101126,200,100597,100,101148,100,100426,100,102088,100,100295,100,,,100269,100,,,100261,100,,,100254,100,,,100085,100,,,100071,100
2019-06-28 13:32:10.000000000,101125,484,100620,514,101126,200,100599,100,101148,100,100597,100,102088,100,100426,100,,,100295,100,,,100269,100,,,100261,100,,,100254,100,,,100085,100,,,100071,100
2019-06-28 13:32:15.519505033,101125,484,100620,414,101126,200,100599,100,101148,100,100597,100,102088,100,100426,100,,,100295,100,,,100269,100,,,100261,100,,,100254,100,,,100085,100,,,100071,100
2019-06-28 13:32:16.368909666,101125,484,100620,314,101126,200,100599,100,101148,100,100597,100,102088,100,100426,100,,,100295,100,,,100269,100,,,100261,100,,,100254,100,,,100085,100,,,100071,100
2019-06-28 13:32:17.298827622,101125,484,100620,214,101126,200,100599,100,101148,100,100597,100,102088,100,100426,100,,,100295,100,,,100269,100,,,100261,100,,,100254,100,,,100085,100,,,100071,100
2019-06-28 13:32:20.000000000,101125,174,100599,204,101126,304,100597,204,101148,204,100426,204,102088,204,100295,204,,,100269,100,,,100261,100,,,100254,100,,,100085,100,,,100071,100,,,99912,100
2019-06-28 13:32:30.000000000,101125,153,100599,183,101126,283,100597,183,101148,183,100426,183,102088,183,100295,183,102089,83,100269,183,,,100261,100,,,100254,100,,,100085,100,,,100071,100,,,99912,100
2019-06-28 13:32:35.680362269,101125,153,100599,83,101126,283,100597,183,101148,183,100426,183,102088,183,100295,183,102089,83,100269,183,,,100261,100,,,100254,100,,,100085,100,,,100071,100,,,99912,100
2019-06-28 13:32:40.000000000,101125,484,100597,514,101126,200,100426,100,101148,100,100295,100,102088,100,100269,100,,,100261,100,,,100254,100,,,100085,100,,,100071,100,,,99912,100,,,99211,100
2019-06-28 13:32:43.056913276,101125,484,100597,514,101126,200,100426,100,101148,100,100295,100,102088,100,100269,100,,,100261,100,,,100254,100,,,100085,100,,,100071,100,,,99912,100,,,99393,100
2019-06-28 13:32:50.000000000,101125,153,100597,183,101126,283,100426,183,101148,183,100295,183,102088,183,100269,183,102089,83,100261,183,,,100254,100,,,100085,100,,,100071,100,,,99912,100,,,99393,100
2019-06-28 13:32:52.479834711,100620,100,100597,183,101125,153,100426,183,101126,283,100295,183,101148,183,100269,183,102088,183,100261,183,102089,83,100254,100,,,100085,100,,,100071,100,,,99912,100,,,99393,100
2019-06-28 13:32:53.122380679,100620,100,100597,183,101125,153,100426,183,101126,283,100295,183,101148,183,100269,183,102088,183,100261,183,102089,83,100254,100,,,100085,100,,,100071,100,,,99912,100,,,99393,100
2019-06-28 13:33:00.000000000,100620,94,100597,204,101125,174,100426,204,101126,304,100295,204,101148,204,100269,204,102088,100,100261,100,,,100254,100,,,100085,100,,,100071,100,,,99912,100,,,99393,100
2019-06-28 13:33:07.153953254,100620,94,100597,104,101125,174,100426,204,101126,304,100295,204,101148,204,100269,204,102088,100,100261,100,,,100254,100,,,100085,100,,,100071,100,,,99912,100,,,99393,100
2019-06-28 13:33:10.000000000,101125,174,100426,204,101126,304,100295,204,101148,204,100269,204,102088,204,100261,204,,,100254,100,,,100085,100,,,100071,100,,,99912,100,,,99393,100,,,99211,100
2019-06-28 13:33:20.000000000,101125,277,100426,307,101126,407,100295,307,101148,100,100269,100,102088,100,100261,100,,,100254,100,,,100085,100,,,100071,100,,,99912,100,,,99393,100,,,99211,100
2019-06-28 13:33:27.960280387,101125,277,100426,207,101126,407,100295,307,101148,100,100269,100,102088,100,100261,100,,,100254,100,,,100085,100,,,100071,100,,,99912,100,,,99393,100,,,99211,100
2019-06-28 13:33:30.000000000,101125,277,100295,307,101126,407,100269,307,101148,100,100261,100,102088,100,100254,100,,,100085,100,,,100071,100,,,99912,100,,,99393,100,,,99211,100,,,99143,100
2019-06-28 13:33:40.000000000,101125,277,100295,307,101126,407,100269,307,101148,100,100261,100,102088,100,100254,100,,,100085,100,,,100071,100,,,99912,100,,,99393,100,,,99211,100,,,99143,100
2019-06-28 13:33:45.530549314,101125,277,100295,207,101126,407,100269,307,101148,100,100261,100,102088,100,100254,100,,,100085,100,,,100071,100,,,99912,100,,,99393,100,,,99211,100,,,99143,100
2019-06-28 13:33:49.312647160,101125,277,100295,207,101126,407,100269,307,101148,100,100261,100,102088,100,100254,100,,,100085,100,,,100071,100,,,99912,100,,,99393,100,,,99211,100,,,99199,100
2019-06-28 13:33:49.925631606,101125,277,100295,207,101126,407,100269,307,101148,100,100261,100,102088,100,100254,100,,,100085,100,,,100071,100,,,99912,100,,,99393,100,,,99211,100,,,99199,100
2019-06-28 13:33:50.000000000,101125,174,100269,204,101126,304,100261,204,101148,204,100254,204,102088,204,100085,204,,,100071,100,,,99912,100,,,99393,100,,,99211,100,,,99199,100,,,99143,100
2019-06-28 13:34:00.000000000,101125,64,100269,204,101126,304,100261,204,101148,204,100254,204,102088,204,100085,204,,,100071,100,,,99912,100,,,99393,100,,,99211,100,,,99199,100,,,99143,100
2019-06-28 13:34:10.000000000,101126,341,100269,241,101148,237,100261,237,102088,237,100254,237,,,100085,100,,,100071,100,,,99912,100,,,99393,100,,,99211,100,,,99199,100,,,99143,100
2019-06-28 13:34:20.000000000,101126,341,100269,241,101148,237,100261,237,102088,237,100254,237,,,100085,100,,,100071,100,,,99912,100,,,99393,100,,,99211,100,,,99199,100,,,99143,100
2019-06-28 13:34:30.000000000,101126,407,100269,307,101148,307,100261,307,102088,100,100254,100,,,100085,100,,,100071,100,,,99912,100,,,99393,100,,,99211,100,,,99199,100,,,99143,100
2019-06-28 13:34:36.114551324,101125,100,100269,307,101126,407,100261,307,101148,307,100254,100,102088,100,100085,100,,,100071,100,,,99912,100,,,99393,100,,,99211,100,,,99199,100,,,99143,100
2019-06-28 13:34:40.000000000,101125,241,100269,241,101126,337,100261,237,101148,237,100254,237,102088,100,100085,100,,,100071,100,,,99912,100,,,99393,100,,,99211,100,,,99199,100,,,99143,100
2019-06-28 13:34:50.000000000,101125,514,100269,514,101126,200,100261,100,101148,100,100254,100,102088,100,100085,100,,,100071,100,,,99912,100,,,99393,100,,,99211,100,,,99199,100,,,99143,100
2019-06-28 13:34:54.986426858,101125,614,100269,514,101126,200,100261,100,101148,100,100254,100,102088,100,100085,100,,,100071,100,,,99912,100,,,99393,100,,,99211,100,,,99199,100,,,99143,100
2019-06-28 13:35:00.000000000,101125,194,100269,204,101126,304,100261,204,101148,204,100254,204,102088,204,100085,204,,,100071,100,,,99912,100,,,99393,100,,,99211,100,,,99199,100,,,99143,100
2019-06-28 13:35:06.072611192,101125,194,100269,104,101126,304,100261,204,101148,204,100254,204,102088,204,100085,204,,,100071,100,,,99912,100,,,99393,100,,,99211,100,,,99199,100,,,99143,100
2019-06-28 13:35:10.000000000,101125,231,100261,241,101126,337,100254,237,101148,237,100085,237,102088,100,100071,100,,,99912,100,,,99393,100,,,99211,100,,,99199,100,,,99143,100,,,99124,100
2019-06-28 13:35:13.642999991,101125,231,100261,141,101126,337,100254,237,101148,237,100085,237,102088,100,100071,100,,,99912,100,,,99393,100,,,99211,100,,,99199,100,,,99143,100,,,99124,100
2019-06-28 13:35:20.000000000,101125,504,100254,514,101126,200,100085,100,101148,100,100071,100,102088,100,99912,100,,,99393,100,,,99211,100,,,99199,100,,,99143,100,,,99124,100,,,98852,100
2019-06-28 13:35:22.909657334,101125,504,100254,514,101126,200,100085,100,101148,100,100071,100,102088,100,99912,100,,,99393,100,,,99211,100,,,99199,100,,,99143,100,,,99124,100,,,98852,100
2019-06-28 13:35:25.857485303,101125,504,100254,514,101126,100,100085,100,101148,100,100071,100,102088,100,99912,100,,,99393,100,,,99211,100,,,99199,100,,,99143,100,,,99124,100,,,98852,100
2019-06-28 13:35:30.000000000,101125,231,100254,241,101126,237,100085,237,101148,237,100071,237,102088,100,99912,100,,,99393,100,,,99211,100,,,99199,100,,,99143,100,,,99124,100,,,98852,100
2019-06-28 13:35:40.000000000,101125,297,100254,307,101126,307,100085,307,101148,100,100071,100,102088,100,99912,100,,,99393,100,,,99211,100,,,99199,100,,,99143,100,,,99124,100,,,98852,100
2019-06-28 13:35:50.000000000,101125,297,100254,307,101126,307,100085,307,101148,100,100071,100,102088,100,99912,100,,,99393,100,,,99211,100,,,99199,100,,,99143,100,,,99124,100,,,98852,100
2019-06-28 13:35:51.600586052,100269,100,100254,307,101125,297,100085,307,101126,307,100071,100,101148,100,99912,100,102088,100,99393,100,,,99211,100,,,99199,100,,,99143,100,,,99124,100,,,98852,100
2019-06-28 13:36:00.000000000,100269,131,100254,241,101125,227,100085,237,101126,237,100071,237,101148,100,99912,100,102088,100,99393,100,,,99211,100,,,99199,100,,,99143,100,,,99124,100,,,98852,100
2019-06-28 13:36:03.798200416,100269,131,100254,241,101125,227,100085,237,101126,237,100071,237,101148,100,99912,100,102088,100,99531,100,,,99393,100,,,99211,100,,,99199,100,,,99143,100,,,99124,100
2019-06-28 13:36:10.000000000,101125,173,100254,183,101126,183,100085,183,101148,183,100071,183,102088,183,99912,183,102089,83,99531,183,,,99393,100,,,99211,100,,,99199,100,,,99143,100,,,99124,100
2019-06-28 13:36:10.464813427,101125,173,100254,83,101126,183,100085,183,101148,183,100071,183,102088,183,99912,183,102089,83,99531,183,,,99393,100,,,99211,100,,,99199,100,,,99143,100,,,99124,100
2019-06-28 13:36:15.758556010,100254,17,100085,183,101125,173,100071,183,101126,183,99912,183,101148,183,99531,183,102088,183,99393,100,102089,83,99211,100,,,99199,100,,,99143,100,,,99124,100,,,98852,100
2019-06-28 13:36:20.000000000,100254,431,100085,514,101125,90,100071,100,101126,100,99912,100,101148,100,99531,100,102088,100,99393,100,,,99211,100,,,99199,100,,,99143,100,,,99124,100,,,98852,100
2019-06-28 13:36:28.646277094,100254,431,100085,514,101125,90,100071,100,101126,100,99912,100,101148,100,99541,100,102088,100,99531,100,,,99393,100,,,99211,100,,,99199,100,,,99143,100,,,99124,100
2019-06-28 13:36:30.000000000,100254,224,100085,307,101125,297,100071,307,101126,100,99912,100,101148,100,99541,100,102088,100,99531,100,,,99393,100,,,99211,100,,,99199,100,,,99143,100,,,99124,100
2019-06-28 13:36:40.000000000,100254,121,100085,204,101125,194,100071,204,101126,204,99912,204,101148,204,99541,204,102088,100,99531,100,,,99393,100,,,99211,100,,,99199,100,,,99143,100,,,99124,100
2019-06-28 13:36:50.000000000,100254,121,100085,204,101125,194,100071,204,101126,204,99912,204,101148,204,99541,204,102088,100,99531,100,,,99393,100,,,99211,100,,,99199,100,,,99143,100,,,99124,100
2019-06-28 13:36:54.089859588,100254,121,100085,104,101125,194,100071,204,101126,204,99912,204,101148,204,99541,204,102088,100,99531,100,,,99393,100,,,99211,100,,,99199,100,,,99143,100,,,99124,100
2019-06-28 13:37:00.000000000,100254,47,100071,241,101125,227,99912,237,101126,237,99541,237,101148,100,99531,100,102088,100,99393,100,,,99211,100,,,99199,100,,,99143,100,,,99124,100,,,98852,100
2019-06-28 13:37:08.957106360,100254,147,100071,241,101125,227,99912,237,101126,237,99541,237,101148,100,99531,100,102088,100,99393,100,,,99211,100,,,99199,100,,,99143,100,,,99124,100,,,98852,100
2019-06-28 13:37:10.000000000,100254,183,100071,183,101125,173,99912,183,101126,183,99541,183,101148,183,99531,183,102088,183,99393,183,,,99211,100,,,99199,100,,,99143,100,,,99124,100,,,98852,100
2019-06-28 13:37:20.000000000,100254,307,100071,307,101125,297,99912,307,101126,100,99541,100,101148,100,99531,100,102088,100,99393,100,,,99211,100,,,99199,100,,,99143,100,,,99124,100,,,98852,100
2019-06-28 13:37:30.000000000,100254,241,100071,241,101125,227,99912,237,101126,237,99541,237,101148,100,99531,100,102088,100,99393,100,,,99211,100,,,99199,100,,,99143,100,,,99124,100,,,98852,100
2019-06-28 13:37:40.000000000,100254,307,100071,307,101125,297,99912,307,101126,100,99541,100,101148,100,99531,100,102088,100,99393,100,,,99211,100,,,99199,100,,,99143,100,,,99124,100,,,98852,100
2019-06-28 13:37:48.436471974,100254,307,100071,207,101125,297,99912,307,101126,100,99531,100,101148,100,99393,100,102088,100,99211,100,,,99199,100,,,99143,100,,,99124,100,,,98852,100,,,98799,100
2019-06-28 13:37:50.000000000,100254,307,99912,307,101125,297,99531,307,101126,100,99393,100,101148,100,99211,100,102088,100,99199,100,,,99143,100,,,99124,100,,,98852,100,,,98799,100,,,,
2019-06-28 13:38:00.000000000,100254,513,99912,404,101125,90,99531,100,101126,100,99393,100,101148,100,99211,100,102088,100,99199,100,,,99143,100,,,99124,100,,,98852,100,,,98799,100,,,,
2019-06-28 13:38:10.000000000,100254,203,99531,204,101125,194,99393,204,101126,204,99211,204,101148,204,99199,204,102088,100,99143,100,,,99124,100,,,98852,100,,,98799,100,,,,,,,,
2019-06-28 13:38:18.196402446,100254,303,99531,204,101125,194,99393,204,101126,204,99211,204,101148,204,99199,204,102088,100,99143,100,,,99124,100,,,98852,100,,,98799,100,,,,,,,,
2019-06-28 13:38:20.000000000,100254,406,99531,307,101125,297,99393,307,101126,100,99211,100,101148,100,99199,100,102088,100,99143,100,,,99124,100,,,98852,100,,,98799,100,,,,,,,,
2019-06-28 13:38:30.000000000,100254,303,99531,204,101125,194,99393,204,101126,204,99211,204,101148,204,99199,204,102088,100,99143,100,,,99124,100,,,98852,100,,,98799,100,,,,,,,,
2019-06-28 13:38:34.615125485,100254,403,99531,204,101125,194,99393,204,101126,104,99211,204,101148,204,99199,204,102088,100,99143,100,,,99124,100,,,98852,100,,,98799,100,,,,,,,,
2019-06-28 13:38:37.210437130,100254,503,99531,204,101125,194,99393,204,101126,104,99211,204,101148,204,99199,204,102088,100,99143,100,,,99124,100,,,98852,100,,,98799,100,,,,,,,,
2019-06-28 13:38:39.835983500,100254,503,99531,204,101125,194,99412,100,101126,104,99393,204,101148,204,99211,204,102088,100,99199,204,,,99143,100,,,99124,100,,,98852,100,,,98799,100,,,,
2019-06-28 13:38:40.000000000,100254,503,99531,204,101125,194,99412,204,101148,204,99393,204,102088,204,99211,204,,,99199,100,,,99143,100,,,99124,100,,,98852,100,,,98799,100,,,,
2019-06-28 13:38:42.206379311,100254,603,99531,204,101125,194,99412,204,101148,204,99393,204,102088,204,99211,204,,,99199,100,,,99143,100,,,99124,100,,,98852,100,,,98799,100,,,,
2019-06-28 13:38:42.300700441,100254,603,99531,204,101125,194,99412,204,101148,204,99393,204,102088,204,99211,204,,,99175,100,,,99143,100,,,99124,100,,,98852,100,,,98799,100,,,,
2019-06-28 13:38:50.000000000,100254,913,99531,514,101125,90,99412,100,101148,100,99393,100,102088,100,99211,100,,,99175,100,,,99143,100,,,99124,100,,,98852,100,,,98799,100,,,,
2019-06-28 13:38:54.493802932,100254,913,99531,514,101125,90,99412,100,101148,100,99393,100,102088,100,99348,100,,,99211,100,,,99175,100,,,99143,100,,,99124,100,,,98852,100,,,98799,100
2019-06-28 13:39:00.000000000,100254,705,99531,197,101125,297,99412,307,101148,100,99393,100,102088,100,99348,100,,,99211,100,,,99175,100,,,99143,100,,,99124,100,,,98852,100,,,98799,100
2019-06-28 13:39:02.463241678,100254,705,99531,197,101125,297,99412,307,101148,100,99393,100,102088,100,99358,100,,,99348,100,,,99211,100,,,99175,100,,,99143,100,,,99124,100,,,98852,100
2019-06-28 13:39:10.000000000,100254,602,99412,204,101125,194,99393,204,101148,204,99358,204,102088,204,99348,204,,,99211,100,,,99175,100,,,99143,100,,,99124,100,,,98852,100,,,98799,100
2019-06-28 13:39:18.527909148,100254,702,99412,204,101125,194,99393,204,101148,204,99358,204,102088,104,99348,204,,,99211,100,,,99175,100,,,99143,100,,,99124,100,,,98852,100,,,98799,100
2019-06-28 13:39:20.000000000,100254,681,99412,183,101125,173,99393,183,101148,183,99358,183,101149,83,99348,183,,,99211,183,,,99175,100,,,99143,100,,,99124,100,,,98852,100,,,98799,100
2019-06-28 13:39:30.000000000,100254,702,99412,204,101125,194,99393,204,101148,204,99358,204,101149,104,99348,204,,,99211,100,,,99175,100,,,99143,100,,,99124,100,,,98852,100,,,98799,100
2019-06-28 13:39:40.000000000,100254,1012,99412,514,101125,90,99393,100,101148,100,99358,100,,,99348,100,,,99211,100,,,99175,100,,,99143,100,,,99124,100,,,98852,100,,,98799,100
2019-06-28 13:39:41.447617462,100254,1012,99480,100,101125,90,99412,514,101148,100,99393,100,,,99358,100,,,99348,100,,,99211,100,,,99175,100,,,99143,100,,,99124,100,,,98852,100
2019-06-28 13:39:50.000000000,100254,681,99480,183,101125,173,99412,183,101148,183,99393,183,101149,83,99358,183,,,99348,183,,,99211,100,,,99175,100,,,99143,100,,,99124,100,,,98852,100
2019-06-28 13:40:00.000000000,100254,680,99480,73,101125,173,99412,183,101148,183,99393,183,101149,83,99358,183,,,99348,183,,,99211,100,,,99175,100,,,99143,100,,,99124,100,,,98852,100
2019-06-28 13:40:10.000000000,100254,1011,99412,514,101125,90,99393,100,101148,100,99358,100,,,99348,100,,,99211,100,,,99175,100,,,99143,100,,,99124,100,,,98852,100,,,98799,100
2019-06-28 13:40:20.000000000,100254,680,99412,183,101125,173,99393,183,101148,183,99358,183,101149,83,99348,183,,,99211,183,,,99175,100,,,99143,100,,,99124,100,,,98852,100,,,98799,100
2019-06-28 13:40:30.000000000,100254,804,99412,307,101125,297,99393,307,101148,100,99358,100,,,99348,100,,,99211,100,,,99175,100,,,99143,100,,,99124,100,,,98852,100,,,98799,100
2019-06-28 13:40:40.000000000,100254,804,99412,307,101125,297,99393,307,101148,100,99358,100,,,99348,100,,,99211,100,,,99175,100,,,99143,100,,,99124,100,,,98852,100,,,98799,100
2019-06-28 13:40:41.944748895,99715,100,99412,307,100254,804,99393,307,101125,297,99358,100,101148,100,99348,100,,,99211,100,,,99175,100,,,99143,100,,,99124,100,,,98852,100,,,98799,100
2019-06-28 13:40:47.132019822,100254,804,99575,100,101125,297,99412,307,101148,100,99393,307,,,99358,100,,,99348,100,,,99211,100,,,99175,100,,,99143,100,,,99124,100,,,98852,100
2019-06-28 13:40:50.000000000,100254,738,99575,241,101125,227,99412,237,101148,237,99393,237,,,99358,100,,,99348,100,,,99211,100,,,99175,100,,,99143,100,,,99124,100,,,98852,100
2019-06-28 13:40:51.439678509,100254,738,99782,100,101125,227,99575,241,101148,237,99412,237,,,99393,237,,,99358,100,,,99348,100,,,99211,100,,,99175,100,,,99143,100,,,99124,100
2019-06-28 13:41:00.000000000,100254,679,99782,73,101125,173,99575,183,101148,183,99412,183,101149,83,99393,183,,,99358,183,,,99348,100,,,99211,100,,,99175,100,,,99143,100,,,99124,100
2019-06-28 13:41:10.000000000,100254,803,99575,307,101125,297,99412,307,101148,100,99393,100,,,99358,100,,,99348,100,,,99211,100,,,99175,100,,,99143,100,,,99124,100,,,98852,100
2019-06-28 13:41:11.559256645,100254,803,99575,307,101125,297,99412,307,101148,100,99390,100,,,99358,100,,,99348,100,,,99211,100,,,99175,100,,,99143,100,,,99124,100,,,98852,100
2019-06-28 13:41:20.000000000,100254,700,99575,204,101125,194,99412,204,101148,204,99390,204,101149,104,99358,204,,,99348,100,,,99211,100,,,99175,100,,,99143,100,,,99124,100,,,98852,100
2019-06-28 13:41:30.000000000,100254,803,99575,307,101125,297,99412,307,101148,100,99390,100,,,99358,100,,,99348,100,,,99211,100,,,99175,100,,,99143,100,,,99124,100,,,98852,100
2019-06-28 13:41:40.000000000,100254,700,99575,204,101125,194,99412,204,101148,204,99390,204,101149,104,99358,204,,,99348,100,,,99211,100,,,99175,100,,,99143,100,,,99124,100,,,98852,100
2019-06-28 13:41:50.000000000,100254,803,99575,307,101125,297,99412,307,101148,100,99390,100,,,99358,100,,,99348,100,,,99211,100,,,99175,100,,,99143,100,,,99124,100,,,98852,100
2019-06-28 13:42:00.000000000,100254,678,99575,73,101125,173,99412,183,101148,183,99390,183,101149,83,99358,183,,,99348,183,,,99211,100,,,99175,100,,,99143,100,,,99124,100,,,98852,100
2019-06-28 13:42:10.000000000,100254,1009,99412,514,101125,90,99390,100,101148,100,99358,100,,,99348,100,,,99211,100,,,99175,100,,,99143,100,,,99124,100,,,98852,100,,,98799,100
2019-06-28 13:42:10.040764160,100254,1009,99669,100,101125,90,99412,514,101148,100,99390,100,,,99358,100,,,99348,100,,,99211,100,,,99175,100,,,99124,100,,,98852,100,,,98799,100
2019-06-28 13:42:14.757359632,99742,100,99669,100,100254,1009,99412,514,101125,90,99390,100,101148,100,99358,100,,,99348,100,,,99211,100,,,99175,100,,,99124,100,,,98852,100,,,98799,100
2019-06-28 13:42:20.000000000,99742,307,99669,307,100254,802,99412,307,101125,90,99390,100,101148,100,99358,100,,,99348,100,,,99211,100,,,99175,100,,,99124,100,,,98852,100,,,98799,100
2019-06-28 13:42:30.000000000,99742,514,99669,514,100254,595,99412,100,101125,90,99390,100,101148,100,99358,100,,,99348,100,,,99211,100,,,99175,100,,,99124,100,,,98852,100,,,98799,100
2019-06-28 13:42:40.000000000,99742,241,99669,241,100254,732,99412,237,101125,227,99390,237,101148,100,99358,100,,,99348,100,,,99211,100,,,99175,100,,,99124,100,,,98852,100,,,98799,100
2019-06-28 13:42:50.000000000,99742,514,99669,514,100254,595,99412,100,101125,90,99390,100,101148,100,99358,100,,,99348,100,,,99211,100,,,99175,100,,,99124,100,,,98852,100,,,98799,100
2019-06-28 13:43:00.000000000,99742,240,99669,131,100254,732,99412,237,101125,227,99390,237,101148,100,99358,100,,,99348,100,,,99211,100,,,99175,100,,,99124,100,,,98852,100,,,98799,100
2019-06-28 13:43:04.829922040,99742,240,99669,131,100254,732,99639,100,101125,227,99412,237,101148,100,99390,237,,,99358,100,,,99348,100,,,99211,100,,,99175,100,,,99124,100,,,98852,100
2019-06-28 13:43:10.000000000,99742,203,99639,204,100254,699,99412,204,101125,194,99390,204,101148,204,99358,204,,,99348,100,,,99211,100,,,99175,100,,,99124,100,,,98852,100,,,98799,100
2019-06-28 13:43:20.000000000,99742,203,99639,204,100254,699,99412,204,101125,194,99390,204,101148,204,99358,204,,,99348,100,,,99211,100,,,99175,100,,,99124,100,,,98852,100,,,98799,100
2019-06-28 13:43:26.348360623,99742,203,99639,204,100254,699,99501,100,101125,194,99412,204,101148,204,99390,204,,,99358,204,,,99348,100,,,99211,100,,,99175,100,,,99124,100,,,98852,100
2019-06-28 13:43:30.000000000,99742,306,99639,307,100254,802,99501,307,101125,90,99412,100,101148,100,99390,100,,,99358,100,,,99348,100,,,99211,100,,,99175,100,,,99124,100,,,98852,100
2019-06-28 13:43:40.000000000,99742,240,99639,241,100254,732,99501,237,101125,227,99412,237,101148,100,99390,100,,,99358,100,,,99348,100,,,99211,100,,,99175,100,,,99124,100,,,98852,100
2019-06-28 13:43:41.717355797,99742,340,99639,241,100254,732,99501,237,101125,227,99412,237,101148,100,99390,100,,,99358,100,,,99348,100,,,99211,100,,,99175,100,,,99124,100,,,98852,100
2019-06-28 13:43:45.030666971,99742,340,99639,241,100015,100,99501,237,100254,732,99412,237,101125,227,99390,100,,,99358,100,,,99348,100,,,99211,100,,,99175,100,,,99124,100,,,98852,100
2019-06-28 13:43:50.000000000,99742,340,99639,241,100015,237,99501,237,100254,732,99412,237,101125,90,99390,100,,,99358,100,,,99348,100,,,99211,100,,,99175,100,,,99124,100,,,98852,100
2019-06-28 13:44:00.000000000,99742,339,99639,131,100015,237,99501,237,100254,732,99412,237,101125,90,99390,100,,,99358,100,,,99348,100,,,99211,100,,,99175,100,,,99124,100,,,98852,100
2019-06-28 13:44:10.000000000,99742,612,99501,514,100015,100,99412,100,100254,595,99390,100,101125,90,99358,100,,,99348,100,,,99211,100,,,99175,100,,,99124,100,,,98852,100,,,98799,100
2019-06-28 13:44:20.000000000,99742,405,99501,307,100015,307,99412,307,100254,595,99390,100,101125,90,99358,100,,,99348,100,,,99211,100,,,99175,100,,,99124,100,,,98852,100,,,98799,100
2019-06-28 13:44:30.000000000,99742,339,99501,241,100015,237,99412,237,100254,732,99390,237,101125,90,99358,100,,,99348,100,,,99211,100,,,99175,100,,,99124,100,,,98852,100,,,98799,100
2019-06-28 13:44:40.000000000,99742,612,99501,514,100015,100,99412,100,100254,595,99390,100,101125,90,99358,100,,,99348,100,,,99211,100,,,99175,100,,,99124,100,,,98852,100,,,98799,100
2019-06-28 13:44:50.000000000,99742,302,99501,204,100015,204,99412,204,100254,699,99390,204,101125,194,99358,204,,,99348,100,,,99211,100,,,99175,100,,,99124,100,,,98852,100,,,98799,100
2019-06-28 13:44:51.994343123,99742,202,99501,204,100015,204,99412,204,100254,699,99390,204,101125,194,99358,204,,,99211,100,,,99175,100,,,99124,100,,,98852,100,,,98799,100,,,,
2019-06-28 13:45:00.000000000,99742,180,99501,73,100015,183,99412,183,100254,678,99390,183,101125,173,99358,183,101126,83,99211,183,,,99175,100,,,99124,100,,,98852,100,,,98799,100,,,,
2019-06-28 13:45:10.000000000,99742,238,99412,241,100015,237,99390,237,100254,732,99358,237,101125,90,99211,100,,,99175,100,,,99124,100,,,98852,100,,,98799,100,,,,,,,,
2019-06-28 13:45:20.000000000,99742,180,99412,183,100015,183,99390,183,100254,678,99358,183,101125,173,99211,183,101126,83,99175,183,,,99124,100,,,98852,100,,,98799,100,,,,,,,,
2019-06-28 13:45:21.812671083,99742,180,99412,183,100015,183,99390,183,100254,578,99358,183,101125,173,99211,183,101126,83,99175,183,,,99124,100,,,98852,100,,,98799,100,,,,,,,,
2019-06-28 13:45:30.000000000,99742,511,99412,514,100015,100,99390,100,100254,495,99358,100,101125,90,99211,100,,,99175,100,,,99124,100,,,98852,100,,,98799,100,,,,,,,,
2019-06-28 13:45:40.000000000,99742,180,99412,183,100015,183,99390,183,100254,578,99358,183,101125,173,99211,183,101126,83,99175,183,,,99124,100,,,98852,100,,,98799,100,,,,,,,,
2019-06-28 13:45:50.000000000,99742,180,99412,183,100015,183,99390,183,100254,578,99358,183,101125,173,99211,183,101126,83,99175,183,,,99124,100,,,98852,100,,,98799,100,,,,,,,,
2019-06-28 13:45:52.596876114,99742,280,99412,183,100015,183,99390,183,100254,478,99358,183,101125,173,99211,183,101126,83,99175,183,,,99124,100,,,98852,100,,,98799,100,,,,,,,,
2019-06-28 13:46:00.000000000,99742,279,99412,73,100015,183,99390,183,100254,478,99358,183,101125,173,99211,183,101126,83,99175,183,,,99124,100,,,98852,100,,,98799,100,,,,,,,,
2019-06-28 13:46:07.568432099,99742,379,99412,73,100015,183,99390,183,100254,478,99358,183,101125,173,99211,183,101126,83,99175,183,,,99124,100,,,98852,100,,,98799,100,,,,,,,,
2019-06-28 13:46:10.000000000,99742,379,99390,183,100015,183,99358,183,100254,478,99211,183,101125,173,99175,183,101126,83,99124,183,,,98852,100,,,98799,100,,,,,,,,,,,,
2019-06-28 13:46:20.000000000,99742,437,99390,241,100015,237,99358,237,100254,532,99211,237,101125,90,99175,100,,,99124,100,,,98852,100,,,98799,100,,,,,,,,,,,,
2019-06-28 13:46:30.000000000,99742,437,99390,241,100015,237,99358,237,100254,532,99211,237,101125,90,99175,100,,,99124,100,,,98852,100,,,98799,100,,,,,,,,,,,,
2019-06-28 13:46:40.000000000,99742,379,99390,183,100015,183,99358,183,100254,478,99211,183,101125,173,99175,183,101126,83,99124,183,,,98852,100,,,98799,100,,,,,,,,,,,,
2019-06-28 13:46:45.881779728,99742,379,99390,83,100015,183,99358,183,100254,478,99211,183,101125,173,99175,183,101126,83,99124,183,,,98852,100,,,98799,100,,,,,,,,,,,,
2019-06-28 13:46:50.000000000,99742,437,99358,241,100015,237,99211,237,100254,532,99175,237,101125,90,99124,100,,,98852,100,,,98799,100,,,,,,,,,,,,,,,,
2019-06-28 13:46:57.233254063,99742,437,99358,141,100015,237,99211,237,100254,532,99175,237,101125,90,99124,100,,,98852,100,,,98799,100,,,,,,,,,,,,,,,,
2019-06-28 13:47:00.000000000,99742,709,99211,404,100015,100,99175,100,100254,395,99124,100,101125,90,98852,100,,,98799,100,,,,,,,,,,,,,,,,,,,,
2019-06-28 13:47:01.608769646,99742,809,99211,404,100015,100,99175,100,100254,395,99124,100,101125,90,98852,100,,,98799,100,,,,,,,,,,,,,,,,,,,,
2019-06-28 13:47:08.181537089,99742,809,99211,304,100015,100,99175,100,100254,395,99124,100,101125,90,98852,100,,,98799,100,,,,,,,,,,,,,,,,,,,,
2019-06-28 13:47:10.000000000,99742,809,99175,514,100015,100,99124,100,100254,395,98852,100,101125,90,98799,100,,,,,,,,,,,,,,,,,,,,,,,,
2019-06-28 13:47:12.359802210,99742,809,99175,414,100015,100,99124,100,100254,395,98852,100,101125,90,98799,100,,,,,,,,,,,,,,,,,,,,,,,,
2019-06-28 13:47:20.000000000,99742,478,99124,183,100015,183,98852,183,100254,478,98799,183,101125,173,98798,83,101126,83,,,,,,,,,,,,,,,,,,,,,,
2019-06-28 13:47:28.951195574,99742,478,99124,83,100015,183,98852,183,100254,478,98799,183,101125,173,98798,83,101126,83,,,,,,,,,,,,,,,,,,,,,,
2019-06-28 13:47:30.000000000,99742,536,98852,241,100015,237,98799,237,100254,532,98798,137,101125,90,,,,,,,,,,,,,,,,,,,,,,,,,,
2019-06-28 13:47:40.000000000,99742,536,98852,241,100015,237,98799,237,100254,532,98798,137,101125,90,,,,,,,,,,,,,,,,,,,,,,,,,,
2019-06-28 13:47:50.000000000,99742,602,98852,307,100015,307,98799,307,100254,395,,,101125,90,,,,,,,,,,,,,,,,,,,,,,,,,,
2019-06-28 13:47:50.510120447,99175,100,98852,307,99742,602,98799,307,100015,307,,,100254,395,,,101125,90,,,,,,,,,,,,,,,,,,,,,,
2019-06-28 13:48:00.000000000,99175,182,98852,73,99742,478,98799,183,100015,183,98798,83,100254,478,,,101125,173,,,,,,,,,,,,,,,,,,,,,,
2019-06-28 13:48:07.561660617,99175,182,98852,73,99742,478,98799,183,100015,183,98798,83,100254,478,98047,100,101125,173,,,,,,,,,,,,,,,,,,,,,,
2019-06-28 13:48:10.000000000,99175,203,98799,204,99742,499,98047,204,100015,204,98046,104,100254,499,,,101125,90,,,,,,,,,,,,,,,,,,,,,,
2019-06-28 13:48:20.000000000,99175,513,98799,514,99742,395,98047,100,100015,100,,,100254,395,,,101125,90,,,,,,,,,,,,,,,,,,,,,,
2019-06-28 13:48:30.000000000,99175,306,98799,307,99742,602,98047,307,100015,100,,,100254,395,,,101125,90,,,,,,,,,,,,,,,,,,,,,,
2019-06-28 13:48:40.000000000,99175,240,98799,241,99742,532,98047,237,100015,237,98046,137,100254,395,,,101125,90,,,,,,,,,,,,,,,,,,,,,,
2019-06-28 13:48:40.289927192,99175,340,98799,241,99742,532,98047,237,100015,237,98046,137,100254,395,,,101125,90,,,,,,,,,,,,,,,,,,,,,,
2019-06-28 13:48:43.727473435,99175,340,98799,241,99742,432,98047,237,100015,237,98046,137,100254,395,,,101125,90,,,,,,,,,,,,,,,,,,,,,,
2019-06-28 13:48:48.271432861,99175,340,98799,141,99742,432,98047,237,100015,237,98046,137,100254,395,,,101125,90,,,,,,,,,,,,,,,,,,,,,,
2019-06-28 13:48:49.475142992,99175,340,98799,141,99742,432,98223,100,100015,237,98047,237,100254,395,98046,137,101125,90,,,,,,,,,,,,,,,,,,,,,,
2019-06-28 13:48:50.000000000,99175,282,98223,183,99742,378,98047,183,100015,183,98046,83,100254,478,,,101125,173,,,,,,,,,,,,,,,,,,,,,,
2019-06-28 13:48:54.408552528,98471,100,98223,183,99175,282,98047,183,99742,378,98046,83,100015,183,,,100254,478,,,101125,173,,,,,,,,,,,,,,,,,,
2019-06-28 13:49:00.000000000,98471,240,98223,131,99175,336,98047,237,99742,432,98046,137,100015,100,,,100254,395,,,101125,90,,,,,,,,,,,,,,,,,,
2019-06-28 13:49:06.724356662,98471,240,98256,100,99175,336,98223,131,99742,432,98047,237,100015,100,98046,137,100254,395,,,101125,90,,,,,,,,,,,,,,,,,,
2019-06-28 13:49:10.000000000,98471,513,98256,514,99175,199,98047,100,99742,295,,,100015,100,,,100254,395,,,101125,90,,,,,,,,,,,,,,,,,,
2019-06-28 13:49:20.000000000,98471,240,98256,241,99175,336,98047,237,99742,432,98046,137,100015,100,,,100254,395,,,101125,90,,,,,,,,,,,,,,,,,,
2019-06-28 13:49:24.964858302,98329,100,98256,241,98471,240,98047,237,99175,336,98046,137,99742,432,,,100015,100,,,100254,395,,,101125,90,,,,,,,,,,,,,,
2019-06-28 13:49:30.000000000,98329,204,98256,204,98471,203,98047,204,99175,303,98046,104,99742,399,,,100015,100,,,100254,395,,,101125,90,,,,,,,,,,,,,,
2019-06-28 13:49:30.409957310,98329,204,98256,204,98427,100,98047,204,98471,203,98046,104,99175,303,,,99742,399,,,100015,100,,,100254,395,,,101125,90,,,,,,,,,,
2019-06-28 13:49:36.072626153,98329,204,98256,204,98427,100,98047,204,98471,203,98046,104,98742,100,,,99175,303,,,99742,399,,,100015,100,,,100254,395,,,101125,90,,,,,,
2019-06-28 13:49:40.000000000,98329,241,98256,241,98427,237,98047,237,98471,236,98046,137,98742,100,,,99175,199,,,99742,295,,,100015,100,,,100254,395,,,101125,90,,,,,,
2019-06-28 13:49:50.000000000,98329,204,98256,204,98427,204,98047,204,98471,203,98046,104,98742,204,,,99175,199,,,99742,295,,,100015,100,,,100254,395,,,101125,90,,,,,,
2019-06-28 13:49:54.673253362,98329,204,98256,204,98427,204,98047,204,98449,100,98046,104,98471,203,,,98742,204,,,99175,199,,,99742,295,,,100015,100,,,100254,395,,,101125,90,,
2019-06-28 13:49:57.677331295,98329,204,98256,204,98427,204,98047,204,98449,100,98046,104,98471,203,,,98742,204,,,99175,199,,,99742,195,,,100015,100,,,100254,395,,,101125,90,,
2019-06-28 13:49:59.549734401,98329,204,98256,204,98427,204,98047,204,98449,100,98046,104,98471,203,,,98651,100,,,98742,204,,,99175,199,,,99742,195,,,100015,100,,,100254,395,,
2019-06-28 13:50:00.000000000,98329,513,98256,404,98427,100,98047,100,98449,100,,,98471,99,,,98651,100,,,98742,100,,,99175,199,,,99742,195,,,100015,100,,,100254,395,,
2019-06-28 13:50:10.000000000,98329,513,98047,514,98427,100,,,98449,100,,,98471,99,,,98651,100,,,98742,100,,,99175,199,,,99742,195,,,100015,100,,,100254,395,,
2019-06-28 13:50:20.000000000,98329,203,98047,204,98427,204,98046,104,98449,204,,,98471,203,,,98651,100,,,98742,100,,,99175,199,,,99742,195,,,100015,100,,,100254,395,,
2019-06-28 13:50:30.000000000,98329,182,98047,183,98427,183,98046,83,98449,183,,,98471,182,,,98651,183,,,98742,100,,,99175,199,,,99742,195,,,100015,100,,,100254,395,,
2019-06-28 13:50:32.922550443,98329,182,98047,183,98427,183,98046,83,98449,183,,,98467,100,,,98471,182,,,98651,183,,,98742,100,,,99175,199,,,99742,195,,,100015,100,,
2019-06-28 13:50:40.000000000,98329,182,98047,183,98427,183,98046,83,98449,183,,,98467,183,,,98471,182,,,98651,100,,,98742,100,,,99175,199,,,99742,195,,,100015,100,,
2019-06-28 13:50:50.000000000,98329,240,98047,241,98427,237,98046,137,98449,237,,,98467,100,,,98471,99,,,98651,100,,,98742,100,,,99175,199,,,99742,195,,,100015,100,,
2019-06-28 13:51:00.000000000,98329,202,98047,94,98427,204,98046,104,98449,204,,,98467,204,,,98471,99,,,98651,100,,,98742,100,,,99175,199,,,99742,195,,,100015,100,,
2019-06-28 13:51:03.428524898,98329,202,98047,194,98427,204,98046,104,98449,204,,,98467,204,,,98471,99,,,98651,100,,,98742,100,,,99175,199,,,99742,195,,,100015,100,,
2019-06-28 13:51:10.000000000,98329,181,98047,183,98427,183,98046,83,98449,183,,,98467,183,,,98471,182,,,98651,100,,,98742,100,,,99175,199,,,99742,195,,,100015,100,,
2019-06-28 13:51:20.000000000,98329,512,98047,514,98427,100,,,98449,100,,,98467,100,,,98471,99,,,98651,100,,,98742,100,,,99175,199,,,99742,195,,,100015,100,,
2019-06-28 13:51:30.000000000,98329,181,98047,183,98427,183,98046,83,98449,183,,,98467,183,,,98471,182,,,98651,100,,,98742,100,,,99175,199,,,99742,195,,,100015,100,,
2019-06-28 13:51:40.000000000,98329,181,98047,183,98427,183,98046,83,98449,183,,,98467,183,,,98471,182,,,98651,100,,,98742,100,,,99175,199,,,99742,195,,,100015,100,,
2019-06-28 13:51:50.000000000,98329,512,98047,514,98427,100,,,98449,100,,,98467,100,,,98471,99,,,98651,100,,,98742,100,,,99175,199,,,99742,195,,,100015,100,,
2019-06-28 13:51:51.125580655,98329,512,98047,514,98427,100,,,98449,100,,,98467,100,,,98471,99,,,98548,100,,,98651,100,,,98742,100,,,99175,199,,,99742,195,,
2019-06-28 13:52:00.000000000,98329,201,98047,94,98427,204,98046,104,98449,204,,,98467,204,,,98471,99,,,98548,100,,,98651,100,,,98742,100,,,99175,199,,,99742,195,,
2019-06-28 13:52:10.000000000,98329,97,,,98427,100,,,98449,100,,,98467,100,,,98471,99,,,98548,100,,,98651,100,,,98742,100,,,99175,199,,,99742,195,,
2019-06-28 13:52:20.930197541,98329,197,,,98427,100,,,98449,100,,,98467,100,,,98471,99,,,98548,100,,,98651,100,,,98742,100,,,99175,199,,,99742,195,,
2019-06-28 13:52:31.303679144,98058,100,,,98329,197,,,98427,100,,,98449,100,,,98467,100,,,98471,99,,,98548,100,,,98651,100,,,98742,100,,,99175,199,,
2019-06-28 13:52:39.128388514,98058,100,,,98329,197,,,98427,100,,,98449,100,,,98467,100,,,98471,99,,,98548,100,,,98651,100,,,98742,100,,,99175,199,,
2019-06-28 13:53:08.374959964,98058,100,,,98329,197,,,98405,100,,,98427,100,,,98449,100,,,98467,100,,,98471,99,,,98548,100,,,98651,100,,,98742,100,,
2019-06-28 13:53:16.880068840,98058,100,,,98305,100,,,98329,197,,,98405,100,,,98427,100,,,98449,100,,,98467,100,,,98471,99,,,98548,100,,,98651,100,,
2019-06-28 13:53:46.391363411,98305,100,,,98329,197,,,98405,100,,,98427,100,,,98449,100,,,98467,100,,,98471,99,,,98548,100,,,98651,100,,,98742,100,,
2019-06-28 13:53:47.645294320,98305,100,,,98329,197,,,98405,100,,,98427,100,,,98449,100,,,98467,100,,,98471,99,,,98548,100,,,98651,100,,,98742,100,,
2019-06-28 13:54:03.946699835,98305,100,,,98329,197,,,98405,100,,,98427,100,,,98449,100,,,98467,100,,,98471,99,,,98474,100,,,98548,100,,,98742,100,,
2019-06-28 13:54:09.099205683,98301,100,,,98305,100,,,98329,197,,,98405,100,,,98427,100,,,98449,100,,,98467,100,,,98471,99,,,98474,100,,,98548,100,,
2019-06-28 13:54:11.770143297,98301,100,98019,100,98305,100,,,98329,197,,,98405,100,,,98427,100,,,98449,100,,,98467,100,,,98471,99,,,98474,100,,,98548,100,,
2019-06-28 13:54:12.629313566,98301,100,98109,100,98305,100,98019,100,98329,197,,,98405,100,,,98427,100,,,98449,100,,,98467,100,,,98471,99,,,98474,100,,,98548,100,,
2019-06-28 13:54:16.578313910,98301,100,98019,100,98305,100,,,98329,197,,,98405,100,,,98427,100,,,98449,100,,,98467,100,,,98471,99,,,98474,100,,,98548,100,,
2019-06-28 13:54:20.000000000,98301,307,98019,307,98305,307,98018,207,98329,197,,,98405,100,,,98427,100,,,98449,100,,,98467,100,,,98471,99,,,98474,100,,,98548,100,,
2019-06-28 13:54:23.313770157,98301,307,98058,100,98305,307,98019,307,98329,197,98018,207,98405,100,,,98427,100,,,98449,100,,,98467,100,,,98471,99,,,98474,100,,,98548,100,,
2019-06-28 13:54:24.011257099,98105,100,98058,100,98301,307,98019,307,98305,307,98018,207,98329,197,,,98405,100,,,98427,100,,,98449,100,,,98467,100,,,98471,99,,,98474,100,,
2019-06-28 13:54:30.000000000,98105,307,98058,307,98301,307,98019,307,98305,100,,,98329,197,,,98405,100,,,98427,100,,,98449,100,,,98467,100,,,98471,99,,,98474,100,,
2019-06-28 13:54:40.000000000,98105,307,98058,307,98301,307,98019,307,98305,100,,,98329,197,,,98405,100,,,98427,100,,,98449,100,,,98467,100,,,98471,99,,,98474,100,,
2019-06-28 13:54:50.000000000,98105,241,98058,241,98301,237,98019,237,98305,237,98018,137,98329,197,,,98405,100,,,98427,100,,,98449,100,,,98467,100,,,98471,99,,,98474,100,,
2019-06-28 13:54:56.975248159,98105,141,98058,241,98301,237,98019,237,98305,237,98018,137,98329,197,,,98405,100,,,98427,100,,,98449,100,,,98467,100,,,98471,99,,,98474,100,,
2019-06-28 13:55:00.000000000,98301,513,98058,404,98305,100,98019,100,98329,197,,,98405,100,,,98427,100,,,98449,100,,,98467,100,,,98471,99,,,98474,100,,,98548,100,,
2019-06-28 13:55:09.555399290,98301,513,98129,100,98305,100,98058,404,98329,197,98019,100,98405,100,,,98427,100,,,98449,100,,,98467,100,,,98471,99,,,98474,100,,,98742,100,,
2019-06-28 13:55:10.000000000,98301,203,98129,204,98305,204,98019,204,98329,301,98018,104,98405,204,,,98427,100,,,98449,100,,,98467,100,,,98471,99,,,98474,100,,,98742,100,,
2019-06-28 13:55:10.128728241,98301,303,98129,204,98305,204,98019,204,98329,201,98018,104,98405,204,,,98427,100,,,98449,100,,,98467,100,,,98471,99,,,98474,100,,,98742,100,,
2019-06-28 13:55:10.733848130,98301,203,98129,204,98305,204,98019,204,98329,201,98018,104,98405,204,,,98427,100,,,98449,100,,,98467,100,,,98471,99,,,98474,100,,,98742,100,,
2019-06-28 13:55:20.000000000,98301,514,98129,514,98305,100,98019,100,98329,97,,,98405,100,,,98427,100,,,98449,100,,,98467,100,,,98471,99,,,98474,100,,,98742,100,,
2019-06-28 13:55:30.000000000,98301,514,98129,514,98305,100,98019,100,98329,97,,,98405,100,,,98427,100,,,98449,100,,,98467,100,,,98471,99,,,98474,100,,,98742,100,,
2019-06-28 13:55:40.000000000,98301,204,98129,204,98305,204,98019,204,98329,201,98018,104,98405,204,,,98427,100,,,98449,100,,,98467,100,,,98471,99,,,98474,100,,,98742,100,,
2019-06-28 13:55:50.000000000,98301,514,98129,514,98305,100,98019,100,98329,97,,,98405,100,,,98427,100,,,98449,100,,,98467,100,,,98471,99,,,98474,100,,,98742,100,,
2019-06-28 13:56:00.000000000,98301,513,98129,404,98305,100,98019,100,98329,97,,,98405,100,,,98427,100,,,98449,100,,,98467,100,,,98471,99,,,98474,100,,,98742,100,,
2019-06-28 13:56:04.830527754,98301,513,98139,100,98305,100,98129,404,98329,97,98019,100,98405,100,,,98427,100,,,98449,100,,,98467,100,,,98471,99,,,98474,100,,,98742,100,,
2019-06-28 13:56:08.219823963,98301,513,98139,100,98305,100,98129,404,98329,97,98019,100,98405,100,97968,100,98427,100,,,98449,100,,,98467,100,,,98471,99,,,98474,100,,,98742,100,,
2019-06-28 13:56:10.000000000,98301,182,98139,183,98305,183,98019,183,98329,180,97968,183,98405,183,97967,83,98427,183,,,98449,100,,,98467,100,,,98471,99,,,98474,100,,,98742,100,,
2019-06-28 13:56:20.000000000,98301,513,98139,514,98305,100,98019,100,98329,97,97968,100,98405,100,,,98427,100,,,98449,100,,,98467,100,,,98471,99,,,98474,100,,,98742,100,,
2019-06-28 13:56:30.000000000,98301,513,98139,514,98305,100,98019,100,98329,97,97968,100,98405,100,,,98427,100,,,98449,100,,,98467,100,,,98471,99,,,98474,100,,,98742,100,,
2019-06-28 13:56:30.999805961,98301,513,98139,514,98305,100,98019,100,98329,97,97968,100,98405,100,97893,100,98427,100,,,98467,100,,,98471,99,,,98474,100,,,98742,100,,,99175,199,,
2019-06-28 13:56:38.527791334,98301,513,98139,414,98305,100,98019,100,98329,97,97968,100,98405,100,97893,100,98427,100,,,98467,100,,,98471,99,,,98474,100,,,98742,100,,,99175,199,,
2019-06-28 13:56:40.000000000,98301,182,98019,183,98305,183,97968,183,98329,180,97893,183,98405,183,97892,83,98427,183,,,98467,100,,,98471,99,,,98474,100,,,98742,100,,,99175,199,,
2019-06-28 13:56:44.433544568,98301,182,98019,183,98305,183,97968,183,98329,180,97893,183,98405,183,97892,83,98427,183,97654,100,98467,100,,,98471,99,,,98474,100,,,98742,100,,,99175,199,,
2019-06-28 13:56:50.000000000,98301,513,98019,514,98305,100,97968,100,98329,97,97893,100,98405,100,97654,100,98427,100,,,98467,100,,,98471,99,,,98474,100,,,98742,100,,,99175,199,,
2019-06-28 13:57:00.000000000,98301,202,98019,94,98305,204,97968,204,98329,201,97893,204,98405,204,97654,204,98427,100,,,98467,100,,,98471,99,,,98474,100,,,98742,100,,,99175,199,,
2019-06-28 13:57:06.933530042,98301,202,98019,194,98305,204,97968,204,98329,201,97893,204,98405,204,97654,204,98427,100,,,98467,100,,,98471,99,,,98474,100,,,98742,100,,,99175,199,,
2019-06-28 13:57:07.447904971,98245,100,98019,194,98301,202,97968,204,98305,204,97893,204,98329,201,97654,204,98405,204,,,98427,100,,,98467,100,,,98471,99,,,98474,100,,,98742,100,,
2019-06-28 13:57:10.000000000,98245,307,98019,307,98301,305,97968,307,98305,100,97893,100,98329,97,97654,100,98405,100,,,98427,100,,,98467,100,,,98471,99,,,98474,100,,,98742,100,,
2019-06-28 13:57:20.000000000,98245,183,98019,183,98301,181,97968,183,98305,183,97893,183,98329,180,97654,183,98405,183,97653,83,98427,100,,,98467,100,,,98471,99,,,98474,100,,,98742,100,,
2019-06-28 13:57:26.768935792,98245,183,98019,183,98301,181,97968,183,98305,183,97893,183,98329,180,97654,183,98405,183,97653,83,98427,100,,,98467,100,,,98471,99,,,98474,100,,,98742,100,,
2019-06-28 13:57:30.000000000,98245,241,98019,241,98301,235,97968,237,98305,237,97893,237,98329,97,97654,100,98405,100,,,98427,100,,,98467,100,,,98471,99,,,98474,100,,,98742,100,,
2019-06-28 13:57:40.000000000,98245,307,98019,307,98301,305,97968,307,98305,100,97893,100,98329,97,97654,100,98405,100,,,98427,100,,,98467,100,,,98471,99,,,98474,100,,,98742,100,,
2019-06-28 13:57:48.962898260,98245,207,98019,307,98301,305,97968,307,98305,100,97893,100,98329,97,97654,100,98405,100,,,98427,100,,,98467,100,,,98471,99,,,98474,100,,,98806,100,,
2019-06-28 13:57:50.000000000,98301,181,98019,183,98305,183,97968,183,98329,180,97893,183,98405,183,97654,183,98427,183,97653,83,98467,100,,,98471,99,,,98474,100,,,98806,100,,,99175,199,,
2019-06-28 13:57:56.306619745,98301,181,98245,100,98305,183,98019,183,98329,180,97968,183,98405,183,97893,183,98427,183,97654,183,98467,100,97653,83,98471,99,,,98474,100,,,98806,100,,,99175,199,,
2019-06-28 13:58:00.000000000,98301,238,98245,131,98305,237,98019,237,98329,234,97968,237,98405,100,97893,100,98427,100,97654,100,98467,100,,,98471,99,,,98474,100,,,98806,100,,,99175,199,,
2019-06-28 13:58:05.447579289,98301,238,98245,131,98305,237,98019,237,98329,234,97968,237,98405,100,97893,100,98427,100,97654,100,98467,100,,,98471,99,,,98474,100,,,98787,100,,,98806,100,,
2019-06-28 13:58:10.000000000,98301,238,98019,241,98305,237,97968,237,98329,234,97893,237,98405,100,97654,100,98427,100,,,98467,100,,,98471,99,,,98474,100,,,98787,100,,,98806,100,,
2019-06-28 13:58:10.136699698,98301,138,98019,241,98305,237,97968,237,98329,234,97893,237,98405,100,97654,100,98427,100,,,98467,100,,,98471,99,,,98474,100,,,98787,100,,,98806,100,,
2019-06-28 13:58:14.519692247,98301,38,98019,241,98305,237,97968,237,98329,234,97893,237,98405,100,97654,100,98427,100,,,98467,100,,,98471,99,,,98474,100,,,98787,100,,,98806,100,,
2019-06-28 13:58:20.000000000,98305,514,98019,514,98329,97,97968,100,98405,100,97893,100,98427,100,97654,100,98467,100,,,98471,99,,,98474,100,,,98787,100,,,98806,100,,,99175,199,,
2019-06-28 13:58:22.932618677,98305,414,98019,514,98329,97,97968,100,98405,100,97893,100,98427,100,97654,100,98467,100,,,98471,99,,,98474,100,,,98787,100,,,98806,100,,,99175,199,,
2019-06-28 13:58:30.000000000,98329,304,98019,307,98405,307,97968,307,98427,100,97893,100,98467,100,97654,100,98471,99,,,98474,100,,,98787,100,,,98806,100,,,99175,199,,,99742,100,,
2019-06-28 13:58:32.568756177,98329,304,98019,307,98405,307,97968,307,98427,100,97893,100,98467,100,97654,100,98471,99,,,98474,100,,,98787,100,,,98806,100,,,98889,100,,,99175,199,,
2019-06-28 13:58:40.000000000,98329,511,98019,514,98405,100,97968,100,98427,100,97893,100,98467,100,97654,100,98471,99,,,98474,100,,,98787,100,,,98806,100,,,98889,100,,,99175,199,,
2019-06-28 13:58:50.000000000,98329,180,98019,183,98405,183,97968,183,98427,183,97893,183,98467,183,97654,183,98471,182,97653,83,98474,100,,,98787,100,,,98806,100,,,98889,100,,,99175,199,,
2019-06-28 13:58:55.485308127,98329,80,98019,183,98405,183,97968,183,98427,183,97893,183,98467,183,97654,183,98471,182,97653,83,98474,100,,,98787,100,,,98806,100,,,98889,100,,,99175,199,,
2019-06-28 13:58:55.751181360,98329,80,98019,183,98405,183,97968,183,98427,183,97893,183,98467,183,97654,183,98471,182,97653,83,98474,100,,,98787,100,,,98806,100,,,98889,100,,,99175,199,,
2019-06-28 13:59:00.000000000,98405,203,98019,94,98427,204,97968,204,98467,204,97893,204,98471,203,97654,204,98474,100,,,98787,100,,,98806,100,,,98889,100,,,99175,199,,,99318,100,,
2019-06-28 13:59:10.000000000,98405,203,97968,204,98427,204,97893,204,98467,204,97654,204,98471,203,97653,104,98474,100,,,98787,100,,,98806,100,,,98889,100,,,99175,199,,,99318,100,,
2019-06-28 13:59:15.580629375,98405,203,97968,204,98427,204,97893,204,98467,204,97654,204,98471,203,97653,104,98474,100,,,98787,100,,,98806,100,,,98889,100,,,98938,100,,,99175,199,,
2019-06-28 13:59:17.261782287,98405,103,97968,204,98427,204,97893,204,98467,204,97654,204,98471,203,97653,104,98474,100,,,98787,100,,,98806,100,,,98889,100,,,98938,100,,,99175,199,,
2019-06-28 13:59:19.172792942,98405,103,97968,204,98427,204,97893,204,98467,204,97654,204,98471,203,97653,104,98474,100,,,98787,100,,,98806,100,,,98889,100,,,98938,100,,,99175,199,,
2019-06-28 13:59:20.000000000,98427,307,97968,307,98467,307,97893,307,98471,99,97654,100,98474,100,,,98787,100,,,98806,100,,,98889,100,,,98938,100,,,99175,199,,,99230,100,,
2019-06-28 13:59:23.183028097,98427,307,97968,307,98467,307,97893,307,98471,99,97654,100,98474,100,,,98787,100,,,98806,100,,,98889,100,,,98938,100,,,99006,100,,,99175,199,,
2019-06-28 13:59:30.000000000,98427,307,97968,307,98467,307,97893,307,98471,99,97654,100,98474,100,,,98787,100,,,98806,100,,,98889,100,,,98938,100,,,99006,100,,,99175,199,,
2019-06-28 13:59:40.000000000,98427,514,97968,514,98467,100,97893,100,98471,99,97654,100,98474,100,,,98787,100,,,98806,100,,,98889,100,,,98938,100,,,99006,100,,,99175,199,,
2019-06-28 13:59:41.186028041,98427,314,97968,514,98467,100,97893,100,98471,99,97654,100,98474,100,,,98787,100,,,98806,100,,,98889,100,,,98938,100,,,99006,100,,,99175,199,,
2019-06-28 13:59:47.900804990,98427,214,97968,514,98467,100,97893,100,98471,99,97654,100,98474,100,,,98787,100,,,98806,100,,,98889,100,,,98938,100,,,99006,100,,,99175,199,,
2019-06-28 13:59:50.000000000,98467,183,97968,183,98471,182,97893,183,98474,183,97654,183,98787,183,97653,83,98806,183,,,98889,100,,,98938,100,,,99006,100,,,99175,199,,,99230,100,,
2019-06-28 14:00:00.000000000,98467,306,97968,197,98471,306,97893,307,98474,100,97654,100,98787,100,,,98806,100,,,98889,100,,,98938,100,,,99006,100,,,99175,199,,,99230,100,,
2019-06-28 14:00:02.892857091,98467,206,97968,197,98471,306,97893,307,98474,100,97654,100,98787,100,,,98806,100,,,98889,100,,,99006,100,,,99175,199,,,99230,100,,,99318,100,,
2019-06-28 14:00:10.000000000,98471,240,97893,241,98474,237,97654,237,98787,237,97653,137,98806,100,,,98889,100,,,99006,100,,,99175,199,,,99230,100,,,99318,100,,,99742,100,,
2019-06-28 14:00:12.376058129,98471,240,98467,100,98474,237,97893,241,98787,237,97654,237,98806,100,97653,137,98889,100,,,99006,100,,,99175,100,,,99230,100,,,99318,100,,,99742,100,,
2019-06-28 14:00:20.000000000,98471,513,98467,514,98474,100,97893,100,98787,100,97654,100,98806,100,,,98889,100,,,99006,100,,,99175,100,,,99230,100,,,99318,100,,,99742,100,,
2019-06-28 14:00:30.000000000,98471,513,98467,514,98474,100,97893,100,98787,100,97654,100,98806,100,,,98889,100,,,99006,100,,,99175,100,,,99230,100,,,99318,100,,,99742,100,,
2019-06-28 14:00:34.076163168,98471,413,98467,514,98787,100,97893,100,98806,100,97654,100,98889,100,,,99006,100,,,99175,100,,,99230,100,,,99318,100,,,99742,100,,,100254,100,,
2019-06-28 14:00:35.723188741,98471,413,98467,514,98787,100,97893,100,98806,100,97654,100,98889,100,,,98909,100,,,99006,100,,,99175,100,,,99230,100,,,99318,100,,,99742,100,,
2019-06-28 14:00:40.000000000,98787,204,98467,204,98806,204,97893,204,98889,204,97654,204,98909,204,97653,104,99006,100,,,99175,100,,,99230,100,,,99318,100,,,99742,100,,,100254,100,,
2019-06-28 14:00:43.981565306,98787,204,98467,204,98806,204,97893,204,98889,204,97654,204,98909,204,97653,104,99006,100,,,99175,100,,,99230,100,,,99251,100,,,99318,100,,,99742,100,,
2019-06-28 14:00:50.000000000,98787,307,98467,307,98806,307,97893,307,98889,100,97654,100,98909,100,,,99006,100,,,99175,100,,,99230,100,,,99251,100,,,99318,100,,,99742,100,,
2019-06-28 14:00:50.467575647,98787,307,98468,100,98806,307,98467,307,98889,100,97893,307,98909,100,97654,100,99006,100,,,99175,100,,,99230,100,,,99251,100,,,99318,100,,,99742,100,,
2019-06-28 14:00:54.618175701,98787,307,98468,200,98806,307,98467,307,98889,100,97893,307,98909,100,97654,100,99006,100,,,99175,100,,,99230,100,,,99251,100,,,99318,100,,,99742,100,,
2019-06-28 14:01:00.000000000,98787,513,98468,504,98806,100,98467,100,98889,100,97893,100,98909,100,97654,100,99006,100,,,99175,100,,,99230,100,,,99251,100,,,99318,100,,,99742,100,,
2019-06-28 14:01:03.614067759,98787,513,98468,504,98806,100,98467,100,98889,100,97893,100,98909,100,97654,100,99006,100,,,99134,100,,,99175,100,,,99230,100,,,99251,100,,,99318,100,,
2019-06-28 14:01:08.754628701,98787,513,98468,604,98806,100,98467,100,98889,100,97893,100,98909,100,97654,100,99006,100,,,99134,100,,,99175,100,,,99230,100,,,99251,100,,,99318,100,,
2019-06-28 14:01:10.000000000,98787,513,98468,604,98806,100,98467,100,98889,100,97893,100,98909,100,97654,100,99006,100,,,99134,100,,,99175,100,,,99230,100,,,99251,100,,,99318,100,,
2019-06-28 14:01:20.000000000,98787,513,98468,604,98806,100,98467,100,98889,100,97893,100,98909,100,97654,100,99006,100,,,99134,100,,,99175,100,,,99230,100,,,99251,100,,,99318,100,,
2019-06-28 14:01:21.915542755,98787,513,98468,604,98806,100,98467,100,98889,100,97893,100,98909,100,97654,100,99006,100,,,99047,100,,,99134,100,,,99175,100,,,99230,100,,,99251,100,,
2019-06-28 14:01:30.000000000,98787,513,98468,604,98806,100,98467,100,98889,100,97893,100,98909,100,97654,100,99006,100,,,99047,100,,,99134,100,,,99175,100,,,99230,100,,,99251,100,,
2019-06-28 14:01:40.000000000,98787,182,98468,273,98806,183,98467,183,98889,183,97893,183,98909,183,97654,183,99006,183,97653,83,99047,100,,,99134,100,,,99175,100,,,99230,100,,,99251,100,,
2019-06-28 14:01:44.001628806,98787,82,98468,273,98806,183,98467,183,98889,183,97893,183,98909,183,97654,183,99006,183,97653,83,99047,100,,,99134,100,,,99175,100,,,99230,100,,,99251,100,,
2019-06-28 14:01:48.031141921,98806,183,98787,18,98889,183,98468,273,98909,183,98467,183,99006,183,97893,183,99047,100,97654,183,99134,100,97653,83,99175,100,,,99230,100,,,99251,100,,,99318,100,,
2019-06-28 14:01:50.000000000,98806,204,98787,122,98889,204,98468,294,98909,204,98467,204,99006,204,97893,204,99047,100,97654,100,99134,100,,,99175,100,,,99230,100,,,99251,100,,,99318,100,,
2019-06-28 14:02:00.000000000,98806,203,98787,12,98889,204,98468,294,98909,204,98467,204,99006,204,97893,204,99047,100,97654,100,99134,100,,,99175,100,,,99230,100,,,99251,100,,,99318,100,,
2019-06-28 14:02:06.857479548,98806,203,98787,112,98889,204,98468,294,98909,204,98467,204,99006,204,97893,204,99047,100,97654,100,99134,100,,,99175,100,,,99230,100,,,99251,100,,,99318,100,,
2019-06-28 14:02:10.000000000,98806,203,98787,204,98889,204,98468,294,98909,204,98467,204,99006,204,97893,204,99047,100,97654,100,99134,100,,,99175,100,,,99230,100,,,99251,100,,,99318,100,,
2019-06-28 14:02:19.784916442,98806,203,98787,204,98889,204,98468,294,98909,204,98467,204,99006,204,97893,204,99047,100,97654,100,99134,100,,,99175,100,,,99230,100,,,99251,100,,,99318,100,,
2019-06-28 14:02:20.000000000,98806,240,98787,241,98889,237,98468,327,98909,237,98467,237,99006,100,97893,100,99047,100,97654,100,99134,100,,,99175,100,,,99230,100,,,99251,100,,,99318,100,,
2019-06-28 14:02:27.334604389,98806,140,98787,241,98889,237,98468,327,98909,237,98467,237,99047,100,97893,100,99134,100,97654,100,99175,100,,,99230,100,,,99251,100,,,99318,100,,,99333,100,,
2019-06-28 14:02:30.000000000,98889,307,98787,307,98909,307,98468,397,99047,100,98467,100,99134,100,97893,100,99175,100,97654,100,99230,100,,,99251,100,,,99318,100,,,99333,100,,,100254,100,,
2019-06-28 14:02:40.000000000,98889,204,98787,204,98909,204,98468,294,99047,204,98467,204,99134,204,97893,204,99175,100,97654,100,99230,100,,,99251,100,,,99318,100,,,99333,100,,,100254,100,,
2019-06-28 14:02:50.000000000,98889,183,98787,183,98909,183,98468,273,99047,183,98467,183,99134,183,97893,183,99175,183,97654,183,99230,100,,,99251,100,,,99318,100,,,99333,100,,,100254,100,,
2019-06-28 14:02:53.522037540,98889,83,98787,183,98909,183,98468,273,99047,183,98467,183,99134,183,97893,183,99175,183,97654,183,99230,100,,,99251,100,,,99318,100,,,99333,100,,,100254,100,,
2019-06-28 14:03:00.000000000,98909,182,98787,73,99047,183,98468,273,99134,183,98467,183,99175,183,97893,183,99230,183,97654,183,99251,100,,,99318,100,,,99333,100,,,100254,100,,,,,,
2019-06-28 14:03:10.000000000,98909,182,98468,273,99047,183,98467,183,99134,183,97893,183,99175,183,97654,183,99230,183,97653,83,99251,100,,,99318,100,,,99333,100,,,100254,100,,,,,,
2019-06-28 14:03:20.000000000,98909,203,98468,294,99047,204,98467,204,99134,204,97893,204,99175,204,97654,204,99230,100,,,99251,100,,,99318,100,,,99333,100,,,100254,100,,,,,,
2019-06-28 14:03:30.000000000,98909,203,98468,294,99047,204,98467,204,99134,204,97893,204,99175,204,97654,204,99230,100,,,99251,100,,,99318,100,,,99333,100,,,100254,100,,,,,,
2019-06-28 14:03:34.333306525,98909,203,98787,100,99047,204,98468,294,99134,204,98467,204,99175,204,97893,204,99230,100,97654,204,99251,100,,,99318,100,,,99333,100,,,100254,100,,,,,,
2019-06-28 14:03:40.000000000,98909,513,98787,514,99047,100,98468,190,99134,100,98467,100,99175,100,97893,100,99230,100,97654,100,99251,100,,,99318,100,,,99333,100,,,100254,100,,,,,,
2019-06-28 14:03:47.250052321,98909,513,98787,514,99134,100,98468,190,99175,100,98467,100,99230,100,97893,100,99251,100,97654,100,99318,100,,,99333,100,,,99770,100,,,100254,100,,,,,,
2019-06-28 14:03:50.000000000,98909,240,98787,241,99134,237,98468,327,99175,237,98467,237,99230,100,97893,100,99251,100,97654,100,99318,100,,,99333,100,,,99770,100,,,100254,100,,,,,,
2019-06-28 14:03:53.753205219,98909,140,98787,241,99134,237,98468,327,99175,237,98467,237,99230,100,97893,100,99251,100,97654,100,99318,100,,,99333,100,,,99770,100,,,100254,100,,,,,,
2019-06-28 14:03:58.711966316,98909,40,98787,241,99134,237,98468,327,99175,237,98467,237,99230,100,97893,100,99251,100,97654,100,99318,100,,,99333,100,,,99770,100,,,100254,100,,,,,,
2019-06-28 14:04:00.000000000,99134,240,98787,131,99175,237,98468,327,99230,237,98467,237,99251,100,97893,100,99318,100,97654,100,99333,100,,,99770,100,,,100254,100,,,,,,,,,,
2019-06-28 14:04:10.000000000,99134,513,98468,604,99175,100,98467,100,99230,100,97893,100,99251,100,97654,100,99318,100,,,99333,100,,,99770,100,,,100254,100,,,,,,,,,,
2019-06-28 14:04:19.892743577,99134,513,98468,604,99175,100,98467,100,99230,100,97893,100,99251,100,97654,100,99318,100,,,99333,100,,,99768,100,,,99770,100,,,100254,100,,,,,,
2019-06-28 14:04:20.000000000,99134,513,98468,604,99175,100,98467,100,99230,100,97893,100,99251,100,97654,100,99318,100,,,99333,100,,,99768,100,,,99770,100,,,100254,100,,,,,,
2019-06-28 14:04:30.000000000,99134,306,98468,397,99175,307,98467,307,99230,100,97893,100,99251,100,97654,100,99318,100,,,99333,100,,,99768,100,,,99770,100,,,100254,100,,,,,,
2019-06-28 14:04:40.000000000,99134,513,98468,604,99175,100,98467,100,99230,100,97893,100,99251,100,97654,100,99318,100,,,99333,100,,,99768,100,,,99770,100,,,100254,100,,,,,,
2019-06-28 14:04:50.000000000,99134,306,98468,397,99175,307,98467,307,99230,100,97893,100,99251,100,97654,100,99318,100,,,99333,100,,,99768,100,,,99770,100,,,100254,100,,,,,,
2019-06-28 14:04:57.986821577,99134,306,98787,100,99175,307,98468,397,99230,100,98467,307,99251,100,97893,100,99318,100,97654,100,99333,100,,,99768,100,,,99770,100,,,100254,100,,,,,,
2019-06-28 14:05:00.000000000,99134,181,98787,73,99175,183,98468,273,99230,183,98467,183,99251,183,97893,183,99318,183,97654,183,99333,100,,,99768,100,,,99770,100,,,100254,100,,,,,,
2019-06-28 14:05:05.226558942,99134,181,98787,73,99175,183,98468,273,99230,183,98467,183,99251,183,97893,183,99318,183,97654,183,99333,100,,,99572,100,,,99768,100,,,99770,100,,,100254,100,,
2019-06-28 14:05:09.425700684,99134,81,98787,73,99175,183,98468,273,99230,183,98467,183,99251,183,97893,183,99318,183,97654,183,99333,100,,,99572,100,,,99768,100,,,99770,100,,,100254,100,,
2019-06-28 14:05:10.000000000,99175,307,98468,397,99230,307,98467,307,99251,100,97893,100,99318,100,97654,100,99333,100,,,99572,100,,,99768,100,,,99770,100,,,100254,100,,,,,,
2019-06-28 14:05:20.000000000,99175,183,98468,273,99230,183,98467,183,99251,183,97893,183,99318,183,97654,183,99333,183,97653,83,99572,100,,,99768,100,,,99770,100,,,100254,100,,,,,,
2019-06-28 14:05:30.000000000,99175,514,98468,604,99230,100,98467,100,99251,100,97893,100,99318,100,97654,100,99333,100,,,99572,100,,,99768,100,,,99770,100,,,100254,100,,,,,,
2019-06-28 14:05:30.453917845,99175,414,98468,604,99230,100,98467,100,99251,100,97893,100,99318,100,97654,100,99333,100,,,99572,100,,,99768,100,,,99770,100,,,100254,100,,,,,,
2019-06-28 14:05:34.676000878,99175,414,99134,100,99230,100,98468,604,99251,100,98467,100,99318,100,97893,100,99333,100,97654,100,99572,100,,,99768,100,,,99770,100,,,100254,100,,,,,,
2019-06-28 14:05:40.000000000,99230,183,99134,183,99251,183,98468,273,99318,183,98467,183,99333,183,97893,183,99572,183,97654,183,99768,100,,,99770,100,,,100254,100,,,,,,,,,,
2019-06-28 14:05:50.000000000,99230,514,99134,514,99251,100,98468,190,99318,100,98467,100,99333,100,97893,100,99572,100,97654,100,99768,100,,,99770,100,,,100254,100,,,,,,,,,,
2019-06-28 14:06:00.000000000,99230,240,99134,131,99251,237,98468,327,99318,237,98467,237,99333,100,97893,100,99572,100,97654,100,99768,100,,,99770,100,,,100254,100,,,,,,,,,,
2019-06-28 14:06:04.463342222,99230,240,99134,131,99251,237,98468,327,99318,237,98467,237,99333,100,97893,100,99572,100,97654,100,99768,100,,,99770,100,,,99861,100,,,100254,100,,,,,,
2019-06-28 14:06:08.703973334,99230,140,99134,131,99251,237,98468,327,99318,237,98467,237,99333,100,97893,100,99572,100,97654,100,99768,100,,,99770,100,,,99861,100,,,100254,100,,,,,,
2019-06-28 14:06:10.000000000,99251,204,98468,294,99318,204,98467,204,99333,204,97893,204,99572,204,97654,204,99768,100,,,99770,100,,,99861,100,,,100254,100,,,,,,,,,,
2019-06-28 14:06:10.135189221,99251,104,98468,294,99318,204,98467,204,99333,204,97893,204,99572,204,97654,204,99768,100,,,99770,100,,,99861,100,,,100254,100,,,,,,,,,,
2019-06-28 14:06:11.475910865,99251,104,98468,294,99318,204,98467,204,99333,204,97893,204,99572,204,97654,204,99768,100,,,99770,100,,,99861,100,,,100123,100,,,100254,100,,,,,,
2019-06-28 14:06:20.000000000,99318,307,98468,397,99333,307,98467,307,99572,100,97893,100,99768,100,97654,100,99770,100,,,99861,100,,,100123,100,,,100254,100,,,,,,,,,,
2019-06-28 14:06:30.000000000,99318,204,98468,294,99333,204,98467,204,99572,204,97893,204,99768,204,97654,204,99770,100,,,99861,100,,,100123,100,,,100254,100,,,,,,,,,,
2019-06-28 14:06:40.000000000,99318,514,98468,604,99333,100,98467,100,99572,100,97893,100,99768,100,97654,100,99770,100,,,99861,100,,,100123,100,,,100254,100,,,,,,,,,,
2019-06-28 14:06:42.401465882,99318,514,98468,604,99333,100,98467,100,99572,100,97893,100,99659,100,97654,100,99768,100,,,99770,100,,,99861,100,,,100123,100,,,100254,100,,,,,,
2019-06-28 14:06:50.000000000,99318,307,98468,397,99333,307,98467,307,99572,100,97893,100,99659,100,97654,100,99768,100,,,99770,100,,,99861,100,,,100123,100,,,100254,100,,,,,,
2019-06-28 14:06:50.311786559,99318,307,98468,397,99333,307,98467,307,99572,100,97893,100,99659,100,97654,100,99768,100,,,99770,100,,,99861,100,,,99903,100,,,100123,100,,,100254,100,,
2019-06-28 14:07:00.000000000,99318,513,98468,494,99333,100,98467,100,99572,100,97893,100,99659,100,97654,100,99768,100,,,99770,100,,,99861,100,,,99903,100,,,100123,100,,,100254,100,,
2019-06-28 14:07:10.000000000,99318,513,98468,494,99333,100,98467,100,99572,100,97893,100,99659,100,97654,100,99768,100,,,99770,100,,,99861,100,,,99903,100,,,100123,100,,,100254,100,,
2019-06-28 14:07:16.625260710,99318,513,98468,594,99333,100,98467,100,99572,100,97893,100,99659,100,97654,100,99768,100,,,99770,100,,,99861,100,,,99903,100,,,100123,100,,,100254,100,,
2019-06-28 14:07:20.000000000,99318,513,98468,594,99333,100,98467,100,99572,100,97893,100,99659,100,97654,100,99768,100,,,99770,100,,,99861,100,,,99903,100,,,100123,100,,,100254,100,,
2019-06-28 14:07:30.000000000,99318,240,98468,321,99333,237,98467,237,99572,237,97893,237,99659,100,97654,100,99768,100,,,99770,100,,,99861,100,,,99903,100,,,100123,100,,,100254,100,,
2019-06-28 14:07:34.504085300,99318,240,98468,421,99333,237,98467,237,99572,237,97893,237,99659,100,97654,100,99768,100,,,99770,100,,,99861,100,,,99903,100,,,100123,100,,,100254,100,,
2019-06-28 14:07:40.000000000,99318,240,98468,421,99333,237,98467,237,99572,237,97893,237,99659,100,97654,100,99768,100,,,99770,100,,,99861,100,,,99903,100,,,100123,100,,,100254,100,,
2019-06-28 14:07:47.933859863,99318,240,98468,421,99333,237,98467,237,99572,237,97893,237,99659,100,97654,100,99768,100,,,99770,100,,,99861,100,,,99903,100,,,100123,100,,,100254,100,,
2019-06-28 14:07:50.000000000,99318,203,98468,384,99333,204,98467,204,99572,204,97893,204,99659,204,97654,204,99768,100,,,99770,100,,,99861,100,,,99903,100,,,100123,100,,,100254,100,,
2019-06-28 14:07:53.215366163,99318,203,98468,484,99333,204,98467,204,99572,204,97893,204,99659,204,97654,204,99768,100,,,99770,100,,,99861,100,,,99903,100,,,100123,100,,,100254,100,,
2019-06-28 14:08:00.000000000,99318,202,98468,374,99333,204,98467,204,99572,204,97893,204,99659,204,97654,204,99768,100,,,99770,100,,,99861,100,,,99903,100,,,100123,100,,,100254,100,,
2019-06-28 14:08:10.000000000,99318,181,98468,353,99333,183,98467,183,99572,183,97893,183,99659,183,97654,183,99768,183,97653,83,99770,100,,,99861,100,,,99903,100,,,100123,100,,,100254,100,,
2019-06-28 14:08:15.665939214,99318,181,98468,353,99333,183,98467,183,99572,183,97893,183,99659,183,97654,183,99768,183,97653,83,99770,100,,,99853,100,,,99903,100,,,100123,100,,,100254,100,,
2019-06-28 14:08:20.000000000,99318,239,98468,411,99333,237,98467,237,99572,237,97893,237,99659,100,97654,100,99768,100,,,99770,100,,,99853,100,,,99903,100,,,100123,100,,,100254,100,,
2019-06-28 14:08:26.536277535,99318,239,98468,411,99333,237,98467,237,99572,237,97893,237,99659,100,97654,100,99768,100,,,99770,100,,,99853,100,,,99895,100,,,99903,100,,,100123,100,,
2019-06-28 14:08:30.000000000,99318,181,98468,353,99333,183,98467,183,99572,183,97893,183,99659,183,97654,183,99768,183,97653,83,99770,100,,,99853,100,,,99895,100,,,99903,100,,,100123,100,,
2019-06-28 14:08:40.000000000,99318,305,98468,477,99333,307,98467,307,99572,100,97893,100,99659,100,97654,100,99768,100,,,99770,100,,,99853,100,,,99895,100,,,99903,100,,,100123,100,,
2019-06-28 14:08:41.315016482,99318,305,98468,577,99333,307,98467,307,99572,100,97893,100,99659,100,97654,100,99768,100,,,99770,100,,,99853,100,,,99895,100,,,99903,100,,,100123,100,,
2019-06-28 14:08:50.000000000,99318,512,98468,784,99333,100,98467,100,99572,100,97893,100,99659,100,97654,100,99768,100,,,99770,100,,,99853,100,,,99895,100,,,99903,100,,,100123,100,,
2019-06-28 14:09:00.000000000,99318,304,98468,467,99333,307,98467,307,99572,100,97893,100,99659,100,97654,100,99768,100,,,99770,100,,,99853,100,,,99895,100,,,99903,100,,,100123,100,,
2019-06-28 14:09:10.000000000,99318,511,98468,674,99333,100,98467,100,99572,100,97893,100,99659,100,97654,100,99768,100,,,99770,100,,,99853,100,,,99895,100,,,99903,100,,,100123,100,,
2019-06-28 14:09:13.173232654,99318,314,98468,674,99333,100,98467,100,99572,100,97893,100,99659,100,97654,100,99768,100,,,99770,100,,,99853,100,,,99895,100,,,99903,100,,,100123,100,,
2019-06-28 14:09:18.382017730,99318,214,98468,674,99333,100,98467,100,99659,100,97893,100,99768,100,97654,100,99770,100,,,99853,100,,,99895,100,,,99903,100,,,100123,100,,,100254,100,,
2019-06-28 14:09:20.000000000,99333,241,98468,401,99659,237,98467,237,99768,237,97893,237,99770,100,97654,100,99853,100,,,99895,100,,,99903,100,,,100123,100,,,100254,100,,,,,,
2019-06-28 14:09:30.000000000,99333,204,98468,364,99659,204,98467,204,99768,204,97893,204,99770,204,97654,204,99853,100,,,99895,100,,,99903,100,,,100123,100,,,100254,100,,,,,,
2019-06-28 14:09:32.824217899,99333,104,98468,364,99659,204,98467,204,99768,204,97893,204,99770,204,97654,204,99853,100,,,99895,100,,,99903,100,,,100123,100,,,100254,100,,,,,,
2019-06-28 14:09:40.000000000,99659,514,98468,674,99768,100,98467,100,99770,100,97893,100,99853,100,97654,100,99895,100,,,99903,100,,,100123,100,,,100254,100,,,,,,,,,,
2019-06-28 14:09:50.000000000,99659,307,98468,467,99768,307,98467,307,99770,100,97893,100,99853,100,97654,100,99895,100,,,99903,100,,,100123,100,,,100254,100,,,,,,,,,,
2019-06-28 14:09:57.341574960,99659,207,98468,467,99768,307,98467,307,99770,100,97893,100,99853,100,97654,100,99895,100,,,99903,100,,,100123,100,,,100254,100,,,,,,,,,,
2019-06-28 14:10:00.000000000,99768,182,98468,233,99770,183,98467,183,99853,183,97893,183,99895,183,97654,183,99903,183,97653,83,100123,100,,,100254,100,,,,,,,,,,,,,,
2019-06-28 14:10:10.000000000,99768,203,98468,254,99770,204,98467,204,99853,204,97893,204,99895,204,97654,204,99903,100,,,100123,100,,,100254,100,,,,,,,,,,,,,,
2019-06-28 14:10:11.329984100,99768,103,98468,254,99770,204,98467,204,99853,204,97893,204,99895,204,97654,204,99903,100,,,100123,100,,,100254,100,,,,,,,,,,,,,,
2019-06-28 14:10:20.000000000,99770,514,98468,564,99853,100,98467,100,99895,100,97893,100,99903,100,97654,100,100123,100,,,100254,100,,,,,,,,,,,,,,,,,,
2019-06-28 14:10:30.000000000,99770,204,98468,254,99853,204,98467,204,99895,204,97893,204,99903,204,97654,204,100123,100,,,100254,100,,,,,,,,,,,,,,,,,,
2019-06-28 14:10:40.000000000,99770,204,98468,254,99853,204,98467,204,99895,204,97893,204,99903,204,97654,204,100123,100,,,100254,100,,,,,,,,,,,,,,,,,,
2019-06-28 14:10:48.956587985,99770,204,99768,100,99853,204,98468,254,99895,204,98467,204,99903,204,97893,204,100123,100,97654,204,100254,100,,,,,,,,,,,,,,,,,,
2019-06-28 14:10:50.000000000,99770,183,99768,183,99853,183,98468,233,99895,183,98467,183,99903,183,97893,183,100123,183,97654,183,100254,100,,,,,,,,,,,,,,,,,,
2019-06-28 14:10:57.969340764,99770,83,99768,183,99853,183,98468,233,99895,183,98467,183,99903,183,97893,183,100123,183,97654,183,100254,100,,,,,,,,,,,,,,,,,,
2019-06-28 14:11:00.000000000,99853,203,99768,94,99895,204,98468,254,99903,204,98467,204,100123,204,97893,204,100254,100,97654,100,,,,,,,,,,,,,,,,,,,,
2019-06-28 14:11:00.740805026,99853,203,99768,194,99895,204,98468,254,99903,204,98467,204,100123,204,97893,204,100254,100,97654,100,,,,,,,,,,,,,,,,,,,,
2019-06-28 14:11:04.538371766,99853,103,99768,194,99895,204,98468,254,99903,204,98467,204,100123,204,97893,204,100254,100,97654,100,,,,,,,,,,,,,,,,,,,,
2019-06-28 14:11:10.000000000,99895,307,99768,307,99903,307,98468,357,100123,100,98467,100,100254,100,97893,100,,,97654,100,,,,,,,,,,,,,,,,,,,,
2019-06-28 14:11:13.272899684,99895,207,99768,307,99903,307,98468,357,100123,100,98467,100,100254,100,97893,100,,,97654,100,,,,,,,,,,,,,,,,,,,,
2019-06-28 14:11:16.473188384,99895,107,99768,307,99903,307,98468,357,100123,100,98467,100,100254,100,97893,100,,,97654,100,,,,,,,,,,,,,,,,,,,,
2019-06-28 14:11:20.000000000,99903,204,99768,204,100123,204,98468,254,100254,204,98467,204,100255,104,97893,204,,,97654,100,,,,,,,,,,,,,,,,,,,,
2019-06-28 14:11:21.162234761,99903,204,99895,100,100123,204,99768,204,100254,204,98468,204,100255,104,98467,204,,,97893,204,,,97654,100,,,,,,,,,,,,,,,,
2019-06-28 14:11:23.802248512,99903,204,99895,100,100123,204,99768,104,100254,204,98468,204,100255,104,98467,204,,,97893,204,,,97654,100,,,,,,,,,,,,,,,,
2019-06-28 14:11:30.000000000,99903,183,99895,183,100123,183,98468,183,100254,183,98467,183,100255,83,97893,183,,,97654,183,,,,,,,,,,,,,,,,,,,,
2019-06-28 14:11:39.529931795,99903,183,99895,183,100123,183,98468,183,100249,100,98467,183,100254,183,97893,183,100255,83,97654,183,,,,,,,,,,,,,,,,,,,,
2019-06-28 14:11:40.000000000,99903,307,99895,307,100123,307,98468,307,100249,100,98467,100,100254,100,97893,100,,,97654,100,,,,,,,,,,,,,,,,,,,,
2019-06-28 14:11:50.000000000,99903,307,99895,307,100123,307,98468,307,100249,100,98467,100,100254,100,97893,100,,,97654,100,,,,,,,,,,,,,,,,,,,,
2019-06-28 14:11:54.195134785,99903,307,99895,307,100123,307,98468,307,100249,100,98467,100,100254,100,97893,100,100455,100,97654,100,,,,,,,,,,,,,,,,,,,,
2019-06-28 14:11:54.399372064,99903,307,99895,307,100123,307,98468,307,100249,100,98467,100,100254,100,97893,100,100263,100,97654,100,100455,100,,,,,,,,,,,,,,,,,,
2019-06-28 14:12:00.000000000,99903,240,99895,131,100123,237,98468,237,100249,237,98467,237,100254,100,97893,100,100263,100,97654,100,100455,100,,,,,,,,,,,,,,,,,,
2019-06-28 14:12:02.868563599,99903,240,99895,231,100123,237,98468,237,100249,237,98467,237,100254,100,97893,100,100263,100,97654,100,100455,100,,,,,,,,,,,,,,,,,,
2019-06-28 14:12:10.000000000,99903,240,99895,241,100123,237,98468,237,100249,237,98467,237,100254,100,97893,100,100263,100,97654,100,100455,100,,,,,,,,,,,,,,,,,,
2019-06-28 14:12:14.838711359,99903,240,99895,341,100123,237,98468,237,100249,237,98467,237,100254,100,97893,100,100263,100,97654,100,100455,100,,,,,,,,,,,,,,,,,,
2019-06-28 14:12:16.434853365,99903,140,99895,341,100123,237,98468,237,100249,237,98467,237,100254,100,97893,100,100263,100,,,100455,100,,,,,,,,,,,,,,,,,,
2019-06-28 14:12:18.060110633,99903,40,99895,341,100123,237,98468,237,100249,237,98467,237,100254,100,97893,100,100263,100,,,100455,100,,,,,,,,,,,,,,,,,,
2019-06-28 14:12:20.000000000,100123,241,99895,341,100249,237,98468,237,100254,237,98467,237,100263,100,97893,100,100455,100,,,,,,,,,,,,,,,,,,,,,,
2019-06-28 14:12:30.000000000,100123,514,99895,614,100249,100,98468,100,100254,100,98467,100,100263,100,97893,100,100455,100,,,,,,,,,,,,,,,,,,,,,,
2019-06-28 14:12:32.189602744,100123,514,100111,100,100249,100,99895,614,100254,100,98468,100,100263,100,98467,100,100455,100,97893,100,,,,,,,,,,,,,,,,,,,,
2019-06-28 14:12:33.276623302,100123,514,100111,100,100221,100,99895,614,100249,100,98468,100,100254,100,98467,100,100263,100,97893,100,100455,100,,,,,,,,,,,,,,,,,,
2019-06-28 14:12:38.102891316,100123,514,100111,100,100221,100,99895,614,100249,100,98468,100,100254,100,98467,100,100263,100,97893,100,100586,100,,,,,,,,,,,,,,,,,,
2019-06-28 14:12:40.000000000,100123,307,100111,307,100221,307,99895,407,100249,100,98468,100,100254,100,98467,100,100263,100,97893,100,100586,100,,,,,,,,,,,,,,,,,,
2019-06-28 14:12:50.000000000,100123,514,100111,514,100221,100,99895,200,100249,100,98468,100,100254,100,98467,100,100263,100,97893,100,100586,100,,,,,,,,,,,,,,,,,,
2019-06-28 14:13:00.000000000,100123,203,100111,94,100221,204,99895,304,100249,204,98468,204,100254,204,98467,204,100263,100,97893,100,100586,100,,,,,,,,,,,,,,,,,,
2019-06-28 14:13:04.909863772,100123,103,100111,94,100221,204,99895,304,100249,204,98468,204,100254,204,98467,204,100263,100,97893,100,100586,100,,,,,,,,,,,,,,,,,,
2019-06-28 14:13:04.979200710,100123,3,100111,94,100221,204,99895,304,100249,204,98468,204,100254,204,98467,204,100263,100,97893,100,100586,100,,,,,,,,,,,,,,,,,,
2019-06-28 14:13:10.000000000,100221,307,99895,407,100249,307,98468,307,100254,100,98467,100,100263,100,97893,100,100586,100,,,,,,,,,,,,,,,,,,,,,,
2019-06-28 14:13:14.065251582,100221,307,99895,407,100249,307,98468,307,100254,100,98467,100,100263,100,97893,100,100428,100,,,100586,100,,,,,,,,,,,,,,,,,,
2019-06-28 14:13:20.000000000,100221,241,99895,341,100249,237,98468,237,100254,237,98467,237,100263,100,97893,100,100428,100,,,100586,100,,,,,,,,,,,,,,,,,,
2019-06-28 14:13:21.101168639,100221,241,100176,100,100249,237,99895,341,100254,237,98468,237,100263,100,98467,237,100428,100,97893,100,100586,100,,,,,,,,,,,,,,,,,,
2019-06-28 14:13:30.000000000,100221,307,100176,307,100249,307,99895,407,100254,100,98468,100,100263,100,98467,100,100428,100,97893,100,100586,100,,,,,,,,,,,,,,,,,,
2019-06-28 14:13:35.827314131,100221,207,100176,307,100249,307,99895,407,100254,100,98468,100,100263,100,98467,100,100428,100,97893,100,100586,100,,,,,,,,,,,,,,,,,,
2019-06-28 14:13:37.728060208,100221,107,100176,307,100249,307,99895,407,100254,100,98468,100,100263,100,98467,100,100428,100,97893,100,100586,100,,,,,,,,,,,,,,,,,,
2019-06-28 14:13:40.000000000,100249,241,100176,241,100254,237,99895,337,100263,237,98468,237,100428,100,98467,100,100586,100,97893,100,,,,,,,,,,,,,,,,,,,,
2019-06-28 14:13:50.000000000,100249,514,100176,514,100254,100,99895,200,100263,100,98468,100,100428,100,98467,100,100586,100,97893,100,,,,,,,,,,,,,,,,,,,,
2019-06-28 14:13:51.929196936,100237,100,100176,514,100249,514,99895,200,100254,100,98468,100,100428,100,98467,100,100586,100,97893,100,,,,,,,,,,,,,,,,,,,,
2019-06-28 14:13:53.095179868,100237,100,100181,100,100249,514,100176,414,100254,100,99895,200,100428,100,98468,100,100586,100,98467,100,,,97893,100,,,,,,,,,,,,,,,,
2019-06-28 14:13:55.194334765,100249,514,100181,100,100254,100,100176,414,100428,100,99895,200,,,98468,100,,,98467,100,,,97893,100,,,,,,,,,,,,,,,,
2019-06-28 14:13:56.874587494,100249,514,100225,100,100254,100,100181,100,100428,100,100176,414,,,99895,200,,,98468,100,,,98467,100,,,97893,100,,,,,,,,,,,,
2019-06-28 14:14:00.000000000,100249,241,100225,130,100254,237,100181,237,100428,237,99895,337,,,98468,100,,,98467,100,,,97893,100,,,,,,,,,,,,,,,,
2019-06-28 14:14:10.000000000,100249,307,100181,307,100254,307,99895,407,100428,100,98468,100,,,98467,100,,,97893,100,,,,,,,,,,,,,,,,,,,,
2019-06-28 14:14:17.333163487,100249,307,100225,100,100254,307,100181,307,100428,100,99895,407,,,98468,100,,,98467,100,,,97893,100,,,,,,,,,,,,,,,,
2019-06-28 14:14:20.000000000,100249,307,100225,307,100254,307,100181,307,100428,100,99895,200,,,98468,100,,,98467,100,,,97893,100,,,,,,,,,,,,,,,,
2019-06-28 14:14:29.759784457,100249,207,100225,307,100254,307,100181,307,,,99895,200,,,98468,100,,,98467,100,,,97893,100,,,,,,,,,,,,,,,,
2019-06-28 14:14:30.000000000,100254,204,100225,204,100255,104,100181,204,,,99895,304,,,98468,204,,,98467,100,,,97893,100,,,,,,,,,,,,,,,,
2019-06-28 14:14:40.000000000,100254,183,100225,183,100255,83,100181,183,,,99895,283,,,98468,183,,,98467,183,,,97893,100,,,,,,,,,,,,,,,,
2019-06-28 14:14:40.529190461,100254,83,100225,183,100255,83,100181,183,,,99895,283,,,98468,183,,,98467,183,,,97893,100,,,,,,,,,,,,,,,,
2019-06-28 14:14:44.831027019,100243,100,100225,183,100254,83,100181,183,100255,83,99895,283,,,98468,183,,,98467,183,,,97893,100,,,,,,,,,,,,,,,,
2019-06-28 14:14:50.000000000,100243,183,100225,183,100244,83,100181,183,,,99895,283,,,98468,183,,,98467,183,,,97893,100,,,,,,,,,,,,,,,,
2019-06-28 14:14:52.340626194,100243,183,100225,183,100244,83,100181,183,,,99942,100,,,99895,283,,,98468,183,,,98467,183,,,97893,100,,,,,,,,,,,,
2019-06-28 14:15:00.000000000,100243,241,100225,130,100244,137,100181,237,,,99942,237,,,99895,200,,,98468,100,,,98467,100,,,97893,100,,,,,,,,,,,,
2019-06-28 14:15:10.000000000,100243,241,100181,241,100244,137,99942,237,,,99895,337,,,98468,100,,,98467,100,,,97893,100,,,,,,,,,,,,,,,,
2019-06-28 14:15:20.000000000,100243,204,100181,204,100244,104,99942,204,,,99895,304,,,98468,204,,,98467,100,,,97893,100,,,,,,,,,,,,,,,,
2019-06-28 14:15:30.000000000,100243,204,100181,204,100244,104,99942,204,,,99895,304,,,98468,204,,,98467,100,,,97893,100,,,,,,,,,,,,,,,,
2019-06-28 14:15:32.669820648,100243,204,100225,100,100244,104,100181,204,,,99942,204,,,99895,304,,,98468,204,,,98467,100,,,97893,100,,,,,,,,,,,,
2019-06-28 14:15:40.000000000,100243,183,100225,183,100244,83,100181,183,,,99942,183,,,99895,283,,,98468,183,,,98467,100,,,97893,100,,,,,,,,,,,,
2019-06-28 14:15:45.945283678,100243,183,100225,183,100244,83,100207,100,,,100181,183,,,99942,183,,,99895,283,,,98468,183,,,98467,100,,,97893,100,,,,,,,,
2019-06-28 14:15:50.000000000,100243,204,100225,204,100244,104,100207,204,,,100181,204,,,99942,204,,,99895,200,,,98468,100,,,98467,100,,,97893,100,,,,,,,,
2019-06-28 14:15:59.383018935,100243,4,100225,204,100244,104,100207,204,,,100181,204,,,99942,204,,,99895,200,,,98468,100,,,98467,100,,,97893,100,,,,,,,,
2019-06-28 14:16:00.000000000,,,100225,100,,,100207,100,,,100181,100,,,99942,100,,,99895,200,,,98468,100,,,98467,100,,,97893,100,,,,,,,,
2019-06-28 14:16:03.147240377,,,100225,100,,,100207,100,,,100191,100,,,100181,100,,,99942,100,,,99895,200,,,98468,100,,,98467,100,,,97893,100,,,,
2019-06-28 14:16:35.248870025,,,100226,100,,,100225,100,,,100207,100,,,100191,100,,,100181,100,,,99942,100,,,99895,200,,,98468,100,,,98467,100,,,97893,100
2019-06-28 14:16:57.471564480,,,100571,100,,,100226,100,,,100225,100,,,100207,100,,,100191,100,,,100181,100,,,99942,100,,,99895,200,,,98468,100,,,98467,100
2019-06-28 14:17:11.891057925,,,100571,100,,,100226,100,,,100225,100,,,100207,100,,,100191,100,,,100181,100,,,100086,100,,,99895,200,,,98468,100,,,98467,100
2019-06-28 14:17:31.940162783,,,100571,100,,,100520,100,,,100226,100,,,100225,100,,,100207,100,,,100191,100,,,100181,100,,,100086,100,,,99895,200,,,98468,100
2019-06-28 14:17:50.414226816,,,100571,100,,,100520,100,,,100376,100,,,100226,100,,,100225,100,,,100207,100,,,100191,100,,,100181,100,,,100086,100,,,99895,200
2019-06-28 14:18:01.321184377,,,100520,100,,,100376,100,,,100226,100,,,100225,100,,,100207,100,,,100191,100,,,100181,100,,,100086,100,,,99895,200,,,98468,100
2019-06-28 14:18:05.266397380,100737,100,100520,100,,,100376,100,,,100226,100,,,100225,100,,,100207,100,,,100191,100,,,100181,100,,,100086,100,,,99895,200,,,98468,100
2019-06-28 14:18:10.000000000,100737,241,100520,241,100738,137,100376,237,,,100226,237,,,100225,100,,,100207,100,,,100191,100,,,100181,100,,,100086,100,,,99895,200,,,98468,100
2019-06-28 14:18:20.000000000,100737,204,100520,204,100738,104,100376,204,,,100226,204,,,100225,204,,,100207,100,,,100191,100,,,100181,100,,,100086,100,,,99895,200,,,98468,100
2019-06-28 14:18:30.000000000,100737,204,100520,204,100738,104,100376,204,,,100226,204,,,100225,204,,,100207,100,,,100191,100,,,100181,100,,,100086,100,,,99895,200,,,98468,100
2019-06-28 14:18:40.000000000,100737,204,100520,204,100738,104,100376,204,,,100226,204,,,100225,204,,,100207,100,,,100191,100,,,100181,100,,,100086,100,,,99895,200,,,98468,100
2019-06-28 14:18:50.000000000,100737,204,100520,204,100738,104,100376,204,,,100226,204,,,100225,204,,,100207,100,,,100191,100,,,100181,100,,,100086,100,,,99895,200,,,98468,100
2019-06-28 14:19:00.000000000,100737,241,100520,130,100738,137,100376,237,,,100226,237,,,100225,100,,,100207,100,,,100191,100,,,100181,100,,,100086,100,,,99895,200,,,98468,100
2019-06-28 14:19:10.000000000,100737,241,100376,241,100738,137,100226,237,,,100225,237,,,100207,100,,,100191,100,,,100181,100,,,100086,100,,,99895,200,,,98468,100,,,98467,100
2019-06-28 14:19:12.074816355,100630,100,100376,241,100737,241,100226,237,100738,137,100225,237,,,100207,100,,,100191,100,,,100181,100,,,100086,100,,,99895,200,,,98468,100,,,98467,100
2019-06-28 14:19:15.728287047,100630,100,100520,100,100737,241,100376,241,100738,137,100226,237,,,100225,237,,,100207,100,,,100191,100,,,100181,100,,,100086,100,,,99895,200,,,98468,100
2019-06-28 14:19:20.000000000,100630,204,100520,204,100737,204,100376,204,100738,104,100226,204,,,100225,204,,,100207,100,,,100191,100,,,100181,100,,,100086,100,,,99895,200,,,98468,100
2019-06-28 14:19:22.096454851,100630,204,100576,100,100737,204,100520,204,100738,104,100376,204,,,100226,204,,,100225,204,,,100207,100,,,100191,100,,,100181,100,,,100086,100,,,99895,200
2019-06-28 14:19:30.000000000,100630,241,100576,241,100737,237,100520,237,100738,137,100376,237,,,100226,100,,,100225,100,,,100207,100,,,100191,100,,,100181,100,,,100086,100,,,99895,200
2019-06-28 14:19:33.095887284,100630,241,100576,241,100737,237,100520,237,100738,137,100430,100,,,100376,237,,,100226,100,,,100225,100,,,100207,100,,,100191,100,,,100181,100,,,100086,100
2019-06-28 14:19:34.940482575,100630,241,100576,241,100737,237,100520,137,100738,137,100430,100,,,100376,237,,,100226,100,,,100225,100,,,100207,100,,,100191,100,,,100181,100,,,100086,100
2019-06-28 14:19:40.000000000,100630,183,100576,183,100737,183,100430,183,100738,83,100376,183,,,100226,183,,,100225,183,,,100207,100,,,100191,100,,,100181,100,,,100086,100,,,99895,200
2019-06-28 14:19:50.000000000,100630,204,100576,204,100737,204,100430,204,100738,104,100376,204,,,100226,204,,,100225,100,,,100207,100,,,100191,100,,,100181,100,,,100086,100,,,99895,200
2019-06-28 14:20:00.000000000,100630,241,100576,130,100737,237,100430,237,100738,137,100376,237,,,100226,100,,,100225,100,,,100207,100,,,100191,100,,,100181,100,,,100086,100,,,99895,200
2019-06-28 14:20:10.000000000,100630,514,100430,514,100737,100,100376,100,,,100226,100,,,100225,100,,,100207,100,,,100191,100,,,100181,100,,,100086,100,,,99895,200,,,98468,100
2019-06-28 14:20:14.878585924,100630,414,100430,514,100737,100,100376,100,,,100226,100,,,100225,100,,,100207,100,,,100191,100,,,100181,100,,,100086,100,,,99895,200,,,98468,100
2019-06-28 14:20:20.000000000,100737,204,100430,204,100738,104,100376,204,,,100226,204,,,100225,204,,,100207,100,,,100191,100,,,100181,100,,,100086,100,,,99895,200,,,98468,100
2019-06-28 14:20:20.608408412,100629,100,100430,204,100737,204,100376,204,100738,104,100226,204,,,100225,204,,,100207,100,,,100191,100,,,100181,100,,,100086,100,,,99895,200,,,98468,100
2019-06-28 14:20:29.226995532,100629,200,100430,204,100737,204,100376,204,100738,104,100226,104,,,100225,204,,,100207,100,,,100191,100,,,100181,100,,,100086,100,,,99895,200,,,98468,100
2019-06-28 14:20:30.000000000,100629,304,100430,204,100737,204,100376,204,100738,104,100225,204,,,100207,204,,,100191,100,,,100181,100,,,100086,100,,,99895,200,,,98468,100,,,98467,100
2019-06-28 14:20:35.414848851,100629,404,100430,204,100737,204,100376,204,100738,104,100225,204,,,100207,204,,,100191,100,,,100181,100,,,100086,100,,,99895,200,,,98468,100,,,98467,100
2019-06-28 14:20:38.740893520,100480,100,100430,204,100629,404,100376,204,100737,204,100225,204,100738,104,100207,204,,,100191,100,,,100181,100,,,100086,100,,,99895,200,,,98468,100,,,98467,100
2019-06-28 14:20:40.000000000,100480,241,100430,241,100629,437,100376,237,100737,237,100225,237,,,100207,100,,,100191,100,,,100181,100,,,100086,100,,,99895,200,,,98468,100,,,98467,100
2019-06-28 14:20:50.000000000,100480,183,100430,183,100629,383,100376,183,100737,183,100225,183,100738,83,100207,183,,,100191,183,,,100181,100,,,100086,100,,,99895,200,,,98468,100,,,98467,100
2019-06-28 14:21:00.000000000,100480,183,100430,72,100629,383,100376,183,100737,183,100225,183,100738,83,100207,183,,,100191,183,,,100181,100,,,100086,100,,,99895,200,,,98468,100,,,98467,100
2019-06-28 14:21:00.222925840,100480,183,100430,172,100629,383,100376,183,100737,183,100225,183,100738,83,100207,183,,,100191,183,,,100181,100,,,100086,100,,,99895,200,,,98468,100,,,98467,100
2019-06-28 14:21:10.000000000,100480,514,100430,514,100629,300,100376,100,100737,100,100225,100,,,100207,100,,,100191,100,,,100181,100,,,100086,100,,,99895,200,,,98468,100,,,98467,100
2019-06-28 14:21:20.000000000,100480,183,100430,183,100629,383,100376,183,100737,183,100225,183,100738,83,100207,183,,,100191,183,,,100181,100,,,100086,100,,,99895,200,,,98468,100,,,98467,100
2019-06-28 14:21:30.000000000,100480,514,100430,514,100629,300,100376,100,100737,100,100225,100,,,100207,100,,,100191,100,,,100181,100,,,100086,100,,,99895,200,,,98468,100,,,98467,100
2019-06-28 14:21:40.000000000,100480,241,100430,241,100629,437,100376,237,100737,237,100225,237,,,100207,100,,,100191,100,,,100181,100,,,100086,100,,,99895,200,,,98468,100,,,98467,100
2019-06-28 14:21:42.298224426,100480,241,100430,241,100629,437,100376,237,100737,237,100225,237,100963,100,100207,100,,,100191,100,,,100181,100,,,100086,100,,,99895,200,,,98468,100,,,98467,100
2019-06-28 14:21:50.000000000,100480,183,100430,183,100629,383,100376,183,100737,183,100225,183,100963,183,100207,183,100964,83,100191,183,,,100181,100,,,100086,100,,,99895,200,,,98468,100,,,98467,100
2019-06-28 14:21:51.870045175,100480,183,100430,183,100629,383,100376,183,100737,183,100225,183,100963,183,100207,183,100964,83,100191,183,101258,100,100181,100,,,100086,100,,,99895,200,,,98468,100,,,98467,100
2019-06-28 14:21:51.995793526,100480,183,100430,183,100629,383,100376,183,100737,183,100225,183,100963,183,100207,183,100964,83,100191,183,101236,100,100181,100,101258,100,100086,100,,,99895,200,,,98468,100,,,98467,100
2019-06-28 14:21:56.901248597,100480,183,100430,183,100629,283,100376,183,100737,183,100225,183,100963,183,100207,183,100964,83,100191,183,101236,100,100181,100,101258,100,100086,100,,,99895,200,,,98468,100,,,98467,100
2019-06-28 14:22:00.000000000,100480,307,100430,196,100629,407,100376,307,100737,100,100225,100,100963,100,100207,100,101236,100,100191,100,101258,100,100181,100,,,100086,100,,,99895,200,,,98468,100,,,98467,100
2019-06-28 14:22:10.000000000,100480,204,100376,204,100629,304,100225,204,100737,204,100207,204,100963,204,100191,204,101236,100,100181,100,101258,100,100086,100,,,99895,200,,,98468,100,,,98467,100,,,,
2019-06-28 14:22:20.000000000,100480,514,100376,514,100629,200,100225,100,100737,100,100207,100,100963,100,100191,100,101236,100,100181,100,101258,100,100086,100,,,99895,200,,,98468,100,,,98467,100,,,,
2019-06-28 14:22:30.000000000,100480,183,100376,183,100629,283,100225,183,100737,183,100207,183,100963,183,100191,183,101236,183,100181,183,101258,100,100086,100,,,99895,200,,,98468,100,,,98467,100,,,,
2019-06-28 14:22:32.714410437,100480,83,100376,183,100629,283,100225,183,100737,183,100207,183,100963,183,100191,183,101236,183,100181,183,101258,100,100086,100,,,99895,200,,,98468,100,,,98467,100,,,,
2019-06-28 14:22:38.631268230,100629,283,100480,17,100737,183,100376,183,100963,183,100225,183,101236,183,100207,183,101258,100,100191,183,,,100181,183,,,100086,100,,,99895,200,,,98468,100,,,98467,100
2019-06-28 14:22:40.000000000,100629,304,100480,121,100737,204,100376,204,100963,204,100225,204,101236,204,100207,204,101258,100,100191,100,,,100181,100,,,100086,100,,,99895,200,,,98468,100,,,98467,100
2019-06-28 14:22:48.752674660,100629,304,100480,121,100737,204,100376,204,100963,204,100225,204,101236,204,100207,204,101258,100,100191,100,,,100181,100,,,100086,100,,,99895,100,,,98468,100,,,98467,100
2019-06-28 14:22:50.000000000,100629,341,100480,158,100737,237,100376,237,100963,237,100225,237,101236,100,100207,100,101258,100,100191,100,,,100181,100,,,100086,100,,,99895,100,,,98468,100,,,98467,100
2019-06-28 14:23:00.000000000,100629,504,100480,430,100737,100,100376,100,100963,100,100225,100,101236,100,100207,100,101258,100,100191,100,,,100181,100,,,100086,100,,,99895,100,,,98468,100,,,98467,100
2019-06-28 14:23:02.973995863,100629,504,100480,430,100699,100,100376,100,100737,100,100225,100,100963,100,100207,100,101236,100,100191,100,101258,100,100181,100,,,100086,100,,,99895,100,,,98468,100,,,98467,100
2019-06-28 14:23:05.020617451,100581,100,100480,430,100629,504,100376,100,100699,100,100225,100,100737,100,100207,100,100963,100,100191,100,101236,100,100181,100,101258,100,100086,100,,,99895,100,,,98468,100,,,98467,100
2019-06-28 14:23:06.474295392,100581,100,100480,530,100629,504,100376,100,100699,100,100225,100,100737,100,100207,100,100963,100,100191,100,101236,100,100181,100,101258,100,100086,100,,,99895,100,,,98468,100,,,98467,100
2019-06-28 14:23:10.000000000,100581,183,100480,199,100629,173,100376,183,100699,183,100225,183,100737,183,100207,183,100963,183,100191,183,101236,100,100181,100,101258,100,100086,100,,,99895,100,,,98468,100,,,98467,100
2019-06-28 14:23:11.065673997,100581,183,100480,199,100629,173,100376,183,100699,183,100225,183,100737,183,100207,183,100923,100,100191,183,100963,183,100181,100,101236,100,100086,100,101258,100,99895,100,,,98468,100,,,98467,100
2019-06-28 14:23:13.261484407,100581,183,100480,199,100629,173,100449,100,100699,183,100376,183,100737,183,100225,183,100923,100,100207,183,100963,183,100191,183,101236,100,100181,100,101258,100,100086,100,,,99895,100,,,98468,100
2019-06-28 14:23:18.571645075,100581,83,100480,199,100629,173,100449,100,100699,183,100376,183,100737,183,100225,183,100923,100,100207,183,100963,183,100191,183,101236,100,100181,100,101258,100,100086,100,,,99895,100,,,98468,100
2019-06-28 14:23:20.000000000,100629,231,100480,257,100699,237,100449,237,100737,237,100376,237,100923,100,100225,100,100963,100,100207,100,101236,100,100191,100,101258,100,100181,100,,,100086,100,,,99895,100,,,98468,100
2019-06-28 14:23:21.406069558,100629,231,100480,257,100699,237,100449,237,100737,237,100376,237,100923,100,100225,100,100963,100,100207,100,101236,100,100191,100,101258,100,100181,100,,,100086,100,,,99895,100,,,98467,100
2019-06-28 14:23:30.000000000,100629,173,100480,199,100699,183,100449,183,100737,183,100376,183,100923,183,100225,183,100963,183,100207,183,101236,100,100191,100,101258,100,100181,100,,,100086,100,,,99895,100,,,98467,100
2019-06-28 14:23:40.000000000,100629,173,100480,199,100699,183,100449,183,100737,183,100376,183,100923,183,100225,183,100963,183,100207,183,101236,100,100191,100,101258,100,100181,100,,,100086,100,,,99895,100,,,98467,100
2019-06-28 14:23:50.000000000,100629,194,100480,220,100699,204,100449,204,100737,204,100376,204,100923,204,100225,204,100963,100,100207,100,101236,100,100191,100,101258,100,100181,100,,,100086,100,,,99895,100,,,98467,100
2019-06-28 14:23:54.059946752,100629,194,100480,220,100699,204,100449,204,100737,204,100376,204,100923,204,100225,204,100963,100,100207,100,101236,100,100191,100,101258,100,100181,100,101392,100,100086,100,,,99895,100,,,98467,100
2019-06-28 14:24:00.000000000,100629,63,100480,198,100699,183,100449,183,100737,183,100376,183,100923,183,100225,183,100963,183,100207,183,101236,100,100191,100,101258,100,100181,100,101392,100,100086,100,,,99895,100,,,98467,100
2019-06-28 14:24:01.052434196,100699,183,100629,37,100737,183,100480,198,100923,183,100449,183,100963,183,100376,183,101236,100,100225,183,101258,100,100207,183,101392,100,100191,100,,,100181,100,,,100086,100,,,99895,100
2019-06-28 14:24:10.000000000,100699,307,100629,244,100737,307,100480,322,100923,100,100449,100,100963,100,100376,100,101236,100,100225,100,101258,100,100207,100,101392,100,100191,100,,,100181,100,,,100086,100,,,99895,100
2019-06-28 14:24:10.479667158,100699,307,100629,244,100737,307,100480,322,100923,100,100449,100,100963,100,100376,100,101236,100,100225,100,101258,100,100207,100,101392,100,100191,100,101579,100,100181,100,,,100086,100,,,99895,100
2019-06-28 14:24:15.426174378,100699,207,100629,244,100737,307,100480,322,100923,100,100449,100,100963,100,100376,100,101236,100,100225,100,101258,100,100207,100,101579,100,100191,100,,,100181,100,,,100086,100,,,99895,100
2019-06-28 14:24:20.000000000,100737,514,100629,451,100923,100,100480,115,100963,100,100449,100,101236,100,100376,100,101258,100,100225,100,101579,100,100207,100,,,100191,100,,,100181,100,,,100086,100,,,99895,100
2019-06-28 14:24:26.437541608,100737,514,100629,451,100923,100,100480,115,100963,100,100449,100,101236,100,100376,100,101258,100,100225,100,101372,100,100207,100,101579,100,100191,100,,,100181,100,,,100086,100,,,99895,100
2019-06-28 14:24:30.000000000,100737,514,100629,451,100923,100,100480,115,100963,100,100449,100,101236,100,100376,100,101258,100,100225,100,101372,100,100207,100,101579,100,100191,100,,,100181,100,,,100086,100,,,99895,100
2019-06-28 14:24:40.000000000,100737,204,100629,141,100923,204,100480,219,100963,204,100449,204,101236,204,100376,204,101258,100,100225,100,101372,100,100207,100,101579,100,100191,100,,,100181,100,,,100086,100,,,99895,100
2019-06-28 14:24:44.767289047,100737,204,100630,100,100923,204,100629,141,100963,204,100480,219,101236,204,100449,204,101258,100,100376,204,101372,100,100225,100,101579,100,100207,100,,,100191,100,,,100181,100,,,100086,100
2019-06-28 14:24:50.000000000,100737,514,100630,514,100923,100,100629,37,100963,100,100480,115,101236,100,100449,100,101258,100,100376,100,101372,100,100225,100,101579,100,100207,100,,,100191,100,,,100181,100,,,100086,100
2019-06-28 14:25:00.000000000,100737,131,100630,240,100923,237,100629,174,100963,237,100480,252,101236,100,100449,100,101258,100,100376,100,101372,100,100225,100,101579,100,100207,100,,,100191,100,,,100181,100,,,100086,100
2019-06-28 14:25:00.525298079,100737,131,100630,240,100923,237,100629,174,100963,237,100480,252,101132,100,100449,100,101258,100,100376,100,101372,100,100225,100,101579,100,100207,100,,,100191,100,,,100181,100,,,100086,100
2019-06-28 14:25:10.000000000,100923,514,100630,513,100963,100,100629,37,101132,100,100480,115,101258,100,100449,100,101372,100,100376,100,101579,100,100225,100,,,100207,100,,,100191,100,,,100181,100,,,100086,100
2019-06-28 14:25:18.414979859,100923,514,100630,513,100963,100,100629,37,101132,100,100480,115,101258,100,100449,100,101372,100,100376,100,101505,100,100225,100,101579,100,100207,100,,,100191,100,,,100181,100,,,100086,100
2019-06-28 14:25:20.000000000,100923,183,100630,182,100963,183,100629,120,101132,183,100480,198,101258,183,100449,183,101372,183,100376,183,101505,100,100225,100,101579,100,100207,100,,,100191,100,,,100181,100,,,100086,100
2019-06-28 14:25:26.578131895,100923,83,100630,182,100963,183,100629,120,101132,183,100480,198,101258,183,100449,183,101372,183,100376,183,101505,100,100225,100,101579,100,100207,100,,,100191,100,,,100181,100,,,100086,100
2019-06-28 14:25:29.986625186,100923,83,100630,182,100963,183,100629,120,101132,183,100480,198,101258,183,100449,183,101372,183,100376,183,101495,100,100225,100,101579,100,100207,100,,,100191,100,,,100181,100,,,100086,100
2019-06-28 14:25:30.000000000,100963,183,100630,182,101132,183,100629,120,101258,183,100480,198,101372,183,100449,183,101495,183,100376,183,101579,100,100225,100,,,100207,100,,,100191,100,,,100181,100,,,100086,100
2019-06-28 14:25:40.000000000,100963,204,100630,203,101132,204,100629,141,101258,204,100480,219,101372,204,100449,204,101495,100,100376,100,101579,100,100225,100,,,100207,100,,,100191,100,,,100181,100,,,100086,100
2019-06-28 14:25:50.000000000,100963,183,100630,182,101132,183,100629,120,101258,183,100480,198,101372,183,100449,183,101495,183,100376,183,101579,100,100225,100,,,100207,100,,,100191,100,,,100181,100,,,100086,100
2019-06-28 14:26:00.000000000,100963,404,100630,512,101132,100,100629,37,101258,100,100480,115,101372,100,100449,100,101495,100,100376,100,101579,100,100225,100,,,100207,100,,,100191,100,,,100181,100,,,100086,100
2019-06-28 14:26:10.000000000,101132,514,100630,512,101258,100,100629,37,101372,100,100480,115,101495,100,100449,100,101579,100,100376,100,,,100225,100,,,100207,100,,,100191,100,,,100181,100,,,100086,100
2019-06-28 14:26:20.000000000,101132,183,100630,181,101258,183,100629,120,101372,183,100480,198,101495,183,100449,183,101579,183,100376,183,,,100225,100,,,100207,100,,,100191,100,,,100181,100,,,100086,100
2019-06-28 14:26:30.000000000,101132,514,100630,512,101258,100,100629,37,101372,100,100480,115,101495,100,100449,100,101579,100,100376,100,,,100225,100,,,100207,100,,,100191,100,,,100181,100,,,100086,100
2019-06-28 14:26:30.147150342,101132,514,100630,612,101258,100,100629,37,101372,100,100480,15,101495,100,100449,100,101579,100,100376,100,,,100225,100,,,100207,100,,,100191,100,,,100181,100,,,100086,100
2019-06-28 14:26:40.000000000,101132,241,100630,339,101258,237,100629,174,101372,237,100480,152,101495,100,100449,100,101579,100,100376,100,,,100225,100,,,100207,100,,,100191,100,,,100181,100,,,100086,100
2019-06-28 14:26:44.764468345,101132,241,101086,100,101258,237,100630,339,101372,237,100629,174,101495,100,100480,152,101579,100,100449,100,,,100376,100,,,100225,100,,,100207,100,,,100191,100,,,100181,100
2019-06-28 14:26:50.000000000,101132,241,101086,241,101258,237,100630,335,101372,237,100629,174,101495,100,100480,15,101579,100,100449,100,,,100376,100,,,100225,100,,,100207,100,,,100191,100,,,100181,100
2019-06-28 14:26:55.201691901,101132,241,101086,241,101258,237,101046,100,101372,237,100630,335,101495,100,100629,174,101579,100,100480,15,,,100449,100,,,100376,100,,,100225,100,,,100207,100,,,100191,100
2019-06-28 14:27:00.000000000,101132,73,101086,182,101258,183,101046,183,101372,183,100630,281,101495,183,100629,120,101579,183,100480,98,,,100449,100,,,100376,100,,,100225,100,,,100207,100,,,100191,100
2019-06-28 14:27:00.924744694,101132,173,101086,182,101258,183,101046,183,101372,183,100630,281,101495,183,100629,120,101579,183,100480,98,,,100449,100,,,100376,100,,,100225,100,,,100207,100,,,100191,100
2019-06-28 14:27:10.000000000,101132,514,101086,513,101258,100,101046,100,101372,100,100630,198,101495,100,100629,37,101579,100,100480,15,,,100449,100,,,100376,100,,,100225,100,,,100207,100,,,100191,100
2019-06-28 14:27:20.000000000,101132,241,101086,240,101258,237,101046,237,101372,237,100630,335,101495,100,100629,37,101579,100,100480,15,,,100449,100,,,100376,100,,,100225,100,,,100207,100,,,100191,100
2019-06-28 14:27:25.132273119,101132,241,101086,140,101258,237,101046,237,101372,237,100630,335,101495,100,100629,37,101579,100,100480,15,,,100449,100,,,100376,100,,,100225,100,,,100207,100,,,100191,100
2019-06-28 14:27:30.000000000,101132,241,101046,241,101258,237,100630,335,101372,237,100629,174,101495,100,100480,15,101579,100,100449,100,,,100376,100,,,100225,100,,,100207,100,,,100191,100,,,100181,100
2019-06-28 14:27:31.911460529,101132,241,101046,241,101258,237,100630,235,101372,237,100629,174,101495,100,100480,15,101579,100,100449,100,,,100376,100,,,100225,100,,,100207,100,,,100191,100,,,100181,100
2019-06-28 14:27:40.000000000,101132,183,101046,183,101258,183,100630,181,101372,183,100629,120,101495,183,100480,98,101579,183,100449,183,,,100376,100,,,100225,100,,,100207,100,,,100191,100,,,100181,100
2019-06-28 14:27:50.000000000,101132,241,101046,241,101258,237,100630,235,101372,237,100629,174,101495,100,100480,15,101579,100,100449,100,,,100376,100,,,100225,100,,,100207,100,,,100191,100,,,100181,100
2019-06-28 14:28:00.000000000,101132,404,101046,513,101258,100,100630,98,101372,100,100629,37,101495,100,100480,15,101579,100,100449,100,,,100376,100,,,100225,100,,,100207,100,,,100191,100,,,100181,100
2019-06-28 14:28:03.121976420,101132,404,101046,513,101258,100,100630,98,101372,100,100629,37,101495,100,100480,15,101579,100,100449,100,,,100376,100,,,100207,100,,,100191,100,,,100181,100,,,100086,100
2019-06-28 14:28:10.000000000,101258,183,101046,182,101372,183,100630,181,101495,183,100629,120,101579,183,100480,98,101580,83,100449,183,,,100376,100,,,100207,100,,,100191,100,,,100181,100,,,100086,100
2019-06-28 14:28:20.000000000,101258,204,101046,203,101372,204,100630,202,101495,204,100629,141,101579,204,100480,119,,,100449,100,,,100376,100,,,100207,100,,,100191,100,,,100181,100,,,100086,100
2019-06-28 14:28:21.557959804,101132,100,101046,203,101258,204,100630,202,101372,204,100629,141,101495,204,100480,119,101579,204,100449,100,,,100376,100,,,100207,100,,,100191,100,,,100181,100,,,100086,100
2019-06-28 14:28:23.496769060,101132,100,101046,103,101258,204,100630,202,101372,204,100629,141,101495,204,100480,119,101579,204,100449,100,,,100376,100,,,100207,100,,,100191,100,,,100181,100,,,100086,100
2019-06-28 14:28:30.000000000,101132,514,100630,512,101258,100,100629,37,101372,100,100480,15,101495,100,100449,100,101579,100,100376,100,,,100207,100,,,100191,100,,,100181,100,,,100086,100,,,99895,100
2019-06-28 14:28:40.000000000,101132,204,100630,202,101258,204,100629,141,101372,204,100480,119,101495,204,100449,204,101579,100,100376,100,,,100207,100,,,100191,100,,,100181,100,,,100086,100,,,99895,100
2019-06-28 14:28:41.448886404,101132,204,100630,202,101258,204,100629,141,101372,204,100480,119,101495,204,100449,204,101579,100,100376,100,,,100207,100,,,100191,100,,,100181,100,,,100086,100,,,99895,100
2019-06-28 14:28:45.860168361,100951,100,100630,202,101132,204,100629,141,101258,204,100480,119,101372,204,100449,204,101495,204,100376,100,101579,100,100207,100,,,100191,100,,,100181,100,,,99895,100,,,,
2019-06-28 14:28:50.000000000,100951,204,100630,202,101132,204,100629,141,101258,204,100480,119,101372,204,100449,204,101495,100,100376,100,101579,100,100207,100,,,100191,100,,,100181,100,,,99895,100,,,,
2019-06-28 14:28:57.274669029,100951,204,100630,202,101046,100,100629,141,101132,204,100480,119,101258,204,100449,204,101372,204,100376,100,101495,100,100207,100,101579,100,100191,100,,,100181,100,,,99895,100,,,,
2019-06-28 14:29:00.000000000,100951,131,100630,238,101046,237,100629,174,101132,237,100480,152,101258,100,100449,100,101372,100,100376,100,101495,100,100207,100,101579,100,100191,100,,,100181,100,,,99895,100,,,,
2019-06-28 14:29:01.312064327,100951,31,100630,238,101046,237,100629,174,101132,237,100480,152,101258,100,100449,100,101372,100,100376,100,101579,100,100207,100,,,100191,100,,,100181,100,,,99895,100,,,,
2019-06-28 14:29:08.631882433,100951,31,100772,100,101046,237,100630,238,101132,237,100629,174,101258,100,100480,152,101372,100,100449,100,101579,100,100376,100,,,100207,100,,,100191,100,,,100181,100,,,99895,100
2019-06-28 14:29:10.000000000,101046,514,100772,514,101132,100,100630,97,101258,100,100629,37,101372,100,100480,15,101579,100,100449,100,,,100376,100,,,100207,100,,,100191,100,,,100181,100,,,99895,100
2019-06-28 14:29:11.125803710,101046,514,100772,514,101132,100,100630,197,101258,100,100629,37,101372,100,100480,15,101579,100,100449,100,,,100376,100,,,100207,100,,,100191,100,,,100181,100,,,99895,100
2019-06-28 14:29:13.940051800,101046,514,100772,514,101132,100,100630,297,101258,100,100629,37,101372,100,100480,15,101579,100,100449,100,,,100376,100,,,100207,100,,,100191,100,,,100181,100,,,99895,100
2019-06-28 14:29:20.000000000,101046,514,100772,514,101132,100,100630,297,101258,100,100629,37,101372,100,100480,15,101579,100,100449,100,,,100376,100,,,100207,100,,,100191,100,,,100181,100,,,99895,100
2019-06-28 14:29:23.126938623,101046,514,100772,514,101258,100,100630,397,101372,100,100629,37,101579,100,100480,15,,,100449,100,,,100376,100,,,100207,100,,,100191,100,,,100181,100,,,99895,100
2019-06-28 14:29:23.601905493,101046,514,100789,100,101258,100,100772,514,101372,100,100630,397,101579,100,100629,37,,,100480,15,,,100449,100,,,100376,100,,,100207,100,,,100191,100,,,100181,100
2019-06-28 14:29:26.726363301,101046,514,100889,100,101258,100,100789,100,101372,100,100772,514,101579,100,100630,397,,,100629,37,,,100480,15,,,100449,100,,,100376,100,,,100207,100,,,100191,100
2019-06-28 14:29:30.000000000,101046,514,100889,514,101258,100,100789,100,101372,100,100772,100,101579,100,100630,397,,,100629,37,,,100480,15,,,100449,100,,,100376,100,,,100207,100,,,100191,100
2019-06-28 14:29:40.000000000,101046,183,100889,183,101258,183,100789,183,101372,183,100772,183,101579,183,100630,480,101580,83,100629,120,,,100480,15,,,100449,100,,,100376,100,,,100207,100,,,100191,100
2019-06-28 14:29:50.000000000,101046,307,100889,307,101258,307,100789,307,101372,100,100772,100,101579,100,100630,397,,,100629,37,,,100480,15,,,100449,100,,,100376,100,,,100207,100,,,100191,100
2019-06-28 14:29:50.294831487,101046,307,100889,307,101258,307,100789,307,101372,100,100772,100,101579,100,100630,397,,,100629,37,,,100480,15,,,100476,100,,,100449,100,,,100376,100,,,100207,100
2019-06-28 14:30:00.000000000,101046,197,100889,306,101258,307,100789,307,101372,100,100772,100,101579,100,100630,397,,,100629,37,,,100480,15,,,100476,100,,,100449,100,,,100376,100,,,100207,100
2019-06-28 14:30:05.192446170,101046,297,100889,306,101258,307,100789,307,101372,100,100772,100,101579,100,100630,397,,,100629,37,,,100480,15,,,100476,100,,,100449,100,,,100376,100,,,100207,100
2019-06-28 14:30:10.000000000,101046,183,100889,182,101258,183,100789,183,101372,183,100772,183,101579,183,100630,480,101580,83,100629,120,,,100480,15,,,100476,100,,,100449,100,,,100376,100,,,100207,100
2019-06-28 14:30:15.377127318,101046,183,100889,182,101258,183,100807,100,101372,183,100789,183,101579,183,100772,183,101580,83,100630,480,,,100629,120,,,100480,15,,,100476,100,,,100449,100,,,100376,100
2019-06-28 14:30:15.583442293,101046,183,101032,100,101258,183,100889,182,101372,183,100807,100,101579,183,100789,183,101580,83,100772,183,,,100630,480,,,100629,120,,,100480,15,,,100476,100,,,100449,100
2019-06-28 14:30:17.021798896,101046,183,100889,182,101258,183,100807,100,101372,183,100789,183,101579,183,100772,183,101580,83,100630,480,,,100629,120,,,100480,15,,,100476,100,,,100449,100,,,100376,100
2019-06-28 14:30:20.000000000,101046,514,100889,513,101258,100,100807,100,101372,100,100789,100,101579,100,100772,100,,,100630,397,,,100629,37,,,100480,15,,,100476,100,,,100449,100,,,100376,100
2019-06-28 14:30:27.447644370,101046,514,100997,100,101258,100,100889,513,101372,100,100807,100,101579,100,100789,100,,,100772,100,,,100630,397,,,100629,37,,,100480,15,,,100476,100,,,100449,100
2019-06-28 14:30:30.000000000,101046,241,100997,241,101258,237,100889,236,101372,237,100807,237,101579,100,100789,100,,,100772,100,,,100630,397,,,100629,37,,,100480,15,,,100476,100,,,100449,100
2019-06-28 14:30:30.399681537,101046,241,100997,241,101258,237,100890,100,101372,237,100889,236,101579,100,100807,237,,,100789,100,,,100772,100,,,100630,397,,,100629,37,,,100480,15,,,100476,100
2019-06-28 14:30:40.000000000,101046,204,100997,204,101258,204,100890,204,101372,204,100889,203,101579,204,100807,204,,,100789,100,,,100772,100,,,100630,397,,,100629,37,,,100480,15,,,100476,100
2019-06-28 14:30:42.753594811,101046,204,100997,204,101258,204,100890,304,101372,204,100889,203,101579,204,100807,204,,,100789,100,,,100772,100,,,100630,397,,,100629,37,,,100480,15,,,100476,100
2019-06-28 14:30:50.000000000,101046,204,100997,204,101258,204,100890,304,101372,204,100889,203,101579,204,100807,204,,,100789,100,,,100772,100,,,100630,397,,,100629,37,,,100480,15,,,100476,100
2019-06-28 14:30:50.978323680,101032,100,100997,204,101046,204,100890,204,101258,204,100889,203,101372,204,100807,204,101579,204,100789,100,,,100772,100,,,100630,397,,,100629,37,,,100480,15,,,100476,100
2019-06-28 14:30:55.529169492,101032,100,100997,204,101046,204,100890,204,101047,100,100889,203,101258,204,100807,204,101372,204,100789,100,101579,204,100772,100,,,100630,397,,,100629,37,,,100480,15,,,100476,100
2019-06-28 14:31:00.000000000,101032,197,100997,306,101046,307,100890,307,101047,100,100889,99,101258,100,100807,100,101372,100,100789,100,101579,100,100772,100,,,100630,397,,,100629,37,,,100480,15,,,100476,100
2019-06-28 14:31:01.455983727,101032,197,100997,306,101046,307,100890,307,101047,100,100889,99,101258,100,100807,100,101372,100,100789,100,101579,100,100772,100,,,100718,100,,,100630,397,,,100629,37,,,100480,15
2019-06-28 14:31:09.346405105,101032,97,100997,306,101046,307,100890,307,101047,100,100889,99,101258,100,100807,100,101372,100,100789,100,101579,100,100772,100,,,100718,100,,,100630,397,,,100629,37,,,100480,15
2019-06-28 14:31:10.000000000,101046,183,100997,182,101047,183,100890,183,101258,183,100889,182,101372,183,100807,183,101579,183,100789,183,,,100772,100,,,100718,100,,,100630,397,,,100629,37,,,100480,15
2019-06-28 14:31:20.000000000,101046,307,100997,306,101047,307,100890,307,101258,100,100889,99,101372,100,100807,100,101579,100,100789,100,,,100772,100,,,100718,100,,,100630,397,,,100629,37,,,100480,15
2019-06-28 14:31:30.000000000,101046,514,100997,513,101047,100,100890,100,101258,100,100889,99,101372,100,100807,100,101579,100,100789,100,,,100772,100,,,100718,100,,,100630,397,,,100629,37,,,100480,15
2019-06-28 14:31:40.000000000,101046,204,100997,203,101047,204,100890,204,101258,204,100889,203,101372,204,100807,204,101579,100,100789,100,,,100772,100,,,100718,100,,,100630,397,,,100629,37,,,100480,15
2019-06-28 14:31:42.090347673,101046,204,100997,203,101047,204,100890,204,101247,100,100889,203,101258,204,100807,204,101372,204,100789,100,101579,100,100772,100,,,100718,100,,,100630,397,,,100629,37,,,100480,15
2019-06-28 14:31:50.000000000,101046,241,100997,240,101047,237,100890,237,101247,237,100889,236,101258,100,100807,100,101372,100,100789,100,101579,100,100772,100,,,100718,100,,,100630,397,,,100629,37,,,100480,15
2019-06-28 14:31:51.082190240,101046,141,100997,240,101047,237,100890,237,101247,237,100889,236,101258,100,100807,100,101372,100,100789,100,101579,100,100772,100,,,100718,100,,,100630,397,,,100629,37,,,100480,15
2019-06-28 14:32:00.000000000,101047,404,100997,512,101247,100,100890,100,101258,100,100889,99,101372,100,100807,100,101579,100,100789,100,,,100772,100,,,100718,100,,,100630,397,,,100629,37,,,100480,15
2019-06-28 14:32:03.575445475,101047,404,100997,414,101060,100,100890,100,101247,100,100889,99,101258,100,100807,100,101372,100,100789,100,101579,100,100772,100,,,100718,100,,,100630,397,,,100629,37,,,100480,15
2019-06-28 14:32:10.000000000,101060,514,100890,514,101247,100,100889,99,101258,100,100807,100,101372,100,100789,100,101579,100,100772,100,,,100718,100,,,100630,397,,,100629,37,,,100480,15,,,100476,100
2019-06-28 14:32:11.941385705,101060,514,100963,100,101247,100,100890,514,101258,100,100889,99,101372,100,100807,100,101579,100,100789,100,,,100772,100,,,100718,100,,,100630,397,,,100629,37,,,100480,15
2019-06-28 14:32:18.621198230,101060,514,100963,100,101247,100,100890,514,101258,100,100889,99,101372,100,100807,100,101579,100,100789,100,,,100772,100,,,100718,100,,,100630,300,,,100629,37,,,100480,15
2019-06-28 14:32:20.000000000,101060,514,100963,514,101247,100,100890,100,101258,100,100889,99,101372,100,100807,100,101579,100,100789,100,,,100772,100,,,100718,100,,,100630,300,,,100629,37,,,100480,15
2019-06-28 14:32:28.320688797,101060,514,100963,514,101247,100,100890,100,101258,100,100889,99,101372,100,100867,100,101579,100,100807,100,,,100789,100,,,100772,100,,,100718,100,,,100630,300,,,100629,37
2019-06-28 14:32:30.000000000,101060,204,100963,204,101247,204,100890,204,101258,204,100889,203,101372,204,100867,204,101579,100,100807,100,,,100789,100,,,100772,100,,,100718,100,,,100630,300,,,100629,37
2019-06-28 14:32:38.856146377,101060,204,100963,204,101247,204,100890,204,101258,204,100889,203,101372,204,100867,204,101579,100,100807,100,,,100789,100,,,100772,100,,,100718,100,,,100630,300,,,100629,37
2019-06-28 14:32:40.000000000,101060,183,100963,183,101247,183,100890,183,101258,183,100889,182,101372,183,100867,183,101579,183,100807,183,,,100789,100,,,100772,100,,,100718,100,,,100630,300,,,100629,37
2019-06-28 14:32:42.186641442,101060,183,100963,183,101083,100,100890,183,101247,183,100889,182,101258,183,100867,183,101372,183,100807,183,101579,183,100789,100,,,100772,100,,,100718,100,,,100630,300,,,100629,37
2019-06-28 14:32:50.000000000,101060,204,100963,204,101083,204,100890,204,101247,204,100889,203,101258,204,100867,204,101372,100,100807,100,101579,100,100789,100,,,100772,100,,,100718,100,,,100630,300,,,100629,37
2019-06-28 14:33:00.000000000,101060,404,100963,513,101083,100,100890,100,101247,100,100889,99,101258,100,100867,100,101372,100,100807,100,101579,100,100789,100,,,100772,100,,,100718,100,,,100630,300,,,100629,37
2019-06-28 14:33:05.579371700,101060,504,100963,513,101083,100,100890,100,101247,100,100889,99,101258,100,100867,100,101372,100,100807,100,101579,100,100789,100,,,100772,100,,,100718,100,,,100630,300,,,100629,37
2019-06-28 14:33:10.000000000,101060,204,100963,203,101083,204,100890,204,101247,204,100889,203,101258,204,100867,204,101372,100,100807,100,101579,100,100789,100,,,100772,100,,,100718,100,,,100630,300,,,100629,37
2019-06-28 14:33:20.000000000,101060,307,100963,306,101083,307,100890,307,101247,100,100889,99,101258,100,100867,100,101372,100,100807,100,101579,100,100789,100,,,100772,100,,,100718,100,,,100630,300,,,100629,37
2019-06-28 14:33:24.564378741,101060,307,100963,306,101083,307,100890,307,101247,100,100867,100,101258,100,100807,100,101372,100,100789,100,101579,100,100772,100,,,100718,100,,,100630,300,,,100629,37,,,100609,100
2019-06-28 14:33:29.472872337,101060,307,100963,306,101083,307,100890,307,101247,100,100867,100,101372,100,100807,100,101579,100,100789,100,,,100772,100,,,100718,100,,,100630,300,,,100629,37,,,100609,100
2019-06-28 14:33:30.000000000,101060,183,100963,182,101083,183,100890,183,101247,183,100867,183,101372,183,100807,183,101579,183,100789,183,,,100772,100,,,100718,100,,,100630,300,,,100629,37,,,100609,100
2019-06-28 14:33:40.000000000,101060,241,100963,240,101083,237,100890,237,101247,237,100867,237,101372,100,100807,100,101579,100,100789,100,,,100772,100,,,100718,100,,,100630,300,,,100629,37,,,100609,100
2019-06-28 14:33:42.518979571,101060,241,100963,140,101083,237,100890,237,101247,237,100867,237,101372,100,100807,100,101579,100,100789,100,,,100772,100,,,100718,100,,,100630,300,,,100629,37,,,100609,100
2019-06-28 14:33:45.746866895,101060,241,100963,140,101083,237,100890,237,101247,237,100867,237,101372,100,100807,100,101579,100,100789,100,,,100772,100,,,100718,100,,,100669,100,,,100630,300,,,100629,37
2019-06-28 14:33:50.000000000,101060,241,100890,241,101083,237,100867,237,101247,237,100807,237,101372,100,100789,100,101579,100,100772,100,,,100718,100,,,100669,100,,,100630,300,,,100629,37,,,100609,100
2019-06-28 14:33:59.968636578,101060,241,100890,241,101083,237,100867,237,101247,237,100807,237,101372,100,100789,100,101579,100,100772,100,,,100718,100,,,100630,300,,,100629,37,,,100609,100,,,100500,100
2019-06-28 14:34:00.000000000,101060,404,100890,513,101083,100,100867,100,101247,100,100807,100,101372,100,100789,100,101579,100,100772,100,,,100718,100,,,100630,300,,,100629,37,,,100609,100,,,100500,100
2019-06-28 14:34:09.519060484,101060,404,100890,413,101083,100,100867,100,101247,100,100807,100,101372,100,100789,100,101579,100,100772,100,,,100718,100,,,100630,300,,,100609,100,,,100500,100,,,100480,15
2019-06-28 14:34:10.000000000,101083,183,100867,183,101247,183,100807,183,101372,183,100789,183,101579,183,100772,183,101580,83,100718,183,,,100630,300,,,100609,100,,,100500,100,,,100480,15,,,100476,100
2019-06-28 14:34:18.615924937,101083,183,100867,83,101247,183,100807,183,101372,183,100789,183,101579,183,100772,183,101580,83,100718,183,,,100630,300,,,100609,100,,,100500,100,,,100480,15,,,100476,100
2019-06-28 14:34:20.000000000,101083,241,100807,241,101247,237,100789,237,101372,237,100772,237,101579,100,100718,100,,,100630,300,,,100609,100,,,100500,100,,,100480,15,,,100476,100,,,100449,100
2019-06-28 14:34:22.217176202,101083,241,100807,241,101247,237,100789,237,101372,237,100772,237,101579,100,100718,100,,,100630,300,,,100609,100,,,100500,100,,,100480,15,,,100476,100,,,100449,100
2019-06-28 14:34:23.251233393,101083,241,100807,241,101247,237,100789,237,101372,237,100772,237,101579,100,100718,100,,,100630,300,,,100609,100,,,100500,100,,,100480,15,,,100476,100,,,100449,100
2019-06-28 14:34:30.000000000,101083,514,100807,514,101247,100,100789,100,101372,100,100772,100,101579,100,100718,100,,,100630,300,,,100609,100,,,100500,100,,,100480,15,,,100476,100,,,100449,100
2019-06-28 14:34:35.064613561,101083,514,100807,514,101247,100,100789,100,101372,100,100772,100,101579,100,100718,100,,,100630,300,,,100609,100,,,100500,100,,,100480,15,,,100476,100,,,100449,100
2019-06-28 14:34:40.000000000,101083,514,100807,514,101247,100,100789,100,101372,100,100772,100,101579,100,100718,100,,,100630,300,,,100609,100,,,100500,100,,,100480,15,,,100476,100,,,100449,100
2019-06-28 14:34:46.508685487,101083,514,100807,514,101247,100,100789,100,101372,100,100772,100,101579,100,100718,100,,,100630,300,,,100609,100,,,100500,100,,,100480,15,,,100476,100,,,100449,100
2019-06-28 14:34:48.807477133,100890,100,100807,514,101083,514,100789,100,101247,100,100772,100,101372,100,100718,100,101579,100,100630,300,,,100609,100,,,100500,100,,,100480,15,,,100476,100,,,100449,100
2019-06-28 14:34:50.000000000,100890,183,100807,183,101083,183,100789,183,101247,183,100772,183,101372,183,100718,183,101579,183,100630,383,,,100609,100,,,100500,100,,,100480,15,,,100476,100,,,100449,100
2019-06-28 14:35:00.000000000,100890,94,100807,203,101083,204,100789,204,101247,204,100772,204,101372,204,100718,204,101579,100,100630,300,,,100609,100,,,100500,100,,,100480,15,,,100476,100,,,100449,100
2019-06-28 14:35:10.000000000,101083,183,100807,182,101247,183,100789,183,101372,183,100772,183,101579,183,100718,183,101580,83,100630,383,,,100609,100,,,100500,100,,,100480,15,,,100476,100,,,100449,100
2019-06-28 14:35:19.230056763,100890,100,100807,182,101083,183,100789,183,101247,183,100772,183,101372,183,100718,183,101579,183,100630,383,101580,83,100609,100,,,100500,100,,,100480,15,,,100476,100,,,100449,100
2019-06-28 14:35:20.000000000,100890,514,100807,513,101083,100,100789,100,101247,100,100772,100,101372,100,100718,100,101579,100,100630,300,,,100609,100,,,100500,100,,,100480,15,,,100476,100,,,100449,100
2019-06-28 14:35:28.539833703,100890,514,100807,513,101083,100,100789,100,101247,100,100772,100,101372,100,100718,100,101579,100,100630,300,,,100609,100,,,100500,100,,,100480,15,,,100476,100,,,100449,100
2019-06-28 14:35:30.000000000,100890,183,100807,182,101083,183,100789,183,101247,183,100772,183,101372,183,100718,183,101579,183,100630,383,,,100609,100,,,100500,100,,,100480,15,,,100476,100,,,100449,100
2019-06-28 14:35:40.000000000,100890,514,100807,513,101083,100,100789,100,101247,100,100772,100,101372,100,100718,100,101579,100,100630,300,,,100609,100,,,100500,100,,,100480,15,,,100476,100,,,100449,100
2019-06-28 14:35:50.000000000,100890,514,100807,513,101083,100,100789,100,101247,100,100772,100,101372,100,100718,100,101579,100,100630,300,,,100609,100,,,100500,100,,,100480,15,,,100476,100,,,100449,100
2019-06-28 14:35:51.670387140,100890,514,100807,413,101083,100,100789,100,101247,100,100772,100,101372,100,100718,100,101579,100,100630,300,,,100609,100,,,100500,100,,,100480,15,,,100476,100,,,100449,100
2019-06-28 14:35:56.400277103,100890,514,100807,413,101083,100,100789,100,101247,100,100772,100,101372,100,100718,100,,,100630,300,,,100609,100,,,100586,100,,,100500,100,,,100480,15,,,100476,100
2019-06-28 14:36:00.000000000,100890,94,100789,203,101083,204,100772,204,101247,204,100718,204,101372,204,100630,404,,,100609,100,,,100586,100,,,100500,100,,,100480,15,,,100476,100,,,100449,100
2019-06-28 14:36:10.000000000,101083,183,100789,182,101247,183,100772,183,101372,183,100718,183,101373,83,100630,383,,,100609,183,,,100586,100,,,100500,100,,,100480,15,,,100476,100,,,100449,100
2019-06-28 14:36:20.000000000,101083,183,100789,182,101247,183,100772,183,101372,183,100718,183,101373,83,100630,383,,,100609,183,,,100586,100,,,100500,100,,,100480,15,,,100476,100,,,100449,100
2019-06-28 14:36:30.000000000,101083,204,100789,203,101247,204,100772,204,101372,204,100718,204,101373,104,100630,404,,,100609,100,,,100586,100,,,100500,100,,,100480,15,,,100476,100,,,100449,100
2019-06-28 14:36:40.000000000,101083,183,100789,182,101247,183,100772,183,101372,183,100718,183,101373,83,100630,383,,,100609,183,,,100586,100,,,100500,100,,,100480,15,,,100476,100,,,100449,100
2019-06-28 14:36:46.798158979,101083,183,100789,182,101247,183,100772,183,101372,183,100718,183,101373,83,100630,383,,,100609,183,,,100586,100,,,100500,100,,,100480,15,,,100476,100,,,100449,100
2019-06-28 14:36:50.000000000,101083,241,100789,240,101247,237,100772,237,101372,237,100718,237,,,100630,300,,,100609,100,,,100586,100,,,100500,100,,,100480,15,,,100476,100,,,100449,100
2019-06-28 14:37:00.000000000,101083,94,100789,202,101247,204,100772,204,101372,204,100718,204,101373,104,100630,404,,,100609,100,,,100586,100,,,100500,100,,,100480,15,,,100476,100,,,100449,100
2019-06-28 14:37:03.849938586,101083,94,100789,102,101247,204,100772,204,101372,204,100718,204,101373,104,100630,404,,,100609,100,,,100586,100,,,100500,100,,,100480,15,,,100476,100,,,100449,100
2019-06-28 14:37:10.000000000,101247,307,100772,307,101372,307,100718,307,,,100630,300,,,100609,100,,,100586,100,,,100500,100,,,100480,15,,,100476,100,,,100449,100,,,100426,100
2019-06-28 14:37:14.005294111,101247,307,100772,207,101372,207,100718,307,,,100630,300,,,100609,100,,,100586,100,,,100500,100,,,100480,15,,,100476,100,,,100449,100,,,100426,100
2019-06-28 14:37:14.619390470,101247,307,100772,207,101372,207,100718,307,,,100630,300,,,100609,100,,,100586,100,,,100500,100,,,100480,15,,,100476,100,,,100449,100,,,100426,100
2019-06-28 14:37:20.000000000,101247,241,100718,241,101248,137,100630,437,,,100609,237,,,100586,100,,,100500,100,,,100480,15,,,100476,100,,,100449,100,,,100426,100,,,100376,100
2019-06-28 14:37:30.000000000,101247,204,100718,204,101248,104,100630,404,,,100609,204,,,100586,204,,,100500,100,,,100480,15,,,100476,100,,,100449,100,,,100426,100,,,100376,100
2019-06-28 14:37:30.064601488,101247,204,100718,204,101248,104,100630,404,,,100609,204,,,100586,204,,,100500,100,,,100480,15,,,100476,100,,,100449,100,,,100426,100,,,100376,100
2019-06-28 14:37:38.913861520,100789,100,100718,204,101247,204,100630,404,101248,104,100609,204,,,100586,204,,,100500,100,,,100480,15,,,100476,100,,,100449,100,,,100426,100,,,100376,100
2019-06-28 14:37:40.000000000,100789,204,100718,204,101247,204,100630,404,101248,104,100609,204,,,100586,204,,,100500,100,,,100480,15,,,100476,100,,,100449,100,,,100426,100,,,100376,100
2019-06-28 14:37:50.000000000,100789,307,100718,307,101247,307,100630,507,,,100609,100,,,100586,100,,,100500,100,,,100480,15,,,100476,100,,,100449,100,,,100426,100,,,100376,100
2019-06-28 14:37:53.036547676,100789,407,100718,307,101247,307,100630,507,,,100609,100,,,100586,100,,,100500,100,,,100480,15,,,100476,100,,,100449,100,,,100426,100,,,100376,100
2019-06-28 14:38:00.000000000,100789,504,100718,513,101247,100,100630,300,,,100609,100,,,100586,100,,,100500,100,,,100480,15,,,100476,100,,,100449,100,,,100426,100,,,100376,100
2019-06-28 14:38:10.000000000,100789,194,100718,203,101247,204,100630,404,101248,104,100609,204,,,100586,204,,,100500,100,,,100480,15,,,100476,100,,,100449,100,,,100426,100,,,100376,100
2019-06-28 14:38:20.000000000,100789,194,100718,203,101247,204,100630,404,101248,104,100609,204,,,100586,204,,,100500,100,,,100480,15,,,100476,100,,,100449,100,,,100426,100,,,100376,100
2019-06-28 14:38:21.293038772,100789,194,100718,103,101247,204,100630,404,101248,104,100609,204,,,100586,204,,,100500,100,,,100480,15,,,100449,100,,,100426,100,,,100376,100,,,100223,100
2019-06-28 14:38:30.000000000,100789,504,100630,714,101247,100,100609,100,,,100586,100,,,100500,100,,,100480,15,,,100449,100,,,100426,100,,,100376,100,,,100223,100,,,100208,100
2019-06-28 14:38:32.618065988,100789,504,100630,714,101247,100,100609,100,,,100586,100,,,100500,100,,,100480,15,,,100449,100,,,100426,100,,,100376,100,,,100223,100,,,100208,100
2019-06-28 14:38:36.014637059,100789,504,100630,614,101247,100,100609,100,,,100586,100,,,100500,100,,,100480,15,,,100449,100,,,100426,100,,,100376,100,,,100223,100,,,100207,100
2019-06-28 14:38:40.000000000,100789,231,100630,341,101247,237,100609,237,101248,137,100586,237,,,100500,100,,,100480,15,,,100449,100,,,100426,100,,,100376,100,,,100223,100,,,100207,100
2019-06-28 14:38:50.000000000,100789,231,100630,341,101247,237,100609,237,101248,137,100586,237,,,100500,100,,,100480,15,,,100449,100,,,100426,100,,,100376,100,,,100223,100,,,100207,100
2019-06-28 14:38:55.739898787,100789,231,100630,341,101247,237,100609,237,101248,137,100586,237,,,100500,100,,,100480,15,,,100449,100,,,100426,100,,,100376,100,,,100355,100,,,100223,100
2019-06-28 14:39:00.000000000,100789,187,100630,406,101247,307,100609,307,,,100586,100,,,100500,100,,,100480,15,,,100449,100,,,100426,100,,,100376,100,,,100355,100,,,100223,100
2019-06-28 14:39:10.000000000,101247,307,100630,406,101248,207,100609,307,,,100586,100,,,100500,100,,,100480,15,,,100449,100,,,100426,100,,,100376,100,,,100355,100,,,100223,100
2019-06-28 14:39:17.664190140,101247,307,100630,406,101248,207,100609,307,,,100586,100,,,100500,100,,,100480,15,,,100449,100,,,100426,100,,,100376,100,,,100355,100,,,100252,100
2019-06-28 14:39:20.000000000,101247,241,100630,340,101248,137,100609,237,,,100586,237,,,100500,100,,,100480,15,,,100449,100,,,100426,100,,,100376,100,,,100355,100,,,100252,100
2019-06-28 14:39:30.000000000,101247,204,100630,303,101248,104,100609,204,,,100586,204,,,100500,204,,,100480,15,,,100449,100,,,100426,100,,,100376,100,,,100355,100,,,100252,100
2019-06-28 14:39:37.273726583,100789,100,100630,303,101247,204,100609,204,101248,104,100586,204,,,100500,204,,,100480,15,,,100449,100,,,100426,100,,,100376,100,,,100355,100,,,100252,100
2019-06-28 14:39:40.000000000,100789,183,100630,282,101247,183,100609,183,101248,83,100586,183,,,100500,183,,,100480,98,,,100449,100,,,100426,100,,,100376,100,,,100355,100,,,100252,100
2019-06-28 14:39:40.232537896,100789,183,100630,282,100885,100,100609,183,101247,183,100586,183,101248,83,100500,83,,,100480,98,,,100449,100,,,100426,100,,,100376,100,,,100355,100,,,100252,100
2019-06-28 14:39:50.000000000,100789,307,100630,406,100885,307,100609,307,101247,100,100586,100,,,100480,15,,,100449,100,,,100426,100,,,100376,100,,,100355,100,,,100252,100,,,100223,100
2019-06-28 14:39:55.614576368,100789,307,100630,406,100885,307,100609,307,101179,100,100586,100,101247,100,100480,15,,,100449,100,,,100426,100,,,100376,100,,,100355,100,,,100252,100,,,100223,100
2019-06-28 14:40:00.000000000,100789,94,100630,302,100885,204,100609,204,101179,204,100586,204,101247,204,100480,119,,,100449,100,,,100426,100,,,100376,100,,,100355,100,,,100252,100,,,100223,100
2019-06-28 14:40:04.348501611,100789,94,100756,100,100885,204,100630,302,101179,204,100609,204,101247,204,100586,204,,,100480,119,,,100449,100,,,100426,100,,,100376,100,,,100355,100,,,100252,100
2019-06-28 14:40:10.000000000,100885,241,100756,241,101179,237,100630,335,101247,237,100609,237,,,100586,100,,,100480,15,,,100449,100,,,100426,100,,,100376,100,,,100355,100,,,100252,100
2019-06-28 14:40:20.000000000,100885,204,100756,204,101179,204,100630,302,101247,204,100609,204,101248,104,100586,204,,,100480,15,,,100449,100,,,100426,100,,,100376,100,,,100355,100,,,100252,100
2019-06-28 14:40:24.271474885,100885,104,100797,100,101179,204,100756,204,101247,204,100630,302,101248,104,100609,204,,,100586,204,,,100480,15,,,100449,100,,,100426,100,,,100376,100,,,100355,100
2019-06-28 14:40:30.000000000,101179,241,100797,241,101247,237,100756,237,101248,137,100630,335,,,100609,100,,,100586,100,,,100480,15,,,100449,100,,,100426,100,,,100376,100,,,100355,100
2019-06-28 14:40:40.000000000,101179,204,100797,204,101247,204,100756,204,101248,104,100630,302,,,100609,204,,,100586,100,,,100480,15,,,100449,100,,,100426,100,,,100376,100,,,100355,100
2019-06-28 14:40:50.000000000,101179,241,100797,241,101247,237,100756,237,101248,137,100630,335,,,100609,100,,,100586,100,,,100480,15,,,100449,100,,,100426,100,,,100376,100,,,100355,100
2019-06-28 14:41:00.000000000,101179,404,100797,513,101247,100,100756,100,,,100630,198,,,100609,100,,,100586,100,,,100480,15,,,100449,100,,,100426,100,,,100376,100,,,100355,100
2019-06-28 14:41:10.000000000,101247,204,100797,203,101248,104,100756,204,,,100630,302,,,100609,204,,,100586,100,,,100480,15,,,100449,100,,,100426,100,,,100376,100,,,100355,100
2019-06-28 14:41:20.000000000,101247,514,100797,513,,,100756,100,,,100630,198,,,100609,100,,,100586,100,,,100480,15,,,100449,100,,,100426,100,,,100376,100,,,100355,100
2019-06-28 14:41:30.000000000,101247,241,100797,240,101248,137,100756,237,,,100630,335,,,100609,100,,,100586,100,,,100480,15,,,100449,100,,,100426,100,,,100376,100,,,100355,100
2019-06-28 14:41:40.000000000,101247,183,100797,182,101248,83,100756,183,,,100630,281,,,100609,183,,,100586,183,,,100480,15,,,100449,100,,,100426,100,,,100376,100,,,100355,100
2019-06-28 14:41:50.000000000,101247,204,100797,203,101248,104,100756,204,,,100630,302,,,100609,204,,,100586,100,,,100480,15,,,100449,100,,,100426,100,,,100376,100,,,100355,100
2019-06-28 14:42:00.000000000,101247,131,100797,239,101248,137,100756,237,,,100630,335,,,100609,100,,,100586,100,,,100480,15,,,100449,100,,,100426,100,,,100376,100,,,100355,100
2019-06-28 14:42:10.000000000,,,100797,98,,,100756,100,,,100630,198,,,100609,100,,,100586,100,,,100480,15,,,100449,100,,,100426,100,,,100376,100,,,100355,100
2019-06-28 14:42:13.612921629,101247,100,100797,98,,,100756,100,,,100630,198,,,100609,100,,,100586,100,,,100480,15,,,100449,100,,,100426,100,,,100376,100,,,100355,100
2019-06-28 14:42:20.000000000,101247,204,100797,202,101248,104,100756,204,,,100630,302,,,100609,204,,,100586,100,,,100480,15,,,100449,100,,,100426,100,,,100376,100,,,100355,100
2019-06-28 14:42:30.000000000,101247,307,100797,305,101248,207,100756,307,,,100630,198,,,100609,100,,,100586,100,,,100480,15,,,100449,100,,,100426,100,,,100376,100,,,100355,100
2019-06-28 14:42:40.000000000,101247,241,100797,239,101248,137,100756,237,,,100630,335,,,100609,100,,,100586,100,,,100480,15,,,100449,100,,,100426,100,,,100376,100,,,100355,100
2019-06-28 14:42:50.000000000,101247,241,100797,239,101248,137,100756,237,,,100630,335,,,100609,100,,,100586,100,,,100480,15,,,100449,100,,,100426,100,,,100376,100,,,100355,100
2019-06-28 14:42:51.219605515,101247,141,100797,239,101248,137,100756,237,,,100630,335,,,100609,100,,,100586,100,,,100480,15,,,100449,100,,,100426,100,,,100376,100,,,100355,100
2019-06-28 14:42:56.261220921,101247,41,100797,239,101248,137,100756,237,,,100630,335,,,100609,100,,,100586,100,,,100480,15,,,100449,100,,,100426,100,,,100376,100,,,100355,100
2019-06-28 14:42:59.228900966,101247,41,100797,239,101248,137,100756,237,,,100630,335,,,100609,100,,,100586,100,,,100480,15,,,100449,100,,,100426,100,,,100376,100,,,100355,100
2019-06-28 14:43:00.000000000,,,100797,98,,,100756,100,,,100630,198,,,100609,100,,,100586,100,,,100480,15,,,100449,100,,,100426,100,,,100376,100,,,100355,100
2019-06-28 14:43:09.338710648,,,101120,100,,,100797,98,,,100756,100,,,100630,198,,,100609,100,,,100586,100,,,100480,15,,,100449,100,,,100426,100,,,100376,100
2019-06-28 14:43:12.627570134,101335,100,101120,100,,,100797,98,,,100756,100,,,100630,198,,,100609,100,,,100586,100,,,100480,15,,,100449,100,,,100426,100,,,100376,100
2019-06-28 14:43:20.000000000,101335,241,101120,241,101336,137,100797,235,,,100756,237,,,100630,198,,,100609,100,,,100586,100,,,100480,15,,,100449,100,,,100426,100,,,100376,100
2019-06-28 14:43:23.350146048,101335,241,101247,100,101336,137,101120,241,,,100797,235,,,100756,237,,,100630,198,,,100609,100,,,100586,100,,,100480,15,,,100449,100,,,100426,100
2019-06-28 14:43:30.000000000,101335,514,101247,514,,,101120,100,,,100797,98,,,100756,100,,,100630,198,,,100609,100,,,100586,100,,,100480,15,,,100449,100,,,100426,100
2019-06-28 14:43:40.000000000,101335,514,101247,514,,,101120,100,,,100797,98,,,100756,100,,,100630,198,,,100609,100,,,100586,100,,,100480,15,,,100449,100,,,100426,100
2019-06-28 14:43:48.503659746,101335,514,101247,514,101489,100,101120,100,,,100797,98,,,100756,100,,,100630,198,,,100609,100,,,100586,100,,,100480,15,,,100449,100,,,100376,100
2019-06-28 14:43:49.593749355,101335,414,101247,514,101489,100,101120,100,,,100797,98,,,100756,100,,,100630,198,,,100609,100,,,100586,100,,,100480,15,,,100449,100,,,100376,100
2019-06-28 14:43:50.000000000,101489,514,101247,514,,,101120,100,,,100797,98,,,100756,100,,,100630,198,,,100609,100,,,100586,100,,,100480,15,,,100449,100,,,100376,100
2019-06-28 14:44:00.000000000,101489,131,101247,240,101490,137,101120,237,,,100797,235,,,100756,100,,,100630,198,,,100609,100,,,100586,100,,,100480,15,,,100449,100,,,100376,100
2019-06-28 14:44:05.062310568,101378,100,101247,240,101489,131,101120,237,101490,137,100797,235,,,100756,100,,,100630,198,,,100609,100,,,100586,100,,,100480,15,,,100449,100,,,100376,100
2019-06-28 14:44:05.359012897,101378,100,101247,240,101489,131,101150,100,101490,137,101120,237,,,100797,235,,,100756,100,,,100630,198,,,100609,100,,,100586,100,,,100480,15,,,100449,100
2019-06-28 14:44:10.000000000,101378,514,101247,513,,,101150,100,,,101120,100,,,100797,98,,,100756,100,,,100630,198,,,100609,100,,,100586,100,,,100480,15,,,100449,100
2019-06-28 14:44:11.520805982,101378,514,101343,100,,,101247,513,,,101150,100,,,101120,100,,,100797,98,,,100756,100,,,100630,198,,,100609,100,,,100586,100,,,100480,15
2019-06-28 14:44:16.515785020,101378,414,101343,100,,,101247,513,,,101150,100,,,101120,100,,,100797,98,,,100756,100,,,100630,198,,,100609,100,,,100586,100,,,100480,15
2019-06-28 14:44:16.781037182,101378,414,101343,100,,,101248,100,,,101247,513,,,101150,100,,,101120,100,,,100797,98,,,100756,100,,,100630,198,,,100609,100,,,100586,100
2019-06-28 14:44:20.000000000,,,101343,100,,,101248,100,,,101247,99,,,101150,100,,,101120,100,,,100797,98,,,100756,100,,,100630,198,,,100609,100,,,100586,100
2019-06-28 14:44:23.069434345,,,101248,100,,,101247,99,,,101150,100,,,101120,100,,,100797,98,,,100756,100,,,100630,198,,,100609,100,,,100586,100,,,100480,15
2019-06-28 14:44:28.306783208,,,101248,100,,,101247,99,,,101150,100,,,101141,100,,,101120,100,,,100797,98,,,100756,100,,,100630,198,,,100609,100,,,100586,100
2019-06-28 14:44:33.069743542,101377,100,101248,100,,,101247,99,,,101150,100,,,101141,100,,,101120,100,,,100797,98,,,100756,100,,,100630,198,,,100609,100,,,100586,100
2019-06-28 14:44:36.638034598,101377,100,101248,100,,,101247,99,,,101150,100,,,101141,100,,,101120,100,,,101004,100,,,100797,98,,,100630,198,,,100609,100,,,100586,100
2019-06-28 14:44:37.120992520,101377,100,101248,100,,,101247,99,,,101150,100,,,101141,100,,,101120,100,,,101004,100,,,100797,98,,,100630,100,,,100609,100,,,100586,100
2019-06-28 14:44:40.000000000,101377,204,101248,204,101378,104,101247,203,,,101150,204,,,101141,204,,,101120,100,,,101004,100,,,100797,98,,,100630,100,,,100609,100,,,100586,100
2019-06-28 14:44:50.000000000,101377,183,101248,183,101378,83,101247,182,,,101150,183,,,101141,183,,,101120,183,,,101004,100,,,100797,98,,,100630,100,,,100609,100,,,100586,100
2019-06-28 14:45:00.000000000,101377,73,101248,182,101378,83,101247,182,,,101150,183,,,101141,183,,,101120,183,,,101004,100,,,100797,98,,,100630,100,,,100609,100,,,100586,100
2019-06-28 14:45:10.000000000,,,101248,99,,,101247,99,,,101150,100,,,101141,100,,,101120,100,,,101004,100,,,100797,98,,,100630,100,,,100609,100,,,100586,100
2019-06-28 14:45:27.810985164,101377,100,101248,99,,,101247,99,,,101150,100,,,101141,100,,,101120,100,,,101004,100,,,100797,98,,,100630,100,,,100609,100,,,100586,100
2019-06-28 14:45:30.000000000,101377,183,101248,182,101378,83,101247,182,,,101150,183,,,101141,183,,,101120,183,,,101004,100,,,100797,98,,,100630,100,,,100609,100,,,100586,100
2019-06-28 14:45:37.910887435,101377,183,101248,182,101378,83,101247,182,,,101150,183,,,101141,183,,,101120,183,,,101004,100,,,100797,98,,,100630,100,,,100609,100,,,100601,100
2019-06-28 14:45:40.000000000,101377,514,101248,513,,,101247,99,,,101150,100,,,101141,100,,,101120,100,,,101004,100,,,100797,98,,,100630,100,,,100609,100,,,100601,100
2019-06-28 14:45:50.000000000,101377,307,101248,306,101378,207,101247,306,,,101150,100,,,101141,100,,,101120,100,,,101004,100,,,100797,98,,,100630,100,,,100609,100,,,100601,100
2019-06-28 14:45:54.968004447,101377,307,101248,306,101378,207,101247,306,,,101150,100,,,101141,100,,,101120,100,,,101004,100,,,100797,98,,,100630,100,,,100609,100,,,100601,100
2019-06-28 14:46:00.000000000,101377,197,101248,305,101378,207,101247,306,,,101150,100,,,101141,100,,,101120,100,,,101004,100,,,100797,98,,,100630,100,,,100609,100,,,100601,100
2019-06-28 14:46:04.016246415,101377,197,101248,305,101378,207,101247,306,,,101150,100,,,101141,100,,,101120,100,,,101004,100,,,100797,98,,,100630,100,,,100609,100,,,100601,100
2019-06-28 14:46:10.000000000,,,101248,98,,,101247,99,,,101150,100,,,101141,100,,,101120,100,,,101004,100,,,100797,98,,,100630,100,,,100609,100,,,100601,100
2019-06-28 14:47:00.896697252,,,101248,98,,,101247,99,,,101150,100,,,101141,100,,,101120,100,,,101004,100,,,100797,98,,,100718,100,,,100630,100,,,100601,100
2019-06-28 14:47:22.424938261,101248,2,101247,99,,,101150,100,,,101141,100,,,101120,100,,,101004,100,,,100797,98,,,100718,100,,,100630,100,,,100601,100,,,100586,100
2019-06-28 14:47:30.000000000,101248,143,101247,240,101249,137,101150,237,,,101141,237,,,101120,100,,,101004,100,,,100797,98,,,100718,100,,,100630,100,,,100601,100,,,100586,100
2019-06-28 14:47:40.000000000,101248,416,101247,513,,,101150,100,,,101141,100,,,101120,100,,,101004,100,,,100797,98,,,100718,100,,,100630,100,,,100601,100,,,100586,100
2019-06-28 14:47:50.000000000,101248,106,101247,203,101249,104,101150,204,,,101141,204,,,101120,204,,,101004,100,,,100797,98,,,100718,100,,,100630,100,,,100601,100,,,100586,100
2019-06-28 14:48:00.000000000,101249,59,101247,182,,,101150,183,,,101141,183,,,101120,183,,,101004,183,,,100797,98,,,100718,100,,,100630,100,,,100601,100,,,100586,100
2019-06-28 14:48:05.789287485,101249,159,101247,182,,,101150,183,,,101141,183,,,101120,183,,,101004,183,,,100797,98,,,100718,100,,,100630,100,,,100601,100,,,100586,100
2019-06-28 14:48:10.000000000,101249,241,101247,240,101250,137,101150,237,,,101141,237,,,101120,100,,,101004,100,,,100797,98,,,100718,100,,,100630,100,,,100601,100,,,100586,100
2019-06-28 14:48:12.440983959,101249,241,101247,140,101250,137,101150,237,,,101141,237,,,101120,100,,,101004,100,,,100797,98,,,100718,100,,,100630,100,,,100601,100,,,100586,100
2019-06-28 14:48:20.000000000,101249,241,101150,241,101250,137,101141,237,,,101120,237,,,101004,100,,,100797,98,,,100718,100,,,100630,100,,,100601,100,,,100586,100,,,100480,15
2019-06-28 14:48:30.000000000,101249,514,101150,514,,,101141,100,,,101120,100,,,101004,100,,,100797,98,,,100718,100,,,100630,100,,,100601,100,,,100586,100,,,100480,15
2019-06-28 14:48:38.711923456,101176,100,101150,514,101249,514,101141,100,,,101120,100,,,101004,100,,,100797,98,,,100718,100,,,100630,100,,,100601,100,,,100586,100,,,100480,15
2019-06-28 14:48:39.417818674,101176,100,101150,514,101248,100,101141,100,101249,514,101120,100,,,101004,100,,,100797,98,,,100718,100,,,100630,100,,,100601,100,,,100586,100,,,100480,15
2019-06-28 14:48:40.000000000,101176,241,101150,241,101248,237,101141,237,101249,237,101120,237,,,101004,100,,,100797,98,,,100718,100,,,100630,100,,,100601,100,,,100586,100,,,100480,15
2019-06-28 14:48:46.393590670,101176,241,101150,141,101248,237,101141,237,101249,237,101120,237,,,101004,100,,,100797,98,,,100718,100,,,100630,100,,,100601,100,,,100586,100,,,100480,15
2019-06-28 14:48:50.000000000,101176,183,101141,183,101248,183,101120,183,101249,183,101004,183,101250,83,100797,181,,,100718,183,,,100630,100,,,100601,100,,,100586,100,,,100480,15,,,100376,100
2019-06-28 14:48:54.646695563,101176,183,101141,183,101248,183,101120,183,101249,183,101053,100,101250,83,101004,183,,,100797,181,,,100718,183,,,100630,100,,,100601,100,,,100586,100,,,100480,15
2019-06-28 14:49:00.000000000,101176,131,101141,240,101248,237,101120,237,101249,237,101053,237,,,101004,100,,,100797,98,,,100718,100,,,100630,100,,,100601,100,,,100586,100,,,100480,15
2019-06-28 14:49:02.670852701,101176,131,101141,240,101248,237,101120,237,101249,237,101053,237,,,101004,100,,,100797,98,,,100718,100,,,100601,100,,,100586,100,,,100480,15,,,100376,100
2019-06-28 14:49:10.000000000,101248,307,101141,306,101249,307,101120,307,,,101053,100,,,101004,100,,,100797,98,,,100718,100,,,100601,100,,,100586,100,,,100480,15,,,100376,100
2019-06-28 14:49:20.000000000,101248,241,101141,240,101249,237,101120,237,101250,137,101053,237,,,101004,100,,,100797,98,,,100718,100,,,100601,100,,,100586,100,,,100480,15,,,100376,100
2019-06-28 14:49:23.899499473,101248,241,101141,41,101249,237,101120,237,101250,137,101053,237,,,101004,100,,,100797,98,,,100718,100,,,100601,100,,,100586,100,,,100480,15,,,100376,100
2019-06-28 14:49:30.000000000,101248,514,101120,514,101249,100,101053,100,,,101004,100,,,100797,98,,,100718,100,,,100601,100,,,100586,100,,,100480,15,,,100376,100,,,100370,100
2019-06-28 14:49:30.213562364,101248,514,101120,514,101249,100,101053,100,,,101004,100,,,100797,98,,,100718,100,,,100646,100,,,100601,100,,,100586,100,,,100480,15,,,100376,100
2019-06-28 14:49:30.919908781,101248,514,101120,414,101249,100,101053,100,,,101004,100,,,100797,98,,,100718,100,,,100646,100,,,100601,100,,,100586,100,,,100480,15,,,100376,100
2019-06-28 14:49:40.000000000,101248,241,101053,241,101249,237,101004,237,101250,137,100797,235,,,100718,100,,,100646,100,,,100601,100,,,100586,100,,,100480,15,,,100376,100,,,100370,100
2019-06-28 14:49:50.000000000,101248,514,101053,514,101249,100,101004,100,,,100797,98,,,100718,100,,,100646,100,,,100601,100,,,100586,100,,,100480,15,,,100376,100,,,100370,100
2019-06-28 14:49:54.551158997,101248,514,101053,414,101249,100,101004,100,,,100797,98,,,100718,100,,,100646,100,,,100601,100,,,100586,100,,,100480,15,,,100376,100,,,100370,100
2019-06-28 14:50:00.000000000,101248,131,101004,240,101249,237,100797,235,101250,137,100718,237,,,100646,100,,,100601,100,,,100586,100,,,100480,15,,,100376,100,,,100370,100,,,100355,100
2019-06-28 14:50:10.000000000,101249,514,101004,513,,,100797,98,,,100718,100,,,100646,100,,,100601,100,,,100586,100,,,100480,15,,,100376,100,,,100370,100,,,100355,100
2019-06-28 14:50:20.000000000,101249,514,101004,513,,,100797,98,,,100718,100,,,100646,100,,,100601,100,,,100586,100,,,100480,15,,,100376,100,,,100370,100,,,100355,100
2019-06-28 14:50:28.222994474,101249,514,101004,513,,,100797,98,,,100718,100,,,100646,100,,,100601,100,,,100586,100,,,100480,15,,,100376,100,,,100370,100,,,100355,100
2019-06-28 14:50:30.000000000,101249,307,101004,306,101250,207,100797,305,,,100718,100,,,100646,100,,,100601,100,,,100586,100,,,100480,15,,,100376,100,,,100370,100,,,100355,100
2019-06-28 14:50:37.590916544,101248,100,101004,306,101249,307,100797,305,101250,207,100718,100,,,100646,100,,,100601,100,,,100586,100,,,100480,15,,,100376,100,,,100370,100,,,100355,100
2019-06-28 14:50:40.000000000,101248,514,101004,513,101249,100,100797,98,,,100718,100,,,100646,100,,,100601,100,,,100586,100,,,100480,15,,,100376,100,,,100370,100,,,100355,100
2019-06-28 14:50:50.000000000,101248,241,101004,240,101249,237,100797,235,101250,137,100718,237,,,100646,100,,,100601,100,,,100586,100,,,100480,15,,,100376,100,,,100370,100,,,100355,100
2019-06-28 14:50:51.755720511,101248,341,101004,240,101249,237,100797,235,101250,137,100718,237,,,100646,100,,,100601,100,,,100586,100,,,100480,15,,,100376,100,,,100370,100,,,100355,100
2019-06-28 14:51:00.000000000,101248,504,101004,512,101249,100,100797,98,,,100718,100,,,100646,100,,,100601,100,,,100586,100,,,100480,15,,,100376,100,,,100370,100,,,100355,100
2019-06-28 14:51:10.000000000,101248,297,101004,305,101249,307,100797,305,,,100718,100,,,100646,100,,,100601,100,,,100586,100,,,100480,15,,,100376,100,,,100370,100,,,100355,100
2019-06-28 14:51:20.000000000,101248,194,101004,202,101249,204,100797,202,101250,104,100718,204,,,100646,204,,,100601,100,,,100586,100,,,100480,15,,,100376,100,,,100370,100,,,100355,100
2019-06-28 14:51:24.733689123,101248,194,101004,102,101249,204,100797,202,101250,104,100718,204,,,100646,204,,,100601,100,,,100586,100,,,100480,15,,,100376,100,,,100370,100,,,100355,100
2019-06-28 14:51:30.000000000,101248,297,100797,305,101249,307,100718,307,,,100646,100,,,100601,100,,,100586,100,,,100480,15,,,100376,100,,,100370,100,,,100355,100,,,100252,100
2019-06-28 14:51:40.000000000,101248,194,100797,202,101249,204,100718,204,101250,104,100646,204,,,100601,204,,,100586,100,,,100480,15,,,100376,100,,,100370,100,,,100355,100,,,100252,100
2019-06-28 14:51:41.781605819,101248,194,100797,202,101249,204,100718,204,101250,104,100646,204,,,100601,204,,,100586,100,,,100480,15,,,100376,100,,,100370,100,,,100355,100,,,100252,100
2019-06-28 14:51:48.937746290,101248,194,100797,202,101249,204,100718,204,101250,104,100646,204,,,100601,204,,,100586,100,,,100480,15,,,100376,100,,,100370,100,,,100355,100,,,100252,100
2019-06-28 14:51:50.000000000,101248,504,100797,512,101249,100,100718,100,,,100646,100,,,100601,100,,,100586,100,,,100480,15,,,100376,100,,,100370,100,,,100355,100,,,100252,100
2019-06-28 14:52:00.000000000,101248,187,100797,304,101249,307,100718,307,,,100646,100,,,100601,100,,,100586,100,,,100480,15,,,100376,100,,,100370,100,,,100355,100,,,100252,100
2019-06-28 14:52:05.345031464,101248,187,100797,304,101249,307,100718,307,,,100646,100,,,100601,100,,,100586,100,,,100480,15,,,100376,100,,,100370,100,,,100355,100,,,100252,100
2019-06-28 14:52:07.440625504,101248,187,100797,204,101249,307,100718,307,,,100646,100,,,100601,100,,,100586,100,,,100480,15,,,100376,100,,,100370,100,,,100355,100,,,100252,100
2019-06-28 14:52:10.000000000,101249,183,100718,183,101250,83,100646,183,,,100601,183,,,100586,183,,,100480,98,,,100376,100,,,100370,100,,,100355,100,,,100252,100,,,100223,100
2019-06-28 14:52:10.780937106,101249,183,100718,183,101250,83,100646,183,,,100601,183,,,100586,183,,,100480,98,,,100376,100,,,100370,100,,,100355,100,,,100252,100,,,100223,100
2019-06-28 14:52:20.000000000,101249,204,100718,204,101250,104,100646,204,,,100601,204,,,100586,204,,,100480,15,,,100376,100,,,100370,100,,,100355,100,,,100252,100,,,100223,100
2019-06-28 14:52:21.203080607,101249,204,100718,104,101250,104,100646,204,,,100601,204,,,100586,204,,,100480,15,,,100376,100,,,100370,100,,,100355,100,,,100252,100,,,100223,100
2019-06-28 14:52:30.000000000,101249,241,100646,241,101250,137,100601,237,,,100586,237,,,100480,15,,,100376,100,,,100370,100,,,100355,100,,,100252,100,,,100223,100,,,100217,100
2019-06-28 14:52:40.000000000,101249,183,100646,183,101250,83,100601,183,,,100586,183,,,100480,98,,,100376,183,,,100370,100,,,100355,100,,,100252,100,,,100223,100,,,100217,100
2019-06-28 14:52:50.000000000,101249,183,100646,183,101250,83,100601,183,,,100586,183,,,100480,98,,,100376,183,,,100370,100,,,100355,100,,,100252,100,,,100223,100,,,100217,100
2019-06-28 14:52:56.608907137,100797,100,100646,183,101249,183,100601,183,101250,83,100586,183,,,100480,98,,,100376,183,,,100370,100,,,100355,100,,,100252,100,,,100223,100,,,100217,100
2019-06-28 14:53:00.000000000,100797,94,100646,203,101249,204,100601,204,101250,104,100586,204,,,100480,119,,,100376,100,,,100370,100,,,100355,100,,,100252,100,,,100223,100,,,100217,100
2019-06-28 14:53:04.838913397,100797,94,100646,203,101249,204,100601,204,101250,104,100586,204,,,100480,119,,,100376,100,,,100370,100,,,100355,100,,,100252,100,,,100223,100,,,100217,100
2019-06-28 14:53:10.000000000,101249,183,100646,182,101250,83,100601,183,,,100586,183,,,100480,98,,,100376,183,,,100370,100,,,100355,100,,,100252,100,,,100223,100,,,100217,100
2019-06-28 14:53:20.000000000,101249,204,100646,203,101250,104,100601,204,,,100586,204,,,100480,119,,,100376,100,,,100370,100,,,100355,100,,,100252,100,,,100223,100,,,100217,100
2019-06-28 14:53:30.000000000,101249,514,100646,513,,,100601,100,,,100586,100,,,100480,15,,,100376,100,,,100370,100,,,100355,100,,,100252,100,,,100223,100,,,100217,100
2019-06-28 14:53:40.000000000,101249,204,100646,203,101250,104,100601,204,,,100586,204,,,100480,119,,,100376,100,,,100370,100,,,100355,100,,,100252,100,,,100223,100,,,100217,100
2019-06-28 14:53:45.462740370,101249,204,100646,203,101250,104,100601,204,,,100586,204,,,100480,119,,,100370,100,,,100355,100,,,100252,100,,,100223,100,,,100217,100,,,100207,100
2019-06-28 14:53:50.000000000,101249,514,100646,513,,,100601,100,,,100586,100,,,100480,15,,,100370,100,,,100355,100,,,100252,100,,,100223,100,,,100217,100,,,100207,100
2019-06-28 14:54:00.000000000,101249,73,100646,182,101250,83,100601,183,,,100586,183,,,100480,98,,,100370,183,,,100355,100,,,100252,100,,,100223,100,,,100217,100,,,100207,100
2019-06-28 14:54:10.000000000,,,100646,99,,,100601,100,,,100586,100,,,100480,15,,,100370,100,,,100355,100,,,100252,100,,,100223,100,,,100217,100,,,100207,100
2019-06-28 14:54:15.838678461,100646,1,100601,100,,,100586,100,,,100480,15,,,100370,100,,,100355,100,,,100252,100,,,100223,100,,,100217,100,,,100207,100,,,99907,100
2019-06-28 14:54:16.649434930,100646,1,100586,100,,,100480,15,,,100370,100,,,100252,100,,,100223,100,,,100217,100,,,100207,100,,,99907,100,,,99851,100,,,99658,100
2019-06-28 14:54:20.000000000,100646,105,100586,204,100647,104,100480,119,,,100370,204,,,100252,204,,,100223,100,,,100217,100,,,100207,100,,,99907,100,,,99851,100,,,99658,100
2019-06-28 14:54:23.856918631,100646,105,100586,204,100647,104,100480,119,,,100370,204,,,100252,204,,,100223,100,,,100217,100,,,100207,100,,,99907,100,,,99851,100,,,99658,100
2019-06-28 14:54:25.226250675,100646,105,100586,204,100647,104,100480,119,,,100370,204,,,100252,204,,,100223,100,,,100217,100,,,100207,100,,,99907,100,,,99851,100,,,99658,100
2019-06-28 14:54:26.481716628,100646,105,100586,204,100647,104,100480,119,,,100370,204,,,100252,204,,,100223,100,,,100217,100,,,100207,100,,,99907,100,,,99851,100,,,99658,100
2019-06-28 14:54:30.000000000,100646,84,100586,183,100647,83,100480,98,,,100370,183,,,100252,183,,,100223,183,,,100217,100,,,100207,100,,,99907,100,,,99851,100,,,99658,100
2019-06-28 14:54:40.000000000,100646,105,100586,204,100647,104,100480,119,,,100370,204,,,100252,204,,,100223,100,,,100217,100,,,100207,100,,,99907,100,,,99851,100,,,99658,100
2019-06-28 14:54:40.079230534,100646,105,100586,104,100647,104,100480,119,,,100370,204,,,100252,204,,,100223,100,,,100217,100,,,100207,100,,,99907,100,,,99851,100,,,99658,100
2019-06-28 14:54:49.608144015,100646,105,100586,4,100647,104,100480,119,,,100370,204,,,100252,104,,,100223,100,,,100217,100,,,100207,100,,,99907,100,,,99851,100,,,99658,100
2019-06-28 14:54:50.000000000,100646,84,100480,98,100647,83,100370,183,,,100223,183,,,100217,183,,,100207,183,,,99907,100,,,99851,100,,,99658,100,,,99621,100,,,99489,100
2019-06-28 14:54:58.459456678,100480,2,100370,183,100646,84,100223,183,100647,83,100217,183,,,100207,183,,,99907,100,,,99851,100,,,99658,100,,,99621,100,,,99489,100,,,99456,100
2019-06-28 14:55:00.000000000,100480,99,100370,307,100646,208,100223,307,,,100217,100,,,100207,100,,,99907,100,,,99851,100,,,99658,100,,,99621,100,,,99489,100,,,99456,100
2019-06-28 14:55:10.000000000,100646,208,100370,307,100647,207,100223,307,,,100217,100,,,100207,100,,,99907,100,,,99851,100,,,99658,100,,,99621,100,,,99489,100,,,99456,100
2019-06-28 14:55:20.000000000,100646,415,100370,514,,,100223,100,,,100217,100,,,100207,100,,,99907,100,,,99851,100,,,99658,100,,,99621,100,,,99489,100,,,99456,100
2019-06-28 14:55:30.000000000,100646,415,100370,514,,,100223,100,,,100217,100,,,100207,100,,,99907,100,,,99851,100,,,99658,100,,,99621,100,,,99489,100,,,99456,100
2019-06-28 14:55:31.509777957,100480,100,100370,514,100646,415,100223,100,,,100217,100,,,100207,100,,,99907,100,,,99851,100,,,99658,100,,,99621,100,,,99489,100,,,99456,100
2019-06-28 14:55:40.000000000,100480,183,100370,183,100646,84,100223,183,100647,83,100217,183,,,100207,183,,,99907,183,,,99851,100,,,99658,100,,,99621,100,,,99489,100,,,99456,100
2019-06-28 14:55:47.010844514,100480,183,100370,183,100646,84,100223,183,100647,83,100217,183,,,100207,183,,,99907,183,,,99851,100,,,99658,100,,,99621,100,,,99489,100,,,99456,100
2019-06-28 14:55:50.000000000,100480,514,100370,514,100646,1,100223,100,,,100217,100,,,100207,100,,,99907,100,,,99851,100,,,99658,100,,,99621,100,,,99489,100,,,99456,100
2019-06-28 14:56:00.000000000,100480,404,100370,514,100646,1,100223,100,,,100217,100,,,100207,100,,,99907,100,,,99851,100,,,99658,100,,,99621,100,,,99489,100,,,99456,100
2019-06-28 14:56:10.000000000,100646,142,100370,241,100647,137,100223,237,,,100217,237,,,100207,100,,,99907,100,,,99851,100,,,99658,100,,,99621,100,,,99489,100,,,99456,100
2019-06-28 14:56:20.000000000,100646,415,100370,514,,,100223,100,,,100217,100,,,100207,100,,,99907,100,,,99851,100,,,99658,100,,,99621,100,,,99489,100,,,99456,100
2019-06-28 14:56:29.527124192,100646,415,100370,414,,,100223,100,,,100217,100,,,100207,100,,,99907,100,,,99851,100,,,99658,100,,,99621,100,,,99489,100,,,99456,100
2019-06-28 14:56:30.000000000,100646,142,100223,241,100647,137,100217,237,,,100207,237,,,99907,100,,,99851,100,,,99658,100,,,99621,100,,,99489,100,,,99456,100,,,99344,100
2019-06-28 14:56:40.000000000,100646,105,100223,204,100647,104,100217,204,,,100207,204,,,99907,204,,,99851,100,,,99658,100,,,99621,100,,,99489,100,,,99456,100,,,99344,100
2019-06-28 14:56:40.212622489,100646,105,100223,204,100647,104,100217,204,,,100207,204,,,99907,204,,,99851,100,,,99658,100,,,99621,100,,,99489,100,,,99456,100,,,99356,100
2019-06-28 14:56:50.000000000,100646,208,100223,307,100647,207,100217,307,,,100207,100,,,99907,100,,,99851,100,,,99658,100,,,99621,100,,,99489,100,,,99456,100,,,99356,100
2019-06-28 14:56:52.504988175,100646,208,100223,207,100647,207,100217,307,,,100207,100,,,99907,100,,,99851,100,,,99658,100,,,99621,100,,,99489,100,,,99456,100,,,99356,100
2019-06-28 14:57:00.000000000,100647,104,100646,5,,,100217,204,,,100207,204,,,99907,204,,,99851,204,,,99658,100,,,99621,100,,,99489,100,,,99456,100,,,99356,100
2019-06-28 14:57:10.000000000,,,100646,5,,,100217,100,,,100207,100,,,99907,100,,,99851,100,,,99658,100,,,99621,100,,,99489,100,,,99456,100,,,99356,100
2019-06-28 14:57:23.190382656,,,100646,5,,,100207,100,,,99907,100,,,99851,100,,,99658,100,,,99621,100,,,99489,100,,,99456,100,,,99356,100,,,99344,100
2019-06-28 14:57:45.109582550,100646,95,100207,100,,,99907,100,,,99851,100,,,99658,100,,,99621,100,,,99489,100,,,99456,100,,,99356,100,,,99344,100,,,99318,100
2019-06-28 14:57:50.000000000,100646,199,100207,204,100647,104,99907,204,,,99851,204,,,99658,204,,,99621,100,,,99489,100,,,99456,100,,,99356,100,,,99344,100,,,99318,100
2019-06-28 14:57:50.994500063,100646,199,100207,204,100647,104,99907,204,,,99851,204,,,99658,204,,,99621,100,,,99489,100,,,99456,100,,,99356,100,,,99344,100,,,99318,100
2019-06-28 14:58:00.000000000,100646,68,100207,183,100647,83,99907,183,,,99851,183,,,99658,183,,,99621,183,,,99489,100,,,99456,100,,,99356,100,,,99344,100,,,99318,100
2019-06-28 14:58:04.925232406,100646,168,100207,183,100647,83,99907,183,,,99851,183,,,99658,183,,,99621,183,,,99489,100,,,99456,100,,,99356,100,,,99344,100,,,99318,100
2019-06-28 14:58:09.509037097,100646,168,100207,183,100647,83,99907,183,,,99851,183,,,99658,183,,,99621,183,,,99489,100,,,99456,100,,,99356,100,,,99344,100,,,99318,100
2019-06-28 14:58:10.000000000,100646,241,100207,241,100647,137,99907,237,,,99851,237,,,99658,100,,,99621,100,,,99489,100,,,99456,100,,,99356,100,,,99344,100,,,99318,100
2019-06-28 14:58:10.006785838,100646,241,100207,141,100647,137,99907,237,,,99851,237,,,99658,100,,,99621,100,,,99489,100,,,99456,100,,,99356,100,,,99344,100,,,99318,100
2019-06-28 14:58:20.000000000,100646,183,99907,183,100647,83,99851,183,,,99658,183,,,99621,183,,,99489,183,,,99456,100,,,99356,100,,,99344,100,,,99318,100,,,99235,100
2019-06-28 14:58:23.835094304,100645,100,99907,183,100646,183,99851,183,100647,83,99658,183,,,99621,183,,,99489,183,,,99456,100,,,99356,100,,,99344,100,,,99318,100,,,99235,100
2019-06-28 14:58:30.000000000,100645,514,99907,514,100646,100,99851,100,,,99658,100,,,99621,100,,,99489,100,,,99456,100,,,99356,100,,,99344,100,,,99318,100,,,99235,100
2019-06-28 14:58:30.879847818,100645,514,99907,514,100646,100,99851,100,,,99658,100,,,99621,100,,,99489,100,,,99456,100,,,99356,100,,,99344,100,,,99318,100,,,99235,100
2019-06-28 14:58:36.384191741,100645,614,99907,514,100646,100,99851,100,,,99658,100,,,99621,100,,,99489,100,,,99456,100,,,99356,100,,,99344,100,,,99318,100,,,99235,100
2019-06-28 14:58:39.945940183,100645,614,99907,414,100646,100,99851,100,,,99658,100,,,99621,100,,,99489,100,,,99456,100,,,99356,100,,,99344,100,,,99318,100,,,99235,100
2019-06-28 14:58:40.000000000,100645,341,99851,241,100646,237,99658,237,100647,137,99621,237,,,99489,100,,,99456,100,,,99356,100,,,99344,100,,,99318,100,,,99235,100,,,99173,100
2019-06-28 14:58:50.000000000,100645,283,99851,183,100646,183,99658,183,100647,83,99621,183,,,99489,183,,,99456,183,,,99356,100,,,99344,100,,,99318,100,,,99235,100,,,99173,100
2019-06-28 14:58:52.506060553,100645,283,99851,183,100646,183,99658,183,100647,83,99621,183,,,99489,183,,,99456,183,,,99356,100,,,99344,100,,,99318,100,,,99235,100,,,99173,100
2019-06-28 14:59:00.000000000,100645,297,99851,307,100646,307,99658,307,,,99621,100,,,99489,100,,,99456,100,,,99356,100,,,99344,100,,,99318,100,,,99235,100,,,99173,100
2019-06-28 14:59:10.000000000,100645,504,99851,514,100646,100,99658,100,,,99621,100,,,99489,100,,,99456,100,,,99356,100,,,99344,100,,,99318,100,,,99235,100,,,99173,100
2019-06-28 14:59:16.468253075,100645,504,99851,514,100646,100,99658,100,,,99621,100,,,99489,100,,,99456,100,,,99356,100,,,99344,100,,,99318,100,,,99235,100,,,99173,100
2019-06-28 14:59:20.000000000,100645,231,99851,241,100646,237,99658,237,100647,137,99621,237,,,99489,100,,,99456,100,,,99356,100,,,99344,100,,,99318,100,,,99235,100,,,99173,100
2019-06-28 14:59:30.000000000,100645,231,99851,241,100646,237,99658,237,100647,137,99621,237,,,99489,100,,,99456,100,,,99356,100,,,99344,100,,,99318,100,,,99235,100,,,99173,100
2019-06-28 14:59:35.192216084,100645,231,99851,141,100646,237,99658,237,100647,137,99621,237,,,99489,100,,,99456,100,,,99356,100,,,99344,100,,,99318,100,,,99235,100,,,99173,100
2019-06-28 14:59:40.000000000,100645,173,99658,183,100646,183,99621,183,100647,83,99489,183,,,99456,183,,,99356,183,,,99344,100,,,99318,100,,,99235,100,,,99173,100,,,99094,100
2019-06-28 14:59:49.133381555,100644,100,99658,183,100645,173,99621,183,100646,183,99489,183,100647,83,99456,183,,,99356,183,,,99344,100,,,99318,100,,,99235,100,,,99173,100,,,99094,100
2019-06-28 14:59:50.000000000,100644,307,99658,307,100645,297,99621,307,100646,100,99489,100,,,99456,100,,,99356,100,,,99344,100,,,99318,100,,,99235,100,,,99173,100,,,99094,100
2019-06-28 14:59:54.196129518,100644,307,99658,207,100645,297,99621,307,100646,100,99489,100,,,99456,100,,,99356,100,,,99344,100,,,99318,100,,,99235,100,,,99173,100,,,99094,100
2019-06-28 15:00:00.000000000,100644,93,99621,204,100645,194,99489,204,100646,204,99456,204,100647,104,99356,204,,,99344,100,,,99318,100,,,99235,100,,,99173,100,,,99094,100,,,98193,100
2019-06-28 15:00:10.000000000,100645,231,99621,241,100646,237,99489,237,100647,137,99456,237,,,99356,100,,,99344,100,,,99318,100,,,99235,100,,,99173,100,,,99094,100,,,98193,100
2019-06-28 15:00:20.000000000,100645,504,99621,514,100646,100,99489,100,,,99456,100,,,99356,100,,,99344,100,,,99318,100,,,99235,100,,,99173,100,,,99094,100,,,98193,100
2019-06-28 15:00:30.000000000,100645,194,99621,204,100646,204,99489,204,100647,104,99456,204,,,99356,204,,,99344,100,,,99318,100,,,99235,100,,,99173,100,,,99094,100,,,98193,100
2019-06-28 15:00:32.030984945,100645,194,99621,104,100646,204,99489,204,100647,104,99456,204,,,99356,204,,,99344,100,,,99318,100,,,99235,100,,,99173,100,,,99094,100,,,98193,100
2019-06-28 15:00:34.635766438,100645,194,99621,4,100646,204,99489,204,100647,104,99456,204,,,99356,204,,,99344,100,,,99318,100,,,99235,100,,,99173,100,,,99094,100,,,98193,100
2019-06-28 15:00:40.000000000,100645,194,99489,204,100646,204,99456,204,100647,104,99356,204,,,99344,204,,,99318,100,,,99235,100,,,99173,100,,,99094,100,,,98193,100,,,97905,100
2019-06-28 15:00:50.000000000,100645,173,99489,183,100646,183,99456,183,100647,83,99356,183,,,99344,183,,,99318,183,,,99235,100,,,99173,100,,,99094,100,,,98193,100,,,97905,100
2019-06-28 15:00:50.293136195,100645,173,99489,83,100646,183,99456,183,100647,83,99356,183,,,99344,183,,,99318,183,,,99235,100,,,99173,100,,,99094,100,,,98193,100,,,97905,100
2019-06-28 15:00:58.621071693,100645,173,99489,83,100646,183,99456,183,100647,83,99356,183,,,99344,183,,,99318,183,,,99235,100,,,99173,100,,,99094,100,,,98193,100,,,97905,100
2019-06-28 15:01:00.000000000,100645,186,99456,307,100646,307,99356,307,,,99344,100,,,99318,100,,,99235,100,,,99173,100,,,99094,100,,,98193,100,,,97905,100,,,97839,100
2019-06-28 15:01:10.000000000,100646,204,99456,204,100647,104,99356,204,,,99344,204,,,99318,204,,,99235,100,,,99173,100,,,99094,100,,,98193,100,,,97905,100,,,97839,100
2019-06-28 15:01:20.000000000,100646,183,99456,183,100647,83,99356,183,,,99344,183,,,99318,183,,,99235,183,,,99173,100,,,99094,100,,,98193,100,,,97905,100,,,97839,100
2019-06-28 15:01:30.000000000,100646,183,99456,183,100647,83,99356,183,,,99344,183,,,99318,183,,,99235,183,,,99173,100,,,99094,100,,,98193,100,,,97905,100,,,97839,100
2019-06-28 15:01:40.000000000,100646,241,99456,241,100647,137,99356,237,,,99344,237,,,99318,100,,,99235,100,,,99173,100,,,99094,100,,,98193,100,,,97905,100,,,97839,100
2019-06-28 15:01:50.000000000,100646,514,99456,514,,,99356,100,,,99344,100,,,99318,100,,,99235,100,,,99173,100,,,99094,100,,,98193,100,,,97905,100,,,97839,100
2019-06-28 15:02:00.000000000,100646,93,99456,204,100647,104,99356,204,,,99344,204,,,99318,204,,,99235,100,,,99173,100,,,99094,100,,,98193,100,,,97905,100,,,97839,100
2019-06-28 15:02:10.000000000,,,99456,100,,,99356,100,,,99344,100,,,99318,100,,,99235,100,,,99173,100,,,99094,100,,,98193,100,,,97905,100,,,97839,100
2019-06-28 15:02:40.769992874,100646,100,99456,100,,,99356,100,,,99344,100,,,99318,100,,,99235,100,,,99173,100,,,99094,100,,,98193,100,,,97905,100,,,97839,100
2019-06-28 15:02:50.000000000,100646,241,99456,241,100647,137,99356,237,,,99344,237,,,99318,100,,,99235,100,,,99173,100,,,99094,100,,,98193,100,,,97905,100,,,97839,100
2019-06-28 15:03:00.000000000,100646,130,99456,241,100647,137,99356,237,,,99344,237,,,99318,100,,,99235,100,,,99173,100,,,99094,100,,,98193,100,,,97905,100,,,97839,100
2019-06-28 15:03:00.853192512,100646,130,99456,141,100647,137,99356,237,,,99344,237,,,99318,100,,,99235,100,,,99173,100,,,99094,100,,,98193,100,,,97905,100,,,97839,100
2019-06-28 15:03:10.000000000,,,99356,100,,,99344,100,,,99318,100,,,99235,100,,,99173,100,,,99094,100,,,98193,100,,,97905,100,,,97839,100,,,97807,100
2019-06-28 15:03:42.382926033,,,99356,100,,,99344,100,,,99318,100,,,99235,100,,,99173,100,,,99094,100,,,98193,100,,,97917,100,,,97905,100,,,97839,100
2019-06-28 15:04:05.577940377,,,99356,100,,,99344,100,,,99318,100,,,99235,100,,,99173,100,,,99094,100,,,98193,100,,,98102,100,,,97917,100,,,97905,100
2019-06-28 15:04:09.562757111,,,99356,100,,,99344,100,,,99318,100,,,99235,100,,,99173,100,,,99094,100,,,98239,100,,,98193,100,,,98102,100,,,97917,100
2019-06-28 15:04:23.664545767,,,99356,100,,,99344,100,,,99318,100,,,99235,100,,,99173,100,,,98458,100,,,98239,100,,,98193,100,,,98102,100,,,97917,100
2019-06-28 15:04:41.362392348,,,99344,100,,,99318,100,,,99235,100,,,99173,100,,,98458,100,,,98239,100,,,98193,100,,,97917,100,,,97905,100,,,97839,100
2019-06-28 15:04:41.599676745,99456,100,99344,100,,,99318,100,,,99235,100,,,99173,100,,,98458,100,,,98239,100,,,98193,100,,,97917,100,,,97905,100,,,97839,100
2019-06-28 15:04:41.734546474,99456,200,99344,100,,,99318,100,,,99235,100,,,99173,100,,,98458,100,,,98239,100,,,98193,100,,,97917,100,,,97905,100,,,97839,100
2019-06-28 15:04:50.000000000,99456,614,99344,514,,,99318,100,,,99235,100,,,99173,100,,,98458,100,,,98239,100,,,98193,100,,,97917,100,,,97905,100,,,97839,100
2019-06-28 15:04:52.595182602,99456,614,99344,514,,,99318,100,,,99235,100,,,99173,100,,,98570,100,,,98458,100,,,98239,100,,,98193,100,,,97917,100,,,97905,100
2019-06-28 15:05:00.000000000,99456,230,99344,241,99457,137,99318,237,,,99235,237,,,99173,100,,,98570,100,,,98458,100,,,98239,100,,,98193,100,,,97917,100,,,97905,100
2019-06-28 15:05:08.605727830,99456,230,99344,141,99457,137,99318,237,,,99235,237,,,99173,100,,,98570,100,,,98458,100,,,98239,100,,,98193,100,,,97917,100,,,97905,100
2019-06-28 15:05:10.000000000,99456,296,99318,307,99457,207,99235,307,,,99173,100,,,98570,100,,,98458,100,,,98239,100,,,98193,100,,,97917,100,,,97905,100,,,97839,100
2019-06-28 15:05:16.896125184,99456,296,99318,307,99457,207,99235,307,,,99173,100,,,98750,100,,,98570,100,,,98458,100,,,98239,100,,,98193,100,,,97917,100,,,97905,100
2019-06-28 15:05:20.000000000,99456,230,99318,241,99457,137,99235,237,,,99173,237,,,98750,100,,,98570,100,,,98458,100,,,98239,100,,,98193,100,,,97917,100,,,97905,100
2019-06-28 15:05:30.000000000,99456,503,99318,514,,,99235,100,,,99173,100,,,98750,100,,,98570,100,,,98458,100,,,98239,100,,,98193,100,,,97917,100,,,97905,100
2019-06-28 15:05:37.568130780,99456,503,99318,514,,,99235,100,,,99173,100,,,98750,100,,,98570,100,,,98477,100,,,98458,100,,,98239,100,,,98193,100,,,97917,100
2019-06-28 15:05:40.000000000,99456,296,99318,307,99457,207,99235,307,,,99173,100,,,98750,100,,,98570,100,,,98477,100,,,98458,100,,,98239,100,,,98193,100,,,97917,100
2019-06-28 15:05:50.000000000,99456,193,99318,204,99457,104,99235,204,,,99173,204,,,98750,204,,,98570,100,,,98477,100,,,98458,100,,,98239,100,,,98193,100,,,97917,100
2019-06-28 15:06:00.000000000,99456,229,99318,131,99457,137,99235,237,,,99173,237,,,98750,100,,,98570,100,,,98477,100,,,98458,100,,,98239,100,,,98193,100,,,97917,100
2019-06-28 15:06:10.000000000,99456,502,99235,514,,,99173,100,,,98750,100,,,98570,100,,,98477,100,,,98458,100,,,98239,100,,,98193,100,,,97917,100,,,97905,100
2019-06-28 15:06:20.000000000,99456,171,99235,183,99457,83,99173,183,,,98750,183,,,98570,183,,,98477,183,,,98458,100,,,98239,100,,,98193,100,,,97917,100,,,97905,100
2019-06-28 15:06:30.000000000,99456,295,99235,307,99457,207,99173,307,,,98750,100,,,98570,100,,,98477,100,,,98458,100,,,98239,100,,,98193,100,,,97917,100,,,97905,100
2019-06-28 15:06:30.049297949,99422,100,99235,307,99456,295,99173,307,99457,207,98750,100,,,98570,100,,,98477,100,,,98458,100,,,98239,100,,,98193,100,,,97917,100,,,97905,100
2019-06-28 15:06:40.000000000,99422,204,99235,204,99456,192,99173,204,99457,104,98750,204,,,98570,204,,,98477,100,,,98458,100,,,98239,100,,,98193,100,,,97917,100,,,97905,100
2019-06-28 15:06:50.000000000,99422,241,99235,241,99456,225,99173,237,99457,137,98750,237,,,98570,100,,,98477,100,,,98458,100,,,98239,100,,,98193,100,,,97917,100,,,97905,100
2019-06-28 15:06:54.111122456,99422,241,99235,241,99456,225,99173,237,99457,137,99117,100,,,98750,137,,,98570,100,,,98477,100,,,98458,100,,,98239,100,,,98193,100,,,97917,100
2019-06-28 15:07:00.000000000,99422,182,99235,73,99456,171,99173,183,99457,83,99117,183,,,98570,183,,,98477,183,,,98458,100,,,98239,100,,,98193,100,,,97917,100,,,97905,100
2019-06-28 15:07:01.043405601,99235,27,99173,183,99422,182,99117,183,99456,171,98570,183,99457,83,98477,183,,,98458,100,,,98239,100,,,98193,100,,,97917,100,,,97905,100,,,97839,100
2019-06-28 15:07:10.000000000,99235,234,99173,307,99422,306,99117,307,99456,88,98570,100,,,98477,100,,,98458,100,,,98239,100,,,98193,100,,,97917,100,,,97905,100,,,97839,100
2019-06-28 15:07:20.000000000,99235,234,99173,307,99422,306,99117,307,99456,88,98570,100,,,98477,100,,,98458,100,,,98239,100,,,98193,100,,,97917,100,,,97905,100,,,97839,100
2019-06-28 15:07:24.590620427,99235,134,99173,307,99422,306,99117,307,99456,88,98570,100,,,98477,100,,,98458,100,,,98239,100,,,98193,100,,,97917,100,,,97905,100,,,97839,100
2019-06-28 15:07:30.000000000,99422,203,99173,204,99456,192,99117,204,99457,104,98570,204,,,98477,204,,,98458,100,,,98239,100,,,98193,100,,,97917,100,,,97905,100,,,97839,100
2019-06-28 15:07:40.000000000,99422,240,99173,241,99456,225,99117,237,99457,137,98570,237,,,98477,100,,,98458,100,,,98239,100,,,98193,100,,,97917,100,,,97905,100,,,97839,100
2019-06-28 15:07:50.000000000,99422,203,99173,204,99456,192,99117,204,99457,104,98570,204,,,98477,204,,,98458,100,,,98239,100,,,98193,100,,,97917,100,,,97905,100,,,97839,100
2019-06-28 15:07:58.805149060,99422,103,99173,204,99456,192,99117,204,99457,104,98570,204,,,98477,204,,,98458,100,,,98239,100,,,98193,100,,,97917,100,,,97905,100,,,97839,100
2019-06-28 15:08:00.000000000,99456,191,99173,94,99457,104,99117,204,,,98570,204,,,98477,204,,,98458,100,,,98239,100,,,98193,100,,,97917,100,,,97905,100,,,97839,100
2019-06-28 15:08:10.000000000,99456,228,99117,241,99457,137,98570,237,,,98477,237,,,98458,100,,,98239,100,,,98193,100,,,97917,100,,,97905,100,,,97839,100,,,97679,100
2019-06-28 15:08:20.000000000,99456,294,99117,307,99457,207,98570,307,,,98477,100,,,98458,100,,,98239,100,,,98193,100,,,97917,100,,,97905,100,,,97839,100,,,97679,100
2019-06-28 15:08:30.000000000,99456,501,99117,514,,,98570,100,,,98477,100,,,98458,100,,,98239,100,,,98193,100,,,97917,100,,,97905,100,,,97839,100,,,97679,100
2019-06-28 15:08:40.000000000,99456,228,99117,241,99457,137,98570,237,,,98477,237,,,98458,100,,,98239,100,,,98193,100,,,97917,100,,,97905,100,,,97839,100,,,97679,100
2019-06-28 15:08:41.129045954,99456,228,99117,241,99457,137,98570,237,99865,100,98477,237,,,98458,100,,,98239,100,,,98193,100,,,97917,100,,,97905,100,,,97839,100,,,97679,100
2019-06-28 15:08:50.000000000,99456,501,99117,514,99865,100,98570,100,,,98477,100,,,98458,100,,,98239,100,,,98193,100,,,97917,100,,,97905,100,,,97839,100,,,97679,100
2019-06-28 15:09:00.000000000,99456,227,99117,131,99865,237,98570,237,99866,137,98477,237,,,98458,100,,,98239,100,,,98193,100,,,97917,100,,,97905,100,,,97839,100,,,97679,100
2019-06-28 15:09:09.474044997,99456,227,99117,131,99510,100,98570,237,99865,237,98477,237,99866,137,98458,100,,,98239,100,,,98193,100,,,97917,100,,,97905,100,,,97839,100,,,97679,100
2019-06-28 15:09:10.000000000,99456,500,98570,514,99510,100,98477,100,99865,100,98458,100,,,98239,100,,,98193,100,,,97917,100,,,97905,100,,,97839,100,,,97679,100,,,,
2019-06-28 15:09:20.000000000,99456,169,98570,183,99510,183,98477,183,99865,183,98458,183,99866,83,98239,183,,,98193,183,,,97917,100,,,97905,100,,,97839,100,,,97679,100,,,,
2019-06-28 15:09:25.420615498,99456,69,98570,183,99510,183,98477,183,99865,183,98458,183,99866,83,98239,183,,,98193,183,,,97917,100,,,97905,100,,,97839,100,,,97679,100,,,,
2019-06-28 15:09:30.000000000,99510,514,98570,514,99865,100,98477,100,,,98458,100,,,98239,100,,,98193,100,,,97917,100,,,97905,100,,,97839,100,,,97679,100,,,,
2019-06-28 15:09:40.000000000,99510,307,98570,307,99865,307,98477,307,,,98458,100,,,98239,100,,,98193,100,,,97917,100,,,97905,100,,,97839,100,,,97679,100,,,,
2019-06-28 15:09:50.000000000,99510,241,98570,241,99865,237,98477,237,99866,137,98458,237,,,98239,100,,,98193,100,,,97917,100,,,97905,100,,,97839,100,,,97679,100,,,,
2019-06-28 15:09:57.274779856,99510,241,99456,100,99865,237,98570,241,99866,137,98477,237,,,98458,237,,,98239,100,,,98193,100,,,97917,100,,,97905,100,,,97839,100,,,97679,100
2019-06-28 15:09:57.598186873,99510,141,99456,100,99865,237,98570,241,99866,137,98477,237,,,98458,237,,,98239,100,,,98193,100,,,97917,100,,,97905,100,,,97839,100,,,97679,100
2019-06-28 15:10:00.000000000,99865,203,99456,94,99866,104,98570,204,,,98477,204,,,98458,204,,,98239,100,,,98193,100,,,97917,100,,,97905,100,,,97839,100,,,97679,100
2019-06-28 15:10:03.973043524,99865,203,99456,94,99866,104,98570,204,100087,100,98477,204,,,98458,204,,,98239,100,,,98193,100,,,97917,100,,,97905,100,,,97839,100,,,97679,100
2019-06-28 15:10:10.000000000,99865,306,98570,307,100087,307,98477,307,,,98458,100,,,98239,100,,,98193,100,,,97917,100,,,97905,100,,,97839,100,,,97679,100,,,,
2019-06-28 15:10:20.000000000,99865,203,98570,204,100087,204,98477,204,100088,104,98458,204,,,98239,204,,,98193,100,,,97917,100,,,97905,100,,,97839,100,,,97679,100,,,,
2019-06-28 15:10:30.000000000,99865,203,98570,204,100087,204,98477,204,100088,104,98458,204,,,98239,204,,,98193,100,,,97917,100,,,97905,100,,,97839,100,,,97679,100,,,,
2019-06-28 15:10:35.535245681,99865,203,99544,100,100087,204,98570,204,100088,104,98477,204,,,98458,204,,,98239,204,,,98193,100,,,97917,100,,,97905,100,,,97839,100,,,97679,100
2019-06-28 15:10:40.000000000,99865,182,99544,183,100087,183,98570,183,100088,83,98477,183,,,98458,183,,,98239,183,,,98193,100,,,97917,100,,,97905,100,,,97839,100,,,97679,100
2019-06-28 15:10:46.524149147,99865,282,99544,183,100087,183,98570,183,100088,83,98477,183,,,98458,183,,,98239,183,,,98193,100,,,97917,100,,,97905,100,,,97839,100,,,97679,100
2019-06-28 15:10:50.000000000,99865,613,99544,514,100087,100,98570,100,,,98477,100,,,98458,100,,,98239,100,,,98193,100,,,97917,100,,,97905,100,,,97839,100,,,97679,100
2019-06-28 15:10:57.257023129,99865,613,99841,100,100087,100,99544,514,,,98570,100,,,98477,100,,,98458,100,,,98239,100,,,98193,100,,,97917,100,,,97905,100,,,97839,100
2019-06-28 15:11:00.000000000,99865,339,99841,131,100087,237,99544,237,100088,137,98570,237,,,98477,100,,,98458,100,,,98239,100,,,98193,100,,,97917,100,,,97905,100,,,97839,100
2019-06-28 15:11:10.000000000,99865,612,99544,514,100087,100,98570,100,,,98477,100,,,98458,100,,,98239,100,,,98193,100,,,97917,100,,,97905,100,,,97839,100,,,97679,100
2019-06-28 15:11:16.369510074,99865,712,99544,514,100087,100,98570,100,,,98477,100,,,98458,100,,,98239,100,,,98193,100,,,97917,100,,,97905,100,,,97839,100,,,97679,100
2019-06-28 15:11:20.000000000,99865,402,99544,204,100087,204,98570,204,100088,104,98477,204,,,98458,204,,,98239,100,,,98193,100,,,97917,100,,,97905,100,,,97839,100,,,97679,100
2019-06-28 15:11:30.000000000,99865,402,99544,204,100087,204,98570,204,100088,104,98477,204,,,98458,204,,,98239,100,,,98193,100,,,97917,100,,,97905,100,,,97839,100,,,97679,100
2019-06-28 15:11:40.000000000,99865,381,99544,183,100087,183,98570,183,100088,83,98477,183,,,98458,183,,,98239,183,,,98193,100,,,97917,100,,,97905,100,,,97839,100,,,97679,100
2019-06-28 15:11:42.939027407,99865,481,99544,183,100087,183,98570,183,100088,83,98477,183,,,98458,183,,,98239,183,,,98193,100,,,97917,100,,,97905,100,,,97839,100,,,97679,100
2019-06-28 15:11:50.000000000,99865,812,99544,514,100087,100,98570,100,,,98477,100,,,98458,100,,,98239,100,,,98193,100,,,97917,100,,,97905,100,,,97839,100,,,97679,100
2019-06-28 15:11:53.281477737,99865,812,99661,100,100087,100,99544,514,,,98570,100,,,98477,100,,,98458,100,,,98239,100,,,98193,100,,,97917,100,,,97905,100,,,97839,100
2019-06-28 15:12:00.000000000,99865,538,99661,131,100087,237,99544,237,100088,137,98570,237,,,98477,100,,,98458,100,,,98239,100,,,98193,100,,,97917,100,,,97905,100,,,97839,100
2019-06-28 15:12:10.000000000,99865,501,99544,204,100087,204,98570,204,100088,104,98477,204,,,98458,204,,,98239,100,,,98193,100,,,97917,100,,,97905,100,,,97839,100,,,97679,100
2019-06-28 15:12:20.000000000,99865,501,99544,204,100087,204,98570,204,100088,104,98477,204,,,98458,204,,,98239,100,,,98193,100,,,97917,100,,,97905,100,,,97839,100,,,97679,100
2019-06-28 15:12:30.000000000,99865,538,99544,241,100087,237,98570,237,100088,137,98477,237,,,98458,100,,,98239,100,,,98193,100,,,97917,100,,,97905,100,,,97839,100,,,97679,100
2019-06-28 15:12:40.000000000,99865,811,99544,514,100087,100,98570,100,,,98477,100,,,98458,100,,,98239,100,,,98193,100,,,97917,100,,,97905,100,,,97839,100,,,97679,100
2019-06-28 15:12:42.191926336,99865,811,99622,100,100087,100,99544,514,,,98570,100,,,98477,100,,,98458,100,,,98239,100,,,98193,100,,,97917,100,,,97905,100,,,97839,100
2019-06-28 15:12:50.000000000,99865,501,99622,204,100087,204,99544,204,100088,104,98570,204,,,98477,204,,,98458,100,,,98239,100,,,98193,100,,,97917,100,,,97905,100,,,97839,100
2019-06-28 15:13:00.000000000,99865,810,99622,404,100087,100,99544,100,,,98570,100,,,98477,100,,,98458,100,,,98239,100,,,98193,100,,,97917,100,,,97905,100,,,97839,100
2019-06-28 15:13:10.000000000,99865,479,99544,183,100087,183,98570,183,100088,83,98477,183,,,98458,183,,,98239,183,,,98193,100,,,97917,100,,,97905,100,,,97839,100,,,97679,100
2019-06-28 15:13:20.000000000,99865,603,99544,307,100087,307,98570,307,,,98477,100,,,98458,100,,,98239,100,,,98193,100,,,97917,100,,,97905,100,,,97839,100,,,97679,100
2019-06-28 15:13:29.937244962,99865,503,99544,307,100087,307,98570,307,,,98477,100,,,98458,100,,,98239,100,,,98193,100,,,97917,100,,,97905,100,,,97839,100,,,97679,100
2019-06-28 15:13:30.000000000,99865,379,99544,183,100087,183,98570,183,100088,83,98477,183,,,98458,183,,,98239,183,,,98193,100,,,97917,100,,,97905,100,,,97839,100,,,97679,100
2019-06-28 15:13:32.142947360,99865,379,99544,183,99944,100,98570,183,100087,183,98477,183,100088,83,98458,183,,,98239,183,,,98193,100,,,97917,100,,,97905,100,,,97679,100,,,,
2019-06-28 15:13:39.267542977,99865,379,99544,183,99944,100,98570,183,100087,183,98477,183,100088,83,98458,183,100171,100,98239,183,,,98193,100,,,97917,100,,,97905,100,,,97679,100,,,,
2019-06-28 15:13:40.000000000,99865,379,99544,183,99944,183,98570,183,100087,183,98477,183,100171,183,98458,183,100172,83,98239,183,,,98193,100,,,97917,100,,,97905,100,,,97679,100,,,,
2019-06-28 15:13:40.609164978,99865,379,99544,183,99944,183,98570,183,100087,183,98477,183,100105,100,98458,183,100171,183,98239,183,100172,83,98193,100,,,97917,100,,,97905,100,,,97679,100,,,,
2019-06-28 15:13:50.000000000,99865,503,99544,307,99944,307,98570,307,100087,100,98477,100,100105,100,98458,100,100171,100,98239,100,,,98193,100,,,97917,100,,,97905,100,,,97679,100,,,,
2019-06-28 15:14:00.000000000,99865,502,99544,197,99944,307,98570,307,100087,100,98477,100,100105,100,98458,100,100171,100,98239,100,,,98193,100,,,97917,100,,,97905,100,,,97679,100,,,,
2019-06-28 15:14:06.637980510,99865,502,99618,100,99944,307,99544,197,100087,100,98570,307,100105,100,98477,100,100171,100,98239,100,,,98193,100,,,97917,100,,,97905,100,,,97679,100,,,,
2019-06-28 15:14:10.000000000,99865,436,99618,241,99944,237,98570,237,100087,237,98477,237,100105,100,98239,100,100171,100,98193,100,,,97917,100,,,97905,100,,,97679,100,,,,,,,,
2019-06-28 15:14:15.237515338,99865,436,99618,241,99944,237,98570,237,99957,100,98477,237,100087,237,98239,100,100105,100,98193,100,100171,100,97917,100,,,97679,100,,,,,,,,,,,,
2019-06-28 15:14:20.000000000,99865,378,99618,183,99944,183,98570,183,99957,183,98477,183,100087,183,98239,183,100105,183,98193,183,100171,100,97917,100,,,97679,100,,,,,,,,,,,,
2019-06-28 15:14:30.000000000,99865,709,99618,514,99944,100,98570,100,99957,100,98477,100,100087,100,98239,100,100105,100,98193,100,100171,100,97917,100,,,97679,100,,,,,,,,,,,,
2019-06-28 15:14:38.761734500,99865,709,99860,100,99944,100,99618,514,99957,100,98570,100,100087,100,98239,100,100105,100,98193,100,100171,100,97917,100,,,97679,100,,,,,,,,,,,,
2019-06-28 15:14:40.000000000,99865,399,99860,204,99944,204,99618,204,99957,204,98570,204,100087,204,98239,204,100105,100,98193,100,100171,100,97917,100,,,97679,100,,,,,,,,,,,,
2019-06-28 15:14:50.000000000,99865,709,99860,514,99944,100,99618,100,99957,100,98570,100,100087,100,98239,100,100105,100,98193,100,100171,100,97917,100,,,97679,100,,,,,,,,,,,,
2019-06-28 15:14:51.649260715,99865,709,99860,514,99944,100,99618,100,99957,100,99544,100,100087,100,98570,100,100105,100,98239,100,100171,100,98193,100,,,97917,100,,,97679,100,,,,,,,,
2019-06-28 15:15:00.000000000,99865,377,99860,73,99944,183,99618,183,99957,183,99544,183,100087,183,98570,183,100105,183,98239,183,100171,100,98193,100,,,97917,100,,,97679,100,,,,,,,,
2019-06-28 15:15:10.000000000,99865,708,99618,514,99944,100,99544,100,99957,100,98570,100,100087,100,98239,100,100105,100,98193,100,100171,100,97917,100,,,97679,100,,,,,,,,,,,,
2019-06-28 15:15:14.805265823,99865,708,99618,514,99944,100,99544,100,99957,100,98570,100,100087,100,98239,100,100105,100,98193,100,100171,100,97917,100,100223,100,97679,100,,,,,,,,,,,,
2019-06-28 15:15:20.000000000,99865,377,99618,183,99944,183,99544,183,99957,183,98570,183,100087,183,98239,183,100105,183,98193,183,100171,100,97917,100,100223,100,97679,100,,,,,,,,,,,,
2019-06-28 15:15:30.000000000,99865,708,99618,514,99944,100,99544,100,99957,100,98570,100,100087,100,98239,100,100105,100,98193,100,100171,100,97917,100,100223,100,97679,100,,,,,,,,,,,,
2019-06-28 15:15:31.316640778,99865,708,99618,514,99944,100,99544,100,99957,100,98570,100,99981,100,98239,100,100087,100,98193,100,100105,100,97917,100,100171,100,97679,100,100223,100,,,,,,,,,,
2019-06-28 15:15:40.000000000,99865,398,99618,204,99944,204,99544,204,99957,204,98570,204,99981,204,98239,204,100087,100,98193,100,100105,100,97917,100,100171,100,97679,100,100223,100,,,,,,,,,,
2019-06-28 15:15:50.000000000,99865,708,99618,514,99944,100,99544,100,99957,100,98570,100,99981,100,98239,100,100087,100,98193,100,100105,100,97917,100,100171,100,97679,100,100223,100,,,,,,,,,,
2019-06-28 15:16:00.000000000,99865,397,99618,94,99944,204,99544,204,99957,204,98570,204,99981,204,98239,204,100087,100,98193,100,100105,100,97917,100,100171,100,97679,100,100223,100,,,,,,,,,,
2019-06-28 15:16:10.000000000,99865,500,99544,307,99944,307,98570,307,99957,100,98239,100,99981,100,98193,100,100087,100,97917,100,100105,100,97679,100,100171,100,,,100223,100,,,,,,,,,,
2019-06-28 15:16:20.000000000,99865,376,99544,183,99944,183,98570,183,99957,183,98239,183,99981,183,98193,183,100087,183,97917,183,100105,100,97679,100,100171,100,,,100223,100,,,,,,,,,,
2019-06-28 15:16:23.235658090,99865,276,99544,183,99944,183,98570,183,99957,183,98239,183,99981,183,98193,183,100087,183,97917,183,100105,100,97679,100,100171,100,,,100223,100,,,,,,,,,,
2019-06-28 15:16:30.000000000,99865,297,99544,204,99944,204,98570,204,99957,204,98239,204,99981,204,98193,204,100087,100,97917,100,100105,100,97679,100,100171,100,,,100223,100,,,,,,,,,,
2019-06-28 15:16:38.981471270,99865,197,99544,204,99944,204,98570,104,99957,204,98239,204,99981,204,98193,204,100087,100,97917,100,100105,100,97679,100,100171,100,,,100223,100,,,,,,,,,,
2019-06-28 15:16:40.000000000,99865,300,99544,307,99944,307,98239,307,99957,100,98193,100,99981,100,97917,100,100087,100,97679,100,100105,100,,,100171,100,,,100223,100,,,,,,,,,,
2019-06-28 15:16:40.398370405,99865,300,99544,307,99944,307,98239,307,99957,100,98193,100,99981,100,97917,100,100087,100,97679,100,100105,100,,,100223,100,,,100312,100,,,,,,,,,,
2019-06-28 15:16:50.000000000,99865,300,99544,307,99944,307,98239,307,99957,100,98193,100,99981,100,97917,100,100087,100,97679,100,100105,100,,,100223,100,,,100312,100,,,,,,,,,,
2019-06-28 15:17:00.000000000,99865,299,99544,197,99944,307,98239,307,99957,100,98193,100,99981,100,97917,100,100087,100,97679,100,100105,100,,,100223,100,,,100312,100,,,,,,,,,,
2019-06-28 15:17:10.000000000,99865,299,98239,307,99944,307,98193,307,99957,100,97917,100,99981,100,97679,100,100087,100,,,100105,100,,,100223,100,,,100312,100,,,,,,,,,,
2019-06-28 15:17:14.695235558,99865,299,98239,307,99944,307,98193,307,99957,100,97917,100,100087,100,97679,100,100105,100,,,100223,100,,,100312,100,,,100551,100,,,,,,,,,,
2019-06-28 15:17:20.000000000,99865,299,98239,307,99944,307,98193,307,99957,100,97917,100,100087,100,97679,100,100105,100,,,100223,100,,,100312,100,,,100551,100,,,,,,,,,,
2019-06-28 15:17:27.617278637,99865,299,98239,307,99944,307,98193,307,99957,100,97917,100,100087,100,97679,100,100105,100,,,100223,100,,,100312,100,,,100319,100,,,100551,100,,,,,,
2019-06-28 15:17:30.000000000,99865,175,98239,183,99944,183,98193,183,99957,183,97917,183,100087,183,97679,183,100105,183,97678,83,100223,100,,,100312,100,,,100319,100,,,100551,100,,,,,,
2019-06-28 15:17:40.000000000,99865,506,98239,514,99944,100,98193,100,99957,100,97917,100,100087,100,97679,100,100105,100,,,100223,100,,,100312,100,,,100319,100,,,100551,100,,,,,,
2019-06-28 15:17:50.000000000,99865,175,98239,183,99944,183,98193,183,99957,183,97917,183,100087,183,97679,183,100105,183,97678,83,100223,100,,,100312,100,,,100319,100,,,100551,100,,,,,,
2019-06-28 15:18:00.000000000,99865,195,98239,94,99944,204,98193,204,99957,204,97917,204,100087,204,97679,204,100105,100,,,100223,100,,,100312,100,,,100319,100,,,100551,100,,,,,,
2019-06-28 15:18:10.000000000,99865,195,98193,204,99944,204,97917,204,99957,204,97679,204,100087,204,97678,104,100105,100,,,100223,100,,,100312,100,,,100319,100,,,100551,100,,,,,,
2019-06-28 15:18:20.000000000,99865,298,98193,307,99944,307,97917,307,99957,100,97679,100,100087,100,,,100105,100,,,100223,100,,,100312,100,,,100319,100,,,100551,100,,,,,,
2019-06-28 15:18:21.356112975,99865,298,99688,100,99944,307,98193,307,99957,100,97917,307,100087,100,97679,100,100105,100,,,100223,100,,,100312,100,,,100319,100,,,100551,100,,,,,,
2019-06-28 15:18:28.310457727,99865,298,99688,100,99944,307,98239,100,99957,100,98193,307,100087,100,97917,307,100105,100,97679,100,100223,100,,,100312,100,,,100319,100,,,100551,100,,,,,,
2019-06-28 15:18:30.000000000,99865,298,99688,307,99944,307,98239,307,99957,100,98193,100,100087,100,97917,100,100105,100,97679,100,100223,100,,,100312,100,,,100319,100,,,100551,100,,,,,,
2019-06-28 15:18:40.000000000,99865,298,99688,307,99944,307,98239,307,99957,100,98193,100,100087,100,97917,100,100105,100,97679,100,100223,100,,,100312,100,,,100319,100,,,100551,100,,,,,,
2019-06-28 15:18:50.000000000,99865,505,99688,514,99944,100,98239,100,99957,100,98193,100,100087,100,97917,100,100105,100,97679,100,100223,100,,,100312,100,,,100319,100,,,100551,100,,,,,,
2019-06-28 15:18:51.173321088,99865,405,99688,514,99944,100,98239,100,99957,100,98193,100,100087,100,97917,100,100105,100,97679,100,100223,100,,,100312,100,,,100319,100,,,100551,100,,,,,,
2019-06-28 15:18:56.943409089,99865,305,99688,514,99944,100,98239,100,99957,100,98193,100,100087,100,97917,100,100105,100,97679,100,100223,100,,,100312,100,,,100319,100,,,100551,100,,,,,,
2019-06-28 15:19:00.000000000,99944,240,99688,131,99957,237,98239,237,100087,237,98193,237,100105,100,97917,100,100223,100,97679,100,100312,100,,,100319,100,,,100551,100,,,,,,,,,,
2019-06-28 15:19:07.101732131,99944,140,99688,131,99957,237,98239,237,100087,237,98193,237,100105,100,97917,100,100223,100,97679,100,100312,100,,,100319,100,,,100551,100,,,,,,,,,,
2019-06-28 15:19:07.874499659,99944,40,99688,131,99957,237,98239,237,100087,237,98193,237,100105,100,97917,100,100223,100,97679,100,100312,100,,,100319,100,,,100551,100,,,,,,,,,,
2019-06-28 15:19:10.000000000,99957,241,98239,241,100087,237,98193,237,100105,237,97917,237,100223,100,97679,100,100312,100,,,100319,100,,,100551,100,,,,,,,,,,,,,,
2019-06-28 15:19:10.439904000,99957,241,99928,100,100087,237,98239,241,100105,237,98193,237,100223,100,97917,237,100312,100,97679,100,100319,100,,,100551,100,,,,,,,,,,,,,,
2019-06-28 15:19:17.425236550,99957,241,99928,100,100087,237,98239,241,100105,237,98193,237,100223,100,97917,237,100299,100,97679,100,100312,100,,,100319,100,,,100551,100,,,,,,,,,,
2019-06-28 15:19:20.000000000,99957,514,99928,514,100087,100,98239,100,100105,100,98193,100,100223,100,97917,100,100299,100,97679,100,100312,100,,,100319,100,,,100551,100,,,,,,,,,,
2019-06-28 15:19:30.000000000,99957,204,99928,204,100087,204,98239,204,100105,204,98193,204,100223,204,97917,204,100299,100,97679,100,100312,100,,,100319,100,,,100551,100,,,,,,,,,,
2019-06-28 15:19:35.609205254,99944,100,99928,204,99957,204,98239,204,100087,204,98193,204,100105,204,97917,204,100223,204,97679,100,100299,100,,,100312,100,,,100319,100,,,100551,100,,,,,,
2019-06-28 15:19:36.121887635,99944,100,99928,104,99957,204,98239,204,100087,204,98193,204,100105,204,97917,204,100223,204,97679,100,100299,100,,,100312,100,,,100319,100,,,100551,100,,,,,,
2019-06-28 15:19:39.341762194,99943,100,99928,104,99944,100,98239,204,99957,204,98193,204,100087,204,97917,204,100105,204,97679,100,100223,204,,,100299,100,,,100312,100,,,100319,100,,,100551,100,,
2019-06-28 15:19:40.000000000,99943,241,98239,241,99944,237,98193,237,99957,237,97917,237,100087,100,97679,100,100105,100,,,100223,100,,,100299,100,,,100312,100,,,100319,100,,,100551,100,,
2019-06-28 15:19:50.000000000,99943,514,98239,514,99944,100,98193,100,99957,100,97917,100,100087,100,97679,100,100105,100,,,100223,100,,,100299,100,,,100312,100,,,100319,100,,,100551,100,,
2019-06-28 15:20:00.000000000,99943,513,98239,404,99944,100,98193,100,99957,100,97917,100,100087,100,97679,100,100105,100,,,100223,100,,,100299,100,,,100312,100,,,100319,100,,,100551,100,,
2019-06-28 15:20:10.000000000,99943,306,98193,307,99944,307,97917,307,99957,100,97679,100,100087,100,,,100105,100,,,100223,100,,,100299,100,,,100312,100,,,100319,100,,,100551,100,,
2019-06-28 15:20:20.000000000,99943,182,98193,183,99944,183,97917,183,99957,183,97679,183,100087,183,97678,83,100105,183,,,100223,100,,,100299,100,,,100312,100,,,100319,100,,,100551,100,,
2019-06-28 15:20:28.890897556,99943,182,98975,100,99944,183,98193,183,99957,183,97917,183,100087,183,97679,183,100105,183,97678,83,100223,100,,,100299,100,,,100312,100,,,100319,100,,,100551,100,,
2019-06-28 15:20:30.000000000,99943,240,98975,241,99944,237,98193,237,99957,237,97917,237,100087,100,97679,100,100105,100,,,100223,100,,,100299,100,,,100312,100,,,100319,100,,,100551,100,,
2019-06-28 15:20:40.000000000,99943,182,98975,183,99944,183,98193,183,99957,183,97917,183,100087,183,97679,183,100105,183,97678,83,100223,100,,,100299,100,,,100312,100,,,100319,100,,,100551,100,,
2019-06-28 15:20:50.000000000,99943,182,98975,183,99944,183,98193,183,99957,183,97917,183,100087,183,97679,183,100105,183,97678,83,100223,100,,,100299,100,,,100312,100,,,100319,100,,,100551,100,,
2019-06-28 15:20:52.782797962,99003,100,98975,183,99943,182,98193,183,99944,183,97917,183,99957,183,97679,183,100087,183,97678,83,100105,183,,,100223,100,,,100299,100,,,100312,100,,,100319,100,,
2019-06-28 15:20:57.045590575,99003,100,98975,183,99062,100,98193,183,99943,182,97917,183,99944,183,97679,183,99957,183,97678,83,100087,183,,,100105,183,,,100223,100,,,100299,100,,,100312,100,,
2019-06-28 15:21:00.000000000,99003,240,98975,131,99062,237,98193,237,99943,236,97917,237,99944,100,97679,100,99957,100,,,100087,100,,,100105,100,,,100223,100,,,100299,100,,,100312,100,,
2019-06-28 15:21:10.000000000,99003,182,98193,183,99062,183,97917,183,99943,182,97679,183,99944,183,97678,83,99957,183,,,100087,100,,,100105,100,,,100223,100,,,100299,100,,,100312,100,,
2019-06-28 15:21:10.120414312,99003,182,98193,183,99060,100,97917,183,99062,183,97679,183,99943,182,97678,83,99944,183,,,99957,183,,,100087,100,,,100105,100,,,100223,100,,,100299,100,,
2019-06-28 15:21:20.000000000,99003,513,98193,514,99060,100,97917,100,99062,100,97679,100,99943,99,,,99944,100,,,99957,100,,,100087,100,,,100105,100,,,100223,100,,,100299,100,,
2019-06-28 15:21:20.275040274,98955,100,98193,514,99003,513,97917,100,99060,100,97679,100,99062,100,,,99943,99,,,99944,100,,,99957,100,,,100087,100,,,100105,100,,,100223,100,,
2019-06-28 15:21:30.000000000,98955,183,98193,183,99003,182,97917,183,99060,183,97679,183,99062,183,97678,83,99943,182,,,99944,100,,,99957,100,,,100087,100,,,100105,100,,,100223,100,,
2019-06-28 15:21:40.000000000,98955,514,98193,514,99003,99,97917,100,99060,100,97679,100,99062,100,,,99943,99,,,99944,100,,,99957,100,,,100087,100,,,100105,100,,,100223,100,,
2019-06-28 15:21:50.000000000,98955,241,98193,241,99003,236,97917,237,99060,237,97679,237,99062,100,,,99943,99,,,99944,100,,,99957,100,,,100087,100,,,100105,100,,,100223,100,,
2019-06-28 15:22:00.000000000,98955,306,98193,197,99003,306,97917,307,99060,100,97679,100,99062,100,,,99943,99,,,99944,100,,,99957,100,,,100087,100,,,100105,100,,,100223,100,,
2019-06-28 15:22:03.584305684,98955,306,98588,100,99003,306,98193,197,99060,100,97917,307,99062,100,97679,100,99943,99,,,99944,100,,,99957,100,,,100087,100,,,100105,100,,,100223,100,,
2019-06-28 15:22:08.007213799,98750,100,98588,100,98955,306,98193,197,99003,306,97917,307,99060,100,97679,100,99062,100,,,99943,99,,,99944,100,,,100087,100,,,100105,100,,,100223,100,,
2019-06-28 15:22:10.000000000,98750,514,98588,514,98955,99,97917,100,99003,99,97679,100,99060,100,,,99062,100,,,99943,99,,,99944,100,,,100087,100,,,100105,100,,,100223,100,,
2019-06-28 15:22:20.000000000,98750,183,98588,183,98955,182,97917,183,99003,182,97679,183,99060,183,97678,83,99062,183,,,99943,99,,,99944,100,,,100087,100,,,100105,100,,,100223,100,,
2019-06-28 15:22:30.000000000,98750,241,98588,241,98955,236,97917,237,99003,236,97679,237,99060,100,,,99062,100,,,99943,99,,,99944,100,,,100087,100,,,100105,100,,,100223,100,,
2019-06-28 15:22:40.000000000,98750,307,98588,307,98955,306,97917,307,99003,99,97679,100,99060,100,,,99062,100,,,99943,99,,,99944,100,,,100087,100,,,100105,100,,,100223,100,,
2019-06-28 15:22:50.000000000,98750,307,98588,307,98955,306,97917,307,99003,99,97679,100,99060,100,,,99062,100,,,99943,99,,,99944,100,,,100087,100,,,100105,100,,,100223,100,,
2019-06-28 15:22:51.554363194,98614,100,98588,307,98750,307,97917,307,98955,306,97679,100,99003,99,,,99060,100,,,99062,100,,,99943,99,,,99944,100,,,100087,100,,,100105,100,,
2019-06-28 15:22:52.792962684,98614,100,98588,207,98750,307,97917,307,98871,100,97679,100,98955,306,,,99003,99,,,99060,100,,,99062,100,,,99943,99,,,99944,100,,,100087,100,,
2019-06-28 15:23:00.000000000,98614,203,97917,94,98750,204,97679,204,98871,204,97678,104,98955,203,,,99003,99,,,99060,100,,,99062,100,,,99943,99,,,99944,100,,,100087,100,,
2019-06-28 15:23:05.922978286,98614,203,98455,100,98750,204,97917,94,98871,204,97679,204,98955,104,97678,104,99003,99,,,99060,100,,,99062,100,,,99943,99,,,99944,100,,,100087,100,,
2019-06-28 15:23:10.000000000,98614,513,98455,514,98750,100,97679,100,98871,100,,,99003,99,,,99060,100,,,99062,100,,,99943,99,,,99944,100,,,100087,100,,,100105,100,,
2019-06-28 15:23:11.126847165,98614,513,98455,414,98871,100,97679,100,99003,99,,,99060,100,,,99062,100,,,99943,99,,,99944,100,,,100087,100,,,100105,100,,,100223,100,,
2019-06-28 15:23:20.000000000,98614,513,97679,514,98871,100,,,99003,99,,,99060,100,,,99062,100,,,99943,99,,,99944,100,,,100087,100,,,100105,100,,,100223,100,,
2019-06-28 15:23:30.000000000,98614,203,97679,204,98871,204,97678,104,99003,203,,,99060,204,,,99062,100,,,99943,99,,,99944,100,,,100087,100,,,100105,100,,,100223,100,,
2019-06-28 15:23:39.536317738,98614,203,98456,100,98871,204,97679,204,99003,203,97678,104,99060,204,,,99062,100,,,99943,99,,,99944,100,,,100087,100,,,100105,100,,,100223,100,,
2019-06-28 15:23:40.000000000,98614,203,98456,204,98871,204,97679,204,99003,203,97678,104,99060,204,,,99062,100,,,99943,99,,,99944,100,,,100087,100,,,100105,100,,,100223,100,,
2019-06-28 15:23:50.000000000,98614,182,98456,183,98871,183,97679,183,99003,182,97678,83,99060,183,,,99062,183,,,99943,99,,,99944,100,,,100087,100,,,100105,100,,,100223,100,,
2019-06-28 15:24:00.000000000,98614,305,98456,197,98871,307,97679,307,99003,99,,,99060,100,,,99062,100,,,99943,99,,,99944,100,,,100087,100,,,100105,100,,,100223,100,,
2019-06-28 15:24:05.444965806,98614,305,98456,197,98871,307,98210,100,99003,99,97679,307,99060,100,,,99062,100,,,99943,99,,,99944,100,,,100087,100,,,100105,100,,,100223,100,,
2019-06-28 15:24:10.000000000,98614,512,98210,514,98871,100,97679,100,99003,99,,,99060,100,,,99062,100,,,99943,99,,,99944,100,,,100087,100,,,100105,100,,,100223,100,,
2019-06-28 15:24:10.192988843,98614,512,98417,100,98871,100,98210,514,99003,99,97679,100,99060,100,,,99062,100,,,99943,99,,,99944,100,,,100087,100,,,100105,100,,,100223,100,,
2019-06-28 15:24:16.934774429,98485,100,98417,100,98614,512,98210,514,98871,100,97679,100,99003,99,,,99060,100,,,99062,100,,,99943,99,,,99944,100,,,100087,100,,,100105,100,,
2019-06-28 15:24:20.000000000,98485,241,98417,241,98614,235,98210,237,98871,237,97679,237,99003,99,,,99060,100,,,99062,100,,,99943,99,,,99944,100,,,100087,100,,,100105,100,,
2019-06-28 15:24:30.000000000,98485,307,98417,307,98614,305,98210,307,98871,100,97679,100,99003,99,,,99060,100,,,99062,100,,,99943,99,,,99944,100,,,100087,100,,,100105,100,,
2019-06-28 15:24:40.000000000,98485,183,98417,183,98614,181,98210,183,98871,183,97679,183,99003,182,97678,83,99060,183,,,99062,100,,,99943,99,,,99944,100,,,100087,100,,,100105,100,,
2019-06-28 15:24:43.620272680,98485,183,98417,183,98614,181,98255,100,98871,183,98210,183,99003,182,97679,183,99060,183,97678,83,99062,100,,,99943,99,,,99944,100,,,100087,100,,,100105,100,,
2019-06-28 15:24:50.000000000,98485,241,98417,241,98614,235,98255,237,98871,237,98210,237,99003,99,97679,100,99060,100,,,99062,100,,,99943,99,,,99944,100,,,100087,100,,,100105,100,,
2019-06-28 15:25:00.000000000,98485,203,98417,94,98614,202,98255,204,98871,204,98210,204,99003,203,97679,204,99060,100,,,99062,100,,,99943,99,,,99944,100,,,100087,100,,,100105,100,,
2019-06-28 15:25:10.000000000,98485,182,98255,183,98614,181,98210,183,98871,183,97679,183,99003,182,97678,83,99060,183,,,99062,100,,,99943,99,,,99944,100,,,100087,100,,,100105,100,,
2019-06-28 15:25:20.000000000,98485,240,98255,241,98614,235,98210,237,98871,237,97679,237,99003,99,,,99060,100,,,99062,100,,,99943,99,,,99944,100,,,100087,100,,,100105,100,,
2019-06-28 15:25:30.000000000,98485,513,98255,514,98614,98,98210,100,98871,100,97679,100,99003,99,,,99060,100,,,99062,100,,,99943,99,,,99944,100,,,100087,100,,,100105,100,,
2019-06-28 15:25:34.320156756,98485,513,98255,514,98614,98,98236,100,98871,100,98210,100,99003,99,97679,100,99060,100,,,99062,100,,,99943,99,,,99944,100,,,100087,100,,,100105,100,,
2019-06-28 15:25:40.000000000,98485,513,98255,514,98614,98,98236,100,98871,100,98210,100,99003,99,97679,100,99060,100,,,99062,100,,,99943,99,,,99944,100,,,100087,100,,,100105,100,,
2019-06-28 15:25:40.493186527,98485,513,98255,514,98503,100,98236,100,98614,98,98210,100,98871,100,97679,100,99003,99,,,99060,100,,,99062,100,,,99943,99,,,99944,100,,,100087,100,,
2019-06-28 15:25:43.879181327,98485,513,98417,100,98503,100,98255,514,98614,98,98236,100,98871,100,98210,100,99003,99,97679,100,99060,100,,,99062,100,,,99943,99,,,99944,100,,,100087,100,,
2019-06-28 15:25:50.000000000,98485,306,98417,307,98503,307,98255,307,98614,98,98236,100,98871,100,98210,100,99003,99,97679,100,99060,100,,,99062,100,,,99943,99,,,99944,100,,,100087,100,,
2019-06-28 15:25:53.438342006,98485,306,98417,207,98503,307,98255,307,98614,98,98236,100,98871,100,98210,100,99003,99,97679,100,99060,100,,,99062,100,,,99943,99,,,99944,100,,,100087,100,,
2019-06-28 15:26:00.000000000,98485,181,98255,73,98503,183,98236,183,98614,181,98210,183,98871,183,97679,183,99003,182,97678,83,99060,100,,,99062,100,,,99943,99,,,99944,100,,,100087,100,,
2019-06-28 15:26:06.030413200,98485,181,98255,73,98503,183,98236,183,98614,181,98210,183,98871,183,98124,100,99003,182,97679,183,99060,100,97678,83,99062,100,,,99943,99,,,99944,100,,,100087,100,,
2019-06-28 15:26:10.000000000,98485,181,98236,183,98503,183,98210,183,98614,181,98124,183,98871,183,97679,183,99003,182,97678,83,99060,100,,,99062,100,,,99943,99,,,99944,100,,,100087,100,,
2019-06-28 15:26:17.184616055,98412,100,98236,183,98485,181,98210,183,98503,183,98124,183,98614,181,97679,183,98871,183,97678,83,99003,182,,,99062,100,,,99943,99,,,99944,100,,,100087,100,,
2019-06-28 15:26:20.000000000,98412,514,98236,514,98485,98,98210,100,98503,100,98124,100,98614,98,97679,100,98871,100,,,99003,99,,,99062,100,,,99943,99,,,99944,100,,,100087,100,,
2019-06-28 15:26:21.800156654,98412,514,98236,514,98483,100,98210,100,98485,98,98124,100,98503,100,97679,100,98614,98,,,98871,100,,,99003,99,,,99062,100,,,99943,99,,,99944,100,,
2019-06-28 15:26:30.000000000,98412,204,98236,204,98483,204,98210,204,98485,202,98124,204,98503,204,97679,204,98614,98,,,98871,100,,,99003,99,,,99062,100,,,99943,99,,,99944,100,,
2019-06-28 15:26:40.000000000,98412,307,98236,307,98483,307,98210,307,98485,98,98124,100,98503,100,97679,100,98614,98,,,98871,100,,,99003,99,,,99062,100,,,99943,99,,,99944,100,,
2019-06-28 15:26:50.000000000,98412,514,98236,514,98483,100,98210,100,98485,98,98124,100,98503,100,97679,100,98614,98,,,98871,100,,,99003,99,,,99062,100,,,99943,99,,,99944,100,,
2019-06-28 15:27:00.000000000,98412,513,98236,404,98483,100,98210,100,98485,98,98124,100,98503,100,97679,100,98614,98,,,98871,100,,,99003,99,,,99062,100,,,99943,99,,,99944,100,,
2019-06-28 15:27:10.000000000,98412,182,98210,183,98483,183,98124,183,98485,181,97679,183,98503,183,97678,83,98614,181,,,98871,100,,,99003,99,,,99062,100,,,99943,99,,,99944,100,,
2019-06-28 15:27:20.000000000,98412,203,98210,204,98483,204,98124,204,98485,202,97679,204,98503,204,97678,104,98614,98,,,98871,100,,,99003,99,,,99062,100,,,99943,99,,,99944,100,,
2019-06-28 15:27:24.509181890,98412,103,98210,204,98483,204,98124,204,98485,202,97679,204,98503,204,97678,104,98614,98,,,98871,100,,,99003,99,,,99062,100,,,99943,99,,,99944,100,,
2019-06-28 15:27:26.935133102,98412,3,98210,204,98483,204,98124,204,98485,202,97679,204,98503,204,97678,104,98614,98,,,98871,100,,,99003,99,,,99062,100,,,99943,99,,,99944,100,,
2019-06-28 15:27:30.000000000,98483,307,98210,307,98485,305,98124,307,98503,100,97679,100,98614,98,,,98871,100,,,99003,99,,,99062,100,,,99943,99,,,99944,100,,,100087,100,,
2019-06-28 15:27:40.000000000,98483,204,98210,204,98485,202,98124,204,98503,204,97679,204,98614,202,97678,104,98871,100,,,99003,99,,,99062,100,,,99943,99,,,99944,100,,,100087,100,,
2019-06-28 15:27:44.170738404,98483,104,98210,204,98485,202,98124,204,98503,204,97679,204,98614,202,97678,104,98871,100,,,98985,100,,,99003,99,,,99062,100,,,99943,99,,,99944,100,,
2019-06-28 15:27:50.000000000,98485,305,98210,307,98503,307,98124,307,98614,98,97679,100,98871,100,,,98985,100,,,99003,99,,,99062,100,,,99943,99,,,99944,100,,,100087,100,,
2019-06-28 15:27:58.825650807,98485,305,98412,100,98503,307,98210,307,98614,98,98124,307,98871,100,97679,100,98985,100,,,99003,99,,,99062,100,,,99943,99,,,99944,100,,,100087,100,,
2019-06-28 15:28:00.000000000,98485,180,98412,73,98503,183,98210,183,98614,181,98124,183,98871,183,97679,183,98985,183,97678,83,99003,99,,,99062,100,,,99943,99,,,99944,100,,,100087,100,,
2019-06-28 15:28:10.000000000,98485,201,98210,204,98503,204,98124,204,98614,202,97679,204,98871,204,97678,104,98985,100,,,99003,99,,,99062,100,,,99943,99,,,99944,100,,,100087,100,,
2019-06-28 15:28:11.283865625,98485,201,98412,100,98503,204,98210,204,98614,202,98124,204,98871,204,97679,204,98985,100,97678,104,99003,99,,,99062,100,,,99943,99,,,99944,100,,,100087,100,,
2019-06-28 15:28:13.704450105,98485,4,98412,100,98503,204,98210,204,98614,202,98124,204,98871,204,97679,204,98985,100,97678,104,99003,99,,,99062,100,,,99943,99,,,99944,100,,,100087,100,,
2019-06-28 15:28:20.000000000,98503,307,98412,307,98614,305,98210,307,98871,100,98124,100,98985,100,97679,100,99003,99,,,99062,100,,,99943,99,,,99944,100,,,100087,100,,,100551,100,,
2019-06-28 15:28:30.000000000,98503,183,98412,183,98614,181,98210,183,98871,183,98124,183,98985,183,97679,183,99003,182,97678,83,99062,100,,,99943,99,,,99944,100,,,100087,100,,,100551,100,,
2019-06-28 15:28:40.000000000,98503,307,98412,307,98614,305,98210,307,98871,100,98124,100,98985,100,97679,100,99003,99,,,99062,100,,,99943,99,,,99944,100,,,100087,100,,,100551,100,,
2019-06-28 15:28:44.224611563,98503,307,98412,307,98614,305,98210,307,98871,100,98124,100,98985,100,98067,100,99003,99,97679,100,99062,100,,,99943,99,,,99944,100,,,100087,100,,,100551,100,,
2019-06-28 15:28:50.000000000,98503,307,98412,307,98614,305,98210,307,98871,100,98124,100,98985,100,98067,100,99003,99,97679,100,99062,100,,,99943,99,,,99944,100,,,100087,100,,,100551,100,,
2019-06-28 15:29:00.000000000,98503,240,98412,131,98614,235,98210,237,98871,237,98124,237,98985,100,98067,100,99003,99,97679,100,99062,100,,,99943,99,,,99944,100,,,100087,100,,,100551,100,,
2019-06-28 15:29:10.000000000,98503,203,98210,204,98614,202,98124,204,98871,204,98067,204,98985,204,97679,204,99003,99,,,99062,100,,,99943,99,,,99944,100,,,100087,100,,,100551,100,,
2019-06-28 15:29:17.465359872,98503,103,98210,204,98614,202,98124,204,98871,204,98067,204,98985,204,97679,204,99003,99,,,99062,100,,,99943,99,,,99944,100,,,100087,100,,,100551,100,,
2019-06-28 15:29:20.000000000,98614,202,98210,204,98871,204,98124,204,98985,204,98067,204,99003,203,97679,204,99062,100,,,99943,99,,,99944,100,,,100087,100,,,100551,100,,,,,,
2019-06-28 15:29:30.000000000,98614,181,98210,183,98871,183,98124,183,98985,183,98067,183,99003,182,97679,183,99062,183,97678,83,99943,99,,,99944,100,,,100087,100,,,100551,100,,,,,,
2019-06-28 15:29:40.000000000,98614,305,98210,307,98871,307,98124,307,98985,100,98067,100,99003,99,97679,100,99062,100,,,99943,99,,,99944,100,,,100087,100,,,100551,100,,,,,,
2019-06-28 15:29:50.000000000,98614,512,98210,514,98871,100,98124,100,98985,100,98067,100,99003,99,97679,100,99062,100,,,99943,99,,,99944,100,,,100087,100,,,100551,100,,,,,,
2019-06-28 15:30:00.000000000,98614,511,98210,404,98871,100,98124,100,98985,100,98067,100,99003,99,97679,100,99062,100,,,99943,99,,,99944,100,,,100087,100,,,100551,100,,,,,,
2019-06-28 15:30:00.848434653,98614,411,98210,404,98871,100,98124,100,98985,100,98067,100,99062,100,97679,100,99943,99,,,99944,100,,,100087,100,,,100551,100,,,,,,,,,,
2019-06-28 15:30:10.000000000,98871,183,98124,183,98985,183,98067,183,99062,183,97679,183,99943,182,97678,83,99944,183,,,100087,100,,,100551,100,,,,,,,,,,,,,,
2019-06-28 15:30:20.000000000,98871,514,98124,514,98985,100,98067,100,99062,100,97679,100,99943,99,,,99944,100,,,100087,100,,,100551,100,,,,,,,,,,,,,,
2019-06-28 15:30:30.000000000,98871,241,98124,241,98985,237,98067,237,99062,237,97679,237,99943,99,,,99944,100,,,100087,100,,,100551,100,,,,,,,,,,,,,,
2019-06-28 15:30:40.000000000,98871,204,98124,204,98985,204,98067,204,99062,204,97679,204,99943,203,97678,104,99944,100,,,100087,100,,,100551,100,,,,,,,,,,,,,,
2019-06-28 15:30:40.019477576,98871,204,98124,204,98985,204,98067,204,99062,204,97679,204,99789,100,97678,104,99943,203,,,99944,100,,,100087,100,,,100551,100,,,,,,,,,,
2019-06-28 15:30:45.791960576,98871,104,98124,204,98985,204,98067,204,99062,204,97679,204,99789,100,97678,104,99943,203,,,99944,100,,,100087,100,,,100551,100,,,,,,,,,,
2019-06-28 15:30:50.000000000,98985,307,98124,307,99062,307,98067,307,99789,100,97679,100,99943,99,,,99944,100,,,100087,100,,,100551,100,,,,,,,,,,,,,,
2019-06-28 15:30:54.136521266,98985,307,98124,307,99062,307,98067,307,99789,100,97679,100,99846,100,,,99943,99,,,99944,100,,,100087,100,,,100551,100,,,,,,,,,,
2019-06-28 15:30:58.938760023,98985,307,98124,307,99062,307,98067,307,99789,100,97679,100,99846,100,,,99913,100,,,99943,99,,,99944,100,,,100087,100,,,100551,100,,,,,,
2019-06-28 15:31:00.000000000,98985,306,98124,197,99062,307,98067,307,99789,100,97679,100,99846,100,,,99913,100,,,99943,99,,,99944,100,,,100087,100,,,100551,100,,,,,,
2019-06-28 15:31:10.000000000,98985,240,98067,241,99062,237,97679,237,99789,237,97678,137,99846,100,,,99913,100,,,99943,99,,,99944,100,,,100087,100,,,100551,100,,,,,,
2019-06-28 15:31:20.000000000,98985,513,98067,514,99062,100,97679,100,99789,100,,,99846,100,,,99913,100,,,99943,99,,,99944,100,,,100087,100,,,100551,100,,,,,,
2019-06-28 15:31:24.918367622,98985,513,98067,514,99062,100,97679,100,99425,100,,,99789,100,,,99846,100,,,99913,100,,,99943,99,,,99944,100,,,100087,100,,,100551,100,,
2019-06-28 15:31:30.000000000,98985,203,98067,204,99062,204,97679,204,99425,204,97678,104,99789,204,,,99846,100,,,99913,100,,,99943,99,,,99944,100,,,100087,100,,,100551,100,,
2019-06-28 15:31:30.005471085,98985,203,98067,204,99062,204,97679,204,99425,204,97678,104,99789,204,,,99846,100,,,99899,100,,,99913,100,,,99943,99,,,99944,100,,,100087,100,,
2019-06-28 15:31:33.336384269,98985,203,98067,204,99062,204,97679,104,99425,204,97678,104,99515,100,,,99789,204,,,99846,100,,,99899,100,,,99913,100,,,99943,99,,,99944,100,,
2019-06-28 15:31:40.000000000,98985,240,98067,241,99062,237,98066,137,99425,237,,,99515,100,,,99789,100,,,99846,100,,,99899,100,,,99913,100,,,99943,99,,,99944,100,,
2019-06-28 15:31:50.000000000,98985,182,98067,183,99062,183,98066,83,99425,183,,,99515,183,,,99789,183,,,99846,100,,,99899,100,,,99913,100,,,99943,99,,,99944,100,,
2019-06-28 15:32:00.000000000,98985,239,98067,131,99062,237,98066,137,99425,237,,,99515,100,,,99789,100,,,99846,100,,,99899,100,,,99913,100,,,99943,99,,,99944,100,,
2019-06-28 15:32:10.000000000,98985,98,,,99062,100,,,99425,100,,,99515,100,,,99789,100,,,99846,100,,,99899,100,,,99913,100,,,99943,99,,,99944,100,,
2019-06-28 15:32:33.313103618,99062,100,,,99090,100,,,99425,100,,,99515,100,,,99789,100,,,99846,100,,,99899,100,,,99913,100,,,99943,99,,,99944,100,,
2019-06-28 15:32:38.701204315,99062,100,,,99090,100,,,99425,100,,,99430,100,,,99515,100,,,99789,100,,,99846,100,,,99899,100,,,99913,100,,,99943,99,,
2019-06-28 15:32:47.500119996,99062,100,98067,100,99090,100,,,99425,100,,,99430,100,,,99515,100,,,99789,100,,,99846,100,,,99899,100,,,99913,100,,,99943,99,,
2019-06-28 15:32:50.000000000,99062,514,98067,514,99090,100,,,99425,100,,,99430,100,,,99515,100,,,99789,100,,,99846,100,,,99899,100,,,99913,100,,,99943,99,,
2019-06-28 15:32:57.410144211,99062,414,98067,514,99090,100,,,99425,100,,,99430,100,,,99515,100,,,99789,100,,,99899,100,,,99913,100,,,99943,99,,,99944,100,,
2019-06-28 15:33:00.000000000,99090,513,98067,404,99425,100,,,99430,100,,,99515,100,,,99789,100,,,99899,100,,,99913,100,,,99943,99,,,99944,100,,,100087,100,,
2019-06-28 15:33:09.356393950,99090,513,98067,504,99425,100,,,99430,100,,,99515,100,,,99789,100,,,99899,100,,,99913,100,,,99943,99,,,99944,100,,,100087,100,,
2019-06-28 15:33:10.000000000,99090,513,98067,514,99425,100,,,99430,100,,,99515,100,,,99789,100,,,99899,100,,,99913,100,,,99943,99,,,99944,100,,,100087,100,,
2019-06-28 15:33:14.961257352,99090,513,98067,614,99425,100,,,99430,100,,,99515,100,,,99789,100,,,99899,100,,,99913,100,,,99944,100,,,100087,100,,,100551,100,,
2019-06-28 15:33:17.939855737,99090,513,98067,614,99233,100,,,99425,100,,,99430,100,,,99515,100,,,99789,100,,,99899,100,,,99913,100,,,99944,100,,,100087,100,,
2019-06-28 15:33:20.000000000,99090,182,98067,283,99233,183,98066,83,99425,183,,,99430,183,,,99515,183,,,99789,100,,,99899,100,,,99913,100,,,99944,100,,,100087,100,,
2019-06-28 15:33:26.738018953,99090,182,98067,383,99233,183,98066,83,99425,183,,,99430,183,,,99515,183,,,99789,100,,,99899,100,,,99913,100,,,99944,100,,,100087,100,,
2019-06-28 15:33:30.000000000,99090,240,98067,441,99233,237,98066,137,99425,237,,,99430,100,,,99515,100,,,99789,100,,,99899,100,,,99913,100,,,99944,100,,,100087,100,,
2019-06-28 15:33:33.550733352,99090,240,98067,441,99233,237,98066,137,99425,237,,,99430,100,,,99515,100,,,99634,100,,,99789,100,,,99913,100,,,99944,100,,,100087,100,,
2019-06-28 15:33:40.000000000,99090,513,98067,714,99233,100,,,99425,100,,,99430,100,,,99515,100,,,99634,100,,,99789,100,,,99913,100,,,99944,100,,,100087,100,,
2019-06-28 15:33:50.000000000,99090,306,98067,507,99233,307,98066,207,99425,100,,,99430,100,,,99515,100,,,99634,100,,,99789,100,,,99913,100,,,99944,100,,,100087,100,,
2019-06-28 15:34:00.000000000,99090,202,98067,294,99233,204,98066,104,99425,204,,,99430,204,,,99515,100,,,99634,100,,,99789,100,,,99913,100,,,99944,100,,,100087,100,,
2019-06-28 15:34:10.000000000,99090,181,98067,273,99233,183,98066,83,99425,183,,,99430,183,,,99515,183,,,99634,100,,,99789,100,,,99913,100,,,99944,100,,,100087,100,,
2019-06-28 15:34:10.473342062,99018,100,98067,273,99090,181,98066,83,99233,183,,,99425,183,,,99430,183,,,99515,183,,,99634,100,,,99789,100,,,99913,100,,,99944,100,,
2019-06-28 15:34:14.733499618,98931,100,98067,273,99018,100,98066,83,99090,181,,,99233,183,,,99425,183,,,99430,183,,,99515,183,,,99634,100,,,99789,100,,,99913,100,,
2019-06-28 15:34:16.437690164,98878,100,98067,273,98931,100,98066,83,99018,100,,,99090,181,,,99233,183,,,99425,183,,,99430,183,,,99515,183,,,99634,100,,,99789,100,,
2019-06-28 15:34:20.000000000,98878,307,98067,397,98931,307,98066,207,99018,100,,,99090,98,,,99233,100,,,99425,100,,,99430,100,,,99515,100,,,99634,100,,,99789,100,,
2019-06-28 15:34:30.000000000,98878,204,98067,294,98931,204,98066,104,99018,204,,,99090,202,,,99233,100,,,99425,100,,,99430,100,,,99515,100,,,99634,100,,,99789,100,,
2019-06-28 15:34:40.000000000,98878,307,98067,397,98931,307,98066,207,99018,100,,,99090,98,,,99233,100,,,99425,100,,,99430,100,,,99515,100,,,99634,100,,,99789,100,,
2019-06-28 15:34:40.035012715,98878,207,98067,397,98931,307,98066,207,99018,100,,,99090,98,,,99233,100,,,99425,100,,,99430,100,,,99515,100,,,99634,100,,,99789,100,,
2019-06-28 15:34:47.250294642,98878,207,98067,397,98931,307,98066,207,99018,100,,,99090,98,,,99166,100,,,99233,100,,,99425,100,,,99430,100,,,99515,100,,,99634,100,,
2019-06-28 15:34:50.000000000,98931,183,98067,273,99018,183,98066,83,99090,181,,,99166,183,,,99233,183,,,99425,100,,,99430,100,,,99515,100,,,99634,100,,,99789,100,,
2019-06-28 15:34:53.958671723,98931,183,98879,100,99018,183,98067,273,99090,181,98066,83,99166,183,,,99233,183,,,99425,100,,,99430,100,,,99515,100,,,99634,100,,,99789,100,,
2019-06-28 15:34:56.871260949,98931,183,98879,100,98989,100,98067,273,99018,183,98066,83,99090,181,,,99166,183,,,99233,183,,,99425,100,,,99430,100,,,99515,100,,,99634,100,,
2019-06-28 15:34:57.900549847,98931,183,98879,100,98972,100,98067,273,98989,100,98066,83,99018,183,,,99090,181,,,99166,183,,,99233,183,,,99425,100,,,99430,100,,,99515,100,,
2019-06-28 15:35:00.000000000,98931,182,98879,73,98972,183,98067,273,98989,183,98066,83,99018,183,,,99090,181,,,99166,100,,,99233,100,,,99425,100,,,99430,100,,,99515,100,,
2019-06-28 15:35:10.000000000,98931,306,98067,397,98972,307,98066,207,98989,100,,,99018,100,,,99090,98,,,99166,100,,,99233,100,,,99425,100,,,99430,100,,,99515,100,,
2019-06-28 15:35:20.000000000,98931,182,98067,273,98972,183,98066,83,98989,183,,,99018,183,,,99090,181,,,99166,100,,,99233,100,,,99425,100,,,99430,100,,,99515,100,,
2019-06-28 15:35:20.713793299,98931,82,98067,273,98972,183,98066,83,98989,183,,,99018,183,,,99090,181,,,99166,100,,,99233,100,,,99425,100,,,99430,100,,,99515,100,,
2019-06-28 15:35:23.534640529,98931,82,98067,273,98972,183,98066,83,98989,183,,,99018,183,,,99090,181,,,99103,100,,,99166,100,,,99425,100,,,99430,100,,,99515,100,,
2019-06-28 15:35:30.000000000,98972,204,98067,294,98989,204,98066,104,99018,204,,,99090,202,,,99103,100,,,99166,100,,,99425,100,,,99430,100,,,99515,100,,,99634,100,,
2019-06-28 15:35:35.619561941,98927,100,98067,294,98972,204,98066,104,98989,204,,,99018,204,,,99090,202,,,99103,100,,,99166,100,,,99425,100,,,99430,100,,,99515,100,,
2019-06-28 15:35:40.000000000,98927,241,98067,331,98972,237,98066,137,98989,237,,,99018,100,,,99090,98,,,99103,100,,,99166,100,,,99425,100,,,99430,100,,,99515,100,,
2019-06-28 15:35:50.000000000,98927,204,98067,294,98972,204,98066,104,98989,204,,,99018,204,,,99090,98,,,99103,100,,,99166,100,,,99425,100,,,99430,100,,,99515,100,,
2019-06-28 15:36:00.000000000,98927,306,98067,287,98972,307,98066,207,98989,100,,,99018,100,,,99090,98,,,99103,100,,,99166,100,,,99425,100,,,99430,100,,,99515,100,,
2019-06-28 15:36:02.737033409,98927,406,98067,287,98972,307,98066,207,98989,100,,,99018,100,,,99090,98,,,99103,100,,,99166,100,,,99425,100,,,99430,100,,,99515,100,,
2019-06-28 15:36:07.668683457,98927,506,98067,207,98972,307,98066,207,98989,100,,,99018,100,,,99090,98,,,99103,100,,,99166,100,,,99425,100,,,99430,100,,,99515,100,,
2019-06-28 15:36:10.000000000,98927,299,,,98972,100,,,98989,100,,,99018,100,,,99090,98,,,99103,100,,,99166,100,,,99425,100,,,99430,100,,,99515,100,,
2019-06-28 15:36:26.147862382,98927,399,,,98972,100,,,98989,100,,,99018,100,,,99090,98,,,99103,100,,,99166,100,,,99425,100,,,99430,100,,,99515,100,,
2019-06-28 15:36:41.050997111,98927,399,98804,100,98972,100,,,98989,100,,,99018,100,,,99090,98,,,99103,100,,,99166,100,,,99425,100,,,99430,100,,,99515,100,,
2019-06-28 15:36:50.000000000,98927,482,98804,183,98972,183,98803,83,98989,183,,,99018,183,,,99090,181,,,99103,100,,,99166,100,,,99425,100,,,99430,100,,,99515,100,,
2019-06-28 15:36:52.410436986,98927,482,98804,83,98972,183,98803,83,98989,183,,,99018,183,,,99090,181,,,99103,100,,,99166,100,,,99425,100,,,99430,100,,,99515,100,,
2019-06-28 15:37:00.000000000,98927,399,,,98972,100,,,98989,100,,,99018,100,,,99090,98,,,99103,100,,,99166,100,,,99425,100,,,99430,100,,,99515,100,,
2019-06-28 15:37:33.033177169,98927,399,,,98980,100,,,98989,100,,,99018,100,,,99090,98,,,99103,100,,,99166,100,,,99425,100,,,99430,100,,,99515,100,,
2019-06-28 15:37:49.337470373,98866,100,,,98927,399,,,98980,100,,,98989,100,,,99018,100,,,99090,98,,,99103,100,,,99166,100,,,99425,100,,,99430,100,,
2019-06-28 15:37:54.782118546,98866,100,,,98906,100,,,98927,399,,,98989,100,,,99018,100,,,99090,98,,,99103,100,,,99166,100,,,99425,100,,,99430,100,,
2019-06-28 15:37:59.923300136,98906,100,,,98927,399,,,98989,100,,,99018,100,,,99090,98,,,99103,100,,,99166,100,,,99425,100,,,99430,100,,,99515,100,,
2019-06-28 15:38:01.295993523,98906,100,98871,100,98927,399,,,98989,100,,,99018,100,,,99090,98,,,99103,100,,,99166,100,,,99425,100,,,99430,100,,,99515,100,,
2019-06-28 15:38:04.585792483,98906,100,,,98927,399,,,98989,100,,,99018,100,,,99090,98,,,99103,100,,,99166,100,,,99425,100,,,99430,100,,,99515,100,,
2019-06-28 15:38:34.838305700,98906,100,98866,100,98927,399,,,98989,100,,,99018,100,,,99090,98,,,99103,100,,,99166,100,,,99425,100,,,99430,100,,,99515,100,,
2019-06-28 15:38:40.000000000,98906,183,98866,183,98927,482,98865,83,98989,183,,,99018,183,,,99090,181,,,99103,100,,,99166,100,,,99425,100,,,99430,100,,,99515,100,,
2019-06-28 15:38:42.549182936,98906,183,98866,183,98927,482,98865,83,98989,183,,,99018,183,,,99068,100,,,99090,181,,,99103,100,,,99166,100,,,99425,100,,,99430,100,,
2019-06-28 15:38:50.000000000,98906,307,98866,307,98927,606,98865,207,98989,100,,,99018,100,,,99068,100,,,99090,98,,,99103,100,,,99166,100,,,99425,100,,,99430,100,,
2019-06-28 15:38:50.257905510,98906,307,98866,207,98927,606,98865,207,98989,100,,,99018,100,,,99068,100,,,99090,98,,,99103,100,,,99166,100,,,99425,100,,,99430,100,,
2019-06-28 15:38:57.409538989,98906,107,98866,207,98927,606,98865,207,98989,100,,,99018,100,,,99068,100,,,99090,98,,,99103,100,,,99166,100,,,99425,100,,,99430,100,,
2019-06-28 15:39:00.000000000,98927,399,,,98989,100,,,99018,100,,,99068,100,,,99090,98,,,99103,100,,,99166,100,,,99425,100,,,99430,100,,,99515,100,,
2019-06-28 15:39:17.486867649,98927,399,98878,100,98989,100,,,99018,100,,,99068,100,,,99090,98,,,99103,100,,,99166,100,,,99425,100,,,99430,100,,,99515,100,,
2019-06-28 15:39:20.000000000,98927,606,98878,307,98989,307,98877,207,99018,100,,,99068,100,,,99090,98,,,99103,100,,,99166,100,,,99425,100,,,99430,100,,,99515,100,,
2019-06-28 15:39:23.145156777,98927,606,98878,307,98989,307,98877,207,99018,100,,,99061,100,,,99068,100,,,99090,98,,,99103,100,,,99166,100,,,99425,100,,,99430,100,,
2019-06-28 15:39:30.000000000,98927,813,98878,514,98989,100,,,99018,100,,,99061,100,,,99068,100,,,99090,98,,,99103,100,,,99166,100,,,99425,100,,,99430,100,,
2019-06-28 15:39:34.548967438,98927,813,98921,100,98989,100,98878,514,99018,100,,,99061,100,,,99068,100,,,99090,98,,,99103,100,,,99166,100,,,99425,100,,,99430,100,,
2019-06-28 15:39:40.000000000,98927,503,98921,204,98989,204,98878,204,99018,204,98877,104,99061,204,,,99068,100,,,99090,98,,,99103,100,,,99166,100,,,99425,100,,,99430,100,,
2019-06-28 15:39:50.000000000,98927,503,98921,204,98989,204,98878,204,99018,204,98877,104,99061,204,,,99068,100,,,99090,98,,,99103,100,,,99166,100,,,99425,100,,,99430,100,,
2019-06-28 15:40:00.000000000,98927,812,98921,404,98989,100,98878,100,99018,100,,,99061,100,,,99068,100,,,99090,98,,,99103,100,,,99166,100,,,99425,100,,,99430,100,,
2019-06-28 15:40:00.365990680,98927,812,98921,404,98989,100,98878,100,99018,100,,,99061,100,,,99068,100,,,99090,98,,,99103,100,,,99166,100,,,99394,100,,,99425,100,,
2019-06-28 15:40:10.000000000,98927,481,98878,183,98989,183,98877,83,99018,183,,,99061,183,,,99068,183,,,99090,98,,,99103,100,,,99166,100,,,99394,100,,,99425,100,,
2019-06-28 15:40:20.000000000,98927,481,98878,183,98989,183,98877,83,99018,183,,,99061,183,,,99068,183,,,99090,98,,,99103,100,,,99166,100,,,99394,100,,,99425,100,,
2019-06-28 15:40:20.469092523,98927,381,98878,183,98989,183,98877,83,99018,183,,,99061,183,,,99068,183,,,99090,98,,,99103,100,,,99166,100,,,99394,100,,,99425,100,,
2019-06-28 15:40:30.000000000,98927,381,98878,183,98989,183,98877,83,99018,183,,,99061,183,,,99068,183,,,99090,98,,,99103,100,,,99166,100,,,99394,100,,,99425,100,,
2019-06-28 15:40:40.000000000,98927,712,98878,514,98989,100,,,99018,100,,,99061,100,,,99068,100,,,99090,98,,,99103,100,,,99166,100,,,99394,100,,,99425,100,,
2019-06-28 15:40:49.798641726,98927,712,98878,514,98989,100,98816,100,99018,100,,,99061,100,,,99068,100,,,99090,98,,,99103,100,,,99166,100,,,99394,100,,,99425,100,,
2019-06-28 15:40:50.000000000,98927,439,98878,241,98989,237,98816,237,99018,237,98815,137,99061,100,,,99068,100,,,99090,98,,,99103,100,,,99166,100,,,99394,100,,,99425,100,,
2019-06-28 15:41:00.000000000,98927,438,98878,131,98989,237,98816,237,99018,237,98815,137,99061,100,,,99068,100,,,99090,98,,,99103,100,,,99166,100,,,99394,100,,,99425,100,,
2019-06-28 15:41:10.000000000,98927,380,98816,183,98989,183,98815,83,99018,183,,,99061,183,,,99068,183,,,99090,98,,,99103,100,,,99166,100,,,99394,100,,,99425,100,,
2019-06-28 15:41:14.497879996,98906,100,98816,183,98927,380,98815,83,98989,183,,,99018,183,,,99061,183,,,99068,183,,,99090,98,,,99103,100,,,99166,100,,,99394,100,,
2019-06-28 15:41:20.000000000,98906,241,98816,241,98927,434,98815,137,98989,237,,,99018,100,,,99061,100,,,99068,100,,,99090,98,,,99103,100,,,99166,100,,,99394,100,,
2019-06-28 15:41:30.000000000,98906,204,98816,204,98927,401,98815,104,98989,204,,,99018,204,,,99061,100,,,99068,100,,,99090,98,,,99103,100,,,99166,100,,,99394,100,,
2019-06-28 15:41:36.697024600,98906,204,98816,104,98927,401,98815,104,98989,104,,,99018,204,,,99061,100,,,99068,100,,,99090,98,,,99103,100,,,99166,100,,,99394,100,,
2019-06-28 15:41:40.000000000,98906,100,,,98927,297,,,99018,100,,,99061,100,,,99068,100,,,99090,98,,,99103,100,,,99166,100,,,99394,100,,,99425,100,,
2019-06-28 15:41:42.425852876,98751,100,,,98906,100,,,98927,297,,,99018,100,,,99061,100,,,99068,100,,,99090,98,,,99103,100,,,99166,100,,,99394,100,,
2019-06-28 15:41:44.430312068,98751,100,,,98905,100,,,98906,100,,,98927,297,,,99018,100,,,99061,100,,,99068,100,,,99090,98,,,99103,100,,,99166,100,,
2019-06-28 15:42:02.686332938,98751,100,,,98874,100,,,98905,100,,,98906,100,,,98927,297,,,99018,100,,,99061,100,,,99068,100,,,99090,98,,,99103,100,,
2019-06-28 15:42:12.733050192,98874,100,,,98905,100,,,98906,100,,,98927,297,,,99018,100,,,99061,100,,,99068,100,,,99090,98,,,99103,100,,,99166,100,,
2019-06-28 15:42:39.691694207,98874,100,,,98905,100,,,98906,100,,,98927,297,,,99018,100,,,99068,100,,,99090,98,,,99103,100,,,99166,100,,,99385,100,,
2019-06-28 15:42:47.476333058,98874,100,,,98905,100,,,98906,100,,,98927,297,,,99018,100,,,99068,100,,,99090,98,,,99103,100,,,99161,100,,,99166,100,,
2019-06-28 15:42:48.151853113,98905,100,,,98906,100,,,98927,297,,,99018,100,,,99068,100,,,99103,100,,,99161,100,,,99166,100,,,99385,100,,,99394,100,,
2019-06-28 15:43:05.317930333,98905,100,98767,100,98906,100,,,98927,297,,,99018,100,,,99068,100,,,99103,100,,,99161,100,,,99166,100,,,99385,100,,,99394,100,,
2019-06-28 15:43:10.000000000,98905,204,98767,204,98906,204,98766,104,98927,401,,,99018,204,,,99068,100,,,99103,100,,,99161,100,,,99166,100,,,99385,100,,,99394,100,,
2019-06-28 15:43:14.009701738,98905,204,98767,204,98906,204,98766,104,98927,401,,,99018,204,,,99068,100,,,99103,100,,,99161,100,,,99166,100,,,99205,100,,,99385,100,,
2019-06-28 15:43:20.000000000,98905,204,98767,204,98906,204,98766,104,98927,401,,,99018,204,,,99068,100,,,99103,100,,,99161,100,,,99166,100,,,99205,100,,,99385,100,,
2019-06-28 15:43:24.383715254,98905,204,98767,204,98906,204,98766,104,98927,401,,,99018,204,,,99068,100,,,99103,100,,,99161,100,,,99166,100,,,99205,100,,,99385,100,,
2019-06-28 15:43:30.000000000,98905,514,98767,514,98906,100,,,98927,297,,,99018,100,,,99068,100,,,99103,100,,,99161,100,,,99166,100,,,99205,100,,,99385,100,,
2019-06-28 15:43:40.000000000,98905,183,98767,183,98906,183,98766,83,98927,380,,,99018,183,,,99068,183,,,99103,100,,,99161,100,,,99166,100,,,99205,100,,,99385,100,,
2019-06-28 15:43:40.791494010,98905,183,98767,183,98906,183,98766,83,98927,380,,,99018,183,,,99068,183,,,99103,100,,,99161,100,,,99166,100,,,99205,100,,,99356,100,,
2019-06-28 15:43:42.375495533,98905,183,98767,183,98906,183,98766,83,98927,380,,,99018,183,,,99068,183,,,99103,100,,,99161,100,,,99166,100,,,99205,100,,,99237,100,,
2019-06-28 15:43:49.316013835,98905,83,98767,183,98906,183,98766,83,98927,380,,,99018,183,,,99068,183,,,99103,100,,,99161,100,,,99166,100,,,99205,100,,,99237,100,,
2019-06-28 15:43:50.000000000,98906,514,98767,514,98927,297,,,99018,100,,,99068,100,,,99103,100,,,99161,100,,,99166,100,,,99205,100,,,99237,100,,,99356,100,,
2019-06-28 15:43:58.076870836,98906,414,98767,514,98927,297,,,99018,100,,,99068,100,,,99103,100,,,99161,100,,,99166,100,,,99205,100,,,99237,100,,,99356,100,,
2019-06-28 15:44:00.000000000,98927,503,98767,197,99018,307,98766,207,99068,100,,,99103,100,,,99161,100,,,99166,100,,,99205,100,,,99237,100,,,99356,100,,,99385,100,,
2019-06-28 15:44:10.000000000,98927,296,,,99018,100,,,99068,100,,,99103,100,,,99161,100,,,99166,100,,,99205,100,,,99237,100,,,99356,100,,,99385,100,,
2019-06-28 15:44:45.475406915,98683,100,,,98927,296,,,99018,100,,,99068,100,,,99103,100,,,99161,100,,,99166,100,,,99205,100,,,99237,100,,,99356,100,,
2019-06-28 15:44:53.600063799,98927,296,98418,100,99018,100,,,99068,100,,,99103,100,,,99161,100,,,99166,100,,,99205,100,,,99237,100,,,99356,100,,,99385,100,,
2019-06-28 15:45:00.000000000,98927,502,98418,197,99018,307,98417,207,99068,100,,,99103,100,,,99161,100,,,99166,100,,,99205,100,,,99237,100,,,99356,100,,,99385,100,,
2019-06-28 15:45:07.899717024,98606,100,98418,197,98927,502,98417,207,99018,307,,,99068,100,,,99103,100,,,99161,100,,,99166,100,,,99205,100,,,99237,100,,,99356,100,,
2019-06-28 15:45:08.643496117,98606,100,98418,197,98674,100,98417,207,98927,502,,,99018,307,,,99068,100,,,99103,100,,,99161,100,,,99166,100,,,99205,100,,,99237,100,,
2019-06-28 15:45:10.000000000,98606,100,,,98674,100,,,98927,295,,,99018,100,,,99068,100,,,99103,100,,,99161,100,,,99166,100,,,99205,100,,,99237,100,,
2019-06-28 15:45:25.451972756,98606,100,,,98674,100,,,98837,100,,,98927,295,,,99018,100,,,99068,100,,,99103,100,,,99161,100,,,99166,100,,,99205,100,,
2019-06-28 15:45:28.143884035,98606,100,,,98674,100,,,98837,100,,,98927,395,,,99018,100,,,99068,100,,,99103,100,,,99161,100,,,99166,100,,,99205,100,,
2019-06-28 15:45:48.186681529,98674,100,,,98927,395,,,99018,100,,,99068,100,,,99103,100,,,99161,100,,,99166,100,,,99205,100,,,99237,100,,,99356,100,,
2019-06-28 15:45:48.529592552,98674,100,,,98836,100,,,98927,395,,,99018,100,,,99068,100,,,99103,100,,,99161,100,,,99166,100,,,99205,100,,,99237,100,,
2019-06-28 15:45:57.624002800,98674,100,98606,100,98836,100,,,98927,395,,,99018,100,,,99068,100,,,99103,100,,,99161,100,,,99166,100,,,99205,100,,,99237,100,,
2019-06-28 15:46:00.000000000,98674,513,98606,404,98836,100,,,98927,395,,,99018,100,,,99068,100,,,99103,100,,,99161,100,,,99166,100,,,99205,100,,,99237,100,,
2019-06-28 15:46:02.655559307,98674,513,98606,504,98836,100,,,98927,395,,,99018,100,,,99068,100,,,99103,100,,,99161,100,,,99166,100,,,99205,100,,,99237,100,,
2019-06-28 15:46:07.772713939,98674,513,98606,504,98686,100,,,98836,100,,,98927,395,,,99018,100,,,99068,100,,,99103,100,,,99161,100,,,99166,100,,,99205,100,,
2019-06-28 15:46:08.629609224,98674,413,98606,504,98686,100,,,98836,100,,,98927,395,,,99018,100,,,99068,100,,,99103,100,,,99161,100,,,99166,100,,,99205,100,,
2019-06-28 15:46:10.000000000,98686,241,98606,241,98836,237,98605,137,98927,532,,,99018,100,,,99068,100,,,99103,100,,,99161,100,,,99166,100,,,99205,100,,,99237,100,,
2019-06-28 15:46:11.729788698,98686,141,98606,241,98836,237,98605,137,98927,532,,,99018,100,,,99068,100,,,99103,100,,,99161,100,,,99166,100,,,99205,100,,,99237,100,,
2019-06-28 15:46:20.000000000,98836,241,98606,241,98927,532,98605,137,99018,237,,,99068,100,,,99103,100,,,99161,100,,,99166,100,,,99205,100,,,99237,100,,,99356,100,,
2019-06-28 15:46:30.000000000,98836,183,98606,183,98927,478,98605,83,99018,183,,,99068,183,,,99103,183,,,99161,100,,,99166,100,,,99205,100,,,99237,100,,,99356,100,,
2019-06-28 15:46:40.000000000,98836,183,98606,183,98927,478,98605,83,99018,183,,,99068,183,,,99103,183,,,99161,100,,,99166,100,,,99205,100,,,99237,100,,,99356,100,,
2019-06-28 15:46:50.000000000,98836,241,98606,241,98927,532,98605,137,99018,237,,,99068,100,,,99103,100,,,99161,100,,,99166,100,,,99205,100,,,99237,100,,,99356,100,,
2019-06-28 15:46:55.742475039,98836,241,98674,100,98927,432,98606,241,99018,237,98605,137,99068,100,,,99103,100,,,99161,100,,,99166,100,,,99205,100,,,99237,100,,,99356,100,,
2019-06-28 15:47:00.000000000,98836,513,98674,404,98927,295,98606,100,99018,100,,,99068,100,,,99103,100,,,99161,100,,,99166,100,,,99205,100,,,99237,100,,,99356,100,,
2019-06-28 15:47:06.086744535,98836,513,98674,404,98927,295,98606,100,99018,100,,,99068,100,,,99103,100,,,99150,100,,,99161,100,,,99166,100,,,99205,100,,,99237,100,,
2019-06-28 15:47:10.000000000,98836,513,98606,514,98927,295,,,99018,100,,,99068,100,,,99103,100,,,99150,100,,,99161,100,,,99166,100,,,99205,100,,,99237,100,,
2019-06-28 15:47:20.000000000,98836,306,98606,307,98927,502,98605,207,99018,100,,,99068,100,,,99103,100,,,99150,100,,,99161,100,,,99166,100,,,99205,100,,,99237,100,,
2019-06-28 15:47:21.244939319,98836,206,98606,307,98927,502,98605,207,99018,100,,,99068,100,,,99103,100,,,99150,100,,,99161,100,,,99166,100,,,99205,100,,,99237,100,,
2019-06-28 15:47:30.000000000,98927,502,98606,307,99018,307,98605,207,99068,100,,,99103,100,,,99150,100,,,99161,100,,,99166,100,,,99205,100,,,99237,100,,,99356,100,,
2019-06-28 15:47:40.000000000,98927,399,98606,204,99018,204,98605,104,99068,204,,,99103,204,,,99150,100,,,99161,100,,,99166,100,,,99205,100,,,99237,100,,,99356,100,,
2019-06-28 15:47:45.171528562,98927,399,98836,100,99018,204,98606,204,99068,204,98605,104,99103,204,,,99150,100,,,99161,100,,,99166,100,,,99205,100,,,99237,100,,,99356,100,,
2019-06-28 15:47:48.943265341,98927,399,98836,100,99018,204,98755,100,99068,204,98606,204,99103,204,98605,104,99150,100,,,99161,100,,,99166,100,,,99205,100,,,99237,100,,,99356,100,,
2019-06-28 15:47:49.019426112,98927,299,98836,100,99018,204,98755,100,99068,204,98606,204,99103,204,98605,104,99150,100,,,99161,100,,,99166,100,,,99205,100,,,99237,100,,,99356,100,,
2019-06-28 15:47:50.000000000,98927,402,98836,307,99018,307,98755,307,99068,100,98606,100,99103,100,,,99150,100,,,99161,100,,,99166,100,,,99205,100,,,99237,100,,,99356,100,,
2019-06-28 15:47:50.755869455,98927,402,98836,307,99014,100,98755,307,99018,307,98606,100,99068,100,,,99103,100,,,99150,100,,,99161,100,,,99166,100,,,99205,100,,,99237,100,,
2019-06-28 15:47:54.469766265,98897,100,98836,307,98927,402,98755,307,99014,100,98606,100,99018,307,,,99068,100,,,99103,100,,,99150,100,,,99161,100,,,99166,100,,,99205,100,,
2019-06-28 15:48:00.000000000,98897,203,98836,94,98927,299,98755,204,99014,204,98606,204,99018,204,98605,104,99068,100,,,99103,100,,,99150,100,,,99161,100,,,99166,100,,,99205,100,,
2019-06-28 15:48:10.000000000,98897,203,98755,204,98927,299,98606,204,99014,204,98605,104,99018,204,,,99068,100,,,99103,100,,,99150,100,,,99161,100,,,99166,100,,,99205,100,,
2019-06-28 15:48:11.988526910,98897,103,98755,204,98927,299,98606,204,99014,204,98605,104,99018,204,,,99068,100,,,99103,100,,,99150,100,,,99161,100,,,99166,100,,,99205,100,,
2019-06-28 15:48:20.000000000,98927,299,98755,204,99014,204,98606,204,99018,204,98605,104,99068,204,,,99103,100,,,99150,100,,,99161,100,,,99166,100,,,99205,100,,,99237,100,,
2019-06-28 15:48:21.707770524,98927,299,98755,204,99014,204,98606,204,99018,204,98605,104,99068,204,,,99103,100,,,99150,100,,,99161,100,,,99166,100,,,99205,100,,,99237,100,,
2019-06-28 15:48:28.899618941,98927,299,98897,100,99014,204,98755,204,99018,204,98606,204,99068,204,98605,104,99103,100,,,99150,100,,,99161,100,,,99166,100,,,99205,100,,,99237,100,,
2019-06-28 15:48:30.000000000,98927,278,98897,183,99014,183,98755,183,99018,183,98606,183,99068,183,98605,83,99103,183,,,99150,100,,,99161,100,,,99166,100,,,99205,100,,,99237,100,,
2019-06-28 15:48:33.244799171,98927,178,98897,283,99014,183,98755,183,99018,183,98606,183,99068,183,98605,83,99103,183,,,99150,100,,,99161,100,,,99166,100,,,99205,100,,,99237,100,,
2019-06-28 15:48:40.000000000,98927,178,98897,283,99014,183,98755,183,99018,183,98606,183,99068,183,98605,83,99103,183,,,99150,100,,,99161,100,,,99166,100,,,99205,100,,,99237,100,,
2019-06-28 15:48:50.000000000,98927,178,98897,283,99014,183,98755,183,99018,183,98606,183,99068,183,98605,83,99103,183,,,99150,100,,,99161,100,,,99166,100,,,99205,100,,,99237,100,,
2019-06-28 15:48:58.093247111,98927,178,98897,283,99014,183,98755,183,99018,183,98606,183,99068,183,98605,83,99103,183,,,99150,100,,,99161,100,,,99166,100,,,99205,100,,,99237,100,,
2019-06-28 15:49:00.000000000,98927,235,98897,231,99014,237,98755,237,99018,237,98606,237,99068,100,,,99103,100,,,99150,100,,,99161,100,,,99166,100,,,99205,100,,,99237,100,,
2019-06-28 15:49:02.895198903,98927,235,98897,231,99014,237,98755,237,99018,137,98606,237,99068,100,,,99103,100,,,99150,100,,,99161,100,,,99166,100,,,99205,100,,,99237,100,,
2019-06-28 15:49:07.510901262,98927,235,98897,231,99014,237,98755,237,99018,137,98606,237,99103,100,,,99150,100,,,99161,100,,,99166,100,,,99205,100,,,99237,100,,,99279,100,,
2019-06-28 15:49:10.000000000,98927,508,98897,504,99014,100,98755,100,99103,100,98606,100,99150,100,,,99161,100,,,99166,100,,,99205,100,,,99237,100,,,99279,100,,,99348,100,,
2019-06-28 15:49:17.201590354,98927,408,98897,504,99014,100,98755,100,99103,100,98606,100,99150,100,,,99161,100,,,99166,100,,,99205,100,,,99237,100,,,99279,100,,,99348,100,,
2019-06-28 15:49:20.000000000,99014,514,98897,504,99103,100,98755,100,99150,100,98606,100,99161,100,,,99166,100,,,99205,100,,,99237,100,,,99279,100,,,99348,100,,,99356,100,,
2019-06-28 15:49:30.000000000,99014,514,98897,504,99103,100,98755,100,99150,100,98606,100,99161,100,,,99166,100,,,99205,100,,,99237,100,,,99279,100,,,99348,100,,,99356,100,,
2019-06-28 15:49:40.000000000,99014,307,98897,297,99103,307,98755,307,99150,100,98606,100,99161,100,,,99166,100,,,99205,100,,,99237,100,,,99279,100,,,99348,100,,,99356,100,,
2019-06-28 15:49:50.000000000,99014,241,98897,231,99103,237,98755,237,99150,237,98606,237,99161,100,,,99166,100,,,99205,100,,,99237,100,,,99279,100,,,99348,100,,,99356,100,,
2019-06-28 15:50:00.000000000,99014,306,98897,187,99103,307,98755,307,99150,100,98606,100,99161,100,,,99166,100,,,99205,100,,,99237,100,,,99279,100,,,99348,100,,,99356,100,,
2019-06-28 15:50:07.062870316,99014,306,98897,187,99038,100,98755,307,99103,307,98606,100,99150,100,,,99161,100,,,99166,100,,,99205,100,,,99237,100,,,99279,100,,,99348,100,,
2019-06-28 15:50:10.000000000,99014,240,98755,241,99038,237,98606,237,99103,237,98605,137,99150,100,,,99161,100,,,99166,100,,,99205,100,,,99237,100,,,99279,100,,,99348,100,,
2019-06-28 15:50:16.466457903,99014,140,98755,241,99038,237,98606,237,99103,237,98605,137,99150,100,,,99161,100,,,99166,100,,,99205,100,,,99237,100,,,99279,100,,,99348,100,,
2019-06-28 15:50:17.638268289,99014,140,98755,241,99038,237,98606,237,99103,237,98605,137,99150,100,,,99161,100,,,99166,100,,,99205,100,,,99237,100,,,99279,100,,,99293,100,,
2019-06-28 15:50:20.000000000,99038,204,98755,204,99103,204,98606,204,99150,204,98605,104,99161,204,,,99166,100,,,99205,100,,,99237,100,,,99279,100,,,99293,100,,,99348,100,,
2019-06-28 15:50:30.000000000,99038,307,98755,307,99103,307,98606,307,99150,100,,,99161,100,,,99166,100,,,99205,100,,,99237,100,,,99279,100,,,99293,100,,,99348,100,,
2019-06-28 15:50:40.000000000,99038,204,98755,204,99103,204,98606,204,99150,204,98605,104,99161,204,,,99166,100,,,99205,100,,,99237,100,,,99279,100,,,99293,100,,,99348,100,,
2019-06-28 15:50:50.000000000,99038,307,98755,307,99103,307,98606,307,99150,100,,,99161,100,,,99166,100,,,99205,100,,,99237,100,,,99279,100,,,99293,100,,,99348,100,,
2019-06-28 15:50:54.243056270,99038,307,98935,100,99103,307,98755,307,99150,100,98606,307,99161,100,,,99166,100,,,99205,100,,,99237,100,,,99279,100,,,99293,100,,,99348,100,,
2019-06-28 15:51:00.000000000,99038,203,98935,94,99103,204,98755,204,99150,204,98606,204,99161,204,98605,104,99166,100,,,99205,100,,,99237,100,,,99279,100,,,99293,100,,,99348,100,,
2019-06-28 15:51:10.000000000,99038,240,98755,241,99103,237,98606,237,99150,237,98605,137,99161,100,,,99166,100,,,99205,100,,,99237,100,,,99279,100,,,99293,100,,,99348,100,,
2019-06-28 15:51:11.983313115,99038,240,99036,100,99103,237,98755,241,99150,237,98606,237,99161,100,98605,137,99166,100,,,99205,100,,,99237,100,,,99279,100,,,99293,100,,,99348,100,,
2019-06-28 15:51:12.263905238,99038,140,99036,100,99103,237,98755,241,99150,237,98606,237,99161,100,98605,137,99166,100,,,99205,100,,,99237,100,,,99279,100,,,99293,100,,,99356,100,,
2019-06-28 15:51:19.407774831,99038,40,99036,100,99103,237,98755,241,99150,237,98606,237,99161,100,98605,137,99166,100,,,99205,100,,,99237,100,,,99279,100,,,99293,100,,,99356,100,,
2019-06-28 15:51:19.914757087,99103,237,99038,60,99150,237,99036,100,99161,100,98755,241,99166,100,98606,237,99205,100,98605,137,99237,100,,,99279,100,,,99293,100,,,99356,100,,,99385,100,,
2019-06-28 15:51:20.000000000,99103,514,99038,474,99150,100,99036,100,99161,100,98755,100,99166,100,98606,100,99205,100,,,99237,100,,,99279,100,,,99293,100,,,99356,100,,,99385,100,,
2019-06-28 15:51:30.000000000,99103,241,99038,201,99150,237,99036,237,99161,237,98755,237,99166,100,98606,100,99205,100,,,99237,100,,,99279,100,,,99293,100,,,99356,100,,,99385,100,,
2019-06-28 15:51:30.682094045,99103,241,99038,101,99150,237,99036,237,99161,237,98755,237,99166,100,98606,100,99205,100,,,99237,100,,,99279,100,,,99293,100,,,99356,100,,,99385,100,,
2019-06-28 15:51:31.907038855,99103,241,99039,100,99150,237,99038,101,99161,237,99036,237,99166,100,98755,237,99205,100,98606,100,99237,100,,,99279,100,,,99293,100,,,99356,100,,,99385,100,,
2019-06-28 15:51:33.484959250,99103,241,99039,200,99150,237,99038,101,99161,237,99036,237,99166,100,98755,237,99205,100,98606,100,99237,100,,,99279,100,,,99293,100,,,99356,100,,,99385,100,,
2019-06-28 15:51:34.345937298,99103,241,99039,100,99150,237,99038,101,99161,137,99036,237,99166,100,98755,237,99205,100,98606,100,99237,100,,,99279,100,,,99293,100,,,99356,100,,,99385,100,,
2019-06-28 15:51:40.000000000,99103,307,99039,307,99150,307,99036,307,99166,100,98755,100,99205,100,98606,100,99237,100,,,99279,100,,,99293,100,,,99356,100,,,99385,100,,,99402,100,,
2019-06-28 15:51:50.000000000,99103,514,99039,514,99150,100,99036,100,99166,100,98755,100,99205,100,98606,100,99237,100,,,99279,100,,,99293,100,,,99356,100,,,99385,100,,,99402,100,,
2019-06-28 15:52:00.000000000,99103,513,99039,404,99150,100,99036,100,99166,100,98755,100,99205,100,98606,100,99237,100,,,99279,100,,,99293,100,,,99356,100,,,99385,100,,,99402,100,,
2019-06-28 15:52:01.068445893,99103,513,99039,404,99150,100,99036,100,99166,100,98755,100,99205,100,98606,100,99237,100,,,99279,100,,,99293,100,,,99356,100,,,99385,100,,,99388,100,,
2019-06-28 15:52:02.550527676,99103,513,99039,504,99150,100,99036,100,99166,100,98755,100,99205,100,98606,100,99237,100,,,99279,100,,,99293,100,,,99356,100,,,99385,100,,,99388,100,,
2019-06-28 15:52:10.000000000,99103,306,99039,307,99150,307,99036,307,99166,100,98755,100,99205,100,98606,100,99237,100,,,99279,100,,,99293,100,,,99356,100,,,99385,100,,,99388,100,,
2019-06-28 15:52:20.000000000,99103,182,99039,183,99150,183,99036,183,99166,183,98755,183,99205,183,98606,183,99237,183,98605,83,99279,100,,,99293,100,,,99356,100,,,99385,100,,,99388,100,,
2019-06-28 15:52:24.918020610,99103,182,99039,183,99150,183,99036,183,99166,183,98755,183,99205,183,98606,183,99237,183,98605,83,99279,100,,,99293,100,,,99356,100,,,99385,100,,,99388,100,,
2019-06-28 15:52:30.000000000,99103,182,99039,183,99150,183,99036,183,99166,183,98755,183,99205,183,98606,183,99237,183,98605,83,99279,100,,,99293,100,,,99356,100,,,99385,100,,,99388,100,,
2019-06-28 15:52:40.000000000,99103,182,99039,183,99150,183,99036,183,99166,183,98755,183,99205,183,98606,183,99237,183,98605,83,99279,100,,,99293,100,,,99356,100,,,99385,100,,,99388,100,,
2019-06-28 15:52:50.000000000,99103,513,99039,514,99150,100,99036,100,99166,100,98755,100,99205,100,98606,100,99237,100,,,99279,100,,,99293,100,,,99356,100,,,99385,100,,,99388,100,,
2019-06-28 15:53:00.000000000,99103,181,99039,73,99150,183,99036,183,99166,183,98755,183,99205,183,98606,183,99237,183,98605,83,99279,100,,,99293,100,,,99356,100,,,99385,100,,,99388,100,,
2019-06-28 15:53:09.842854126,99103,181,99039,73,99150,183,99036,183,99166,183,98755,183,99205,183,98606,183,99237,183,98605,83,99279,100,,,99293,100,,,99356,100,,,99385,100,,,99388,100,,
2019-06-28 15:53:10.000000000,99103,512,99036,514,99150,100,98755,100,99166,100,98606,100,99205,100,,,99237,100,,,99279,100,,,99293,100,,,99356,100,,,99385,100,,,99388,100,,
2019-06-28 15:53:13.228225760,99103,412,99036,514,99150,100,98755,100,99166,100,98606,100,99205,100,,,99237,100,,,99279,100,,,99293,100,,,99356,100,,,99385,100,,,99388,100,,
2019-06-28 15:53:20.000000000,99150,241,99036,241,99166,237,98755,237,99205,237,98606,237,99237,100,,,99279,100,,,99293,100,,,99356,100,,,99385,100,,,99388,100,,,99402,100,,
2019-06-28 15:53:27.727829937,99150,241,99036,241,99166,237,98755,237,99205,237,98606,237,99237,100,,,99279,100,,,99293,100,,,99356,100,,,99385,100,,,99388,100,,,99402,100,,
2019-06-28 15:53:30.000000000,99150,204,99036,204,99166,204,98755,204,99205,204,98606,204,99237,204,98605,104,99279,100,,,99293,100,,,99356,100,,,99385,100,,,99388,100,,,99402,100,,
2019-06-28 15:53:40.000000000,99150,307,99036,307,99166,307,98755,307,99205,100,98606,100,99237,100,,,99279,100,,,99293,100,,,99356,100,,,99385,100,,,99388,100,,,99402,100,,
2019-06-28 15:53:50.000000000,99150,307,99036,307,99166,307,98755,307,99205,100,98606,100,99237,100,,,99279,100,,,99293,100,,,99356,100,,,99385,100,,,99388,100,,,99402,100,,
2019-06-28 15:54:00.000000000,99150,306,99036,197,99166,307,98755,307,99205,100,98606,100,99237,100,,,99279,100,,,99293,100,,,99356,100,,,99385,100,,,99388,100,,,99402,100,,
2019-06-28 15:54:10.000000000,99150,182,98755,183,99166,183,98606,183,99205,183,98605,83,99237,183,,,99279,183,,,99293,100,,,99356,100,,,99385,100,,,99388,100,,,99402,100,,
2019-06-28 15:54:20.000000000,99150,240,98755,241,99166,237,98606,237,99205,237,98605,137,99237,100,,,99279,100,,,99293,100,,,99356,100,,,99385,100,,,99388,100,,,99402,100,,
2019-06-28 15:54:21.512180992,99150,240,98755,241,99166,237,98606,237,99205,237,98605,137,99237,100,,,99279,100,,,99293,100,,,99356,100,,,99385,100,,,99388,100,,,99402,100,,
2019-06-28 15:54:30.000000000,99150,203,98755,204,99166,204,98606,204,99205,204,98605,104,99237,204,,,99279,100,,,99293,100,,,99356,100,,,99385,100,,,99388,100,,,99402,100,,
2019-06-28 15:54:35.192655513,99150,103,98755,204,99166,204,98606,204,99205,204,98605,104,99237,204,,,99279,100,,,99356,100,,,99385,100,,,99388,100,,,99402,100,,,99539,100,,
2019-06-28 15:54:38.175050418,99150,3,98755,204,99166,204,98606,204,99205,204,98605,104,99237,204,,,99279,100,,,99356,100,,,99385,100,,,99388,100,,,99402,100,,,99539,100,,
2019-06-28 15:54:40.000000000,99166,241,98755,241,99205,237,98606,237,99237,237,98605,137,99279,100,,,99356,100,,,99385,100,,,99388,100,,,99402,100,,,99539,100,,,99615,100,,
2019-06-28 15:54:50.000000000,99166,241,98755,241,99205,237,98606,237,99237,237,98605,137,99279,100,,,99356,100,,,99385,100,,,99388,100,,,99402,100,,,99539,100,,,99615,100,,
2019-06-28 15:54:51.910881138,99166,141,98755,241,99205,237,98606,237,99237,237,98605,137,99279,100,,,99356,100,,,99385,100,,,99388,100,,,99402,100,,,99539,100,,,99615,100,,
2019-06-28 15:54:53.333060692,99166,41,98755,241,99205,237,98606,237,99237,237,98605,137,99279,100,,,99356,100,,,99385,100,,,99388,100,,,99402,100,,,99539,100,,,99615,100,,
2019-06-28 15:55:00.000000000,99205,240,98755,131,99237,237,98606,237,99279,237,98605,137,99356,100,,,99385,100,,,99388,100,,,99402,100,,,99539,100,,,99615,100,,,99634,100,,
2019-06-28 15:55:02.229899762,99205,240,98755,131,99237,237,98606,237,99279,237,98605,137,99356,100,,,99385,100,,,99388,100,,,99402,100,,,99539,100,,,99615,100,,,99634,100,,
2019-06-28 15:55:10.000000000,99205,513,98606,514,99237,100,,,99279,100,,,99356,100,,,99385,100,,,99388,100,,,99402,100,,,99539,100,,,99615,100,,,99634,100,,
2019-06-28 15:55:20.000000000,99205,306,98606,307,99237,307,98605,207,99279,100,,,99356,100,,,99385,100,,,99388,100,,,99402,100,,,99539,100,,,99615,100,,,99634,100,,
2019-06-28 15:55:30.000000000,99205,306,98606,307,99237,307,98605,207,99279,100,,,99356,100,,,99385,100,,,99388,100,,,99402,100,,,99539,100,,,99615,100,,,99634,100,,
2019-06-28 15:55:37.223946698,99205,206,98606,307,99237,307,98605,207,99279,100,,,99356,100,,,99385,100,,,99388,100,,,99402,100,,,99539,100,,,99615,100,,,99634,100,,
2019-06-28 15:55:38.678472228,99205,106,98606,307,99237,307,98605,207,99279,100,,,99356,100,,,99385,100,,,99388,100,,,99402,100,,,99539,100,,,99615,100,,,99634,100,,
2019-06-28 15:55:40.000000000,99237,307,98606,307,99279,307,98605,207,99356,100,,,99385,100,,,99388,100,,,99402,100,,,99539,100,,,99615,100,,,99634,100,,,99660,100,,
2019-06-28 15:55:50.000000000,99237,514,98606,514,99279,100,,,99356,100,,,99385,100,,,99388,100,,,99402,100,,,99539,100,,,99615,100,,,99634,100,,,99660,100,,
2019-06-28 15:55:50.905967797,99237,514,98606,514,99279,100,,,99356,100,,,99385,100,,,99388,100,,,99402,100,,,99539,100,,,99572,100,,,99615,100,,,99634,100,,
2019-06-28 15:55:53.561805797,99237,514,98606,514,99279,100,,,99356,100,,,99385,100,,,99388,100,,,99402,100,,,99539,100,,,99572,100,,,99615,100,,,99634,100,,
2019-06-28 15:56:00.000000000,99237,182,98606,73,99279,183,98605,83,99356,183,,,99385,183,,,99388,183,,,99402,100,,,99539,100,,,99572,100,,,99615,100,,,99634,100,,
2019-06-28 15:56:04.010165348,99237,182,98606,73,99279,183,98605,83,99356,183,,,99385,183,,,99388,183,,,99402,100,,,99539,100,,,99572,100,,,99615,100,,,99634,100,,
2019-06-28 15:56:06.723189134,99237,182,98606,73,99279,183,98605,83,99356,183,,,99385,183,,,99388,83,,,99402,100,,,99539,100,,,99572,100,,,99615,100,,,99634,100,,
2019-06-28 15:56:10.000000000,99237,99,,,99279,100,,,99356,100,,,99385,100,,,99402,100,,,99539,100,,,99572,100,,,99615,100,,,99634,100,,,99660,100,,
2019-06-28 15:56:23.491404948,99237,99,,,99279,100,,,99356,100,,,99385,100,,,99402,100,,,99539,100,,,99572,100,,,99615,100,,,99634,100,,,99660,100,,
2019-06-28 15:56:42.949044733,99279,100,99237,1,99356,100,,,99385,100,,,99402,100,,,99539,100,,,99615,100,,,99634,100,,,99660,100,,,99709,100,,,99792,100,,
2019-06-28 15:56:50.000000000,99279,514,99237,415,99356,100,,,99385,100,,,99402,100,,,99539,100,,,99615,100,,,99634,100,,,99660,100,,,99709,100,,,99792,100,,
2019-06-28 15:56:50.152538507,99279,314,99237,415,99356,100,,,99385,100,,,99402,100,,,99539,100,,,99615,100,,,99634,100,,,99660,100,,,99709,100,,,99792,100,,
2019-06-28 15:56:58.430144967,99279,314,99237,415,99356,100,,,99385,100,,,99402,100,,,99539,100,,,99585,100,,,99615,100,,,99634,100,,,99660,100,,,99709,100,,
2019-06-28 15:57:00.000000000,99356,306,99237,98,99385,307,99236,207,99402,100,,,99539,100,,,99585,100,,,99615,100,,,99634,100,,,99660,100,,,99709,100,,,99792,100,,
2019-06-28 15:57:10.000000000,99356,99,,,99385,100,,,99402,100,,,99539,100,,,99585,100,,,99615,100,,,99634,100,,,99660,100,,,99709,100,,,99792,100,,
2019-06-28 15:57:12.603140693,99356,99,,,99385,100,,,99402,100,,,99510,100,,,99539,100,,,99585,100,,,99615,100,,,99634,100,,,99660,100,,,99709,100,,
2019-06-28 15:57:21.249127142,99232,100,,,99356,99,,,99385,100,,,99510,100,,,99539,100,,,99585,100,,,99615,100,,,99634,100,,,99660,100,,,99709,100,,
2019-06-28 15:57:28.376593076,99232,100,99155,100,99356,99,,,99385,100,,,99510,100,,,99539,100,,,99585,100,,,99615,100,,,99634,100,,,99660,100,,,99709,100,,
2019-06-28 15:57:30.000000000,99232,183,99155,183,99356,182,99154,83,99385,183,,,99510,183,,,99539,183,,,99585,100,,,99615,100,,,99634,100,,,99660,100,,,99709,100,,
2019-06-28 15:57:40.000000000,99232,307,99155,307,99356,306,99154,207,99385,100,,,99510,100,,,99539,100,,,99585,100,,,99615,100,,,99634,100,,,99660,100,,,99709,100,,
2019-06-28 15:57:42.213525203,99232,307,99155,307,99346,100,99154,207,99356,306,,,99385,100,,,99510,100,,,99539,100,,,99585,100,,,99615,100,,,99634,100,,,99660,100,,
2019-06-28 15:57:50.000000000,99232,514,99155,514,99346,100,,,99356,99,,,99385,100,,,99510,100,,,99539,100,,,99585,100,,,99615,100,,,99634,100,,,99660,100,,
2019-06-28 15:58:00.000000000,99232,182,99155,73,99346,183,99154,83,99356,182,,,99385,183,,,99510,183,,,99539,100,,,99585,100,,,99615,100,,,99634,100,,,99660,100,,
2019-06-28 15:58:10.000000000,99232,99,,,99346,100,,,99356,99,,,99385,100,,,99510,100,,,99539,100,,,99585,100,,,99615,100,,,99634,100,,,99660,100,,
2019-06-28 15:58:13.471441940,99232,99,99155,100,99346,100,,,99356,99,,,99385,100,,,99510,100,,,99539,100,,,99585,100,,,99615,100,,,99634,100,,,99660,100,,
2019-06-28 15:58:20.000000000,99232,182,99155,183,99346,183,99154,83,99356,182,,,99385,183,,,99510,183,,,99539,100,,,99585,100,,,99615,100,,,99634,100,,,99660,100,,
2019-06-28 15:58:30.000000000,99232,240,99155,241,99346,237,99154,137,99356,236,,,99385,100,,,99510,100,,,99539,100,,,99585,100,,,99615,100,,,99634,100,,,99660,100,,
2019-06-28 15:58:40.000000000,99232,182,99155,183,99346,183,99154,83,99356,182,,,99385,183,,,99510,183,,,99539,100,,,99585,100,,,99615,100,,,99634,100,,,99660,100,,
2019-06-28 15:58:48.292914978,99232,82,99155,183,99346,183,99154,83,99356,182,,,99385,183,,,99510,183,,,99539,100,,,99585,100,,,99615,100,,,99634,100,,,99660,100,,
2019-06-28 15:58:49.598426184,99219,100,99155,183,99232,82,99154,83,99346,183,,,99356,182,,,99385,183,,,99510,183,,,99539,100,,,99585,100,,,99615,100,,,99634,100,,
2019-06-28 15:58:50.000000000,99219,307,99155,307,99346,307,99154,207,99356,99,,,99385,100,,,99510,100,,,99539,100,,,99585,100,,,99615,100,,,99634,100,,,99660,100,,
2019-06-28 15:58:59.843482676,99219,307,99155,207,99346,307,99154,207,99356,99,,,99385,100,,,99510,100,,,99539,100,,,99585,100,,,99615,100,,,99634,100,,,99660,100,,
2019-06-28 15:59:00.000000000,99219,100,,,99346,100,,,99356,99,,,99385,100,,,99510,100,,,99539,100,,,99585,100,,,99615,100,,,99634,100,,,99660,100,,
2019-06-28 15:59:05.922977866,99218,100,,,99219,100,,,99346,100,,,99356,99,,,99385,100,,,99510,100,,,99539,100,,,99585,100,,,99615,100,,,99634,100,,
2019-06-28 15:59:35.340945049,99164,100,,,99218,100,,,99219,100,,,99346,100,,,99356,99,,,99510,100,,,99539,100,,,99585,100,,,99615,100,,,99634,100,,
2019-06-28 15:59:43.725921930,99148,100,,,99164,100,,,99218,100,,,99219,100,,,99346,100,,,99356,99,,,99510,100,,,99539,100,,,99585,100,,,99615,100,,
2019-06-28 15:59:47.495572168,99148,100,98724,100,99164,100,,,99218,100,,,99219,100,,,99346,100,,,99356,99,,,99510,100,,,99539,100,,,99585,100,,,99615,100,,
2019-06-28 15:59:50.000000000,99148,514,98724,514,99164,100,,,99218,100,,,99219,100,,,99346,100,,,99356,99,,,99510,100,,,99539,100,,,99585,100,,,99615,100,,
2019-06-28 16:00:00.000000000,99148,203,98724,94,99164,204,98723,104,99218,204,,,99219,204,,,99346,100,,,99356,99,,,99510,100,,,99539,100,,,99585,100,,,99615,100,,
